doc_id,field,field_type,config_a,config_b,label_a,label_b,value_a,value_b,exact_agree,both_null,one_null
synthetic/s7/0000,address,address,mock-a,mock-b,no 2 and 4 jln bayu 4 bdr seri alam 81750 masai,no 2 and 4 jln bayu 4 bdr seri alam 81750 masai johor,"NO 2 & 4, JALAN BAYU 4, BANDAR SERI ALAM, 81750 MASAI","NO 2 & 4, JALAN BAYU 4, BANDAR SERI ALAM, 81750 MASAI, JOHOR",False,False,False
synthetic/s7/0000,address,address,mock-a,mock-c,no 2 and 4 jln bayu 4 bdr seri alam 81750 masai,no 2 and 4 jln bayu 4 bdr seri alam 81750 masai johor,"NO 2 & 4, JALAN BAYU 4, BANDAR SERI ALAM, 81750 MASAI","NO 2 & 4, JALAN BAYU 4, BANDAR SERI ALAM, 81750 MASAI, JOHOR",False,False,False
synthetic/s7/0000,address,address,mock-a,mock-d,no 2 and 4 jln bayu 4 bdr seri alam 81750 masai,no 2 and 4 jln bayu 4 bdr seri alam 81750 masai johor,"NO 2 & 4, JALAN BAYU 4, BANDAR SERI ALAM, 81750 MASAI","NO 2 & 4, JALAN BAYU 4, BANDAR SERI ALAM, 81750 MASAI, JOHOR",False,False,False
synthetic/s7/0000,address,address,mock-b,mock-c,no 2 and 4 jln bayu 4 bdr seri alam 81750 masai johor,no 2 and 4 jln bayu 4 bdr seri alam 81750 masai johor,"NO 2 & 4, JALAN BAYU 4, BANDAR SERI ALAM, 81750 MASAI, JOHOR","NO 2 & 4, JALAN BAYU 4, BANDAR SERI ALAM, 81750 MASAI, JOHOR",True,False,False
synthetic/s7/0000,address,address,mock-b,mock-d,no 2 and 4 jln bayu 4 bdr seri alam 81750 masai johor,no 2 and 4 jln bayu 4 bdr seri alam 81750 masai johor,"NO 2 & 4, JALAN BAYU 4, BANDAR SERI ALAM, 81750 MASAI, JOHOR","NO 2 & 4, JALAN BAYU 4, BANDAR SERI ALAM, 81750 MASAI, JOHOR",True,False,False
synthetic/s7/0000,address,address,mock-c,mock-d,no 2 and 4 jln bayu 4 bdr seri alam 81750 masai johor,no 2 and 4 jln bayu 4 bdr seri alam 81750 masai johor,"NO 2 & 4, JALAN BAYU 4, BANDAR SERI ALAM, 81750 MASAI, JOHOR","NO 2 & 4, JALAN BAYU 4, BANDAR SERI ALAM, 81750 MASAI, JOHOR",True,False,False
synthetic/s7/0000,company,org,mock-a,mock-b,ojc marketing sdn,ojc marketing,OJC MARKETING SDN,OJC MARKETING SDN BHD,False,False,False
synthetic/s7/0000,company,org,mock-a,mock-c,ojc marketing sdn,ojc marketing,OJC MARKETING SDN,OJC MARKETING SDN BHD,False,False,False
synthetic/s7/0000,company,org,mock-a,mock-d,ojc marketing sdn,ojc marketing,OJC MARKETING SDN,OJC MARKETING SDN BHD,False,False,False
synthetic/s7/0000,company,org,mock-b,mock-c,ojc marketing,ojc marketing,OJC MARKETING SDN BHD,OJC MARKETING SDN BHD,True,False,False
synthetic/s7/0000,company,org,mock-b,mock-d,ojc marketing,ojc marketing,OJC MARKETING SDN BHD,OJC MARKETING SDN BHD,True,False,False
synthetic/s7/0000,company,org,mock-c,mock-d,ojc marketing,ojc marketing,OJC MARKETING SDN BHD,OJC MARKETING SDN BHD,True,False,False
synthetic/s7/0000,date,date,mock-a,mock-b,2019-03-11,∅,11/03/2019,,False,False,True
synthetic/s7/0000,date,date,mock-a,mock-c,2019-03-11,2019-03-11,11/03/2019,11/03/2019,True,False,False
synthetic/s7/0000,date,date,mock-a,mock-d,2019-03-11,2019-03-11,11/03/2019,11/03/2019,True,False,False
synthetic/s7/0000,date,date,mock-b,mock-c,∅,2019-03-11,,11/03/2019,False,False,True
synthetic/s7/0000,date,date,mock-b,mock-d,∅,2019-03-11,,11/03/2019,False,False,True
synthetic/s7/0000,date,date,mock-c,mock-d,2019-03-11,2019-03-11,11/03/2019,11/03/2019,True,False,False
synthetic/s7/0000,phone,phone,mock-a,mock-b,71599313,71599313,07-159 9313,07-159 9313,True,False,False
synthetic/s7/0000,phone,phone,mock-a,mock-c,71599313,71599313,07-159 9313,07-159 9313,True,False,False
synthetic/s7/0000,phone,phone,mock-a,mock-d,71599313,971599313,07-159 9313,97-159 9313,False,False,False
synthetic/s7/0000,phone,phone,mock-b,mock-c,71599313,71599313,07-159 9313,07-159 9313,True,False,False
synthetic/s7/0000,phone,phone,mock-b,mock-d,71599313,971599313,07-159 9313,97-159 9313,False,False,False
synthetic/s7/0000,phone,phone,mock-c,mock-d,71599313,971599313,07-159 9313,97-159 9313,False,False,False
synthetic/s7/0000,tax,money,mock-a,mock-b,∅,∅,,,True,True,False
synthetic/s7/0000,tax,money,mock-a,mock-c,∅,∅,,,True,True,False
synthetic/s7/0000,tax,money,mock-a,mock-d,∅,∅,,,True,True,False
synthetic/s7/0000,tax,money,mock-b,mock-c,∅,∅,,,True,True,False
synthetic/s7/0000,tax,money,mock-b,mock-d,∅,∅,,,True,True,False
synthetic/s7/0000,tax,money,mock-c,mock-d,∅,∅,,,True,True,False
synthetic/s7/0000,total,money,mock-a,mock-b,12.90,∅,12.90,,False,False,True
synthetic/s7/0000,total,money,mock-a,mock-c,12.90,12.90,12.90,12.90,True,False,False
synthetic/s7/0000,total,money,mock-a,mock-d,12.90,12.90,12.90,12.90,True,False,False
synthetic/s7/0000,total,money,mock-b,mock-c,∅,12.90,,12.90,False,False,True
synthetic/s7/0000,total,money,mock-b,mock-d,∅,12.90,,12.90,False,False,True
synthetic/s7/0000,total,money,mock-c,mock-d,12.90,12.90,12.90,12.90,True,False,False
synthetic/s7/0001,address,address,mock-a,mock-b,no 59 jln permas 9 5 bdr baru permas jaya 81750 johor bahru,no 59 jln permas 9 5 bdr baru permas jaya 81750 johor bahru,"NO.59 JALAN PERMAS 9/5, BANDAR BARU PERMAS JAYA, 81750 JOHOR BAHRU","NO.59 JALAN PERMAS 9/5, BANDAR BARU PERMAS JAYA, 81750 JOHOR BAHRU",True,False,False
synthetic/s7/0001,address,address,mock-a,mock-c,no 59 jln permas 9 5 bdr baru permas jaya 81750 johor bahru,no 59 jln permas 9 5 bdr baru permas jaya 81750 johor bahru,"NO.59 JALAN PERMAS 9/5, BANDAR BARU PERMAS JAYA, 81750 JOHOR BAHRU","NO.59 JALAN PERMAS 9/5, BANDAR BARU PERMAS JAYA, 81750 JOHOR BAHRU",True,False,False
synthetic/s7/0001,address,address,mock-a,mock-d,no 59 jln permas 9 5 bdr baru permas jaya 81750 johor bahru,no 59 jln permas 9 5 bdr baru permas jaya,"NO.59 JALAN PERMAS 9/5, BANDAR BARU PERMAS JAYA, 81750 JOHOR BAHRU","NO.59 JALAN PERMAS 9/5, BANDAR BARU PERMAS JAYA",False,False,False
synthetic/s7/0001,address,address,mock-b,mock-c,no 59 jln permas 9 5 bdr baru permas jaya 81750 johor bahru,no 59 jln permas 9 5 bdr baru permas jaya 81750 johor bahru,"NO.59 JALAN PERMAS 9/5, BANDAR BARU PERMAS JAYA, 81750 JOHOR BAHRU","NO.59 JALAN PERMAS 9/5, BANDAR BARU PERMAS JAYA, 81750 JOHOR BAHRU",True,False,False
synthetic/s7/0001,address,address,mock-b,mock-d,no 59 jln permas 9 5 bdr baru permas jaya 81750 johor bahru,no 59 jln permas 9 5 bdr baru permas jaya,"NO.59 JALAN PERMAS 9/5, BANDAR BARU PERMAS JAYA, 81750 JOHOR BAHRU","NO.59 JALAN PERMAS 9/5, BANDAR BARU PERMAS JAYA",False,False,False
synthetic/s7/0001,address,address,mock-c,mock-d,no 59 jln permas 9 5 bdr baru permas jaya 81750 johor bahru,no 59 jln permas 9 5 bdr baru permas jaya,"NO.59 JALAN PERMAS 9/5, BANDAR BARU PERMAS JAYA, 81750 JOHOR BAHRU","NO.59 JALAN PERMAS 9/5, BANDAR BARU PERMAS JAYA",False,False,False
synthetic/s7/0001,company,org,mock-a,mock-b,perniagaan zheng hui,perniagaan zheng hui,PERNIAGAAN ZHENG HUI,PERNIAGAAN ZHENG HUI,True,False,False
synthetic/s7/0001,company,org,mock-a,mock-c,perniagaan zheng hui,perniagaan zheng hui,PERNIAGAAN ZHENG HUI,PERNIAGAAN ZHENG HUI,True,False,False
synthetic/s7/0001,company,org,mock-a,mock-d,perniagaan zheng hui,perniagaan zheng hui,PERNIAGAAN ZHENG HUI,PERNIAGAAN ZHENG HUI,True,False,False
synthetic/s7/0001,company,org,mock-b,mock-c,perniagaan zheng hui,perniagaan zheng hui,PERNIAGAAN ZHENG HUI,PERNIAGAAN ZHENG HUI,True,False,False
synthetic/s7/0001,company,org,mock-b,mock-d,perniagaan zheng hui,perniagaan zheng hui,PERNIAGAAN ZHENG HUI,PERNIAGAAN ZHENG HUI,True,False,False
synthetic/s7/0001,company,org,mock-c,mock-d,perniagaan zheng hui,perniagaan zheng hui,PERNIAGAAN ZHENG HUI,PERNIAGAAN ZHENG HUI,True,False,False
synthetic/s7/0001,date,date,mock-a,mock-b,2018-07-14,∅,14/07/2018,,False,False,True
synthetic/s7/0001,date,date,mock-a,mock-c,2018-07-14,2018-07-14,14/07/2018,14/07/2018,True,False,False
synthetic/s7/0001,date,date,mock-a,mock-d,2018-07-14,2018-07-14,14/07/2018,14/07/2018,True,False,False
synthetic/s7/0001,date,date,mock-b,mock-c,∅,2018-07-14,,14/07/2018,False,False,True
synthetic/s7/0001,date,date,mock-b,mock-d,∅,2018-07-14,,14/07/2018,False,False,True
synthetic/s7/0001,date,date,mock-c,mock-d,2018-07-14,2018-07-14,14/07/2018,14/07/2018,True,False,False
synthetic/s7/0001,phone,phone,mock-a,mock-b,312345678,∅,03-1234 5678,,False,False,True
synthetic/s7/0001,phone,phone,mock-a,mock-c,312345678,∅,03-1234 5678,,False,False,True
synthetic/s7/0001,phone,phone,mock-a,mock-d,312345678,∅,03-1234 5678,,False,False,True
synthetic/s7/0001,phone,phone,mock-b,mock-c,∅,∅,,,True,True,False
synthetic/s7/0001,phone,phone,mock-b,mock-d,∅,∅,,,True,True,False
synthetic/s7/0001,phone,phone,mock-c,mock-d,∅,∅,,,True,True,False
synthetic/s7/0001,tax,money,mock-a,mock-b,1.16,0.56,1.16,0.56,False,False,False
synthetic/s7/0001,tax,money,mock-a,mock-c,1.16,1.16,1.16,1.16,True,False,False
synthetic/s7/0001,tax,money,mock-a,mock-d,1.16,∅,1.16,,False,False,True
synthetic/s7/0001,tax,money,mock-b,mock-c,0.56,1.16,0.56,1.16,False,False,False
synthetic/s7/0001,tax,money,mock-b,mock-d,0.56,∅,0.56,,False,False,True
synthetic/s7/0001,tax,money,mock-c,mock-d,1.16,∅,1.16,,False,False,True
synthetic/s7/0001,total,money,mock-a,mock-b,∅,20.56,,20.56,False,False,True
synthetic/s7/0001,total,money,mock-a,mock-c,∅,∅,,,True,True,False
synthetic/s7/0001,total,money,mock-a,mock-d,∅,20.56,,20.56,False,False,True
synthetic/s7/0001,total,money,mock-b,mock-c,20.56,∅,20.56,,False,False,True
synthetic/s7/0001,total,money,mock-b,mock-d,20.56,20.56,20.56,20.56,True,False,False
synthetic/s7/0001,total,money,mock-c,mock-d,∅,20.56,,20.56,False,False,True
synthetic/s7/0002,address,address,mock-a,mock-b,lot 3 jln pelabur 23 1 40300 shah alam selangor,lot 3 jln pelabur 23 1 40300 shah alam,"LOT 3, JALAN PELABUR 23/1, 40300 SHAH ALAM, SELANGOR","LOT 3, JALAN PELABUR 23/1, 40300 SHAH ALAM",False,False,False
synthetic/s7/0002,address,address,mock-a,mock-c,lot 3 jln pelabur 23 1 40300 shah alam selangor,lot 3 jln pelabur 23 1 40300 shah alam selangor,"LOT 3, JALAN PELABUR 23/1, 40300 SHAH ALAM, SELANGOR","LOT 3, JALAN PELABUR 23/1, 40300 SHAH ALAM, SELANGOR",True,False,False
synthetic/s7/0002,address,address,mock-a,mock-d,lot 3 jln pelabur 23 1 40300 shah alam selangor,lot 3 jln pelabur 23 1 40300 shah alam selangor,"LOT 3, JALAN PELABUR 23/1, 40300 SHAH ALAM, SELANGOR","LOT 3, JALAN PELABUR 23/1, 40300 SHAH ALAM, SELANGOR",True,False,False
synthetic/s7/0002,address,address,mock-b,mock-c,lot 3 jln pelabur 23 1 40300 shah alam,lot 3 jln pelabur 23 1 40300 shah alam selangor,"LOT 3, JALAN PELABUR 23/1, 40300 SHAH ALAM","LOT 3, JALAN PELABUR 23/1, 40300 SHAH ALAM, SELANGOR",False,False,False
synthetic/s7/0002,address,address,mock-b,mock-d,lot 3 jln pelabur 23 1 40300 shah alam,lot 3 jln pelabur 23 1 40300 shah alam selangor,"LOT 3, JALAN PELABUR 23/1, 40300 SHAH ALAM","LOT 3, JALAN PELABUR 23/1, 40300 SHAH ALAM, SELANGOR",False,False,False
synthetic/s7/0002,address,address,mock-c,mock-d,lot 3 jln pelabur 23 1 40300 shah alam selangor,lot 3 jln pelabur 23 1 40300 shah alam selangor,"LOT 3, JALAN PELABUR 23/1, 40300 SHAH ALAM, SELANGOR","LOT 3, JALAN PELABUR 23/1, 40300 SHAH ALAM, SELANGOR",True,False,False
synthetic/s7/0002,company,org,mock-a,mock-b,bakeries kl,gardenia bakeries kl,BAKERIES (KL) SDN BHD,GARDENIA BAKERIES (KL) SDN BHD,False,False,False
synthetic/s7/0002,company,org,mock-a,mock-c,bakeries kl,gardenia bakeries kl,BAKERIES (KL) SDN BHD,GARDENIA BAKERIES (KL) SDN BHD,False,False,False
synthetic/s7/0002,company,org,mock-a,mock-d,bakeries kl,gardenia bakeries kl,BAKERIES (KL) SDN BHD,GARDENIA BAKERIES (KL) SDN BHD,False,False,False
synthetic/s7/0002,company,org,mock-b,mock-c,gardenia bakeries kl,gardenia bakeries kl,GARDENIA BAKERIES (KL) SDN BHD,GARDENIA BAKERIES (KL) SDN BHD,True,False,False
synthetic/s7/0002,company,org,mock-b,mock-d,gardenia bakeries kl,gardenia bakeries kl,GARDENIA BAKERIES (KL) SDN BHD,GARDENIA BAKERIES (KL) SDN BHD,True,False,False
synthetic/s7/0002,company,org,mock-c,mock-d,gardenia bakeries kl,gardenia bakeries kl,GARDENIA BAKERIES (KL) SDN BHD,GARDENIA BAKERIES (KL) SDN BHD,True,False,False
synthetic/s7/0002,date,date,mock-a,mock-b,2018-10-21,2018-10-21,21/10/2018,21/10/2018,True,False,False
synthetic/s7/0002,date,date,mock-a,mock-c,2018-10-21,2018-10-21,21/10/2018,21/10/2018,True,False,False
synthetic/s7/0002,date,date,mock-a,mock-d,2018-10-21,2018-10-21,21/10/2018,21/10/2018,True,False,False
synthetic/s7/0002,date,date,mock-b,mock-c,2018-10-21,2018-10-21,21/10/2018,21/10/2018,True,False,False
synthetic/s7/0002,date,date,mock-b,mock-d,2018-10-21,2018-10-21,21/10/2018,21/10/2018,True,False,False
synthetic/s7/0002,date,date,mock-c,mock-d,2018-10-21,2018-10-21,21/10/2018,21/10/2018,True,False,False
synthetic/s7/0002,phone,phone,mock-a,mock-b,6532929,46532929,44-653 2929,04-653 2929,False,False,False
synthetic/s7/0002,phone,phone,mock-a,mock-c,6532929,46532929,44-653 2929,04-653 2929,False,False,False
synthetic/s7/0002,phone,phone,mock-a,mock-d,6532929,46532929,44-653 2929,04-653 2929,False,False,False
synthetic/s7/0002,phone,phone,mock-b,mock-c,46532929,46532929,04-653 2929,04-653 2929,True,False,False
synthetic/s7/0002,phone,phone,mock-b,mock-d,46532929,46532929,04-653 2929,04-653 2929,True,False,False
synthetic/s7/0002,phone,phone,mock-c,mock-d,46532929,46532929,04-653 2929,04-653 2929,True,False,False
synthetic/s7/0002,tax,money,mock-a,mock-b,∅,∅,,,True,True,False
synthetic/s7/0002,tax,money,mock-a,mock-c,∅,∅,,,True,True,False
synthetic/s7/0002,tax,money,mock-a,mock-d,∅,∅,,,True,True,False
synthetic/s7/0002,tax,money,mock-b,mock-c,∅,∅,,,True,True,False
synthetic/s7/0002,tax,money,mock-b,mock-d,∅,∅,,,True,True,False
synthetic/s7/0002,tax,money,mock-c,mock-d,∅,∅,,,True,True,False
synthetic/s7/0002,total,money,mock-a,mock-b,25.70,∅,25.70,,False,False,True
synthetic/s7/0002,total,money,mock-a,mock-c,25.70,25.70,25.70,25.70,True,False,False
synthetic/s7/0002,total,money,mock-a,mock-d,25.70,∅,25.70,,False,False,True
synthetic/s7/0002,total,money,mock-b,mock-c,∅,25.70,,25.70,False,False,True
synthetic/s7/0002,total,money,mock-b,mock-d,∅,∅,,,True,True,False
synthetic/s7/0002,total,money,mock-c,mock-d,25.70,∅,25.70,,False,False,True
synthetic/s7/0003,address,address,mock-a,mock-b,no 31g and 33g jln setia indah x u13 x 40170 setia alam,no 31g and 33g jln setia indah x u13 x 40170 setia alam,"NO. 31G&33G, JALAN SETIA INDAH X, U13/X, 40170 SETIA ALAM","NO. 31G&33G, JALAN SETIA INDAH X, U13/X, 40170 SETIA ALAM",True,False,False
synthetic/s7/0003,address,address,mock-a,mock-c,no 31g and 33g jln setia indah x u13 x 40170 setia alam,no 31g and 33g jln setia indah x u13 x 40170 setia alam,"NO. 31G&33G, JALAN SETIA INDAH X, U13/X, 40170 SETIA ALAM","NO. 31G&33G, JALAN SETIA INDAH X, U13/X, 40170 SETIA ALAM",True,False,False
synthetic/s7/0003,address,address,mock-a,mock-d,no 31g and 33g jln setia indah x u13 x 40170 setia alam,no 31g and 33g jln setia indah x u13 x 40170 setia alam,"NO. 31G&33G, JALAN SETIA INDAH X, U13/X, 40170 SETIA ALAM","NO. 31G&33G, JALAN SETIA INDAH X, U13/X, 40170 SETIA ALAM",True,False,False
synthetic/s7/0003,address,address,mock-b,mock-c,no 31g and 33g jln setia indah x u13 x 40170 setia alam,no 31g and 33g jln setia indah x u13 x 40170 setia alam,"NO. 31G&33G, JALAN SETIA INDAH X, U13/X, 40170 SETIA ALAM","NO. 31G&33G, JALAN SETIA INDAH X, U13/X, 40170 SETIA ALAM",True,False,False
synthetic/s7/0003,address,address,mock-b,mock-d,no 31g and 33g jln setia indah x u13 x 40170 setia alam,no 31g and 33g jln setia indah x u13 x 40170 setia alam,"NO. 31G&33G, JALAN SETIA INDAH X, U13/X, 40170 SETIA ALAM","NO. 31G&33G, JALAN SETIA INDAH X, U13/X, 40170 SETIA ALAM",True,False,False
synthetic/s7/0003,address,address,mock-c,mock-d,no 31g and 33g jln setia indah x u13 x 40170 setia alam,no 31g and 33g jln setia indah x u13 x 40170 setia alam,"NO. 31G&33G, JALAN SETIA INDAH X, U13/X, 40170 SETIA ALAM","NO. 31G&33G, JALAN SETIA INDAH X, U13/X, 40170 SETIA ALAM",True,False,False
synthetic/s7/0003,company,org,mock-a,mock-b,sanyu stationery shop,sanyu stationery shop,SANYU STATIONERY SHOP,SANYU STATIONERY SHOP,True,False,False
synthetic/s7/0003,company,org,mock-a,mock-c,sanyu stationery shop,sanyu stationery shop,SANYU STATIONERY SHOP,SANYU STATIONERY SHOP,True,False,False
synthetic/s7/0003,company,org,mock-a,mock-d,sanyu stationery shop,sanyu stationery shop,SANYU STATIONERY SHOP,SANYU STATIONERY SHOP,True,False,False
synthetic/s7/0003,company,org,mock-b,mock-c,sanyu stationery shop,sanyu stationery shop,SANYU STATIONERY SHOP,SANYU STATIONERY SHOP,True,False,False
synthetic/s7/0003,company,org,mock-b,mock-d,sanyu stationery shop,sanyu stationery shop,SANYU STATIONERY SHOP,SANYU STATIONERY SHOP,True,False,False
synthetic/s7/0003,company,org,mock-c,mock-d,sanyu stationery shop,sanyu stationery shop,SANYU STATIONERY SHOP,SANYU STATIONERY SHOP,True,False,False
synthetic/s7/0003,date,date,mock-a,mock-b,2018-11-27,2018-11-27,27/11/2018,27/11/2018,True,False,False
synthetic/s7/0003,date,date,mock-a,mock-c,2018-11-27,2018-11-27,27/11/2018,27/11/2018,True,False,False
synthetic/s7/0003,date,date,mock-a,mock-d,2018-11-27,2018-11-27,27/11/2018,27/11/2018,True,False,False
synthetic/s7/0003,date,date,mock-b,mock-c,2018-11-27,2018-11-27,27/11/2018,27/11/2018,True,False,False
synthetic/s7/0003,date,date,mock-b,mock-d,2018-11-27,2018-11-27,27/11/2018,27/11/2018,True,False,False
synthetic/s7/0003,date,date,mock-c,mock-d,2018-11-27,2018-11-27,27/11/2018,27/11/2018,True,False,False
synthetic/s7/0003,phone,phone,mock-a,mock-b,∅,36771976,,03-677 1976,False,False,True
synthetic/s7/0003,phone,phone,mock-a,mock-c,∅,36771976,,03-677 1976,False,False,True
synthetic/s7/0003,phone,phone,mock-a,mock-d,∅,36771976,,03-677 1976,False,False,True
synthetic/s7/0003,phone,phone,mock-b,mock-c,36771976,36771976,03-677 1976,03-677 1976,True,False,False
synthetic/s7/0003,phone,phone,mock-b,mock-d,36771976,36771976,03-677 1976,03-677 1976,True,False,False
synthetic/s7/0003,phone,phone,mock-c,mock-d,36771976,36771976,03-677 1976,03-677 1976,True,False,False
synthetic/s7/0003,tax,money,mock-a,mock-b,0.19,0.19,0.19,0.19,True,False,False
synthetic/s7/0003,tax,money,mock-a,mock-c,0.19,0.19,0.19,0.19,True,False,False
synthetic/s7/0003,tax,money,mock-a,mock-d,0.19,0.19,0.19,0.19,True,False,False
synthetic/s7/0003,tax,money,mock-b,mock-c,0.19,0.19,0.19,0.19,True,False,False
synthetic/s7/0003,tax,money,mock-b,mock-d,0.19,0.19,0.19,0.19,True,False,False
synthetic/s7/0003,tax,money,mock-c,mock-d,0.19,0.19,0.19,0.19,True,False,False
synthetic/s7/0003,total,money,mock-a,mock-b,3.39,3.39,3.39,3.39,True,False,False
synthetic/s7/0003,total,money,mock-a,mock-c,3.39,2.39,3.39,2.39,False,False,False
synthetic/s7/0003,total,money,mock-a,mock-d,3.39,∅,3.39,,False,False,True
synthetic/s7/0003,total,money,mock-b,mock-c,3.39,2.39,3.39,2.39,False,False,False
synthetic/s7/0003,total,money,mock-b,mock-d,3.39,∅,3.39,,False,False,True
synthetic/s7/0003,total,money,mock-c,mock-d,2.39,∅,2.39,,False,False,True
synthetic/s7/0004,address,address,mock-a,mock-b,lot p t 2811 jln angsana tmn mutiara rini 81300 skudai,lot p t 2811 jln angsana tmn mutiara rini 81300 skudai,"LOT P.T. 2811, JALAN ANGSANA, TAMAN MUTIARA RINI, 81300 SKUDAI","LOT P.T. 2811, JALAN ANGSANA, TAMAN MUTIARA RINI, 81300 SKUDAI",True,False,False
synthetic/s7/0004,address,address,mock-a,mock-c,lot p t 2811 jln angsana tmn mutiara rini 81300 skudai,∅,"LOT P.T. 2811, JALAN ANGSANA, TAMAN MUTIARA RINI, 81300 SKUDAI",,False,False,True
synthetic/s7/0004,address,address,mock-a,mock-d,lot p t 2811 jln angsana tmn mutiara rini 81300 skudai,lot p t 2811 jln angsana tmn mutiara rini 81300 skudai,"LOT P.T. 2811, JALAN ANGSANA, TAMAN MUTIARA RINI, 81300 SKUDAI","LOT P.T. 2811, JALAN ANGSANA, TAMAN MUTIARA RINI, 81300 SKUDAI",True,False,False
synthetic/s7/0004,address,address,mock-b,mock-c,lot p t 2811 jln angsana tmn mutiara rini 81300 skudai,∅,"LOT P.T. 2811, JALAN ANGSANA, TAMAN MUTIARA RINI, 81300 SKUDAI",,False,False,True
synthetic/s7/0004,address,address,mock-b,mock-d,lot p t 2811 jln angsana tmn mutiara rini 81300 skudai,lot p t 2811 jln angsana tmn mutiara rini 81300 skudai,"LOT P.T. 2811, JALAN ANGSANA, TAMAN MUTIARA RINI, 81300 SKUDAI","LOT P.T. 2811, JALAN ANGSANA, TAMAN MUTIARA RINI, 81300 SKUDAI",True,False,False
synthetic/s7/0004,address,address,mock-c,mock-d,∅,lot p t 2811 jln angsana tmn mutiara rini 81300 skudai,,"LOT P.T. 2811, JALAN ANGSANA, TAMAN MUTIARA RINI, 81300 SKUDAI",False,False,True
synthetic/s7/0004,company,org,mock-a,mock-b,99 speed mart s b,99 speed mart,99 SPEED MART S/B,99 SPEED MART,False,False,False
synthetic/s7/0004,company,org,mock-a,mock-c,99 speed mart s b,99 speed mart s b,99 SPEED MART S/B,99 SPEED MART S/B,True,False,False
synthetic/s7/0004,company,org,mock-a,mock-d,99 speed mart s b,∅,99 SPEED MART S/B,,False,False,True
synthetic/s7/0004,company,org,mock-b,mock-c,99 speed mart,99 speed mart s b,99 SPEED MART,99 SPEED MART S/B,False,False,False
synthetic/s7/0004,company,org,mock-b,mock-d,99 speed mart,∅,99 SPEED MART,,False,False,True
synthetic/s7/0004,company,org,mock-c,mock-d,99 speed mart s b,∅,99 SPEED MART S/B,,False,False,True
synthetic/s7/0004,date,date,mock-a,mock-b,2019-09-22,2019-09-22,22/09/2019,22/09/2019,True,False,False
synthetic/s7/0004,date,date,mock-a,mock-c,2019-09-22,2019-09-22,22/09/2019,22/09/2019,True,False,False
synthetic/s7/0004,date,date,mock-a,mock-d,2019-09-22,2019-09-22,22/09/2019,09/22/2019,True,False,False
synthetic/s7/0004,date,date,mock-b,mock-c,2019-09-22,2019-09-22,22/09/2019,22/09/2019,True,False,False
synthetic/s7/0004,date,date,mock-b,mock-d,2019-09-22,2019-09-22,22/09/2019,09/22/2019,True,False,False
synthetic/s7/0004,date,date,mock-c,mock-d,2019-09-22,2019-09-22,22/09/2019,09/22/2019,True,False,False
synthetic/s7/0004,phone,phone,mock-a,mock-b,48154999,48154999,04-815 4999,04-815 4999,True,False,False
synthetic/s7/0004,phone,phone,mock-a,mock-c,48154999,48154999,04-815 4999,04-815 4999,True,False,False
synthetic/s7/0004,phone,phone,mock-a,mock-d,48154999,48154999,04-815 4999,04-815 4999,True,False,False
synthetic/s7/0004,phone,phone,mock-b,mock-c,48154999,48154999,04-815 4999,04-815 4999,True,False,False
synthetic/s7/0004,phone,phone,mock-b,mock-d,48154999,48154999,04-815 4999,04-815 4999,True,False,False
synthetic/s7/0004,phone,phone,mock-c,mock-d,48154999,48154999,04-815 4999,04-815 4999,True,False,False
synthetic/s7/0004,tax,money,mock-a,mock-b,0.87,0.87,0.87,0.87,True,False,False
synthetic/s7/0004,tax,money,mock-a,mock-c,0.87,0.67,0.87,0.67,False,False,False
synthetic/s7/0004,tax,money,mock-a,mock-d,0.87,∅,0.87,,False,False,True
synthetic/s7/0004,tax,money,mock-b,mock-c,0.87,0.67,0.87,0.67,False,False,False
synthetic/s7/0004,tax,money,mock-b,mock-d,0.87,∅,0.87,,False,False,True
synthetic/s7/0004,tax,money,mock-c,mock-d,0.67,∅,0.67,,False,False,True
synthetic/s7/0004,total,money,mock-a,mock-b,15.37,∅,15.37,,False,False,True
synthetic/s7/0004,total,money,mock-a,mock-c,15.37,15.37,15.37,15.37,True,False,False
synthetic/s7/0004,total,money,mock-a,mock-d,15.37,15.37,15.37,15.37,True,False,False
synthetic/s7/0004,total,money,mock-b,mock-c,∅,15.37,,15.37,False,False,True
synthetic/s7/0004,total,money,mock-b,mock-d,∅,15.37,,15.37,False,False,True
synthetic/s7/0004,total,money,mock-c,mock-d,15.37,15.37,15.37,15.37,True,False,False
synthetic/s7/0005,address,address,mock-a,mock-b,lot 276 jln banting 43800 dengkil selangor,lot 276 jln banting 43800 dengkil selangor,"LOT 276 JALAN BANTING, 43800 DENGKIL, SELANGOR","LOT 276 JALAN BANTING, 43800 DENGKIL, SELANGOR",True,False,False
synthetic/s7/0005,address,address,mock-a,mock-c,lot 276 jln banting 43800 dengkil selangor,lot 276 jln banting 43800 dengkil selangor,"LOT 276 JALAN BANTING, 43800 DENGKIL, SELANGOR","LOT 276 JALAN BANTING, 43800 DENGKIL, SELANGOR",True,False,False
synthetic/s7/0005,address,address,mock-a,mock-d,lot 276 jln banting 43800 dengkil selangor,lot 276 jln banting 43800 dengkil selangor,"LOT 276 JALAN BANTING, 43800 DENGKIL, SELANGOR","LOT 276 JALAN BANTING, 43800 DENGKIL, SELANGOR",True,False,False
synthetic/s7/0005,address,address,mock-b,mock-c,lot 276 jln banting 43800 dengkil selangor,lot 276 jln banting 43800 dengkil selangor,"LOT 276 JALAN BANTING, 43800 DENGKIL, SELANGOR","LOT 276 JALAN BANTING, 43800 DENGKIL, SELANGOR",True,False,False
synthetic/s7/0005,address,address,mock-b,mock-d,lot 276 jln banting 43800 dengkil selangor,lot 276 jln banting 43800 dengkil selangor,"LOT 276 JALAN BANTING, 43800 DENGKIL, SELANGOR","LOT 276 JALAN BANTING, 43800 DENGKIL, SELANGOR",True,False,False
synthetic/s7/0005,address,address,mock-c,mock-d,lot 276 jln banting 43800 dengkil selangor,lot 276 jln banting 43800 dengkil selangor,"LOT 276 JALAN BANTING, 43800 DENGKIL, SELANGOR","LOT 276 JALAN BANTING, 43800 DENGKIL, SELANGOR",True,False,False
synthetic/s7/0005,company,org,mock-a,mock-b,papan yew chuan,kedai papan yew chuan,PAPAN YEW CHUAN,KEDAI PAPAN YEW CHUAN,False,False,False
synthetic/s7/0005,company,org,mock-a,mock-c,papan yew chuan,kedai papan yew chuan,PAPAN YEW CHUAN,KEDAI PAPAN YEW CHUAN,False,False,False
synthetic/s7/0005,company,org,mock-a,mock-d,papan yew chuan,kedai papan yew chuan,PAPAN YEW CHUAN,KEDAI PAPAN YEW CHUAN,False,False,False
synthetic/s7/0005,company,org,mock-b,mock-c,kedai papan yew chuan,kedai papan yew chuan,KEDAI PAPAN YEW CHUAN,KEDAI PAPAN YEW CHUAN,True,False,False
synthetic/s7/0005,company,org,mock-b,mock-d,kedai papan yew chuan,kedai papan yew chuan,KEDAI PAPAN YEW CHUAN,KEDAI PAPAN YEW CHUAN,True,False,False
synthetic/s7/0005,company,org,mock-c,mock-d,kedai papan yew chuan,kedai papan yew chuan,KEDAI PAPAN YEW CHUAN,KEDAI PAPAN YEW CHUAN,True,False,False
synthetic/s7/0005,date,date,mock-a,mock-b,2019-08-17,2019-08-17,17/08/2019,08/17/2019,True,False,False
synthetic/s7/0005,date,date,mock-a,mock-c,2019-08-17,2019-08-17,17/08/2019,17/08/2019,True,False,False
synthetic/s7/0005,date,date,mock-a,mock-d,2019-08-17,2019-08-17,17/08/2019,17/08/2019,True,False,False
synthetic/s7/0005,date,date,mock-b,mock-c,2019-08-17,2019-08-17,08/17/2019,17/08/2019,True,False,False
synthetic/s7/0005,date,date,mock-b,mock-d,2019-08-17,2019-08-17,08/17/2019,17/08/2019,True,False,False
synthetic/s7/0005,date,date,mock-c,mock-d,2019-08-17,2019-08-17,17/08/2019,17/08/2019,True,False,False
synthetic/s7/0005,phone,phone,mock-a,mock-b,52559011,∅,05-255 9011,,False,False,True
synthetic/s7/0005,phone,phone,mock-a,mock-c,52559011,52559011,05-255 9011,05-255 9011,True,False,False
synthetic/s7/0005,phone,phone,mock-a,mock-d,52559011,52559011,05-255 9011,05-255 9011,True,False,False
synthetic/s7/0005,phone,phone,mock-b,mock-c,∅,52559011,,05-255 9011,False,False,True
synthetic/s7/0005,phone,phone,mock-b,mock-d,∅,52559011,,05-255 9011,False,False,True
synthetic/s7/0005,phone,phone,mock-c,mock-d,52559011,52559011,05-255 9011,05-255 9011,True,False,False
synthetic/s7/0005,tax,money,mock-a,mock-b,1.85,1.85,1.85,1.85,True,False,False
synthetic/s7/0005,tax,money,mock-a,mock-c,1.85,1.85,1.85,1.85,True,False,False
synthetic/s7/0005,tax,money,mock-a,mock-d,1.85,1.85,1.85,1.85,True,False,False
synthetic/s7/0005,tax,money,mock-b,mock-c,1.85,1.85,1.85,1.85,True,False,False
synthetic/s7/0005,tax,money,mock-b,mock-d,1.85,1.85,1.85,1.85,True,False,False
synthetic/s7/0005,tax,money,mock-c,mock-d,1.85,1.85,1.85,1.85,True,False,False
synthetic/s7/0005,total,money,mock-a,mock-b,32.65,30.25,32.65,30.25,False,False,False
synthetic/s7/0005,total,money,mock-a,mock-c,32.65,32.65,32.65,32.65,True,False,False
synthetic/s7/0005,total,money,mock-a,mock-d,32.65,32.65,32.65,32.65,True,False,False
synthetic/s7/0005,total,money,mock-b,mock-c,30.25,32.65,30.25,32.65,False,False,False
synthetic/s7/0005,total,money,mock-b,mock-d,30.25,32.65,30.25,32.65,False,False,False
synthetic/s7/0005,total,money,mock-c,mock-d,32.65,32.65,32.65,32.65,True,False,False
synthetic/s7/0006,address,address,mock-a,mock-b,no 2 and 4 jln bayu 4 bdr seri alam 81750 masai johor,no 2 and 4 jln bayu 4 bdr seri alam 81750 masai johor,"NO 2 & 4, JALAN BAYU 4, BANDAR SERI ALAM, 81750 MASAI, JOHOR","NO 2 & 4, JALAN BAYU 4, BANDAR SERI ALAM, 81750 MASAI, JOHOR",True,False,False
synthetic/s7/0006,address,address,mock-a,mock-c,no 2 and 4 jln bayu 4 bdr seri alam 81750 masai johor,no 2 and 4 jln bayu 4 bdr seri alam 81750 masai johor,"NO 2 & 4, JALAN BAYU 4, BANDAR SERI ALAM, 81750 MASAI, JOHOR","NO 2 & 4, JALAN BAYU 4, BANDAR SERI ALAM, 81750 MASAI, JOHOR",True,False,False
synthetic/s7/0006,address,address,mock-a,mock-d,no 2 and 4 jln bayu 4 bdr seri alam 81750 masai johor,no 2 and 4 jln bayu 4 bdr seri alam 81750 masai johor,"NO 2 & 4, JALAN BAYU 4, BANDAR SERI ALAM, 81750 MASAI, JOHOR","NO 2 & 4, JALAN BAYU 4, BANDAR SERI ALAM, 81750 MASAI, JOHOR",True,False,False
synthetic/s7/0006,address,address,mock-b,mock-c,no 2 and 4 jln bayu 4 bdr seri alam 81750 masai johor,no 2 and 4 jln bayu 4 bdr seri alam 81750 masai johor,"NO 2 & 4, JALAN BAYU 4, BANDAR SERI ALAM, 81750 MASAI, JOHOR","NO 2 & 4, JALAN BAYU 4, BANDAR SERI ALAM, 81750 MASAI, JOHOR",True,False,False
synthetic/s7/0006,address,address,mock-b,mock-d,no 2 and 4 jln bayu 4 bdr seri alam 81750 masai johor,no 2 and 4 jln bayu 4 bdr seri alam 81750 masai johor,"NO 2 & 4, JALAN BAYU 4, BANDAR SERI ALAM, 81750 MASAI, JOHOR","NO 2 & 4, JALAN BAYU 4, BANDAR SERI ALAM, 81750 MASAI, JOHOR",True,False,False
synthetic/s7/0006,address,address,mock-c,mock-d,no 2 and 4 jln bayu 4 bdr seri alam 81750 masai johor,no 2 and 4 jln bayu 4 bdr seri alam 81750 masai johor,"NO 2 & 4, JALAN BAYU 4, BANDAR SERI ALAM, 81750 MASAI, JOHOR","NO 2 & 4, JALAN BAYU 4, BANDAR SERI ALAM, 81750 MASAI, JOHOR",True,False,False
synthetic/s7/0006,company,org,mock-a,mock-b,ojc marketing,ojc marketing sdn,OJC MARKETING SDN BHD,OJC MARKETING SDN,False,False,False
synthetic/s7/0006,company,org,mock-a,mock-c,ojc marketing,ojc marketing,OJC MARKETING SDN BHD,OJC MARKETING SDN BHD,True,False,False
synthetic/s7/0006,company,org,mock-a,mock-d,ojc marketing,ojc marketing,OJC MARKETING SDN BHD,OJC MARKETING SDN BHD,True,False,False
synthetic/s7/0006,company,org,mock-b,mock-c,ojc marketing sdn,ojc marketing,OJC MARKETING SDN,OJC MARKETING SDN BHD,False,False,False
synthetic/s7/0006,company,org,mock-b,mock-d,ojc marketing sdn,ojc marketing,OJC MARKETING SDN,OJC MARKETING SDN BHD,False,False,False
synthetic/s7/0006,company,org,mock-c,mock-d,ojc marketing,ojc marketing,OJC MARKETING SDN BHD,OJC MARKETING SDN BHD,True,False,False
synthetic/s7/0006,date,date,mock-a,mock-b,2019-09-03,2019-09-03,03/09/2019,03/09/2019,True,False,False
synthetic/s7/0006,date,date,mock-a,mock-c,2019-09-03,2019-09-03,03/09/2019,03/09/2019,True,False,False
synthetic/s7/0006,date,date,mock-a,mock-d,2019-09-03,∅,03/09/2019,,False,False,True
synthetic/s7/0006,date,date,mock-b,mock-c,2019-09-03,2019-09-03,03/09/2019,03/09/2019,True,False,False
synthetic/s7/0006,date,date,mock-b,mock-d,2019-09-03,∅,03/09/2019,,False,False,True
synthetic/s7/0006,date,date,mock-c,mock-d,2019-09-03,∅,03/09/2019,,False,False,True
synthetic/s7/0006,phone,phone,mock-a,mock-b,91955422,91955422,09-195 5422,09-195 5422,True,False,False
synthetic/s7/0006,phone,phone,mock-a,mock-c,91955422,91955422,09-195 5422,09-195 5422,True,False,False
synthetic/s7/0006,phone,phone,mock-a,mock-d,91955422,91955422,09-195 5422,09-195 5422,True,False,False
synthetic/s7/0006,phone,phone,mock-b,mock-c,91955422,91955422,09-195 5422,09-195 5422,True,False,False
synthetic/s7/0006,phone,phone,mock-b,mock-d,91955422,91955422,09-195 5422,09-195 5422,True,False,False
synthetic/s7/0006,phone,phone,mock-c,mock-d,91955422,91955422,09-195 5422,09-195 5422,True,False,False
synthetic/s7/0006,tax,money,mock-a,mock-b,∅,∅,,,True,True,False
synthetic/s7/0006,tax,money,mock-a,mock-c,∅,∅,,,True,True,False
synthetic/s7/0006,tax,money,mock-a,mock-d,∅,∅,,,True,True,False
synthetic/s7/0006,tax,money,mock-b,mock-c,∅,∅,,,True,True,False
synthetic/s7/0006,tax,money,mock-b,mock-d,∅,∅,,,True,True,False
synthetic/s7/0006,tax,money,mock-c,mock-d,∅,∅,,,True,True,False
synthetic/s7/0006,total,money,mock-a,mock-b,26.50,26.50,26.50,26.50,True,False,False
synthetic/s7/0006,total,money,mock-a,mock-c,26.50,26.50,26.50,26.50,True,False,False
synthetic/s7/0006,total,money,mock-a,mock-d,26.50,26.50,26.50,26.50,True,False,False
synthetic/s7/0006,total,money,mock-b,mock-c,26.50,26.50,26.50,26.50,True,False,False
synthetic/s7/0006,total,money,mock-b,mock-d,26.50,26.50,26.50,26.50,True,False,False
synthetic/s7/0006,total,money,mock-c,mock-d,26.50,26.50,26.50,26.50,True,False,False
synthetic/s7/0007,address,address,mock-a,mock-b,no 59 jln permas 9 5 bdr baru permas jaya 81750 johor bahru,no 59 jln permas 9 5 bdr baru permas jaya,"NO.59 JALAN PERMAS 9/5, BANDAR BARU PERMAS JAYA, 81750 JOHOR BAHRU","NO.59 JALAN PERMAS 9/5, BANDAR BARU PERMAS JAYA",False,False,False
synthetic/s7/0007,address,address,mock-a,mock-c,no 59 jln permas 9 5 bdr baru permas jaya 81750 johor bahru,no 59 jln permas 9 5 bdr baru permas jaya 81750 johor bahru,"NO.59 JALAN PERMAS 9/5, BANDAR BARU PERMAS JAYA, 81750 JOHOR BAHRU","NO.59 JALAN PERMAS 9/5, BANDAR BARU PERMAS JAYA, 81750 JOHOR BAHRU",True,False,False
synthetic/s7/0007,address,address,mock-a,mock-d,no 59 jln permas 9 5 bdr baru permas jaya 81750 johor bahru,no 59 jln permas 9 5 bdr baru permas jaya 81750 johor bahru,"NO.59 JALAN PERMAS 9/5, BANDAR BARU PERMAS JAYA, 81750 JOHOR BAHRU","NO.59 JALAN PERMAS 9/5, BANDAR BARU PERMAS JAYA, 81750 JOHOR BAHRU",True,False,False
synthetic/s7/0007,address,address,mock-b,mock-c,no 59 jln permas 9 5 bdr baru permas jaya,no 59 jln permas 9 5 bdr baru permas jaya 81750 johor bahru,"NO.59 JALAN PERMAS 9/5, BANDAR BARU PERMAS JAYA","NO.59 JALAN PERMAS 9/5, BANDAR BARU PERMAS JAYA, 81750 JOHOR BAHRU",False,False,False
synthetic/s7/0007,address,address,mock-b,mock-d,no 59 jln permas 9 5 bdr baru permas jaya,no 59 jln permas 9 5 bdr baru permas jaya 81750 johor bahru,"NO.59 JALAN PERMAS 9/5, BANDAR BARU PERMAS JAYA","NO.59 JALAN PERMAS 9/5, BANDAR BARU PERMAS JAYA, 81750 JOHOR BAHRU",False,False,False
synthetic/s7/0007,address,address,mock-c,mock-d,no 59 jln permas 9 5 bdr baru permas jaya 81750 johor bahru,no 59 jln permas 9 5 bdr baru permas jaya 81750 johor bahru,"NO.59 JALAN PERMAS 9/5, BANDAR BARU PERMAS JAYA, 81750 JOHOR BAHRU","NO.59 JALAN PERMAS 9/5, BANDAR BARU PERMAS JAYA, 81750 JOHOR BAHRU",True,False,False
synthetic/s7/0007,company,org,mock-a,mock-b,perniagaan zheng hui,perniagaan zheng hui,PERNIAGAAN ZHENG HUI,PERNIAGAAN ZHENG HUI,True,False,False
synthetic/s7/0007,company,org,mock-a,mock-c,perniagaan zheng hui,perniagaan zheng hui,PERNIAGAAN ZHENG HUI,PERNIAGAAN ZHENG HUI,True,False,False
synthetic/s7/0007,company,org,mock-a,mock-d,perniagaan zheng hui,∅,PERNIAGAAN ZHENG HUI,,False,False,True
synthetic/s7/0007,company,org,mock-b,mock-c,perniagaan zheng hui,perniagaan zheng hui,PERNIAGAAN ZHENG HUI,PERNIAGAAN ZHENG HUI,True,False,False
synthetic/s7/0007,company,org,mock-b,mock-d,perniagaan zheng hui,∅,PERNIAGAAN ZHENG HUI,,False,False,True
synthetic/s7/0007,company,org,mock-c,mock-d,perniagaan zheng hui,∅,PERNIAGAAN ZHENG HUI,,False,False,True
synthetic/s7/0007,date,date,mock-a,mock-b,2019-01-03,2019-01-03,03/01/2019,03/01/2019,True,False,False
synthetic/s7/0007,date,date,mock-a,mock-c,2019-01-03,2019-01-03,03/01/2019,03/01/2019,True,False,False
synthetic/s7/0007,date,date,mock-a,mock-d,2019-01-03,2019-01-03,03/01/2019,03/01/2019,True,False,False
synthetic/s7/0007,date,date,mock-b,mock-c,2019-01-03,2019-01-03,03/01/2019,03/01/2019,True,False,False
synthetic/s7/0007,date,date,mock-b,mock-d,2019-01-03,2019-01-03,03/01/2019,03/01/2019,True,False,False
synthetic/s7/0007,date,date,mock-c,mock-d,2019-01-03,2019-01-03,03/01/2019,03/01/2019,True,False,False
synthetic/s7/0007,phone,phone,mock-a,mock-b,47252918,∅,04-725 2918,,False,False,True
synthetic/s7/0007,phone,phone,mock-a,mock-c,47252918,47252918,04-725 2918,04-725 2918,True,False,False
synthetic/s7/0007,phone,phone,mock-a,mock-d,47252918,47252918,04-725 2918,04-725 2918,True,False,False
synthetic/s7/0007,phone,phone,mock-b,mock-c,∅,47252918,,04-725 2918,False,False,True
synthetic/s7/0007,phone,phone,mock-b,mock-d,∅,47252918,,04-725 2918,False,False,True
synthetic/s7/0007,phone,phone,mock-c,mock-d,47252918,47252918,04-725 2918,04-725 2918,True,False,False
synthetic/s7/0007,tax,money,mock-a,mock-b,1.80,1.80,1.80,1.80,True,False,False
synthetic/s7/0007,tax,money,mock-a,mock-c,1.80,1.80,1.80,1.80,True,False,False
synthetic/s7/0007,tax,money,mock-a,mock-d,1.80,∅,1.80,,False,False,True
synthetic/s7/0007,tax,money,mock-b,mock-c,1.80,1.80,1.80,1.80,True,False,False
synthetic/s7/0007,tax,money,mock-b,mock-d,1.80,∅,1.80,,False,False,True
synthetic/s7/0007,tax,money,mock-c,mock-d,1.80,∅,1.80,,False,False,True
synthetic/s7/0007,total,money,mock-a,mock-b,31.80,31.80,31.80,31.80,True,False,False
synthetic/s7/0007,total,money,mock-a,mock-c,31.80,31.88,31.80,31.88,False,False,False
synthetic/s7/0007,total,money,mock-a,mock-d,31.80,31.89,31.80,31.89,False,False,False
synthetic/s7/0007,total,money,mock-b,mock-c,31.80,31.88,31.80,31.88,False,False,False
synthetic/s7/0007,total,money,mock-b,mock-d,31.80,31.89,31.80,31.89,False,False,False
synthetic/s7/0007,total,money,mock-c,mock-d,31.88,31.89,31.88,31.89,False,False,False
synthetic/s7/0008,address,address,mock-a,mock-b,lot 3 jln pelabur 23 1 40300 shah alam selangor,lot 3 jln pelabur 23 1 40300 shah alam selangor,"LOT 3, JALAN PELABUR 23/1, 40300 SHAH ALAM, SELANGOR","LOT 3, JALAN PELABUR 23/1, 40300 SHAH ALAM, SELANGOR",True,False,False
synthetic/s7/0008,address,address,mock-a,mock-c,lot 3 jln pelabur 23 1 40300 shah alam selangor,∅,"LOT 3, JALAN PELABUR 23/1, 40300 SHAH ALAM, SELANGOR",,False,False,True
synthetic/s7/0008,address,address,mock-a,mock-d,lot 3 jln pelabur 23 1 40300 shah alam selangor,lot 3 jln pelabur 23 1 40300 shah alam selangor,"LOT 3, JALAN PELABUR 23/1, 40300 SHAH ALAM, SELANGOR","LOT 3, JALAN PELABUR 23/1, 40300 SHAH ALAM, SELANGOR",True,False,False
synthetic/s7/0008,address,address,mock-b,mock-c,lot 3 jln pelabur 23 1 40300 shah alam selangor,∅,"LOT 3, JALAN PELABUR 23/1, 40300 SHAH ALAM, SELANGOR",,False,False,True
synthetic/s7/0008,address,address,mock-b,mock-d,lot 3 jln pelabur 23 1 40300 shah alam selangor,lot 3 jln pelabur 23 1 40300 shah alam selangor,"LOT 3, JALAN PELABUR 23/1, 40300 SHAH ALAM, SELANGOR","LOT 3, JALAN PELABUR 23/1, 40300 SHAH ALAM, SELANGOR",True,False,False
synthetic/s7/0008,address,address,mock-c,mock-d,∅,lot 3 jln pelabur 23 1 40300 shah alam selangor,,"LOT 3, JALAN PELABUR 23/1, 40300 SHAH ALAM, SELANGOR",False,False,True
synthetic/s7/0008,company,org,mock-a,mock-b,gardenia bakeries kl,gardenia bakeries kl sdn,GARDENIA BAKERIES (KL) SDN BHD,GARDENIA BAKERIES (KL) SDN,False,False,False
synthetic/s7/0008,company,org,mock-a,mock-c,gardenia bakeries kl,bakeries kl,GARDENIA BAKERIES (KL) SDN BHD,BAKERIES (KL) SDN BHD,False,False,False
synthetic/s7/0008,company,org,mock-a,mock-d,gardenia bakeries kl,gardenia bakeries kl,GARDENIA BAKERIES (KL) SDN BHD,GARDENIA BAKERIES (KL) SDN BHD,True,False,False
synthetic/s7/0008,company,org,mock-b,mock-c,gardenia bakeries kl sdn,bakeries kl,GARDENIA BAKERIES (KL) SDN,BAKERIES (KL) SDN BHD,False,False,False
synthetic/s7/0008,company,org,mock-b,mock-d,gardenia bakeries kl sdn,gardenia bakeries kl,GARDENIA BAKERIES (KL) SDN,GARDENIA BAKERIES (KL) SDN BHD,False,False,False
synthetic/s7/0008,company,org,mock-c,mock-d,bakeries kl,gardenia bakeries kl,BAKERIES (KL) SDN BHD,GARDENIA BAKERIES (KL) SDN BHD,False,False,False
synthetic/s7/0008,date,date,mock-a,mock-b,2018-05-25,2018-05-25,25/05/2018,25/05/2018,True,False,False
synthetic/s7/0008,date,date,mock-a,mock-c,2018-05-25,2018-05-25,25/05/2018,25/05/2018,True,False,False
synthetic/s7/0008,date,date,mock-a,mock-d,2018-05-25,2018-05-25,25/05/2018,25/05/2018,True,False,False
synthetic/s7/0008,date,date,mock-b,mock-c,2018-05-25,2018-05-25,25/05/2018,25/05/2018,True,False,False
synthetic/s7/0008,date,date,mock-b,mock-d,2018-05-25,2018-05-25,25/05/2018,25/05/2018,True,False,False
synthetic/s7/0008,date,date,mock-c,mock-d,2018-05-25,2018-05-25,25/05/2018,25/05/2018,True,False,False
synthetic/s7/0008,phone,phone,mock-a,mock-b,∅,5597580,,44-559 7580,False,False,True
synthetic/s7/0008,phone,phone,mock-a,mock-c,∅,45597580,,04-559 7580,False,False,True
synthetic/s7/0008,phone,phone,mock-a,mock-d,∅,45597580,,04-559 7580,False,False,True
synthetic/s7/0008,phone,phone,mock-b,mock-c,5597580,45597580,44-559 7580,04-559 7580,False,False,False
synthetic/s7/0008,phone,phone,mock-b,mock-d,5597580,45597580,44-559 7580,04-559 7580,False,False,False
synthetic/s7/0008,phone,phone,mock-c,mock-d,45597580,45597580,04-559 7580,04-559 7580,True,False,False
synthetic/s7/0008,tax,money,mock-a,mock-b,∅,∅,,,True,True,False
synthetic/s7/0008,tax,money,mock-a,mock-c,∅,∅,,,True,True,False
synthetic/s7/0008,tax,money,mock-a,mock-d,∅,0.00,,0.00,False,False,True
synthetic/s7/0008,tax,money,mock-b,mock-c,∅,∅,,,True,True,False
synthetic/s7/0008,tax,money,mock-b,mock-d,∅,0.00,,0.00,False,False,True
synthetic/s7/0008,tax,money,mock-c,mock-d,∅,0.00,,0.00,False,False,True
synthetic/s7/0008,total,money,mock-a,mock-b,24.60,24.60,24.60,24.60,True,False,False
synthetic/s7/0008,total,money,mock-a,mock-c,24.60,24.60,24.60,24.60,True,False,False
synthetic/s7/0008,total,money,mock-a,mock-d,24.60,24.60,24.60,24.60,True,False,False
synthetic/s7/0008,total,money,mock-b,mock-c,24.60,24.60,24.60,24.60,True,False,False
synthetic/s7/0008,total,money,mock-b,mock-d,24.60,24.60,24.60,24.60,True,False,False
synthetic/s7/0008,total,money,mock-c,mock-d,24.60,24.60,24.60,24.60,True,False,False
synthetic/s7/0009,address,address,mock-a,mock-b,no 31g and 33g jln setia indah x u13 x,no 31g and 33g jln setia indah x u13 x,"NO. 31G&33G, JALAN SETIA INDAH X, U13/X","NO. 31G&33G, JALAN SETIA INDAH X, U13/X",True,False,False
synthetic/s7/0009,address,address,mock-a,mock-c,no 31g and 33g jln setia indah x u13 x,no 31g and 33g jln setia indah x u13 x,"NO. 31G&33G, JALAN SETIA INDAH X, U13/X","NO. 31G&33G, JALAN SETIA INDAH X, U13/X",True,False,False
synthetic/s7/0009,address,address,mock-a,mock-d,no 31g and 33g jln setia indah x u13 x,no 31g and 33g jln setia indah x u13 x,"NO. 31G&33G, JALAN SETIA INDAH X, U13/X","NO. 31G&33G, JALAN SETIA INDAH X, U13/X",True,False,False
synthetic/s7/0009,address,address,mock-b,mock-c,no 31g and 33g jln setia indah x u13 x,no 31g and 33g jln setia indah x u13 x,"NO. 31G&33G, JALAN SETIA INDAH X, U13/X","NO. 31G&33G, JALAN SETIA INDAH X, U13/X",True,False,False
synthetic/s7/0009,address,address,mock-b,mock-d,no 31g and 33g jln setia indah x u13 x,no 31g and 33g jln setia indah x u13 x,"NO. 31G&33G, JALAN SETIA INDAH X, U13/X","NO. 31G&33G, JALAN SETIA INDAH X, U13/X",True,False,False
synthetic/s7/0009,address,address,mock-c,mock-d,no 31g and 33g jln setia indah x u13 x,no 31g and 33g jln setia indah x u13 x,"NO. 31G&33G, JALAN SETIA INDAH X, U13/X","NO. 31G&33G, JALAN SETIA INDAH X, U13/X",True,False,False
synthetic/s7/0009,company,org,mock-a,mock-b,sanyu stationery shop,sanyu stationery shop,SANYU STATIONERY SHOP,SANYU STATIONERY SHOP,True,False,False
synthetic/s7/0009,company,org,mock-a,mock-c,sanyu stationery shop,sanyu stationery shop,SANYU STATIONERY SHOP,SANYU STATIONERY SHOP,True,False,False
synthetic/s7/0009,company,org,mock-a,mock-d,sanyu stationery shop,sanyu stationery shop,SANYU STATIONERY SHOP,SANYU STATIONERY SHOP,True,False,False
synthetic/s7/0009,company,org,mock-b,mock-c,sanyu stationery shop,sanyu stationery shop,SANYU STATIONERY SHOP,SANYU STATIONERY SHOP,True,False,False
synthetic/s7/0009,company,org,mock-b,mock-d,sanyu stationery shop,sanyu stationery shop,SANYU STATIONERY SHOP,SANYU STATIONERY SHOP,True,False,False
synthetic/s7/0009,company,org,mock-c,mock-d,sanyu stationery shop,sanyu stationery shop,SANYU STATIONERY SHOP,SANYU STATIONERY SHOP,True,False,False
synthetic/s7/0009,date,date,mock-a,mock-b,2019-07-27,2019-07-27,27/07/2019,27/07/2019,True,False,False
synthetic/s7/0009,date,date,mock-a,mock-c,2019-07-27,2019-07-27,27/07/2019,27/07/2019,True,False,False
synthetic/s7/0009,date,date,mock-a,mock-d,2019-07-27,2019-07-27,27/07/2019,27/07/2019,True,False,False
synthetic/s7/0009,date,date,mock-b,mock-c,2019-07-27,2019-07-27,27/07/2019,27/07/2019,True,False,False
synthetic/s7/0009,date,date,mock-b,mock-d,2019-07-27,2019-07-27,27/07/2019,27/07/2019,True,False,False
synthetic/s7/0009,date,date,mock-c,mock-d,2019-07-27,2019-07-27,27/07/2019,27/07/2019,True,False,False
synthetic/s7/0009,phone,phone,mock-a,mock-b,47744822,647744822,04-774 4822,64-774 4822,False,False,False
synthetic/s7/0009,phone,phone,mock-a,mock-c,47744822,47744822,04-774 4822,04-774 4822,True,False,False
synthetic/s7/0009,phone,phone,mock-a,mock-d,47744822,7744822,04-774 4822,44-774 4822,False,False,False
synthetic/s7/0009,phone,phone,mock-b,mock-c,647744822,47744822,64-774 4822,04-774 4822,False,False,False
synthetic/s7/0009,phone,phone,mock-b,mock-d,647744822,7744822,64-774 4822,44-774 4822,False,False,False
synthetic/s7/0009,phone,phone,mock-c,mock-d,47744822,7744822,04-774 4822,44-774 4822,False,False,False
synthetic/s7/0009,tax,money,mock-a,mock-b,2.36,2.33,2.36,2.33,False,False,False
synthetic/s7/0009,tax,money,mock-a,mock-c,2.36,2.33,2.36,2.33,False,False,False
synthetic/s7/0009,tax,money,mock-a,mock-d,2.36,2.33,2.36,2.33,False,False,False
synthetic/s7/0009,tax,money,mock-b,mock-c,2.33,2.33,2.33,2.33,True,False,False
synthetic/s7/0009,tax,money,mock-b,mock-d,2.33,2.33,2.33,2.33,True,False,False
synthetic/s7/0009,tax,money,mock-c,mock-d,2.33,2.33,2.33,2.33,True,False,False
synthetic/s7/0009,total,money,mock-a,mock-b,41.23,41.23,41.23,41.23,True,False,False
synthetic/s7/0009,total,money,mock-a,mock-c,41.23,41.23,41.23,41.23,True,False,False
synthetic/s7/0009,total,money,mock-a,mock-d,41.23,41.25,41.23,41.25,False,False,False
synthetic/s7/0009,total,money,mock-b,mock-c,41.23,41.23,41.23,41.23,True,False,False
synthetic/s7/0009,total,money,mock-b,mock-d,41.23,41.25,41.23,41.25,False,False,False
synthetic/s7/0009,total,money,mock-c,mock-d,41.23,41.25,41.23,41.25,False,False,False
synthetic/s7/0010,address,address,mock-a,mock-b,lot p t 2811 jln angsana tmn mutiara rini,lot p t 2811 jln angsana tmn mutiara rini,"LOT P.T. 2811, JALAN ANGSANA, TAMAN MUTIARA RINI","LOT P.T. 2811, JALAN ANGSANA, TAMAN MUTIARA RINI",True,False,False
synthetic/s7/0010,address,address,mock-a,mock-c,lot p t 2811 jln angsana tmn mutiara rini,lot p t 2811 jln angsana tmn mutiara rini,"LOT P.T. 2811, JALAN ANGSANA, TAMAN MUTIARA RINI","LOT P.T. 2811, JALAN ANGSANA, TAMAN MUTIARA RINI",True,False,False
synthetic/s7/0010,address,address,mock-a,mock-d,lot p t 2811 jln angsana tmn mutiara rini,lot p t 2811 jln angsana tmn mutiara rini,"LOT P.T. 2811, JALAN ANGSANA, TAMAN MUTIARA RINI","LOT P.T. 2811, JALAN ANGSANA, TAMAN MUTIARA RINI",True,False,False
synthetic/s7/0010,address,address,mock-b,mock-c,lot p t 2811 jln angsana tmn mutiara rini,lot p t 2811 jln angsana tmn mutiara rini,"LOT P.T. 2811, JALAN ANGSANA, TAMAN MUTIARA RINI","LOT P.T. 2811, JALAN ANGSANA, TAMAN MUTIARA RINI",True,False,False
synthetic/s7/0010,address,address,mock-b,mock-d,lot p t 2811 jln angsana tmn mutiara rini,lot p t 2811 jln angsana tmn mutiara rini,"LOT P.T. 2811, JALAN ANGSANA, TAMAN MUTIARA RINI","LOT P.T. 2811, JALAN ANGSANA, TAMAN MUTIARA RINI",True,False,False
synthetic/s7/0010,address,address,mock-c,mock-d,lot p t 2811 jln angsana tmn mutiara rini,lot p t 2811 jln angsana tmn mutiara rini,"LOT P.T. 2811, JALAN ANGSANA, TAMAN MUTIARA RINI","LOT P.T. 2811, JALAN ANGSANA, TAMAN MUTIARA RINI",True,False,False
synthetic/s7/0010,company,org,mock-a,mock-b,99 speed mart s b,99 speed mart s b,99 SPEED MART S/B,99 SPEED MART S/B,True,False,False
synthetic/s7/0010,company,org,mock-a,mock-c,99 speed mart s b,99 speed mart s b,99 SPEED MART S/B,99 SPEED MART S/B,True,False,False
synthetic/s7/0010,company,org,mock-a,mock-d,99 speed mart s b,99 speed mart,99 SPEED MART S/B,99 SPEED MART,False,False,False
synthetic/s7/0010,company,org,mock-b,mock-c,99 speed mart s b,99 speed mart s b,99 SPEED MART S/B,99 SPEED MART S/B,True,False,False
synthetic/s7/0010,company,org,mock-b,mock-d,99 speed mart s b,99 speed mart,99 SPEED MART S/B,99 SPEED MART,False,False,False
synthetic/s7/0010,company,org,mock-c,mock-d,99 speed mart s b,99 speed mart,99 SPEED MART S/B,99 SPEED MART,False,False,False
synthetic/s7/0010,date,date,mock-a,mock-b,2019-05-06,2019-05-06,06/05/2019,06/05/2019,True,False,False
synthetic/s7/0010,date,date,mock-a,mock-c,2019-05-06,2019-06-05,06/05/2019,05/06/2019,False,False,False
synthetic/s7/0010,date,date,mock-a,mock-d,2019-05-06,2019-05-06,06/05/2019,06/05/2019,True,False,False
synthetic/s7/0010,date,date,mock-b,mock-c,2019-05-06,2019-06-05,06/05/2019,05/06/2019,False,False,False
synthetic/s7/0010,date,date,mock-b,mock-d,2019-05-06,2019-05-06,06/05/2019,06/05/2019,True,False,False
synthetic/s7/0010,date,date,mock-c,mock-d,2019-06-05,2019-05-06,05/06/2019,06/05/2019,False,False,False
synthetic/s7/0010,phone,phone,mock-a,mock-b,74263056,74263056,07-426 3056,07-426 3056,True,False,False
synthetic/s7/0010,phone,phone,mock-a,mock-c,74263056,74263056,07-426 3056,07-426 3056,True,False,False
synthetic/s7/0010,phone,phone,mock-a,mock-d,74263056,74263056,07-426 3056,07-426 3056,True,False,False
synthetic/s7/0010,phone,phone,mock-b,mock-c,74263056,74263056,07-426 3056,07-426 3056,True,False,False
synthetic/s7/0010,phone,phone,mock-b,mock-d,74263056,74263056,07-426 3056,07-426 3056,True,False,False
synthetic/s7/0010,phone,phone,mock-c,mock-d,74263056,74263056,07-426 3056,07-426 3056,True,False,False
synthetic/s7/0010,tax,money,mock-a,mock-b,∅,0.14,,0.14,False,False,True
synthetic/s7/0010,tax,money,mock-a,mock-c,∅,0.14,,0.14,False,False,True
synthetic/s7/0010,tax,money,mock-a,mock-d,∅,0.14,,0.14,False,False,True
synthetic/s7/0010,tax,money,mock-b,mock-c,0.14,0.14,0.14,0.14,True,False,False
synthetic/s7/0010,tax,money,mock-b,mock-d,0.14,0.14,0.14,0.14,True,False,False
synthetic/s7/0010,tax,money,mock-c,mock-d,0.14,0.14,0.14,0.14,True,False,False
synthetic/s7/0010,total,money,mock-a,mock-b,2.44,2.44,2.44,2.44,True,False,False
synthetic/s7/0010,total,money,mock-a,mock-c,2.44,2.44,2.44,2.44,True,False,False
synthetic/s7/0010,total,money,mock-a,mock-d,2.44,2.44,2.44,2.44,True,False,False
synthetic/s7/0010,total,money,mock-b,mock-c,2.44,2.44,2.44,2.44,True,False,False
synthetic/s7/0010,total,money,mock-b,mock-d,2.44,2.44,2.44,2.44,True,False,False
synthetic/s7/0010,total,money,mock-c,mock-d,2.44,2.44,2.44,2.44,True,False,False
synthetic/s7/0011,address,address,mock-a,mock-b,lot 276 jln banting 43800 dengkil selangor,lot 276 jln banting 43800 dengkil,"LOT 276 JALAN BANTING, 43800 DENGKIL, SELANGOR","LOT 276 JALAN BANTING, 43800 DENGKIL",False,False,False
synthetic/s7/0011,address,address,mock-a,mock-c,lot 276 jln banting 43800 dengkil selangor,lot 276 jln banting 43800 dengkil,"LOT 276 JALAN BANTING, 43800 DENGKIL, SELANGOR","LOT 276 JALAN BANTING, 43800 DENGKIL",False,False,False
synthetic/s7/0011,address,address,mock-a,mock-d,lot 276 jln banting 43800 dengkil selangor,lot 276 jln banting 43800 dengkil selangor,"LOT 276 JALAN BANTING, 43800 DENGKIL, SELANGOR","LOT 276 JALAN BANTING, 43800 DENGKIL, SELANGOR",True,False,False
synthetic/s7/0011,address,address,mock-b,mock-c,lot 276 jln banting 43800 dengkil,lot 276 jln banting 43800 dengkil,"LOT 276 JALAN BANTING, 43800 DENGKIL","LOT 276 JALAN BANTING, 43800 DENGKIL",True,False,False
synthetic/s7/0011,address,address,mock-b,mock-d,lot 276 jln banting 43800 dengkil,lot 276 jln banting 43800 dengkil selangor,"LOT 276 JALAN BANTING, 43800 DENGKIL","LOT 276 JALAN BANTING, 43800 DENGKIL, SELANGOR",False,False,False
synthetic/s7/0011,address,address,mock-c,mock-d,lot 276 jln banting 43800 dengkil,lot 276 jln banting 43800 dengkil selangor,"LOT 276 JALAN BANTING, 43800 DENGKIL","LOT 276 JALAN BANTING, 43800 DENGKIL, SELANGOR",False,False,False
synthetic/s7/0011,company,org,mock-a,mock-b,kedai papan yew chuan,kedai papan yew chuan,KEDAI PAPAN YEW CHUAN,KEDAI PAPAN YEW CHUAN,True,False,False
synthetic/s7/0011,company,org,mock-a,mock-c,kedai papan yew chuan,kedai papan yew chuan,KEDAI PAPAN YEW CHUAN,KEDAI PAPAN YEW CHUAN,True,False,False
synthetic/s7/0011,company,org,mock-a,mock-d,kedai papan yew chuan,kedai papan yew chuan,KEDAI PAPAN YEW CHUAN,KEDAI PAPAN YEW CHUAN,True,False,False
synthetic/s7/0011,company,org,mock-b,mock-c,kedai papan yew chuan,kedai papan yew chuan,KEDAI PAPAN YEW CHUAN,KEDAI PAPAN YEW CHUAN,True,False,False
synthetic/s7/0011,company,org,mock-b,mock-d,kedai papan yew chuan,kedai papan yew chuan,KEDAI PAPAN YEW CHUAN,KEDAI PAPAN YEW CHUAN,True,False,False
synthetic/s7/0011,company,org,mock-c,mock-d,kedai papan yew chuan,kedai papan yew chuan,KEDAI PAPAN YEW CHUAN,KEDAI PAPAN YEW CHUAN,True,False,False
synthetic/s7/0011,date,date,mock-a,mock-b,∅,2018-11-21,,21/11/2018,False,False,True
synthetic/s7/0011,date,date,mock-a,mock-c,∅,2018-11-21,,21/11/2018,False,False,True
synthetic/s7/0011,date,date,mock-a,mock-d,∅,∅,,,True,True,False
synthetic/s7/0011,date,date,mock-b,mock-c,2018-11-21,2018-11-21,21/11/2018,21/11/2018,True,False,False
synthetic/s7/0011,date,date,mock-b,mock-d,2018-11-21,∅,21/11/2018,,False,False,True
synthetic/s7/0011,date,date,mock-c,mock-d,2018-11-21,∅,21/11/2018,,False,False,True
synthetic/s7/0011,phone,phone,mock-a,mock-b,∅,∅,,,True,True,False
synthetic/s7/0011,phone,phone,mock-a,mock-c,∅,∅,,,True,True,False
synthetic/s7/0011,phone,phone,mock-a,mock-d,∅,∅,,,True,True,False
synthetic/s7/0011,phone,phone,mock-b,mock-c,∅,∅,,,True,True,False
synthetic/s7/0011,phone,phone,mock-b,mock-d,∅,∅,,,True,True,False
synthetic/s7/0011,phone,phone,mock-c,mock-d,∅,∅,,,True,True,False
synthetic/s7/0011,tax,money,mock-a,mock-b,2.84,2.84,2.84,2.84,True,False,False
synthetic/s7/0011,tax,money,mock-a,mock-c,2.84,2.84,2.84,2.84,True,False,False
synthetic/s7/0011,tax,money,mock-a,mock-d,2.84,2.34,2.84,2.34,False,False,False
synthetic/s7/0011,tax,money,mock-b,mock-c,2.84,2.84,2.84,2.84,True,False,False
synthetic/s7/0011,tax,money,mock-b,mock-d,2.84,2.34,2.84,2.34,False,False,False
synthetic/s7/0011,tax,money,mock-c,mock-d,2.84,2.34,2.84,2.34,False,False,False
synthetic/s7/0011,total,money,mock-a,mock-b,47.84,50.24,47.84,50.24,False,False,False
synthetic/s7/0011,total,money,mock-a,mock-c,47.84,∅,47.84,,False,False,True
synthetic/s7/0011,total,money,mock-a,mock-d,47.84,50.24,47.84,50.24,False,False,False
synthetic/s7/0011,total,money,mock-b,mock-c,50.24,∅,50.24,,False,False,True
synthetic/s7/0011,total,money,mock-b,mock-d,50.24,50.24,50.24,50.24,True,False,False
synthetic/s7/0011,total,money,mock-c,mock-d,∅,50.24,,50.24,False,False,True
synthetic/s7/0012,address,address,mock-a,mock-b,no 2 and 4 jln bayu 4 bdr seri alam 81750 masai johor,no 2 and 4 jln bayu 4 bdr seri alam 81750 masai johor,"NO 2 & 4, JALAN BAYU 4, BANDAR SERI ALAM, 81750 MASAI, JOHOR","NO 2 & 4, JALAN BAYU 4, BANDAR SERI ALAM, 81750 MASAI, JOHOR",True,False,False
synthetic/s7/0012,address,address,mock-a,mock-c,no 2 and 4 jln bayu 4 bdr seri alam 81750 masai johor,no 2 and 4 jln bayu 4 bdr seri alam 81750 masai johor,"NO 2 & 4, JALAN BAYU 4, BANDAR SERI ALAM, 81750 MASAI, JOHOR","NO 2 & 4, JALAN BAYU 4, BANDAR SERI ALAM, 81750 MASAI, JOHOR",True,False,False
synthetic/s7/0012,address,address,mock-a,mock-d,no 2 and 4 jln bayu 4 bdr seri alam 81750 masai johor,no 2 and 4 jln bayu 4 bdr seri alam 81750 masai,"NO 2 & 4, JALAN BAYU 4, BANDAR SERI ALAM, 81750 MASAI, JOHOR","NO 2 & 4, JALAN BAYU 4, BANDAR SERI ALAM, 81750 MASAI",False,False,False
synthetic/s7/0012,address,address,mock-b,mock-c,no 2 and 4 jln bayu 4 bdr seri alam 81750 masai johor,no 2 and 4 jln bayu 4 bdr seri alam 81750 masai johor,"NO 2 & 4, JALAN BAYU 4, BANDAR SERI ALAM, 81750 MASAI, JOHOR","NO 2 & 4, JALAN BAYU 4, BANDAR SERI ALAM, 81750 MASAI, JOHOR",True,False,False
synthetic/s7/0012,address,address,mock-b,mock-d,no 2 and 4 jln bayu 4 bdr seri alam 81750 masai johor,no 2 and 4 jln bayu 4 bdr seri alam 81750 masai,"NO 2 & 4, JALAN BAYU 4, BANDAR SERI ALAM, 81750 MASAI, JOHOR","NO 2 & 4, JALAN BAYU 4, BANDAR SERI ALAM, 81750 MASAI",False,False,False
synthetic/s7/0012,address,address,mock-c,mock-d,no 2 and 4 jln bayu 4 bdr seri alam 81750 masai johor,no 2 and 4 jln bayu 4 bdr seri alam 81750 masai,"NO 2 & 4, JALAN BAYU 4, BANDAR SERI ALAM, 81750 MASAI, JOHOR","NO 2 & 4, JALAN BAYU 4, BANDAR SERI ALAM, 81750 MASAI",False,False,False
synthetic/s7/0012,company,org,mock-a,mock-b,ojc marketing,ojc marketing,OJC MARKETING SDN BHD,OJC MARKETING SDN BHD,True,False,False
synthetic/s7/0012,company,org,mock-a,mock-c,ojc marketing,ojc marketing,OJC MARKETING SDN BHD,OJC MARKETING SDN BHD,True,False,False
synthetic/s7/0012,company,org,mock-a,mock-d,ojc marketing,ojc marketing,OJC MARKETING SDN BHD,OJC MARKETING SDN BHD,True,False,False
synthetic/s7/0012,company,org,mock-b,mock-c,ojc marketing,ojc marketing,OJC MARKETING SDN BHD,OJC MARKETING SDN BHD,True,False,False
synthetic/s7/0012,company,org,mock-b,mock-d,ojc marketing,ojc marketing,OJC MARKETING SDN BHD,OJC MARKETING SDN BHD,True,False,False
synthetic/s7/0012,company,org,mock-c,mock-d,ojc marketing,ojc marketing,OJC MARKETING SDN BHD,OJC MARKETING SDN BHD,True,False,False
synthetic/s7/0012,date,date,mock-a,mock-b,∅,∅,,,True,True,False
synthetic/s7/0012,date,date,mock-a,mock-c,∅,2018-07-08,,08/07/2018,False,False,True
synthetic/s7/0012,date,date,mock-a,mock-d,∅,2018-08-07,,07/08/2018,False,False,True
synthetic/s7/0012,date,date,mock-b,mock-c,∅,2018-07-08,,08/07/2018,False,False,True
synthetic/s7/0012,date,date,mock-b,mock-d,∅,2018-08-07,,07/08/2018,False,False,True
synthetic/s7/0012,date,date,mock-c,mock-d,2018-07-08,2018-08-07,08/07/2018,07/08/2018,False,False,False
synthetic/s7/0012,phone,phone,mock-a,mock-b,772549791,772549791,77-254 9791,77-254 9791,True,False,False
synthetic/s7/0012,phone,phone,mock-a,mock-c,772549791,772549791,77-254 9791,77-254 9791,True,False,False
synthetic/s7/0012,phone,phone,mock-a,mock-d,772549791,772549791,77-254 9791,77-254 9791,True,False,False
synthetic/s7/0012,phone,phone,mock-b,mock-c,772549791,772549791,77-254 9791,77-254 9791,True,False,False
synthetic/s7/0012,phone,phone,mock-b,mock-d,772549791,772549791,77-254 9791,77-254 9791,True,False,False
synthetic/s7/0012,phone,phone,mock-c,mock-d,772549791,772549791,77-254 9791,77-254 9791,True,False,False
synthetic/s7/0012,tax,money,mock-a,mock-b,∅,∅,,,True,True,False
synthetic/s7/0012,tax,money,mock-a,mock-c,∅,∅,,,True,True,False
synthetic/s7/0012,tax,money,mock-a,mock-d,∅,∅,,,True,True,False
synthetic/s7/0012,tax,money,mock-b,mock-c,∅,∅,,,True,True,False
synthetic/s7/0012,tax,money,mock-b,mock-d,∅,∅,,,True,True,False
synthetic/s7/0012,tax,money,mock-c,mock-d,∅,∅,,,True,True,False
synthetic/s7/0012,total,money,mock-a,mock-b,15.60,15.60,15.60,15.60,True,False,False
synthetic/s7/0012,total,money,mock-a,mock-c,15.60,18.00,15.60,18.00,False,False,False
synthetic/s7/0012,total,money,mock-a,mock-d,15.60,18.00,15.60,18.00,False,False,False
synthetic/s7/0012,total,money,mock-b,mock-c,15.60,18.00,15.60,18.00,False,False,False
synthetic/s7/0012,total,money,mock-b,mock-d,15.60,18.00,15.60,18.00,False,False,False
synthetic/s7/0012,total,money,mock-c,mock-d,18.00,18.00,18.00,18.00,True,False,False
synthetic/s7/0013,address,address,mock-a,mock-b,no 59 jln permas 9 5 bdr baru permas jaya 81750 johor bahru,no 59 jln permas 9 5 bdr baru permas jaya 81750 johor bahru,"NO.59 JALAN PERMAS 9/5, BANDAR BARU PERMAS JAYA, 81750 JOHOR BAHRU","NO.59 JALAN PERMAS 9/5, BANDAR BARU PERMAS JAYA, 81750 JOHOR BAHRU",True,False,False
synthetic/s7/0013,address,address,mock-a,mock-c,no 59 jln permas 9 5 bdr baru permas jaya 81750 johor bahru,no 59 jln permas 9 5 bdr baru permas jaya,"NO.59 JALAN PERMAS 9/5, BANDAR BARU PERMAS JAYA, 81750 JOHOR BAHRU","NO.59 JALAN PERMAS 9/5, BANDAR BARU PERMAS JAYA",False,False,False
synthetic/s7/0013,address,address,mock-a,mock-d,no 59 jln permas 9 5 bdr baru permas jaya 81750 johor bahru,no 59 jln permas 9 5 bdr baru permas jaya,"NO.59 JALAN PERMAS 9/5, BANDAR BARU PERMAS JAYA, 81750 JOHOR BAHRU","NO.59 JALAN PERMAS 9/5, BANDAR BARU PERMAS JAYA",False,False,False
synthetic/s7/0013,address,address,mock-b,mock-c,no 59 jln permas 9 5 bdr baru permas jaya 81750 johor bahru,no 59 jln permas 9 5 bdr baru permas jaya,"NO.59 JALAN PERMAS 9/5, BANDAR BARU PERMAS JAYA, 81750 JOHOR BAHRU","NO.59 JALAN PERMAS 9/5, BANDAR BARU PERMAS JAYA",False,False,False
synthetic/s7/0013,address,address,mock-b,mock-d,no 59 jln permas 9 5 bdr baru permas jaya 81750 johor bahru,no 59 jln permas 9 5 bdr baru permas jaya,"NO.59 JALAN PERMAS 9/5, BANDAR BARU PERMAS JAYA, 81750 JOHOR BAHRU","NO.59 JALAN PERMAS 9/5, BANDAR BARU PERMAS JAYA",False,False,False
synthetic/s7/0013,address,address,mock-c,mock-d,no 59 jln permas 9 5 bdr baru permas jaya,no 59 jln permas 9 5 bdr baru permas jaya,"NO.59 JALAN PERMAS 9/5, BANDAR BARU PERMAS JAYA","NO.59 JALAN PERMAS 9/5, BANDAR BARU PERMAS JAYA",True,False,False
synthetic/s7/0013,company,org,mock-a,mock-b,perniagaan zheng hui,perniagaan zheng hui,PERNIAGAAN ZHENG HUI,PERNIAGAAN ZHENG HUI,True,False,False
synthetic/s7/0013,company,org,mock-a,mock-c,perniagaan zheng hui,perniagaan zheng hui,PERNIAGAAN ZHENG HUI,PERNIAGAAN ZHENG HUI,True,False,False
synthetic/s7/0013,company,org,mock-a,mock-d,perniagaan zheng hui,perniagaan zheng hui,PERNIAGAAN ZHENG HUI,PERNIAGAAN ZHENG HUI,True,False,False
synthetic/s7/0013,company,org,mock-b,mock-c,perniagaan zheng hui,perniagaan zheng hui,PERNIAGAAN ZHENG HUI,PERNIAGAAN ZHENG HUI,True,False,False
synthetic/s7/0013,company,org,mock-b,mock-d,perniagaan zheng hui,perniagaan zheng hui,PERNIAGAAN ZHENG HUI,PERNIAGAAN ZHENG HUI,True,False,False
synthetic/s7/0013,company,org,mock-c,mock-d,perniagaan zheng hui,perniagaan zheng hui,PERNIAGAAN ZHENG HUI,PERNIAGAAN ZHENG HUI,True,False,False
synthetic/s7/0013,date,date,mock-a,mock-b,2018-02-01,2018-02-01,01/02/2018,01/02/2018,True,False,False
synthetic/s7/0013,date,date,mock-a,mock-c,2018-02-01,2018-02-01,01/02/2018,01/02/2018,True,False,False
synthetic/s7/0013,date,date,mock-a,mock-d,2018-02-01,2018-01-02,01/02/2018,02/01/2018,False,False,False
synthetic/s7/0013,date,date,mock-b,mock-c,2018-02-01,2018-02-01,01/02/2018,01/02/2018,True,False,False
synthetic/s7/0013,date,date,mock-b,mock-d,2018-02-01,2018-01-02,01/02/2018,02/01/2018,False,False,False
synthetic/s7/0013,date,date,mock-c,mock-d,2018-02-01,2018-01-02,01/02/2018,02/01/2018,False,False,False
synthetic/s7/0013,phone,phone,mock-a,mock-b,839698996,39698996,83-969 8996,03-969 8996,False,False,False
synthetic/s7/0013,phone,phone,mock-a,mock-c,839698996,839698996,83-969 8996,83-969 8996,True,False,False
synthetic/s7/0013,phone,phone,mock-a,mock-d,839698996,∅,83-969 8996,,False,False,True
synthetic/s7/0013,phone,phone,mock-b,mock-c,39698996,839698996,03-969 8996,83-969 8996,False,False,False
synthetic/s7/0013,phone,phone,mock-b,mock-d,39698996,∅,03-969 8996,,False,False,True
synthetic/s7/0013,phone,phone,mock-c,mock-d,839698996,∅,83-969 8996,,False,False,True
synthetic/s7/0013,tax,money,mock-a,mock-b,∅,∅,,,True,True,False
synthetic/s7/0013,tax,money,mock-a,mock-c,∅,∅,,,True,True,False
synthetic/s7/0013,tax,money,mock-a,mock-d,∅,∅,,,True,True,False
synthetic/s7/0013,tax,money,mock-b,mock-c,∅,∅,,,True,True,False
synthetic/s7/0013,tax,money,mock-b,mock-d,∅,∅,,,True,True,False
synthetic/s7/0013,tax,money,mock-c,mock-d,∅,∅,,,True,True,False
synthetic/s7/0013,total,money,mock-a,mock-b,46.10,46.10,46.10,46.10,True,False,False
synthetic/s7/0013,total,money,mock-a,mock-c,46.10,46.10,46.10,46.10,True,False,False
synthetic/s7/0013,total,money,mock-a,mock-d,46.10,46.10,46.10,46.10,True,False,False
synthetic/s7/0013,total,money,mock-b,mock-c,46.10,46.10,46.10,46.10,True,False,False
synthetic/s7/0013,total,money,mock-b,mock-d,46.10,46.10,46.10,46.10,True,False,False
synthetic/s7/0013,total,money,mock-c,mock-d,46.10,46.10,46.10,46.10,True,False,False
synthetic/s7/0014,address,address,mock-a,mock-b,lot 3 jln pelabur 23 1 40300 shah alam selangor,lot 3 jln pelabur 23 1 40300 shah alam,"LOT 3, JALAN PELABUR 23/1, 40300 SHAH ALAM, SELANGOR","LOT 3, JALAN PELABUR 23/1, 40300 SHAH ALAM",False,False,False
synthetic/s7/0014,address,address,mock-a,mock-c,lot 3 jln pelabur 23 1 40300 shah alam selangor,lot 3 jln pelabur 23 1 40300 shah alam selangor,"LOT 3, JALAN PELABUR 23/1, 40300 SHAH ALAM, SELANGOR","LOT 3, JALAN PELABUR 23/1, 40300 SHAH ALAM, SELANGOR",True,False,False
synthetic/s7/0014,address,address,mock-a,mock-d,lot 3 jln pelabur 23 1 40300 shah alam selangor,∅,"LOT 3, JALAN PELABUR 23/1, 40300 SHAH ALAM, SELANGOR",,False,False,True
synthetic/s7/0014,address,address,mock-b,mock-c,lot 3 jln pelabur 23 1 40300 shah alam,lot 3 jln pelabur 23 1 40300 shah alam selangor,"LOT 3, JALAN PELABUR 23/1, 40300 SHAH ALAM","LOT 3, JALAN PELABUR 23/1, 40300 SHAH ALAM, SELANGOR",False,False,False
synthetic/s7/0014,address,address,mock-b,mock-d,lot 3 jln pelabur 23 1 40300 shah alam,∅,"LOT 3, JALAN PELABUR 23/1, 40300 SHAH ALAM",,False,False,True
synthetic/s7/0014,address,address,mock-c,mock-d,lot 3 jln pelabur 23 1 40300 shah alam selangor,∅,"LOT 3, JALAN PELABUR 23/1, 40300 SHAH ALAM, SELANGOR",,False,False,True
synthetic/s7/0014,company,org,mock-a,mock-b,gardenia bakeries kl,gardenia bakeries kl,GARDENIA BAKERIES (KL) SDN BHD,GARDENIA BAKERIES (KL) SDN BHD,True,False,False
synthetic/s7/0014,company,org,mock-a,mock-c,gardenia bakeries kl,gardenia bakeries kl,GARDENIA BAKERIES (KL) SDN BHD,GARDENIA BAKERIES (KL) SDN BHD,True,False,False
synthetic/s7/0014,company,org,mock-a,mock-d,gardenia bakeries kl,gardenia bakeries kl,GARDENIA BAKERIES (KL) SDN BHD,GARDENIA BAKERIES (KL) SDN BHD,True,False,False
synthetic/s7/0014,company,org,mock-b,mock-c,gardenia bakeries kl,gardenia bakeries kl,GARDENIA BAKERIES (KL) SDN BHD,GARDENIA BAKERIES (KL) SDN BHD,True,False,False
synthetic/s7/0014,company,org,mock-b,mock-d,gardenia bakeries kl,gardenia bakeries kl,GARDENIA BAKERIES (KL) SDN BHD,GARDENIA BAKERIES (KL) SDN BHD,True,False,False
synthetic/s7/0014,company,org,mock-c,mock-d,gardenia bakeries kl,gardenia bakeries kl,GARDENIA BAKERIES (KL) SDN BHD,GARDENIA BAKERIES (KL) SDN BHD,True,False,False
synthetic/s7/0014,date,date,mock-a,mock-b,2018-02-10,2018-02-10,10/02/2018,10/02/2018,True,False,False
synthetic/s7/0014,date,date,mock-a,mock-c,2018-02-10,2018-02-10,10/02/2018,10/02/2018,True,False,False
synthetic/s7/0014,date,date,mock-a,mock-d,2018-02-10,2018-02-10,10/02/2018,10/02/2018,True,False,False
synthetic/s7/0014,date,date,mock-b,mock-c,2018-02-10,2018-02-10,10/02/2018,10/02/2018,True,False,False
synthetic/s7/0014,date,date,mock-b,mock-d,2018-02-10,2018-02-10,10/02/2018,10/02/2018,True,False,False
synthetic/s7/0014,date,date,mock-c,mock-d,2018-02-10,2018-02-10,10/02/2018,10/02/2018,True,False,False
synthetic/s7/0014,phone,phone,mock-a,mock-b,82659459,82659459,08-265 9459,08-265 9459,True,False,False
synthetic/s7/0014,phone,phone,mock-a,mock-c,82659459,82659459,08-265 9459,08-265 9459,True,False,False
synthetic/s7/0014,phone,phone,mock-a,mock-d,82659459,682659459,08-265 9459,68-265 9459,False,False,False
synthetic/s7/0014,phone,phone,mock-b,mock-c,82659459,82659459,08-265 9459,08-265 9459,True,False,False
synthetic/s7/0014,phone,phone,mock-b,mock-d,82659459,682659459,08-265 9459,68-265 9459,False,False,False
synthetic/s7/0014,phone,phone,mock-c,mock-d,82659459,682659459,08-265 9459,68-265 9459,False,False,False
synthetic/s7/0014,tax,money,mock-a,mock-b,∅,∅,,,True,True,False
synthetic/s7/0014,tax,money,mock-a,mock-c,∅,∅,,,True,True,False
synthetic/s7/0014,tax,money,mock-a,mock-d,∅,∅,,,True,True,False
synthetic/s7/0014,tax,money,mock-b,mock-c,∅,∅,,,True,True,False
synthetic/s7/0014,tax,money,mock-b,mock-d,∅,∅,,,True,True,False
synthetic/s7/0014,tax,money,mock-c,mock-d,∅,∅,,,True,True,False
synthetic/s7/0014,total,money,mock-a,mock-b,16.80,18.00,16.80,18.00,False,False,False
synthetic/s7/0014,total,money,mock-a,mock-c,16.80,15.60,16.80,15.60,False,False,False
synthetic/s7/0014,total,money,mock-a,mock-d,16.80,18.00,16.80,18.00,False,False,False
synthetic/s7/0014,total,money,mock-b,mock-c,18.00,15.60,18.00,15.60,False,False,False
synthetic/s7/0014,total,money,mock-b,mock-d,18.00,18.00,18.00,18.00,True,False,False
synthetic/s7/0014,total,money,mock-c,mock-d,15.60,18.00,15.60,18.00,False,False,False
synthetic/s7/0015,address,address,mock-a,mock-b,no 31g and 33g jln setia indah x u13 x 40170 setia alam,no 31g and 33g jln setia indah x u13 x,"NO. 31G&33G, JALAN SETIA INDAH X, U13/X, 40170 SETIA ALAM","NO. 31G&33G, JALAN SETIA INDAH X, U13/X",False,False,False
synthetic/s7/0015,address,address,mock-a,mock-c,no 31g and 33g jln setia indah x u13 x 40170 setia alam,no 31g and 33g jln setia indah x u13 x 40170 setia alam,"NO. 31G&33G, JALAN SETIA INDAH X, U13/X, 40170 SETIA ALAM","NO. 31G&33G, JALAN SETIA INDAH X, U13/X, 40170 SETIA ALAM",True,False,False
synthetic/s7/0015,address,address,mock-a,mock-d,no 31g and 33g jln setia indah x u13 x 40170 setia alam,no 31g and 33g jln setia indah x u13 x 40170 setia alam,"NO. 31G&33G, JALAN SETIA INDAH X, U13/X, 40170 SETIA ALAM","NO. 31G&33G, JALAN SETIA INDAH X, U13/X, 40170 SETIA ALAM",True,False,False
synthetic/s7/0015,address,address,mock-b,mock-c,no 31g and 33g jln setia indah x u13 x,no 31g and 33g jln setia indah x u13 x 40170 setia alam,"NO. 31G&33G, JALAN SETIA INDAH X, U13/X","NO. 31G&33G, JALAN SETIA INDAH X, U13/X, 40170 SETIA ALAM",False,False,False
synthetic/s7/0015,address,address,mock-b,mock-d,no 31g and 33g jln setia indah x u13 x,no 31g and 33g jln setia indah x u13 x 40170 setia alam,"NO. 31G&33G, JALAN SETIA INDAH X, U13/X","NO. 31G&33G, JALAN SETIA INDAH X, U13/X, 40170 SETIA ALAM",False,False,False
synthetic/s7/0015,address,address,mock-c,mock-d,no 31g and 33g jln setia indah x u13 x 40170 setia alam,no 31g and 33g jln setia indah x u13 x 40170 setia alam,"NO. 31G&33G, JALAN SETIA INDAH X, U13/X, 40170 SETIA ALAM","NO. 31G&33G, JALAN SETIA INDAH X, U13/X, 40170 SETIA ALAM",True,False,False
synthetic/s7/0015,company,org,mock-a,mock-b,sanyu stationery shop,sanyu stationery shop,SANYU STATIONERY SHOP,SANYU STATIONERY SHOP,True,False,False
synthetic/s7/0015,company,org,mock-a,mock-c,sanyu stationery shop,stationery shop,SANYU STATIONERY SHOP,STATIONERY SHOP,False,False,False
synthetic/s7/0015,company,org,mock-a,mock-d,sanyu stationery shop,sanyu stationery shop,SANYU STATIONERY SHOP,SANYU STATIONERY SHOP,True,False,False
synthetic/s7/0015,company,org,mock-b,mock-c,sanyu stationery shop,stationery shop,SANYU STATIONERY SHOP,STATIONERY SHOP,False,False,False
synthetic/s7/0015,company,org,mock-b,mock-d,sanyu stationery shop,sanyu stationery shop,SANYU STATIONERY SHOP,SANYU STATIONERY SHOP,True,False,False
synthetic/s7/0015,company,org,mock-c,mock-d,stationery shop,sanyu stationery shop,STATIONERY SHOP,SANYU STATIONERY SHOP,False,False,False
synthetic/s7/0015,date,date,mock-a,mock-b,2018-03-12,∅,12/03/2018,,False,False,True
synthetic/s7/0015,date,date,mock-a,mock-c,2018-03-12,2018-03-12,12/03/2018,12/03/2018,True,False,False
synthetic/s7/0015,date,date,mock-a,mock-d,2018-03-12,∅,12/03/2018,,False,False,True
synthetic/s7/0015,date,date,mock-b,mock-c,∅,2018-03-12,,12/03/2018,False,False,True
synthetic/s7/0015,date,date,mock-b,mock-d,∅,∅,,,True,True,False
synthetic/s7/0015,date,date,mock-c,mock-d,2018-03-12,∅,12/03/2018,,False,False,True
synthetic/s7/0015,phone,phone,mock-a,mock-b,∅,∅,,,True,True,False
synthetic/s7/0015,phone,phone,mock-a,mock-c,∅,∅,,,True,True,False
synthetic/s7/0015,phone,phone,mock-a,mock-d,∅,∅,,,True,True,False
synthetic/s7/0015,phone,phone,mock-b,mock-c,∅,∅,,,True,True,False
synthetic/s7/0015,phone,phone,mock-b,mock-d,∅,∅,,,True,True,False
synthetic/s7/0015,phone,phone,mock-c,mock-d,∅,∅,,,True,True,False
synthetic/s7/0015,tax,money,mock-a,mock-b,1.99,1.99,1.99,1.99,True,False,False
synthetic/s7/0015,tax,money,mock-a,mock-c,1.99,1.99,1.99,1.99,True,False,False
synthetic/s7/0015,tax,money,mock-a,mock-d,1.99,1.99,1.99,1.99,True,False,False
synthetic/s7/0015,tax,money,mock-b,mock-c,1.99,1.99,1.99,1.99,True,False,False
synthetic/s7/0015,tax,money,mock-b,mock-d,1.99,1.99,1.99,1.99,True,False,False
synthetic/s7/0015,tax,money,mock-c,mock-d,1.99,1.99,1.99,1.99,True,False,False
synthetic/s7/0015,total,money,mock-a,mock-b,∅,35.19,,35.19,False,False,True
synthetic/s7/0015,total,money,mock-a,mock-c,∅,35.19,,35.19,False,False,True
synthetic/s7/0015,total,money,mock-a,mock-d,∅,35.19,,35.19,False,False,True
synthetic/s7/0015,total,money,mock-b,mock-c,35.19,35.19,35.19,35.19,True,False,False
synthetic/s7/0015,total,money,mock-b,mock-d,35.19,35.19,35.19,35.19,True,False,False
synthetic/s7/0015,total,money,mock-c,mock-d,35.19,35.19,35.19,35.19,True,False,False
synthetic/s7/0016,address,address,mock-a,mock-b,lot p t 2811 jln angsana tmn mutiara rini 81300 skudai,lot p t 2811 jln angsana tmn mutiara rini 81300 skudai,"LOT P.T. 2811, JALAN ANGSANA, TAMAN MUTIARA RINI, 81300 SKUDAI","LOT P.T. 2811, JALAN ANGSANA, TAMAN MUTIARA RINI, 81300 SKUDAI",True,False,False
synthetic/s7/0016,address,address,mock-a,mock-c,lot p t 2811 jln angsana tmn mutiara rini 81300 skudai,lot p t 2811 jln angsana tmn mutiara rini 81300 skudai,"LOT P.T. 2811, JALAN ANGSANA, TAMAN MUTIARA RINI, 81300 SKUDAI","LOT P.T. 2811, JALAN ANGSANA, TAMAN MUTIARA RINI, 81300 SKUDAI",True,False,False
synthetic/s7/0016,address,address,mock-a,mock-d,lot p t 2811 jln angsana tmn mutiara rini 81300 skudai,lot p t 2811 jln angsana tmn mutiara rini 81300 skudai,"LOT P.T. 2811, JALAN ANGSANA, TAMAN MUTIARA RINI, 81300 SKUDAI","LOT P.T. 2811, JALAN ANGSANA, TAMAN MUTIARA RINI, 81300 SKUDAI",True,False,False
synthetic/s7/0016,address,address,mock-b,mock-c,lot p t 2811 jln angsana tmn mutiara rini 81300 skudai,lot p t 2811 jln angsana tmn mutiara rini 81300 skudai,"LOT P.T. 2811, JALAN ANGSANA, TAMAN MUTIARA RINI, 81300 SKUDAI","LOT P.T. 2811, JALAN ANGSANA, TAMAN MUTIARA RINI, 81300 SKUDAI",True,False,False
synthetic/s7/0016,address,address,mock-b,mock-d,lot p t 2811 jln angsana tmn mutiara rini 81300 skudai,lot p t 2811 jln angsana tmn mutiara rini 81300 skudai,"LOT P.T. 2811, JALAN ANGSANA, TAMAN MUTIARA RINI, 81300 SKUDAI","LOT P.T. 2811, JALAN ANGSANA, TAMAN MUTIARA RINI, 81300 SKUDAI",True,False,False
synthetic/s7/0016,address,address,mock-c,mock-d,lot p t 2811 jln angsana tmn mutiara rini 81300 skudai,lot p t 2811 jln angsana tmn mutiara rini 81300 skudai,"LOT P.T. 2811, JALAN ANGSANA, TAMAN MUTIARA RINI, 81300 SKUDAI","LOT P.T. 2811, JALAN ANGSANA, TAMAN MUTIARA RINI, 81300 SKUDAI",True,False,False
synthetic/s7/0016,company,org,mock-a,mock-b,99 speed mart s b,99 speed mart s b,99 SPEED MART S/B,99 SPEED MART S/B,True,False,False
synthetic/s7/0016,company,org,mock-a,mock-c,99 speed mart s b,99 speed mart s b,99 SPEED MART S/B,99 SPEED MART S/B,True,False,False
synthetic/s7/0016,company,org,mock-a,mock-d,99 speed mart s b,99 speed mart s b,99 SPEED MART S/B,99 SPEED MART S/B,True,False,False
synthetic/s7/0016,company,org,mock-b,mock-c,99 speed mart s b,99 speed mart s b,99 SPEED MART S/B,99 SPEED MART S/B,True,False,False
synthetic/s7/0016,company,org,mock-b,mock-d,99 speed mart s b,99 speed mart s b,99 SPEED MART S/B,99 SPEED MART S/B,True,False,False
synthetic/s7/0016,company,org,mock-c,mock-d,99 speed mart s b,99 speed mart s b,99 SPEED MART S/B,99 SPEED MART S/B,True,False,False
synthetic/s7/0016,date,date,mock-a,mock-b,2019-09-18,2019-09-18,18/09/2019,18/09/2019,True,False,False
synthetic/s7/0016,date,date,mock-a,mock-c,2019-09-18,2019-09-18,18/09/2019,18/09/2019,True,False,False
synthetic/s7/0016,date,date,mock-a,mock-d,2019-09-18,2019-09-18,18/09/2019,18/09/2019,True,False,False
synthetic/s7/0016,date,date,mock-b,mock-c,2019-09-18,2019-09-18,18/09/2019,18/09/2019,True,False,False
synthetic/s7/0016,date,date,mock-b,mock-d,2019-09-18,2019-09-18,18/09/2019,18/09/2019,True,False,False
synthetic/s7/0016,date,date,mock-c,mock-d,2019-09-18,2019-09-18,18/09/2019,18/09/2019,True,False,False
synthetic/s7/0016,phone,phone,mock-a,mock-b,93324275,∅,09-332 4275,,False,False,True
synthetic/s7/0016,phone,phone,mock-a,mock-c,93324275,93324275,09-332 4275,09-332 4275,True,False,False
synthetic/s7/0016,phone,phone,mock-a,mock-d,93324275,93324275,09-332 4275,09-332 4275,True,False,False
synthetic/s7/0016,phone,phone,mock-b,mock-c,∅,93324275,,09-332 4275,False,False,True
synthetic/s7/0016,phone,phone,mock-b,mock-d,∅,93324275,,09-332 4275,False,False,True
synthetic/s7/0016,phone,phone,mock-c,mock-d,93324275,93324275,09-332 4275,09-332 4275,True,False,False
synthetic/s7/0016,tax,money,mock-a,mock-b,1.48,1.48,1.48,1.48,True,False,False
synthetic/s7/0016,tax,money,mock-a,mock-c,1.48,1.48,1.48,1.48,True,False,False
synthetic/s7/0016,tax,money,mock-a,mock-d,1.48,1.48,1.48,1.48,True,False,False
synthetic/s7/0016,tax,money,mock-b,mock-c,1.48,1.48,1.48,1.48,True,False,False
synthetic/s7/0016,tax,money,mock-b,mock-d,1.48,1.48,1.48,1.48,True,False,False
synthetic/s7/0016,tax,money,mock-c,mock-d,1.48,1.48,1.48,1.48,True,False,False
synthetic/s7/0016,total,money,mock-a,mock-b,26.08,26.08,26.08,26.08,True,False,False
synthetic/s7/0016,total,money,mock-a,mock-c,26.08,∅,26.08,,False,False,True
synthetic/s7/0016,total,money,mock-a,mock-d,26.08,26.08,26.08,26.08,True,False,False
synthetic/s7/0016,total,money,mock-b,mock-c,26.08,∅,26.08,,False,False,True
synthetic/s7/0016,total,money,mock-b,mock-d,26.08,26.08,26.08,26.08,True,False,False
synthetic/s7/0016,total,money,mock-c,mock-d,∅,26.08,,26.08,False,False,True
synthetic/s7/0017,address,address,mock-a,mock-b,lot 276 jln banting 43800 dengkil selangor,lot 276 jln banting 43800 dengkil selangor,"LOT 276 JALAN BANTING, 43800 DENGKIL, SELANGOR","LOT 276 JALAN BANTING, 43800 DENGKIL, SELANGOR",True,False,False
synthetic/s7/0017,address,address,mock-a,mock-c,lot 276 jln banting 43800 dengkil selangor,lot 276 jln banting 43800 dengkil selangor,"LOT 276 JALAN BANTING, 43800 DENGKIL, SELANGOR","LOT 276 JALAN BANTING, 43800 DENGKIL, SELANGOR",True,False,False
synthetic/s7/0017,address,address,mock-a,mock-d,lot 276 jln banting 43800 dengkil selangor,lot 276 jln banting 43800 dengkil selangor,"LOT 276 JALAN BANTING, 43800 DENGKIL, SELANGOR","LOT 276 JALAN BANTING, 43800 DENGKIL, SELANGOR",True,False,False
synthetic/s7/0017,address,address,mock-b,mock-c,lot 276 jln banting 43800 dengkil selangor,lot 276 jln banting 43800 dengkil selangor,"LOT 276 JALAN BANTING, 43800 DENGKIL, SELANGOR","LOT 276 JALAN BANTING, 43800 DENGKIL, SELANGOR",True,False,False
synthetic/s7/0017,address,address,mock-b,mock-d,lot 276 jln banting 43800 dengkil selangor,lot 276 jln banting 43800 dengkil selangor,"LOT 276 JALAN BANTING, 43800 DENGKIL, SELANGOR","LOT 276 JALAN BANTING, 43800 DENGKIL, SELANGOR",True,False,False
synthetic/s7/0017,address,address,mock-c,mock-d,lot 276 jln banting 43800 dengkil selangor,lot 276 jln banting 43800 dengkil selangor,"LOT 276 JALAN BANTING, 43800 DENGKIL, SELANGOR","LOT 276 JALAN BANTING, 43800 DENGKIL, SELANGOR",True,False,False
synthetic/s7/0017,company,org,mock-a,mock-b,kedai papan yew chuan,kedai papan yew chuan,KEDAI PAPAN YEW CHUAN,KEDAI PAPAN YEW CHUAN,True,False,False
synthetic/s7/0017,company,org,mock-a,mock-c,kedai papan yew chuan,kedai papan yew chuan,KEDAI PAPAN YEW CHUAN,KEDAI PAPAN YEW CHUAN,True,False,False
synthetic/s7/0017,company,org,mock-a,mock-d,kedai papan yew chuan,kedai papan yew chuan,KEDAI PAPAN YEW CHUAN,KEDAI PAPAN YEW CHUAN,True,False,False
synthetic/s7/0017,company,org,mock-b,mock-c,kedai papan yew chuan,kedai papan yew chuan,KEDAI PAPAN YEW CHUAN,KEDAI PAPAN YEW CHUAN,True,False,False
synthetic/s7/0017,company,org,mock-b,mock-d,kedai papan yew chuan,kedai papan yew chuan,KEDAI PAPAN YEW CHUAN,KEDAI PAPAN YEW CHUAN,True,False,False
synthetic/s7/0017,company,org,mock-c,mock-d,kedai papan yew chuan,kedai papan yew chuan,KEDAI PAPAN YEW CHUAN,KEDAI PAPAN YEW CHUAN,True,False,False
synthetic/s7/0017,date,date,mock-a,mock-b,2018-01-24,2018-01-24,24/01/2018,01/24/2018,True,False,False
synthetic/s7/0017,date,date,mock-a,mock-c,2018-01-24,2018-01-24,24/01/2018,24/01/2018,True,False,False
synthetic/s7/0017,date,date,mock-a,mock-d,2018-01-24,2018-01-24,24/01/2018,24/01/2018,True,False,False
synthetic/s7/0017,date,date,mock-b,mock-c,2018-01-24,2018-01-24,01/24/2018,24/01/2018,True,False,False
synthetic/s7/0017,date,date,mock-b,mock-d,2018-01-24,2018-01-24,01/24/2018,24/01/2018,True,False,False
synthetic/s7/0017,date,date,mock-c,mock-d,2018-01-24,2018-01-24,24/01/2018,24/01/2018,True,False,False
synthetic/s7/0017,phone,phone,mock-a,mock-b,∅,∅,,,True,True,False
synthetic/s7/0017,phone,phone,mock-a,mock-c,∅,∅,,,True,True,False
synthetic/s7/0017,phone,phone,mock-a,mock-d,∅,∅,,,True,True,False
synthetic/s7/0017,phone,phone,mock-b,mock-c,∅,∅,,,True,True,False
synthetic/s7/0017,phone,phone,mock-b,mock-d,∅,∅,,,True,True,False
synthetic/s7/0017,phone,phone,mock-c,mock-d,∅,∅,,,True,True,False
synthetic/s7/0017,tax,money,mock-a,mock-b,∅,∅,,,True,True,False
synthetic/s7/0017,tax,money,mock-a,mock-c,∅,∅,,,True,True,False
synthetic/s7/0017,tax,money,mock-a,mock-d,∅,∅,,,True,True,False
synthetic/s7/0017,tax,money,mock-b,mock-c,∅,∅,,,True,True,False
synthetic/s7/0017,tax,money,mock-b,mock-d,∅,∅,,,True,True,False
synthetic/s7/0017,tax,money,mock-c,mock-d,∅,∅,,,True,True,False
synthetic/s7/0017,total,money,mock-a,mock-b,19.40,20.00,19.40,20.00,False,False,False
synthetic/s7/0017,total,money,mock-a,mock-c,19.40,20.00,19.40,20.00,False,False,False
synthetic/s7/0017,total,money,mock-a,mock-d,19.40,20.00,19.40,20.00,False,False,False
synthetic/s7/0017,total,money,mock-b,mock-c,20.00,20.00,20.00,20.00,True,False,False
synthetic/s7/0017,total,money,mock-b,mock-d,20.00,20.00,20.00,20.00,True,False,False
synthetic/s7/0017,total,money,mock-c,mock-d,20.00,20.00,20.00,20.00,True,False,False
synthetic/s7/0018,address,address,mock-a,mock-b,no 2 and 4 jln bayu 4 bdr seri alam 81750 masai,no 2 and 4 jln bayu 4 bdr seri alam 81750 masai johor,"NO 2 & 4, JALAN BAYU 4, BANDAR SERI ALAM, 81750 MASAI","NO 2 & 4, JALAN BAYU 4, BANDAR SERI ALAM, 81750 MASAI, JOHOR",False,False,False
synthetic/s7/0018,address,address,mock-a,mock-c,no 2 and 4 jln bayu 4 bdr seri alam 81750 masai,no 2 and 4 jln bayu 4 bdr seri alam 81750 masai johor,"NO 2 & 4, JALAN BAYU 4, BANDAR SERI ALAM, 81750 MASAI","NO 2 & 4, JALAN BAYU 4, BANDAR SERI ALAM, 81750 MASAI, JOHOR",False,False,False
synthetic/s7/0018,address,address,mock-a,mock-d,no 2 and 4 jln bayu 4 bdr seri alam 81750 masai,∅,"NO 2 & 4, JALAN BAYU 4, BANDAR SERI ALAM, 81750 MASAI",,False,False,True
synthetic/s7/0018,address,address,mock-b,mock-c,no 2 and 4 jln bayu 4 bdr seri alam 81750 masai johor,no 2 and 4 jln bayu 4 bdr seri alam 81750 masai johor,"NO 2 & 4, JALAN BAYU 4, BANDAR SERI ALAM, 81750 MASAI, JOHOR","NO 2 & 4, JALAN BAYU 4, BANDAR SERI ALAM, 81750 MASAI, JOHOR",True,False,False
synthetic/s7/0018,address,address,mock-b,mock-d,no 2 and 4 jln bayu 4 bdr seri alam 81750 masai johor,∅,"NO 2 & 4, JALAN BAYU 4, BANDAR SERI ALAM, 81750 MASAI, JOHOR",,False,False,True
synthetic/s7/0018,address,address,mock-c,mock-d,no 2 and 4 jln bayu 4 bdr seri alam 81750 masai johor,∅,"NO 2 & 4, JALAN BAYU 4, BANDAR SERI ALAM, 81750 MASAI, JOHOR",,False,False,True
synthetic/s7/0018,company,org,mock-a,mock-b,ojc marketing,ojc marketing,OJC MARKETING SDN BHD,OJC MARKETING SDN BHD,True,False,False
synthetic/s7/0018,company,org,mock-a,mock-c,ojc marketing,ojc marketing,OJC MARKETING SDN BHD,OJC MARKETING SDN BHD,True,False,False
synthetic/s7/0018,company,org,mock-a,mock-d,ojc marketing,∅,OJC MARKETING SDN BHD,,False,False,True
synthetic/s7/0018,company,org,mock-b,mock-c,ojc marketing,ojc marketing,OJC MARKETING SDN BHD,OJC MARKETING SDN BHD,True,False,False
synthetic/s7/0018,company,org,mock-b,mock-d,ojc marketing,∅,OJC MARKETING SDN BHD,,False,False,True
synthetic/s7/0018,company,org,mock-c,mock-d,ojc marketing,∅,OJC MARKETING SDN BHD,,False,False,True
synthetic/s7/0018,date,date,mock-a,mock-b,2018-02-12,2018-02-12,12/02/2018,12/02/2018,True,False,False
synthetic/s7/0018,date,date,mock-a,mock-c,2018-02-12,2018-02-12,12/02/2018,12/02/2018,True,False,False
synthetic/s7/0018,date,date,mock-a,mock-d,2018-02-12,∅,12/02/2018,,False,False,True
synthetic/s7/0018,date,date,mock-b,mock-c,2018-02-12,2018-02-12,12/02/2018,12/02/2018,True,False,False
synthetic/s7/0018,date,date,mock-b,mock-d,2018-02-12,∅,12/02/2018,,False,False,True
synthetic/s7/0018,date,date,mock-c,mock-d,2018-02-12,∅,12/02/2018,,False,False,True
synthetic/s7/0018,phone,phone,mock-a,mock-b,67391031,67391031,06-739 1031,06-739 1031,True,False,False
synthetic/s7/0018,phone,phone,mock-a,mock-c,67391031,67391031,06-739 1031,06-739 1031,True,False,False
synthetic/s7/0018,phone,phone,mock-a,mock-d,67391031,67391031,06-739 1031,06-739 1031,True,False,False
synthetic/s7/0018,phone,phone,mock-b,mock-c,67391031,67391031,06-739 1031,06-739 1031,True,False,False
synthetic/s7/0018,phone,phone,mock-b,mock-d,67391031,67391031,06-739 1031,06-739 1031,True,False,False
synthetic/s7/0018,phone,phone,mock-c,mock-d,67391031,67391031,06-739 1031,06-739 1031,True,False,False
synthetic/s7/0018,tax,money,mock-a,mock-b,0.39,0.39,0.39,0.39,True,False,False
synthetic/s7/0018,tax,money,mock-a,mock-c,0.39,0.39,0.39,0.39,True,False,False
synthetic/s7/0018,tax,money,mock-a,mock-d,0.39,0.39,0.39,0.39,True,False,False
synthetic/s7/0018,tax,money,mock-b,mock-c,0.39,0.39,0.39,0.39,True,False,False
synthetic/s7/0018,tax,money,mock-b,mock-d,0.39,0.39,0.39,0.39,True,False,False
synthetic/s7/0018,tax,money,mock-c,mock-d,0.39,0.39,0.39,0.39,True,False,False
synthetic/s7/0018,total,money,mock-a,mock-b,3.39,6.39,3.39,6.39,False,False,False
synthetic/s7/0018,total,money,mock-a,mock-c,3.39,3.39,3.39,3.39,True,False,False
synthetic/s7/0018,total,money,mock-a,mock-d,3.39,3.39,3.39,3.39,True,False,False
synthetic/s7/0018,total,money,mock-b,mock-c,6.39,3.39,6.39,3.39,False,False,False
synthetic/s7/0018,total,money,mock-b,mock-d,6.39,3.39,6.39,3.39,False,False,False
synthetic/s7/0018,total,money,mock-c,mock-d,3.39,3.39,3.39,3.39,True,False,False
synthetic/s7/0019,address,address,mock-a,mock-b,no 59 jln permas 9 5 bdr baru permas jaya 81750 johor bahru,no 59 jln permas 9 5 bdr baru permas jaya 81750 johor bahru,"NO.59 JALAN PERMAS 9/5, BANDAR BARU PERMAS JAYA, 81750 JOHOR BAHRU","NO.59 JALAN PERMAS 9/5, BANDAR BARU PERMAS JAYA, 81750 JOHOR BAHRU",True,False,False
synthetic/s7/0019,address,address,mock-a,mock-c,no 59 jln permas 9 5 bdr baru permas jaya 81750 johor bahru,∅,"NO.59 JALAN PERMAS 9/5, BANDAR BARU PERMAS JAYA, 81750 JOHOR BAHRU",,False,False,True
synthetic/s7/0019,address,address,mock-a,mock-d,no 59 jln permas 9 5 bdr baru permas jaya 81750 johor bahru,no 59 jln permas 9 5 bdr baru permas jaya 81750 johor bahru,"NO.59 JALAN PERMAS 9/5, BANDAR BARU PERMAS JAYA, 81750 JOHOR BAHRU","NO.59 JALAN PERMAS 9/5, BANDAR BARU PERMAS JAYA, 81750 JOHOR BAHRU",True,False,False
synthetic/s7/0019,address,address,mock-b,mock-c,no 59 jln permas 9 5 bdr baru permas jaya 81750 johor bahru,∅,"NO.59 JALAN PERMAS 9/5, BANDAR BARU PERMAS JAYA, 81750 JOHOR BAHRU",,False,False,True
synthetic/s7/0019,address,address,mock-b,mock-d,no 59 jln permas 9 5 bdr baru permas jaya 81750 johor bahru,no 59 jln permas 9 5 bdr baru permas jaya 81750 johor bahru,"NO.59 JALAN PERMAS 9/5, BANDAR BARU PERMAS JAYA, 81750 JOHOR BAHRU","NO.59 JALAN PERMAS 9/5, BANDAR BARU PERMAS JAYA, 81750 JOHOR BAHRU",True,False,False
synthetic/s7/0019,address,address,mock-c,mock-d,∅,no 59 jln permas 9 5 bdr baru permas jaya 81750 johor bahru,,"NO.59 JALAN PERMAS 9/5, BANDAR BARU PERMAS JAYA, 81750 JOHOR BAHRU",False,False,True
synthetic/s7/0019,company,org,mock-a,mock-b,perniagaan zheng hui,perniagaan zheng hui,PERNIAGAAN ZHENG HUI,PERNIAGAAN ZHENG HUI,True,False,False
synthetic/s7/0019,company,org,mock-a,mock-c,perniagaan zheng hui,perniagaan zheng hui,PERNIAGAAN ZHENG HUI,PERNIAGAAN ZHENG HUI,True,False,False
synthetic/s7/0019,company,org,mock-a,mock-d,perniagaan zheng hui,perniagaan zheng hui,PERNIAGAAN ZHENG HUI,PERNIAGAAN ZHENG HUI,True,False,False
synthetic/s7/0019,company,org,mock-b,mock-c,perniagaan zheng hui,perniagaan zheng hui,PERNIAGAAN ZHENG HUI,PERNIAGAAN ZHENG HUI,True,False,False
synthetic/s7/0019,company,org,mock-b,mock-d,perniagaan zheng hui,perniagaan zheng hui,PERNIAGAAN ZHENG HUI,PERNIAGAAN ZHENG HUI,True,False,False
synthetic/s7/0019,company,org,mock-c,mock-d,perniagaan zheng hui,perniagaan zheng hui,PERNIAGAAN ZHENG HUI,PERNIAGAAN ZHENG HUI,True,False,False
synthetic/s7/0019,date,date,mock-a,mock-b,2018-11-26,2018-11-26,26/11/2018,26/11/2018,True,False,False
synthetic/s7/0019,date,date,mock-a,mock-c,2018-11-26,2018-11-26,26/11/2018,26/11/2018,True,False,False
synthetic/s7/0019,date,date,mock-a,mock-d,2018-11-26,2018-11-26,26/11/2018,11/26/2018,True,False,False
synthetic/s7/0019,date,date,mock-b,mock-c,2018-11-26,2018-11-26,26/11/2018,26/11/2018,True,False,False
synthetic/s7/0019,date,date,mock-b,mock-d,2018-11-26,2018-11-26,26/11/2018,11/26/2018,True,False,False
synthetic/s7/0019,date,date,mock-c,mock-d,2018-11-26,2018-11-26,26/11/2018,11/26/2018,True,False,False
synthetic/s7/0019,phone,phone,mock-a,mock-b,∅,∅,,,True,True,False
synthetic/s7/0019,phone,phone,mock-a,mock-c,∅,∅,,,True,True,False
synthetic/s7/0019,phone,phone,mock-a,mock-d,∅,∅,,,True,True,False
synthetic/s7/0019,phone,phone,mock-b,mock-c,∅,∅,,,True,True,False
synthetic/s7/0019,phone,phone,mock-b,mock-d,∅,∅,,,True,True,False
synthetic/s7/0019,phone,phone,mock-c,mock-d,∅,∅,,,True,True,False
synthetic/s7/0019,tax,money,mock-a,mock-b,∅,∅,,,True,True,False
synthetic/s7/0019,tax,money,mock-a,mock-c,∅,∅,,,True,True,False
synthetic/s7/0019,tax,money,mock-a,mock-d,∅,∅,,,True,True,False
synthetic/s7/0019,tax,money,mock-b,mock-c,∅,∅,,,True,True,False
synthetic/s7/0019,tax,money,mock-b,mock-d,∅,∅,,,True,True,False
synthetic/s7/0019,tax,money,mock-c,mock-d,∅,∅,,,True,True,False
synthetic/s7/0019,total,money,mock-a,mock-b,21.40,∅,21.40,,False,False,True
synthetic/s7/0019,total,money,mock-a,mock-c,21.40,21.40,21.40,21.40,True,False,False
synthetic/s7/0019,total,money,mock-a,mock-d,21.40,21.40,21.40,21.40,True,False,False
synthetic/s7/0019,total,money,mock-b,mock-c,∅,21.40,,21.40,False,False,True
synthetic/s7/0019,total,money,mock-b,mock-d,∅,21.40,,21.40,False,False,True
synthetic/s7/0019,total,money,mock-c,mock-d,21.40,21.40,21.40,21.40,True,False,False
synthetic/s7/0020,address,address,mock-a,mock-b,lot 3 jln pelabur 23 1 40300 shah alam selangor,lot 3 jln pelabur 23 1 40300 shah alam selangor,"LOT 3, JALAN PELABUR 23/1, 40300 SHAH ALAM, SELANGOR","LOT 3, JALAN PELABUR 23/1, 40300 SHAH ALAM, SELANGOR",True,False,False
synthetic/s7/0020,address,address,mock-a,mock-c,lot 3 jln pelabur 23 1 40300 shah alam selangor,lot 3 jln pelabur 23 1 40300 shah alam selangor,"LOT 3, JALAN PELABUR 23/1, 40300 SHAH ALAM, SELANGOR","LOT 3, JALAN PELABUR 23/1, 40300 SHAH ALAM, SELANGOR",True,False,False
synthetic/s7/0020,address,address,mock-a,mock-d,lot 3 jln pelabur 23 1 40300 shah alam selangor,lot 3 jln pelabur 23 1 40300 shah alam selangor,"LOT 3, JALAN PELABUR 23/1, 40300 SHAH ALAM, SELANGOR","LOT 3, JALAN PELABUR 23/1, 40300 SHAH ALAM, SELANGOR",True,False,False
synthetic/s7/0020,address,address,mock-b,mock-c,lot 3 jln pelabur 23 1 40300 shah alam selangor,lot 3 jln pelabur 23 1 40300 shah alam selangor,"LOT 3, JALAN PELABUR 23/1, 40300 SHAH ALAM, SELANGOR","LOT 3, JALAN PELABUR 23/1, 40300 SHAH ALAM, SELANGOR",True,False,False
synthetic/s7/0020,address,address,mock-b,mock-d,lot 3 jln pelabur 23 1 40300 shah alam selangor,lot 3 jln pelabur 23 1 40300 shah alam selangor,"LOT 3, JALAN PELABUR 23/1, 40300 SHAH ALAM, SELANGOR","LOT 3, JALAN PELABUR 23/1, 40300 SHAH ALAM, SELANGOR",True,False,False
synthetic/s7/0020,address,address,mock-c,mock-d,lot 3 jln pelabur 23 1 40300 shah alam selangor,lot 3 jln pelabur 23 1 40300 shah alam selangor,"LOT 3, JALAN PELABUR 23/1, 40300 SHAH ALAM, SELANGOR","LOT 3, JALAN PELABUR 23/1, 40300 SHAH ALAM, SELANGOR",True,False,False
synthetic/s7/0020,company,org,mock-a,mock-b,gardenia bakeries kl,gardenia bakeries kl,GARDENIA BAKERIES (KL) SDN BHD,GARDENIA BAKERIES (KL) SDN BHD,True,False,False
synthetic/s7/0020,company,org,mock-a,mock-c,gardenia bakeries kl,gardenia bakeries kl,GARDENIA BAKERIES (KL) SDN BHD,GARDENIA BAKERIES (KL) SDN BHD,True,False,False
synthetic/s7/0020,company,org,mock-a,mock-d,gardenia bakeries kl,gardenia bakeries kl,GARDENIA BAKERIES (KL) SDN BHD,GARDENIA BAKERIES (KL) SDN BHD,True,False,False
synthetic/s7/0020,company,org,mock-b,mock-c,gardenia bakeries kl,gardenia bakeries kl,GARDENIA BAKERIES (KL) SDN BHD,GARDENIA BAKERIES (KL) SDN BHD,True,False,False
synthetic/s7/0020,company,org,mock-b,mock-d,gardenia bakeries kl,gardenia bakeries kl,GARDENIA BAKERIES (KL) SDN BHD,GARDENIA BAKERIES (KL) SDN BHD,True,False,False
synthetic/s7/0020,company,org,mock-c,mock-d,gardenia bakeries kl,gardenia bakeries kl,GARDENIA BAKERIES (KL) SDN BHD,GARDENIA BAKERIES (KL) SDN BHD,True,False,False
synthetic/s7/0020,date,date,mock-a,mock-b,2019-11-26,2019-11-26,11/26/2019,11/26/2019,True,False,False
synthetic/s7/0020,date,date,mock-a,mock-c,2019-11-26,2019-11-26,11/26/2019,26/11/2019,True,False,False
synthetic/s7/0020,date,date,mock-a,mock-d,2019-11-26,2019-11-26,11/26/2019,26/11/2019,True,False,False
synthetic/s7/0020,date,date,mock-b,mock-c,2019-11-26,2019-11-26,11/26/2019,26/11/2019,True,False,False
synthetic/s7/0020,date,date,mock-b,mock-d,2019-11-26,2019-11-26,11/26/2019,26/11/2019,True,False,False
synthetic/s7/0020,date,date,mock-c,mock-d,2019-11-26,2019-11-26,26/11/2019,26/11/2019,True,False,False
synthetic/s7/0020,phone,phone,mock-a,mock-b,∅,∅,,,True,True,False
synthetic/s7/0020,phone,phone,mock-a,mock-c,∅,∅,,,True,True,False
synthetic/s7/0020,phone,phone,mock-a,mock-d,∅,∅,,,True,True,False
synthetic/s7/0020,phone,phone,mock-b,mock-c,∅,∅,,,True,True,False
synthetic/s7/0020,phone,phone,mock-b,mock-d,∅,∅,,,True,True,False
synthetic/s7/0020,phone,phone,mock-c,mock-d,∅,∅,,,True,True,False
synthetic/s7/0020,tax,money,mock-a,mock-b,1.18,1.18,1.18,1.18,True,False,False
synthetic/s7/0020,tax,money,mock-a,mock-c,1.18,1.18,1.18,1.18,True,False,False
synthetic/s7/0020,tax,money,mock-a,mock-d,1.18,1.18,1.18,1.18,True,False,False
synthetic/s7/0020,tax,money,mock-b,mock-c,1.18,1.18,1.18,1.18,True,False,False
synthetic/s7/0020,tax,money,mock-b,mock-d,1.18,1.18,1.18,1.18,True,False,False
synthetic/s7/0020,tax,money,mock-c,mock-d,1.18,1.18,1.18,1.18,True,False,False
synthetic/s7/0020,total,money,mock-a,mock-b,22.68,22.68,22.68,22.68,True,False,False
synthetic/s7/0020,total,money,mock-a,mock-c,22.68,12.68,22.68,12.68,False,False,False
synthetic/s7/0020,total,money,mock-a,mock-d,22.68,22.68,22.68,22.68,True,False,False
synthetic/s7/0020,total,money,mock-b,mock-c,22.68,12.68,22.68,12.68,False,False,False
synthetic/s7/0020,total,money,mock-b,mock-d,22.68,22.68,22.68,22.68,True,False,False
synthetic/s7/0020,total,money,mock-c,mock-d,12.68,22.68,12.68,22.68,False,False,False
synthetic/s7/0021,address,address,mock-a,mock-b,no 31g and 33g jln setia indah x u13 x 40170 setia alam,no 31g and 33g jln setia indah x u13 x 40170 setia alam,"NO. 31G&33G, JALAN SETIA INDAH X, U13/X, 40170 SETIA ALAM","NO. 31G&33G, JALAN SETIA INDAH X, U13/X, 40170 SETIA ALAM",True,False,False
synthetic/s7/0021,address,address,mock-a,mock-c,no 31g and 33g jln setia indah x u13 x 40170 setia alam,no 31g and 33g jln setia indah x u13 x 40170 setia alam,"NO. 31G&33G, JALAN SETIA INDAH X, U13/X, 40170 SETIA ALAM","NO. 31G&33G, JALAN SETIA INDAH X, U13/X, 40170 SETIA ALAM",True,False,False
synthetic/s7/0021,address,address,mock-a,mock-d,no 31g and 33g jln setia indah x u13 x 40170 setia alam,no 31g and 33g jln setia indah x u13 x 40170 setia alam,"NO. 31G&33G, JALAN SETIA INDAH X, U13/X, 40170 SETIA ALAM","NO. 31G&33G, JALAN SETIA INDAH X, U13/X, 40170 SETIA ALAM",True,False,False
synthetic/s7/0021,address,address,mock-b,mock-c,no 31g and 33g jln setia indah x u13 x 40170 setia alam,no 31g and 33g jln setia indah x u13 x 40170 setia alam,"NO. 31G&33G, JALAN SETIA INDAH X, U13/X, 40170 SETIA ALAM","NO. 31G&33G, JALAN SETIA INDAH X, U13/X, 40170 SETIA ALAM",True,False,False
synthetic/s7/0021,address,address,mock-b,mock-d,no 31g and 33g jln setia indah x u13 x 40170 setia alam,no 31g and 33g jln setia indah x u13 x 40170 setia alam,"NO. 31G&33G, JALAN SETIA INDAH X, U13/X, 40170 SETIA ALAM","NO. 31G&33G, JALAN SETIA INDAH X, U13/X, 40170 SETIA ALAM",True,False,False
synthetic/s7/0021,address,address,mock-c,mock-d,no 31g and 33g jln setia indah x u13 x 40170 setia alam,no 31g and 33g jln setia indah x u13 x 40170 setia alam,"NO. 31G&33G, JALAN SETIA INDAH X, U13/X, 40170 SETIA ALAM","NO. 31G&33G, JALAN SETIA INDAH X, U13/X, 40170 SETIA ALAM",True,False,False
synthetic/s7/0021,company,org,mock-a,mock-b,sanyu stationery shop,sanyu stationery shop,SANYU STATIONERY SHOP,SANYU STATIONERY SHOP,True,False,False
synthetic/s7/0021,company,org,mock-a,mock-c,sanyu stationery shop,stationery shop,SANYU STATIONERY SHOP,STATIONERY SHOP,False,False,False
synthetic/s7/0021,company,org,mock-a,mock-d,sanyu stationery shop,sanyu stationery shop,SANYU STATIONERY SHOP,SANYU STATIONERY SHOP,True,False,False
synthetic/s7/0021,company,org,mock-b,mock-c,sanyu stationery shop,stationery shop,SANYU STATIONERY SHOP,STATIONERY SHOP,False,False,False
synthetic/s7/0021,company,org,mock-b,mock-d,sanyu stationery shop,sanyu stationery shop,SANYU STATIONERY SHOP,SANYU STATIONERY SHOP,True,False,False
synthetic/s7/0021,company,org,mock-c,mock-d,stationery shop,sanyu stationery shop,STATIONERY SHOP,SANYU STATIONERY SHOP,False,False,False
synthetic/s7/0021,date,date,mock-a,mock-b,2018-03-06,2018-03-06,06/03/2018,06/03/2018,True,False,False
synthetic/s7/0021,date,date,mock-a,mock-c,2018-03-06,2018-03-06,06/03/2018,06/03/2018,True,False,False
synthetic/s7/0021,date,date,mock-a,mock-d,2018-03-06,2018-03-06,06/03/2018,06/03/2018,True,False,False
synthetic/s7/0021,date,date,mock-b,mock-c,2018-03-06,2018-03-06,06/03/2018,06/03/2018,True,False,False
synthetic/s7/0021,date,date,mock-b,mock-d,2018-03-06,2018-03-06,06/03/2018,06/03/2018,True,False,False
synthetic/s7/0021,date,date,mock-c,mock-d,2018-03-06,2018-03-06,06/03/2018,06/03/2018,True,False,False
synthetic/s7/0021,phone,phone,mock-a,mock-b,∅,∅,,,True,True,False
synthetic/s7/0021,phone,phone,mock-a,mock-c,∅,∅,,,True,True,False
synthetic/s7/0021,phone,phone,mock-a,mock-d,∅,∅,,,True,True,False
synthetic/s7/0021,phone,phone,mock-b,mock-c,∅,∅,,,True,True,False
synthetic/s7/0021,phone,phone,mock-b,mock-d,∅,∅,,,True,True,False
synthetic/s7/0021,phone,phone,mock-c,mock-d,∅,∅,,,True,True,False
synthetic/s7/0021,tax,money,mock-a,mock-b,∅,∅,,,True,True,False
synthetic/s7/0021,tax,money,mock-a,mock-c,∅,∅,,,True,True,False
synthetic/s7/0021,tax,money,mock-a,mock-d,∅,5.30,,5.30,False,False,True
synthetic/s7/0021,tax,money,mock-b,mock-c,∅,∅,,,True,True,False
synthetic/s7/0021,tax,money,mock-b,mock-d,∅,5.30,,5.30,False,False,True
synthetic/s7/0021,tax,money,mock-c,mock-d,∅,5.30,,5.30,False,False,True
synthetic/s7/0021,total,money,mock-a,mock-b,26.20,23.80,26.20,23.80,False,False,False
synthetic/s7/0021,total,money,mock-a,mock-c,26.20,26.20,26.20,26.20,True,False,False
synthetic/s7/0021,total,money,mock-a,mock-d,26.20,26.20,26.20,26.20,True,False,False
synthetic/s7/0021,total,money,mock-b,mock-c,23.80,26.20,23.80,26.20,False,False,False
synthetic/s7/0021,total,money,mock-b,mock-d,23.80,26.20,23.80,26.20,False,False,False
synthetic/s7/0021,total,money,mock-c,mock-d,26.20,26.20,26.20,26.20,True,False,False
synthetic/s7/0022,address,address,mock-a,mock-b,lot p t 2811 jln angsana tmn mutiara rini,lot p t 2811 jln angsana tmn mutiara rini 81300 skudai,"LOT P.T. 2811, JALAN ANGSANA, TAMAN MUTIARA RINI","LOT P.T. 2811, JALAN ANGSANA, TAMAN MUTIARA RINI, 81300 SKUDAI",False,False,False
synthetic/s7/0022,address,address,mock-a,mock-c,lot p t 2811 jln angsana tmn mutiara rini,lot p t 2811 jln angsana tmn mutiara rini 81300 skudai,"LOT P.T. 2811, JALAN ANGSANA, TAMAN MUTIARA RINI","LOT P.T. 2811, JALAN ANGSANA, TAMAN MUTIARA RINI, 81300 SKUDAI",False,False,False
synthetic/s7/0022,address,address,mock-a,mock-d,lot p t 2811 jln angsana tmn mutiara rini,lot p t 2811 jln angsana tmn mutiara rini 81300 skudai,"LOT P.T. 2811, JALAN ANGSANA, TAMAN MUTIARA RINI","LOT P.T. 2811, JALAN ANGSANA, TAMAN MUTIARA RINI, 81300 SKUDAI",False,False,False
synthetic/s7/0022,address,address,mock-b,mock-c,lot p t 2811 jln angsana tmn mutiara rini 81300 skudai,lot p t 2811 jln angsana tmn mutiara rini 81300 skudai,"LOT P.T. 2811, JALAN ANGSANA, TAMAN MUTIARA RINI, 81300 SKUDAI","LOT P.T. 2811, JALAN ANGSANA, TAMAN MUTIARA RINI, 81300 SKUDAI",True,False,False
synthetic/s7/0022,address,address,mock-b,mock-d,lot p t 2811 jln angsana tmn mutiara rini 81300 skudai,lot p t 2811 jln angsana tmn mutiara rini 81300 skudai,"LOT P.T. 2811, JALAN ANGSANA, TAMAN MUTIARA RINI, 81300 SKUDAI","LOT P.T. 2811, JALAN ANGSANA, TAMAN MUTIARA RINI, 81300 SKUDAI",True,False,False
synthetic/s7/0022,address,address,mock-c,mock-d,lot p t 2811 jln angsana tmn mutiara rini 81300 skudai,lot p t 2811 jln angsana tmn mutiara rini 81300 skudai,"LOT P.T. 2811, JALAN ANGSANA, TAMAN MUTIARA RINI, 81300 SKUDAI","LOT P.T. 2811, JALAN ANGSANA, TAMAN MUTIARA RINI, 81300 SKUDAI",True,False,False
synthetic/s7/0022,company,org,mock-a,mock-b,99 speed mart s b,99 speed mart s b,99 SPEED MART S/B,99 SPEED MART S/B,True,False,False
synthetic/s7/0022,company,org,mock-a,mock-c,99 speed mart s b,speed mart s b,99 SPEED MART S/B,SPEED MART S/B,False,False,False
synthetic/s7/0022,company,org,mock-a,mock-d,99 speed mart s b,99 speed mart s b,99 SPEED MART S/B,99 SPEED MART S/B,True,False,False
synthetic/s7/0022,company,org,mock-b,mock-c,99 speed mart s b,speed mart s b,99 SPEED MART S/B,SPEED MART S/B,False,False,False
synthetic/s7/0022,company,org,mock-b,mock-d,99 speed mart s b,99 speed mart s b,99 SPEED MART S/B,99 SPEED MART S/B,True,False,False
synthetic/s7/0022,company,org,mock-c,mock-d,speed mart s b,99 speed mart s b,SPEED MART S/B,99 SPEED MART S/B,False,False,False
synthetic/s7/0022,date,date,mock-a,mock-b,2018-03-12,2018-03-12,12/03/2018,12/03/2018,True,False,False
synthetic/s7/0022,date,date,mock-a,mock-c,2018-03-12,2018-03-12,12/03/2018,12/03/2018,True,False,False
synthetic/s7/0022,date,date,mock-a,mock-d,2018-03-12,2018-03-12,12/03/2018,12/03/2018,True,False,False
synthetic/s7/0022,date,date,mock-b,mock-c,2018-03-12,2018-03-12,12/03/2018,12/03/2018,True,False,False
synthetic/s7/0022,date,date,mock-b,mock-d,2018-03-12,2018-03-12,12/03/2018,12/03/2018,True,False,False
synthetic/s7/0022,date,date,mock-c,mock-d,2018-03-12,2018-03-12,12/03/2018,12/03/2018,True,False,False
synthetic/s7/0022,phone,phone,mock-a,mock-b,∅,∅,,,True,True,False
synthetic/s7/0022,phone,phone,mock-a,mock-c,∅,∅,,,True,True,False
synthetic/s7/0022,phone,phone,mock-a,mock-d,∅,∅,,,True,True,False
synthetic/s7/0022,phone,phone,mock-b,mock-c,∅,∅,,,True,True,False
synthetic/s7/0022,phone,phone,mock-b,mock-d,∅,∅,,,True,True,False
synthetic/s7/0022,phone,phone,mock-c,mock-d,∅,∅,,,True,True,False
synthetic/s7/0022,tax,money,mock-a,mock-b,∅,∅,,,True,True,False
synthetic/s7/0022,tax,money,mock-a,mock-c,∅,∅,,,True,True,False
synthetic/s7/0022,tax,money,mock-a,mock-d,∅,∅,,,True,True,False
synthetic/s7/0022,tax,money,mock-b,mock-c,∅,∅,,,True,True,False
synthetic/s7/0022,tax,money,mock-b,mock-d,∅,∅,,,True,True,False
synthetic/s7/0022,tax,money,mock-c,mock-d,∅,∅,,,True,True,False
synthetic/s7/0022,total,money,mock-a,mock-b,1.50,1.50,1.50,1.50,True,False,False
synthetic/s7/0022,total,money,mock-a,mock-c,1.50,1.50,1.50,1.50,True,False,False
synthetic/s7/0022,total,money,mock-a,mock-d,1.50,∅,1.50,,False,False,True
synthetic/s7/0022,total,money,mock-b,mock-c,1.50,1.50,1.50,1.50,True,False,False
synthetic/s7/0022,total,money,mock-b,mock-d,1.50,∅,1.50,,False,False,True
synthetic/s7/0022,total,money,mock-c,mock-d,1.50,∅,1.50,,False,False,True
synthetic/s7/0023,address,address,mock-a,mock-b,lot 276 jln banting 43800 dengkil selangor,lot 276 jln banting 43800 dengkil selangor,"LOT 276 JALAN BANTING, 43800 DENGKIL, SELANGOR","LOT 276 JALAN BANTING, 43800 DENGKIL, SELANGOR",True,False,False
synthetic/s7/0023,address,address,mock-a,mock-c,lot 276 jln banting 43800 dengkil selangor,lot 276 jln banting 43800 dengkil selangor,"LOT 276 JALAN BANTING, 43800 DENGKIL, SELANGOR","LOT 276 JALAN BANTING, 43800 DENGKIL, SELANGOR",True,False,False
synthetic/s7/0023,address,address,mock-a,mock-d,lot 276 jln banting 43800 dengkil selangor,lot 276 jln banting 43800 dengkil selangor,"LOT 276 JALAN BANTING, 43800 DENGKIL, SELANGOR","LOT 276 JALAN BANTING, 43800 DENGKIL, SELANGOR",True,False,False
synthetic/s7/0023,address,address,mock-b,mock-c,lot 276 jln banting 43800 dengkil selangor,lot 276 jln banting 43800 dengkil selangor,"LOT 276 JALAN BANTING, 43800 DENGKIL, SELANGOR","LOT 276 JALAN BANTING, 43800 DENGKIL, SELANGOR",True,False,False
synthetic/s7/0023,address,address,mock-b,mock-d,lot 276 jln banting 43800 dengkil selangor,lot 276 jln banting 43800 dengkil selangor,"LOT 276 JALAN BANTING, 43800 DENGKIL, SELANGOR","LOT 276 JALAN BANTING, 43800 DENGKIL, SELANGOR",True,False,False
synthetic/s7/0023,address,address,mock-c,mock-d,lot 276 jln banting 43800 dengkil selangor,lot 276 jln banting 43800 dengkil selangor,"LOT 276 JALAN BANTING, 43800 DENGKIL, SELANGOR","LOT 276 JALAN BANTING, 43800 DENGKIL, SELANGOR",True,False,False
synthetic/s7/0023,company,org,mock-a,mock-b,kedai papan yew chuan,kedai papan yew chuan,KEDAI PAPAN YEW CHUAN,KEDAI PAPAN YEW CHUAN,True,False,False
synthetic/s7/0023,company,org,mock-a,mock-c,kedai papan yew chuan,kedai papan yew chuan,KEDAI PAPAN YEW CHUAN,KEDAI PAPAN YEW CHUAN,True,False,False
synthetic/s7/0023,company,org,mock-a,mock-d,kedai papan yew chuan,kedai papan yew chuan,KEDAI PAPAN YEW CHUAN,KEDAI PAPAN YEW CHUAN,True,False,False
synthetic/s7/0023,company,org,mock-b,mock-c,kedai papan yew chuan,kedai papan yew chuan,KEDAI PAPAN YEW CHUAN,KEDAI PAPAN YEW CHUAN,True,False,False
synthetic/s7/0023,company,org,mock-b,mock-d,kedai papan yew chuan,kedai papan yew chuan,KEDAI PAPAN YEW CHUAN,KEDAI PAPAN YEW CHUAN,True,False,False
synthetic/s7/0023,company,org,mock-c,mock-d,kedai papan yew chuan,kedai papan yew chuan,KEDAI PAPAN YEW CHUAN,KEDAI PAPAN YEW CHUAN,True,False,False
synthetic/s7/0023,date,date,mock-a,mock-b,2018-04-14,2018-04-14,14/04/2018,14/04/2018,True,False,False
synthetic/s7/0023,date,date,mock-a,mock-c,2018-04-14,2018-04-14,14/04/2018,14/04/2018,True,False,False
synthetic/s7/0023,date,date,mock-a,mock-d,2018-04-14,2018-04-14,14/04/2018,14/04/2018,True,False,False
synthetic/s7/0023,date,date,mock-b,mock-c,2018-04-14,2018-04-14,14/04/2018,14/04/2018,True,False,False
synthetic/s7/0023,date,date,mock-b,mock-d,2018-04-14,2018-04-14,14/04/2018,14/04/2018,True,False,False
synthetic/s7/0023,date,date,mock-c,mock-d,2018-04-14,2018-04-14,14/04/2018,14/04/2018,True,False,False
synthetic/s7/0023,phone,phone,mock-a,mock-b,97006341,97006341,09-700 6341,09-700 6341,True,False,False
synthetic/s7/0023,phone,phone,mock-a,mock-c,97006341,97006341,09-700 6341,09-700 6341,True,False,False
synthetic/s7/0023,phone,phone,mock-a,mock-d,97006341,∅,09-700 6341,,False,False,True
synthetic/s7/0023,phone,phone,mock-b,mock-c,97006341,97006341,09-700 6341,09-700 6341,True,False,False
synthetic/s7/0023,phone,phone,mock-b,mock-d,97006341,∅,09-700 6341,,False,False,True
synthetic/s7/0023,phone,phone,mock-c,mock-d,97006341,∅,09-700 6341,,False,False,True
synthetic/s7/0023,tax,money,mock-a,mock-b,0.39,0.39,0.39,0.39,True,False,False
synthetic/s7/0023,tax,money,mock-a,mock-c,0.39,0.39,0.39,0.39,True,False,False
synthetic/s7/0023,tax,money,mock-a,mock-d,0.39,0.39,0.39,0.39,True,False,False
synthetic/s7/0023,tax,money,mock-b,mock-c,0.39,0.39,0.39,0.39,True,False,False
synthetic/s7/0023,tax,money,mock-b,mock-d,0.39,0.39,0.39,0.39,True,False,False
synthetic/s7/0023,tax,money,mock-c,mock-d,0.39,0.39,0.39,0.39,True,False,False
synthetic/s7/0023,total,money,mock-a,mock-b,6.89,1.89,6.89,1.89,False,False,False
synthetic/s7/0023,total,money,mock-a,mock-c,6.89,6.89,6.89,6.89,True,False,False
synthetic/s7/0023,total,money,mock-a,mock-d,6.89,6.89,6.89,6.89,True,False,False
synthetic/s7/0023,total,money,mock-b,mock-c,1.89,6.89,1.89,6.89,False,False,False
synthetic/s7/0023,total,money,mock-b,mock-d,1.89,6.89,1.89,6.89,False,False,False
synthetic/s7/0023,total,money,mock-c,mock-d,6.89,6.89,6.89,6.89,True,False,False
synthetic/s7/0024,address,address,mock-a,mock-b,no 2 and 4 jln bayu 4 bdr seri alam 81750 masai johor,no 2 and 4 jln bayu 4 bdr seri alam 81750 masai johor,"NO 2 & 4, JALAN BAYU 4, BANDAR SERI ALAM, 81750 MASAI, JOHOR","NO 2 & 4, JALAN BAYU 4, BANDAR SERI ALAM, 81750 MASAI, JOHOR",True,False,False
synthetic/s7/0024,address,address,mock-a,mock-c,no 2 and 4 jln bayu 4 bdr seri alam 81750 masai johor,no 2 and 4 jln bayu 4 bdr seri alam 81750 masai johor,"NO 2 & 4, JALAN BAYU 4, BANDAR SERI ALAM, 81750 MASAI, JOHOR","NO 2 & 4, JALAN BAYU 4, BANDAR SERI ALAM, 81750 MASAI, JOHOR",True,False,False
synthetic/s7/0024,address,address,mock-a,mock-d,no 2 and 4 jln bayu 4 bdr seri alam 81750 masai johor,no 2 and 4 jln bayu 4 bdr seri alam 81750 masai johor,"NO 2 & 4, JALAN BAYU 4, BANDAR SERI ALAM, 81750 MASAI, JOHOR","NO 2 & 4, JALAN BAYU 4, BANDAR SERI ALAM, 81750 MASAI, JOHOR",True,False,False
synthetic/s7/0024,address,address,mock-b,mock-c,no 2 and 4 jln bayu 4 bdr seri alam 81750 masai johor,no 2 and 4 jln bayu 4 bdr seri alam 81750 masai johor,"NO 2 & 4, JALAN BAYU 4, BANDAR SERI ALAM, 81750 MASAI, JOHOR","NO 2 & 4, JALAN BAYU 4, BANDAR SERI ALAM, 81750 MASAI, JOHOR",True,False,False
synthetic/s7/0024,address,address,mock-b,mock-d,no 2 and 4 jln bayu 4 bdr seri alam 81750 masai johor,no 2 and 4 jln bayu 4 bdr seri alam 81750 masai johor,"NO 2 & 4, JALAN BAYU 4, BANDAR SERI ALAM, 81750 MASAI, JOHOR","NO 2 & 4, JALAN BAYU 4, BANDAR SERI ALAM, 81750 MASAI, JOHOR",True,False,False
synthetic/s7/0024,address,address,mock-c,mock-d,no 2 and 4 jln bayu 4 bdr seri alam 81750 masai johor,no 2 and 4 jln bayu 4 bdr seri alam 81750 masai johor,"NO 2 & 4, JALAN BAYU 4, BANDAR SERI ALAM, 81750 MASAI, JOHOR","NO 2 & 4, JALAN BAYU 4, BANDAR SERI ALAM, 81750 MASAI, JOHOR",True,False,False
synthetic/s7/0024,company,org,mock-a,mock-b,marketing,ojc marketing,MARKETING SDN BHD,OJC MARKETING SDN BHD,False,False,False
synthetic/s7/0024,company,org,mock-a,mock-c,marketing,ojc marketing,MARKETING SDN BHD,OJC MARKETING SDN BHD,False,False,False
synthetic/s7/0024,company,org,mock-a,mock-d,marketing,ojc marketing,MARKETING SDN BHD,OJC MARKETING SDN BHD,False,False,False
synthetic/s7/0024,company,org,mock-b,mock-c,ojc marketing,ojc marketing,OJC MARKETING SDN BHD,OJC MARKETING SDN BHD,True,False,False
synthetic/s7/0024,company,org,mock-b,mock-d,ojc marketing,ojc marketing,OJC MARKETING SDN BHD,OJC MARKETING SDN BHD,True,False,False
synthetic/s7/0024,company,org,mock-c,mock-d,ojc marketing,ojc marketing,OJC MARKETING SDN BHD,OJC MARKETING SDN BHD,True,False,False
synthetic/s7/0024,date,date,mock-a,mock-b,2018-03-27,2018-03-27,03/27/2018,03/27/2018,True,False,False
synthetic/s7/0024,date,date,mock-a,mock-c,2018-03-27,2018-03-27,03/27/2018,27/03/2018,True,False,False
synthetic/s7/0024,date,date,mock-a,mock-d,2018-03-27,∅,03/27/2018,,False,False,True
synthetic/s7/0024,date,date,mock-b,mock-c,2018-03-27,2018-03-27,03/27/2018,27/03/2018,True,False,False
synthetic/s7/0024,date,date,mock-b,mock-d,2018-03-27,∅,03/27/2018,,False,False,True
synthetic/s7/0024,date,date,mock-c,mock-d,2018-03-27,∅,27/03/2018,,False,False,True
synthetic/s7/0024,phone,phone,mock-a,mock-b,99999219,99999219,09-999 9219,09-999 9219,True,False,False
synthetic/s7/0024,phone,phone,mock-a,mock-c,99999219,99999219,09-999 9219,09-999 9219,True,False,False
synthetic/s7/0024,phone,phone,mock-a,mock-d,99999219,99999219,09-999 9219,09-999 9219,True,False,False
synthetic/s7/0024,phone,phone,mock-b,mock-c,99999219,99999219,09-999 9219,09-999 9219,True,False,False
synthetic/s7/0024,phone,phone,mock-b,mock-d,99999219,99999219,09-999 9219,09-999 9219,True,False,False
synthetic/s7/0024,phone,phone,mock-c,mock-d,99999219,99999219,09-999 9219,09-999 9219,True,False,False
synthetic/s7/0024,tax,money,mock-a,mock-b,∅,∅,,,True,True,False
synthetic/s7/0024,tax,money,mock-a,mock-c,∅,10.00,,10.00,False,False,True
synthetic/s7/0024,tax,money,mock-a,mock-d,∅,∅,,,True,True,False
synthetic/s7/0024,tax,money,mock-b,mock-c,∅,10.00,,10.00,False,False,True
synthetic/s7/0024,tax,money,mock-b,mock-d,∅,∅,,,True,True,False
synthetic/s7/0024,tax,money,mock-c,mock-d,10.00,∅,10.00,,False,False,True
synthetic/s7/0024,total,money,mock-a,mock-b,29.30,29.30,29.30,29.30,True,False,False
synthetic/s7/0024,total,money,mock-a,mock-c,29.30,29.30,29.30,29.30,True,False,False
synthetic/s7/0024,total,money,mock-a,mock-d,29.30,29.30,29.30,29.30,True,False,False
synthetic/s7/0024,total,money,mock-b,mock-c,29.30,29.30,29.30,29.30,True,False,False
synthetic/s7/0024,total,money,mock-b,mock-d,29.30,29.30,29.30,29.30,True,False,False
synthetic/s7/0024,total,money,mock-c,mock-d,29.30,29.30,29.30,29.30,True,False,False
synthetic/s7/0025,address,address,mock-a,mock-b,no 59 jln permas 9 5 bdr baru permas jaya 81750 johor bahru,no 59 jln permas 9 5 bdr baru permas jaya,"NO.59 JALAN PERMAS 9/5, BANDAR BARU PERMAS JAYA, 81750 JOHOR BAHRU","NO.59 JALAN PERMAS 9/5, BANDAR BARU PERMAS JAYA",False,False,False
synthetic/s7/0025,address,address,mock-a,mock-c,no 59 jln permas 9 5 bdr baru permas jaya 81750 johor bahru,no 59 jln permas 9 5 bdr baru permas jaya 81750 johor bahru,"NO.59 JALAN PERMAS 9/5, BANDAR BARU PERMAS JAYA, 81750 JOHOR BAHRU","NO.59 JALAN PERMAS 9/5, BANDAR BARU PERMAS JAYA, 81750 JOHOR BAHRU",True,False,False
synthetic/s7/0025,address,address,mock-a,mock-d,no 59 jln permas 9 5 bdr baru permas jaya 81750 johor bahru,no 59 jln permas 9 5 bdr baru permas jaya 81750 johor bahru,"NO.59 JALAN PERMAS 9/5, BANDAR BARU PERMAS JAYA, 81750 JOHOR BAHRU","NO.59 JALAN PERMAS 9/5, BANDAR BARU PERMAS JAYA, 81750 JOHOR BAHRU",True,False,False
synthetic/s7/0025,address,address,mock-b,mock-c,no 59 jln permas 9 5 bdr baru permas jaya,no 59 jln permas 9 5 bdr baru permas jaya 81750 johor bahru,"NO.59 JALAN PERMAS 9/5, BANDAR BARU PERMAS JAYA","NO.59 JALAN PERMAS 9/5, BANDAR BARU PERMAS JAYA, 81750 JOHOR BAHRU",False,False,False
synthetic/s7/0025,address,address,mock-b,mock-d,no 59 jln permas 9 5 bdr baru permas jaya,no 59 jln permas 9 5 bdr baru permas jaya 81750 johor bahru,"NO.59 JALAN PERMAS 9/5, BANDAR BARU PERMAS JAYA","NO.59 JALAN PERMAS 9/5, BANDAR BARU PERMAS JAYA, 81750 JOHOR BAHRU",False,False,False
synthetic/s7/0025,address,address,mock-c,mock-d,no 59 jln permas 9 5 bdr baru permas jaya 81750 johor bahru,no 59 jln permas 9 5 bdr baru permas jaya 81750 johor bahru,"NO.59 JALAN PERMAS 9/5, BANDAR BARU PERMAS JAYA, 81750 JOHOR BAHRU","NO.59 JALAN PERMAS 9/5, BANDAR BARU PERMAS JAYA, 81750 JOHOR BAHRU",True,False,False
synthetic/s7/0025,company,org,mock-a,mock-b,perniagaan zheng hui,perniagaan zheng hui,PERNIAGAAN ZHENG HUI,PERNIAGAAN ZHENG HUI,True,False,False
synthetic/s7/0025,company,org,mock-a,mock-c,perniagaan zheng hui,perniagaan zheng hui,PERNIAGAAN ZHENG HUI,PERNIAGAAN ZHENG HUI,True,False,False
synthetic/s7/0025,company,org,mock-a,mock-d,perniagaan zheng hui,perniagaan zheng hui,PERNIAGAAN ZHENG HUI,PERNIAGAAN ZHENG HUI,True,False,False
synthetic/s7/0025,company,org,mock-b,mock-c,perniagaan zheng hui,perniagaan zheng hui,PERNIAGAAN ZHENG HUI,PERNIAGAAN ZHENG HUI,True,False,False
synthetic/s7/0025,company,org,mock-b,mock-d,perniagaan zheng hui,perniagaan zheng hui,PERNIAGAAN ZHENG HUI,PERNIAGAAN ZHENG HUI,True,False,False
synthetic/s7/0025,company,org,mock-c,mock-d,perniagaan zheng hui,perniagaan zheng hui,PERNIAGAAN ZHENG HUI,PERNIAGAAN ZHENG HUI,True,False,False
synthetic/s7/0025,date,date,mock-a,mock-b,2018-09-17,2018-09-17,09/17/2018,17/09/2018,True,False,False
synthetic/s7/0025,date,date,mock-a,mock-c,2018-09-17,2018-09-17,09/17/2018,17/09/2018,True,False,False
synthetic/s7/0025,date,date,mock-a,mock-d,2018-09-17,2018-09-17,09/17/2018,17/09/2018,True,False,False
synthetic/s7/0025,date,date,mock-b,mock-c,2018-09-17,2018-09-17,17/09/2018,17/09/2018,True,False,False
synthetic/s7/0025,date,date,mock-b,mock-d,2018-09-17,2018-09-17,17/09/2018,17/09/2018,True,False,False
synthetic/s7/0025,date,date,mock-c,mock-d,2018-09-17,2018-09-17,17/09/2018,17/09/2018,True,False,False
synthetic/s7/0025,phone,phone,mock-a,mock-b,282232011,82232011,28-223 2011,08-223 2011,False,False,False
synthetic/s7/0025,phone,phone,mock-a,mock-c,282232011,82232011,28-223 2011,08-223 2011,False,False,False
synthetic/s7/0025,phone,phone,mock-a,mock-d,282232011,82232011,28-223 2011,08-223 2011,False,False,False
synthetic/s7/0025,phone,phone,mock-b,mock-c,82232011,82232011,08-223 2011,08-223 2011,True,False,False
synthetic/s7/0025,phone,phone,mock-b,mock-d,82232011,82232011,08-223 2011,08-223 2011,True,False,False
synthetic/s7/0025,phone,phone,mock-c,mock-d,82232011,82232011,08-223 2011,08-223 2011,True,False,False
synthetic/s7/0025,tax,money,mock-a,mock-b,0.79,0.79,0.79,0.79,True,False,False
synthetic/s7/0025,tax,money,mock-a,mock-c,0.79,1.39,0.79,1.39,False,False,False
synthetic/s7/0025,tax,money,mock-a,mock-d,0.79,1.39,0.79,1.39,False,False,False
synthetic/s7/0025,tax,money,mock-b,mock-c,0.79,1.39,0.79,1.39,False,False,False
synthetic/s7/0025,tax,money,mock-b,mock-d,0.79,1.39,0.79,1.39,False,False,False
synthetic/s7/0025,tax,money,mock-c,mock-d,1.39,1.39,1.39,1.39,True,False,False
synthetic/s7/0025,total,money,mock-a,mock-b,24.59,∅,24.59,,False,False,True
synthetic/s7/0025,total,money,mock-a,mock-c,24.59,23.99,24.59,23.99,False,False,False
synthetic/s7/0025,total,money,mock-a,mock-d,24.59,24.59,24.59,24.59,True,False,False
synthetic/s7/0025,total,money,mock-b,mock-c,∅,23.99,,23.99,False,False,True
synthetic/s7/0025,total,money,mock-b,mock-d,∅,24.59,,24.59,False,False,True
synthetic/s7/0025,total,money,mock-c,mock-d,23.99,24.59,23.99,24.59,False,False,False
synthetic/s7/0026,address,address,mock-a,mock-b,lot 3 jln pelabur 23 1 40300 shah alam selangor,lot 3 jln pelabur 23 1 40300 shah alam selangor,"LOT 3, JALAN PELABUR 23/1, 40300 SHAH ALAM, SELANGOR","LOT 3, JALAN PELABUR 23/1, 40300 SHAH ALAM, SELANGOR",True,False,False
synthetic/s7/0026,address,address,mock-a,mock-c,lot 3 jln pelabur 23 1 40300 shah alam selangor,lot 3 jln pelabur 23 1 40300 shah alam selangor,"LOT 3, JALAN PELABUR 23/1, 40300 SHAH ALAM, SELANGOR","LOT 3, JALAN PELABUR 23/1, 40300 SHAH ALAM, SELANGOR",True,False,False
synthetic/s7/0026,address,address,mock-a,mock-d,lot 3 jln pelabur 23 1 40300 shah alam selangor,lot 3 jln pelabur 23 1 40300 shah alam selangor,"LOT 3, JALAN PELABUR 23/1, 40300 SHAH ALAM, SELANGOR","LOT 3, JALAN PELABUR 23/1, 40300 SHAH ALAM, SELANGOR",True,False,False
synthetic/s7/0026,address,address,mock-b,mock-c,lot 3 jln pelabur 23 1 40300 shah alam selangor,lot 3 jln pelabur 23 1 40300 shah alam selangor,"LOT 3, JALAN PELABUR 23/1, 40300 SHAH ALAM, SELANGOR","LOT 3, JALAN PELABUR 23/1, 40300 SHAH ALAM, SELANGOR",True,False,False
synthetic/s7/0026,address,address,mock-b,mock-d,lot 3 jln pelabur 23 1 40300 shah alam selangor,lot 3 jln pelabur 23 1 40300 shah alam selangor,"LOT 3, JALAN PELABUR 23/1, 40300 SHAH ALAM, SELANGOR","LOT 3, JALAN PELABUR 23/1, 40300 SHAH ALAM, SELANGOR",True,False,False
synthetic/s7/0026,address,address,mock-c,mock-d,lot 3 jln pelabur 23 1 40300 shah alam selangor,lot 3 jln pelabur 23 1 40300 shah alam selangor,"LOT 3, JALAN PELABUR 23/1, 40300 SHAH ALAM, SELANGOR","LOT 3, JALAN PELABUR 23/1, 40300 SHAH ALAM, SELANGOR",True,False,False
synthetic/s7/0026,company,org,mock-a,mock-b,gardenia bakeries kl sdn,gardenia bakeries kl,GARDENIA BAKERIES (KL) SDN,GARDENIA BAKERIES (KL) SDN BHD,False,False,False
synthetic/s7/0026,company,org,mock-a,mock-c,gardenia bakeries kl sdn,gardenia bakeries kl,GARDENIA BAKERIES (KL) SDN,GARDENIA BAKERIES (KL) SDN BHD,False,False,False
synthetic/s7/0026,company,org,mock-a,mock-d,gardenia bakeries kl sdn,gardenia bakeries kl,GARDENIA BAKERIES (KL) SDN,GARDENIA BAKERIES (KL) SDN BHD,False,False,False
synthetic/s7/0026,company,org,mock-b,mock-c,gardenia bakeries kl,gardenia bakeries kl,GARDENIA BAKERIES (KL) SDN BHD,GARDENIA BAKERIES (KL) SDN BHD,True,False,False
synthetic/s7/0026,company,org,mock-b,mock-d,gardenia bakeries kl,gardenia bakeries kl,GARDENIA BAKERIES (KL) SDN BHD,GARDENIA BAKERIES (KL) SDN BHD,True,False,False
synthetic/s7/0026,company,org,mock-c,mock-d,gardenia bakeries kl,gardenia bakeries kl,GARDENIA BAKERIES (KL) SDN BHD,GARDENIA BAKERIES (KL) SDN BHD,True,False,False
synthetic/s7/0026,date,date,mock-a,mock-b,2019-09-17,2019-09-17,09/17/2019,17/09/2019,True,False,False
synthetic/s7/0026,date,date,mock-a,mock-c,2019-09-17,2019-09-17,09/17/2019,09/17/2019,True,False,False
synthetic/s7/0026,date,date,mock-a,mock-d,2019-09-17,2019-09-17,09/17/2019,17/09/2019,True,False,False
synthetic/s7/0026,date,date,mock-b,mock-c,2019-09-17,2019-09-17,17/09/2019,09/17/2019,True,False,False
synthetic/s7/0026,date,date,mock-b,mock-d,2019-09-17,2019-09-17,17/09/2019,17/09/2019,True,False,False
synthetic/s7/0026,date,date,mock-c,mock-d,2019-09-17,2019-09-17,09/17/2019,17/09/2019,True,False,False
synthetic/s7/0026,phone,phone,mock-a,mock-b,92009318,92009318,09-200 9318,09-200 9318,True,False,False
synthetic/s7/0026,phone,phone,mock-a,mock-c,92009318,∅,09-200 9318,,False,False,True
synthetic/s7/0026,phone,phone,mock-a,mock-d,92009318,92009318,09-200 9318,09-200 9318,True,False,False
synthetic/s7/0026,phone,phone,mock-b,mock-c,92009318,∅,09-200 9318,,False,False,True
synthetic/s7/0026,phone,phone,mock-b,mock-d,92009318,92009318,09-200 9318,09-200 9318,True,False,False
synthetic/s7/0026,phone,phone,mock-c,mock-d,∅,92009318,,09-200 9318,False,False,True
synthetic/s7/0026,tax,money,mock-a,mock-b,0.09,8.09,0.09,8.09,False,False,False
synthetic/s7/0026,tax,money,mock-a,mock-c,0.09,0.09,0.09,0.09,True,False,False
synthetic/s7/0026,tax,money,mock-a,mock-d,0.09,0.99,0.09,0.99,False,False,False
synthetic/s7/0026,tax,money,mock-b,mock-c,8.09,0.09,8.09,0.09,False,False,False
synthetic/s7/0026,tax,money,mock-b,mock-d,8.09,0.99,8.09,0.99,False,False,False
synthetic/s7/0026,tax,money,mock-c,mock-d,0.09,0.99,0.09,0.99,False,False,False
synthetic/s7/0026,total,money,mock-a,mock-b,1.59,1.59,1.59,1.59,True,False,False
synthetic/s7/0026,total,money,mock-a,mock-c,1.59,1.59,1.59,1.59,True,False,False
synthetic/s7/0026,total,money,mock-a,mock-d,1.59,∅,1.59,,False,False,True
synthetic/s7/0026,total,money,mock-b,mock-c,1.59,1.59,1.59,1.59,True,False,False
synthetic/s7/0026,total,money,mock-b,mock-d,1.59,∅,1.59,,False,False,True
synthetic/s7/0026,total,money,mock-c,mock-d,1.59,∅,1.59,,False,False,True
synthetic/s7/0027,address,address,mock-a,mock-b,no 31g and 33g jln setia indah x u13 x 40170 setia alam,∅,"NO. 31G&33G, JALAN SETIA INDAH X, U13/X, 40170 SETIA ALAM",,False,False,True
synthetic/s7/0027,address,address,mock-a,mock-c,no 31g and 33g jln setia indah x u13 x 40170 setia alam,no 31g and 33g jln setia indah x u13 x,"NO. 31G&33G, JALAN SETIA INDAH X, U13/X, 40170 SETIA ALAM","NO. 31G&33G, JALAN SETIA INDAH X, U13/X",False,False,False
synthetic/s7/0027,address,address,mock-a,mock-d,no 31g and 33g jln setia indah x u13 x 40170 setia alam,no 31g and 33g jln setia indah x u13 x 40170 setia alam,"NO. 31G&33G, JALAN SETIA INDAH X, U13/X, 40170 SETIA ALAM","NO. 31G&33G, JALAN SETIA INDAH X, U13/X, 40170 SETIA ALAM",True,False,False
synthetic/s7/0027,address,address,mock-b,mock-c,∅,no 31g and 33g jln setia indah x u13 x,,"NO. 31G&33G, JALAN SETIA INDAH X, U13/X",False,False,True
synthetic/s7/0027,address,address,mock-b,mock-d,∅,no 31g and 33g jln setia indah x u13 x 40170 setia alam,,"NO. 31G&33G, JALAN SETIA INDAH X, U13/X, 40170 SETIA ALAM",False,False,True
synthetic/s7/0027,address,address,mock-c,mock-d,no 31g and 33g jln setia indah x u13 x,no 31g and 33g jln setia indah x u13 x 40170 setia alam,"NO. 31G&33G, JALAN SETIA INDAH X, U13/X","NO. 31G&33G, JALAN SETIA INDAH X, U13/X, 40170 SETIA ALAM",False,False,False
synthetic/s7/0027,company,org,mock-a,mock-b,sanyu stationery shop,stationery shop,SANYU STATIONERY SHOP,STATIONERY SHOP,False,False,False
synthetic/s7/0027,company,org,mock-a,mock-c,sanyu stationery shop,sanyu stationery shop,SANYU STATIONERY SHOP,SANYU STATIONERY SHOP,True,False,False
synthetic/s7/0027,company,org,mock-a,mock-d,sanyu stationery shop,sanyu stationery shop,SANYU STATIONERY SHOP,SANYU STATIONERY SHOP,True,False,False
synthetic/s7/0027,company,org,mock-b,mock-c,stationery shop,sanyu stationery shop,STATIONERY SHOP,SANYU STATIONERY SHOP,False,False,False
synthetic/s7/0027,company,org,mock-b,mock-d,stationery shop,sanyu stationery shop,STATIONERY SHOP,SANYU STATIONERY SHOP,False,False,False
synthetic/s7/0027,company,org,mock-c,mock-d,sanyu stationery shop,sanyu stationery shop,SANYU STATIONERY SHOP,SANYU STATIONERY SHOP,True,False,False
synthetic/s7/0027,date,date,mock-a,mock-b,2019-02-25,2019-02-25,25/02/2019,25/02/2019,True,False,False
synthetic/s7/0027,date,date,mock-a,mock-c,2019-02-25,2019-02-25,25/02/2019,25/02/2019,True,False,False
synthetic/s7/0027,date,date,mock-a,mock-d,2019-02-25,2019-02-25,25/02/2019,25/02/2019,True,False,False
synthetic/s7/0027,date,date,mock-b,mock-c,2019-02-25,2019-02-25,25/02/2019,25/02/2019,True,False,False
synthetic/s7/0027,date,date,mock-b,mock-d,2019-02-25,2019-02-25,25/02/2019,25/02/2019,True,False,False
synthetic/s7/0027,date,date,mock-c,mock-d,2019-02-25,2019-02-25,25/02/2019,25/02/2019,True,False,False
synthetic/s7/0027,phone,phone,mock-a,mock-b,66195057,966195057,06-619 5057,96-619 5057,False,False,False
synthetic/s7/0027,phone,phone,mock-a,mock-c,66195057,66195057,06-619 5057,06-619 5057,True,False,False
synthetic/s7/0027,phone,phone,mock-a,mock-d,66195057,66195057,06-619 5057,06-619 5057,True,False,False
synthetic/s7/0027,phone,phone,mock-b,mock-c,966195057,66195057,96-619 5057,06-619 5057,False,False,False
synthetic/s7/0027,phone,phone,mock-b,mock-d,966195057,66195057,96-619 5057,06-619 5057,False,False,False
synthetic/s7/0027,phone,phone,mock-c,mock-d,66195057,66195057,06-619 5057,06-619 5057,True,False,False
synthetic/s7/0027,tax,money,mock-a,mock-b,1.41,1.41,1.41,1.41,True,False,False
synthetic/s7/0027,tax,money,mock-a,mock-c,1.41,1.41,1.41,1.41,True,False,False
synthetic/s7/0027,tax,money,mock-a,mock-d,1.41,1.41,1.41,1.41,True,False,False
synthetic/s7/0027,tax,money,mock-b,mock-c,1.41,1.41,1.41,1.41,True,False,False
synthetic/s7/0027,tax,money,mock-b,mock-d,1.41,1.41,1.41,1.41,True,False,False
synthetic/s7/0027,tax,money,mock-c,mock-d,1.41,1.41,1.41,1.41,True,False,False
synthetic/s7/0027,total,money,mock-a,mock-b,24.91,24.91,24.91,24.91,True,False,False
synthetic/s7/0027,total,money,mock-a,mock-c,24.91,24.91,24.91,24.91,True,False,False
synthetic/s7/0027,total,money,mock-a,mock-d,24.91,24.91,24.91,24.91,True,False,False
synthetic/s7/0027,total,money,mock-b,mock-c,24.91,24.91,24.91,24.91,True,False,False
synthetic/s7/0027,total,money,mock-b,mock-d,24.91,24.91,24.91,24.91,True,False,False
synthetic/s7/0027,total,money,mock-c,mock-d,24.91,24.91,24.91,24.91,True,False,False
synthetic/s7/0028,address,address,mock-a,mock-b,lot p t 2811 jln angsana tmn mutiara rini 81300 skudai,lot p t 2811 jln angsana tmn mutiara rini 81300 skudai,"LOT P.T. 2811, JALAN ANGSANA, TAMAN MUTIARA RINI, 81300 SKUDAI","LOT P.T. 2811, JALAN ANGSANA, TAMAN MUTIARA RINI, 81300 SKUDAI",True,False,False
synthetic/s7/0028,address,address,mock-a,mock-c,lot p t 2811 jln angsana tmn mutiara rini 81300 skudai,∅,"LOT P.T. 2811, JALAN ANGSANA, TAMAN MUTIARA RINI, 81300 SKUDAI",,False,False,True
synthetic/s7/0028,address,address,mock-a,mock-d,lot p t 2811 jln angsana tmn mutiara rini 81300 skudai,lot p t 2811 jln angsana tmn mutiara rini 81300 skudai,"LOT P.T. 2811, JALAN ANGSANA, TAMAN MUTIARA RINI, 81300 SKUDAI","LOT P.T. 2811, JALAN ANGSANA, TAMAN MUTIARA RINI, 81300 SKUDAI",True,False,False
synthetic/s7/0028,address,address,mock-b,mock-c,lot p t 2811 jln angsana tmn mutiara rini 81300 skudai,∅,"LOT P.T. 2811, JALAN ANGSANA, TAMAN MUTIARA RINI, 81300 SKUDAI",,False,False,True
synthetic/s7/0028,address,address,mock-b,mock-d,lot p t 2811 jln angsana tmn mutiara rini 81300 skudai,lot p t 2811 jln angsana tmn mutiara rini 81300 skudai,"LOT P.T. 2811, JALAN ANGSANA, TAMAN MUTIARA RINI, 81300 SKUDAI","LOT P.T. 2811, JALAN ANGSANA, TAMAN MUTIARA RINI, 81300 SKUDAI",True,False,False
synthetic/s7/0028,address,address,mock-c,mock-d,∅,lot p t 2811 jln angsana tmn mutiara rini 81300 skudai,,"LOT P.T. 2811, JALAN ANGSANA, TAMAN MUTIARA RINI, 81300 SKUDAI",False,False,True
synthetic/s7/0028,company,org,mock-a,mock-b,99 speed mart s b,99 speed mart s b,99 SPEED MART S/B,99 SPEED MART S/B,True,False,False
synthetic/s7/0028,company,org,mock-a,mock-c,99 speed mart s b,99 speed mart s b,99 SPEED MART S/B,99 SPEED MART S/B,True,False,False
synthetic/s7/0028,company,org,mock-a,mock-d,99 speed mart s b,99 speed mart s b,99 SPEED MART S/B,99 SPEED MART S/B,True,False,False
synthetic/s7/0028,company,org,mock-b,mock-c,99 speed mart s b,99 speed mart s b,99 SPEED MART S/B,99 SPEED MART S/B,True,False,False
synthetic/s7/0028,company,org,mock-b,mock-d,99 speed mart s b,99 speed mart s b,99 SPEED MART S/B,99 SPEED MART S/B,True,False,False
synthetic/s7/0028,company,org,mock-c,mock-d,99 speed mart s b,99 speed mart s b,99 SPEED MART S/B,99 SPEED MART S/B,True,False,False
synthetic/s7/0028,date,date,mock-a,mock-b,2019-04-18,2019-04-18,18/04/2019,04/18/2019,True,False,False
synthetic/s7/0028,date,date,mock-a,mock-c,2019-04-18,2019-04-18,18/04/2019,18/04/2019,True,False,False
synthetic/s7/0028,date,date,mock-a,mock-d,2019-04-18,2019-04-18,18/04/2019,18/04/2019,True,False,False
synthetic/s7/0028,date,date,mock-b,mock-c,2019-04-18,2019-04-18,04/18/2019,18/04/2019,True,False,False
synthetic/s7/0028,date,date,mock-b,mock-d,2019-04-18,2019-04-18,04/18/2019,18/04/2019,True,False,False
synthetic/s7/0028,date,date,mock-c,mock-d,2019-04-18,2019-04-18,18/04/2019,18/04/2019,True,False,False
synthetic/s7/0028,phone,phone,mock-a,mock-b,83468017,483468017,08-346 8017,48-346 8017,False,False,False
synthetic/s7/0028,phone,phone,mock-a,mock-c,83468017,83468017,08-346 8017,08-346 8017,True,False,False
synthetic/s7/0028,phone,phone,mock-a,mock-d,83468017,483468017,08-346 8017,48-346 8017,False,False,False
synthetic/s7/0028,phone,phone,mock-b,mock-c,483468017,83468017,48-346 8017,08-346 8017,False,False,False
synthetic/s7/0028,phone,phone,mock-b,mock-d,483468017,483468017,48-346 8017,48-346 8017,True,False,False
synthetic/s7/0028,phone,phone,mock-c,mock-d,83468017,483468017,08-346 8017,48-346 8017,False,False,False
synthetic/s7/0028,tax,money,mock-a,mock-b,1.37,1.37,1.37,1.37,True,False,False
synthetic/s7/0028,tax,money,mock-a,mock-c,1.37,1.37,1.37,1.37,True,False,False
synthetic/s7/0028,tax,money,mock-a,mock-d,1.37,1.37,1.37,1.37,True,False,False
synthetic/s7/0028,tax,money,mock-b,mock-c,1.37,1.37,1.37,1.37,True,False,False
synthetic/s7/0028,tax,money,mock-b,mock-d,1.37,1.37,1.37,1.37,True,False,False
synthetic/s7/0028,tax,money,mock-c,mock-d,1.37,1.37,1.37,1.37,True,False,False
synthetic/s7/0028,total,money,mock-a,mock-b,∅,24.27,,24.27,False,False,True
synthetic/s7/0028,total,money,mock-a,mock-c,∅,24.27,,24.27,False,False,True
synthetic/s7/0028,total,money,mock-a,mock-d,∅,24.27,,24.27,False,False,True
synthetic/s7/0028,total,money,mock-b,mock-c,24.27,24.27,24.27,24.27,True,False,False
synthetic/s7/0028,total,money,mock-b,mock-d,24.27,24.27,24.27,24.27,True,False,False
synthetic/s7/0028,total,money,mock-c,mock-d,24.27,24.27,24.27,24.27,True,False,False
synthetic/s7/0029,address,address,mock-a,mock-b,lot 276 jln banting 43800 dengkil selangor,lot 276 jln banting 43800 dengkil selangor,"LOT 276 JALAN BANTING, 43800 DENGKIL, SELANGOR","LOT 276 JALAN BANTING, 43800 DENGKIL, SELANGOR",True,False,False
synthetic/s7/0029,address,address,mock-a,mock-c,lot 276 jln banting 43800 dengkil selangor,lot 276 jln banting 43800 dengkil selangor,"LOT 276 JALAN BANTING, 43800 DENGKIL, SELANGOR","LOT 276 JALAN BANTING, 43800 DENGKIL, SELANGOR",True,False,False
synthetic/s7/0029,address,address,mock-a,mock-d,lot 276 jln banting 43800 dengkil selangor,lot 276 jln banting 43800 dengkil selangor,"LOT 276 JALAN BANTING, 43800 DENGKIL, SELANGOR","LOT 276 JALAN BANTING, 43800 DENGKIL, SELANGOR",True,False,False
synthetic/s7/0029,address,address,mock-b,mock-c,lot 276 jln banting 43800 dengkil selangor,lot 276 jln banting 43800 dengkil selangor,"LOT 276 JALAN BANTING, 43800 DENGKIL, SELANGOR","LOT 276 JALAN BANTING, 43800 DENGKIL, SELANGOR",True,False,False
synthetic/s7/0029,address,address,mock-b,mock-d,lot 276 jln banting 43800 dengkil selangor,lot 276 jln banting 43800 dengkil selangor,"LOT 276 JALAN BANTING, 43800 DENGKIL, SELANGOR","LOT 276 JALAN BANTING, 43800 DENGKIL, SELANGOR",True,False,False
synthetic/s7/0029,address,address,mock-c,mock-d,lot 276 jln banting 43800 dengkil selangor,lot 276 jln banting 43800 dengkil selangor,"LOT 276 JALAN BANTING, 43800 DENGKIL, SELANGOR","LOT 276 JALAN BANTING, 43800 DENGKIL, SELANGOR",True,False,False
synthetic/s7/0029,company,org,mock-a,mock-b,kedai papan yew chuan,kedai papan yew chuan,KEDAI PAPAN YEW CHUAN,KEDAI PAPAN YEW CHUAN,True,False,False
synthetic/s7/0029,company,org,mock-a,mock-c,kedai papan yew chuan,kedai papan yew chuan,KEDAI PAPAN YEW CHUAN,KEDAI PAPAN YEW CHUAN,True,False,False
synthetic/s7/0029,company,org,mock-a,mock-d,kedai papan yew chuan,kedai papan yew chuan,KEDAI PAPAN YEW CHUAN,KEDAI PAPAN YEW CHUAN,True,False,False
synthetic/s7/0029,company,org,mock-b,mock-c,kedai papan yew chuan,kedai papan yew chuan,KEDAI PAPAN YEW CHUAN,KEDAI PAPAN YEW CHUAN,True,False,False
synthetic/s7/0029,company,org,mock-b,mock-d,kedai papan yew chuan,kedai papan yew chuan,KEDAI PAPAN YEW CHUAN,KEDAI PAPAN YEW CHUAN,True,False,False
synthetic/s7/0029,company,org,mock-c,mock-d,kedai papan yew chuan,kedai papan yew chuan,KEDAI PAPAN YEW CHUAN,KEDAI PAPAN YEW CHUAN,True,False,False
synthetic/s7/0029,date,date,mock-a,mock-b,2018-10-02,2018-02-10,02/10/2018,10/02/2018,False,False,False
synthetic/s7/0029,date,date,mock-a,mock-c,2018-10-02,2018-10-02,02/10/2018,02/10/2018,True,False,False
synthetic/s7/0029,date,date,mock-a,mock-d,2018-10-02,2018-02-10,02/10/2018,10/02/2018,False,False,False
synthetic/s7/0029,date,date,mock-b,mock-c,2018-02-10,2018-10-02,10/02/2018,02/10/2018,False,False,False
synthetic/s7/0029,date,date,mock-b,mock-d,2018-02-10,2018-02-10,10/02/2018,10/02/2018,True,False,False
synthetic/s7/0029,date,date,mock-c,mock-d,2018-10-02,2018-02-10,02/10/2018,10/02/2018,False,False,False
synthetic/s7/0029,phone,phone,mock-a,mock-b,35078983,35078983,03-507 8983,03-507 8983,True,False,False
synthetic/s7/0029,phone,phone,mock-a,mock-c,35078983,35078983,03-507 8983,03-507 8983,True,False,False
synthetic/s7/0029,phone,phone,mock-a,mock-d,35078983,35078983,03-507 8983,03-507 8983,True,False,False
synthetic/s7/0029,phone,phone,mock-b,mock-c,35078983,35078983,03-507 8983,03-507 8983,True,False,False
synthetic/s7/0029,phone,phone,mock-b,mock-d,35078983,35078983,03-507 8983,03-507 8983,True,False,False
synthetic/s7/0029,phone,phone,mock-c,mock-d,35078983,35078983,03-507 8983,03-507 8983,True,False,False
synthetic/s7/0029,tax,money,mock-a,mock-b,∅,∅,,,True,True,False
synthetic/s7/0029,tax,money,mock-a,mock-c,∅,∅,,,True,True,False
synthetic/s7/0029,tax,money,mock-a,mock-d,∅,∅,,,True,True,False
synthetic/s7/0029,tax,money,mock-b,mock-c,∅,∅,,,True,True,False
synthetic/s7/0029,tax,money,mock-b,mock-d,∅,∅,,,True,True,False
synthetic/s7/0029,tax,money,mock-c,mock-d,∅,∅,,,True,True,False
synthetic/s7/0029,total,money,mock-a,mock-b,20.00,30.00,20.00,30.00,False,False,False
synthetic/s7/0029,total,money,mock-a,mock-c,20.00,18.80,20.00,18.80,False,False,False
synthetic/s7/0029,total,money,mock-a,mock-d,20.00,20.00,20.00,20.00,True,False,False
synthetic/s7/0029,total,money,mock-b,mock-c,30.00,18.80,30.00,18.80,False,False,False
synthetic/s7/0029,total,money,mock-b,mock-d,30.00,20.00,30.00,20.00,False,False,False
synthetic/s7/0029,total,money,mock-c,mock-d,18.80,20.00,18.80,20.00,False,False,False
synthetic/s7/0030,address,address,mock-a,mock-b,no 2 and 4 jln bayu 4 bdr seri alam 81750 masai johor,no 2 and 4 jln bayu 4 bdr seri alam 81750 masai johor,"NO 2 & 4, JALAN BAYU 4, BANDAR SERI ALAM, 81750 MASAI, JOHOR","NO 2 & 4, JALAN BAYU 4, BANDAR SERI ALAM, 81750 MASAI, JOHOR",True,False,False
synthetic/s7/0030,address,address,mock-a,mock-c,no 2 and 4 jln bayu 4 bdr seri alam 81750 masai johor,no 2 and 4 jln bayu 4 bdr seri alam 81750 masai johor,"NO 2 & 4, JALAN BAYU 4, BANDAR SERI ALAM, 81750 MASAI, JOHOR","NO 2 & 4, JALAN BAYU 4, BANDAR SERI ALAM, 81750 MASAI, JOHOR",True,False,False
synthetic/s7/0030,address,address,mock-a,mock-d,no 2 and 4 jln bayu 4 bdr seri alam 81750 masai johor,no 2 and 4 jln bayu 4 bdr seri alam 81750 masai johor,"NO 2 & 4, JALAN BAYU 4, BANDAR SERI ALAM, 81750 MASAI, JOHOR","NO 2 & 4, JALAN BAYU 4, BANDAR SERI ALAM, 81750 MASAI, JOHOR",True,False,False
synthetic/s7/0030,address,address,mock-b,mock-c,no 2 and 4 jln bayu 4 bdr seri alam 81750 masai johor,no 2 and 4 jln bayu 4 bdr seri alam 81750 masai johor,"NO 2 & 4, JALAN BAYU 4, BANDAR SERI ALAM, 81750 MASAI, JOHOR","NO 2 & 4, JALAN BAYU 4, BANDAR SERI ALAM, 81750 MASAI, JOHOR",True,False,False
synthetic/s7/0030,address,address,mock-b,mock-d,no 2 and 4 jln bayu 4 bdr seri alam 81750 masai johor,no 2 and 4 jln bayu 4 bdr seri alam 81750 masai johor,"NO 2 & 4, JALAN BAYU 4, BANDAR SERI ALAM, 81750 MASAI, JOHOR","NO 2 & 4, JALAN BAYU 4, BANDAR SERI ALAM, 81750 MASAI, JOHOR",True,False,False
synthetic/s7/0030,address,address,mock-c,mock-d,no 2 and 4 jln bayu 4 bdr seri alam 81750 masai johor,no 2 and 4 jln bayu 4 bdr seri alam 81750 masai johor,"NO 2 & 4, JALAN BAYU 4, BANDAR SERI ALAM, 81750 MASAI, JOHOR","NO 2 & 4, JALAN BAYU 4, BANDAR SERI ALAM, 81750 MASAI, JOHOR",True,False,False
synthetic/s7/0030,company,org,mock-a,mock-b,ojc marketing,ojc marketing,OJC MARKETING SDN BHD,OJC MARKETING SDN BHD,True,False,False
synthetic/s7/0030,company,org,mock-a,mock-c,ojc marketing,marketing,OJC MARKETING SDN BHD,MARKETING SDN BHD,False,False,False
synthetic/s7/0030,company,org,mock-a,mock-d,ojc marketing,ojc marketing,OJC MARKETING SDN BHD,OJC MARKETING SDN BHD,True,False,False
synthetic/s7/0030,company,org,mock-b,mock-c,ojc marketing,marketing,OJC MARKETING SDN BHD,MARKETING SDN BHD,False,False,False
synthetic/s7/0030,company,org,mock-b,mock-d,ojc marketing,ojc marketing,OJC MARKETING SDN BHD,OJC MARKETING SDN BHD,True,False,False
synthetic/s7/0030,company,org,mock-c,mock-d,marketing,ojc marketing,MARKETING SDN BHD,OJC MARKETING SDN BHD,False,False,False
synthetic/s7/0030,date,date,mock-a,mock-b,2019-12-06,2019-12-06,06/12/2019,06/12/2019,True,False,False
synthetic/s7/0030,date,date,mock-a,mock-c,2019-12-06,2019-12-06,06/12/2019,06/12/2019,True,False,False
synthetic/s7/0030,date,date,mock-a,mock-d,2019-12-06,2019-12-06,06/12/2019,06/12/2019,True,False,False
synthetic/s7/0030,date,date,mock-b,mock-c,2019-12-06,2019-12-06,06/12/2019,06/12/2019,True,False,False
synthetic/s7/0030,date,date,mock-b,mock-d,2019-12-06,2019-12-06,06/12/2019,06/12/2019,True,False,False
synthetic/s7/0030,date,date,mock-c,mock-d,2019-12-06,2019-12-06,06/12/2019,06/12/2019,True,False,False
synthetic/s7/0030,phone,phone,mock-a,mock-b,∅,∅,,,True,True,False
synthetic/s7/0030,phone,phone,mock-a,mock-c,∅,∅,,,True,True,False
synthetic/s7/0030,phone,phone,mock-a,mock-d,∅,∅,,,True,True,False
synthetic/s7/0030,phone,phone,mock-b,mock-c,∅,∅,,,True,True,False
synthetic/s7/0030,phone,phone,mock-b,mock-d,∅,∅,,,True,True,False
synthetic/s7/0030,phone,phone,mock-c,mock-d,∅,∅,,,True,True,False
synthetic/s7/0030,tax,money,mock-a,mock-b,2.18,2.18,2.18,2.18,True,False,False
synthetic/s7/0030,tax,money,mock-a,mock-c,2.18,2.18,2.18,2.18,True,False,False
synthetic/s7/0030,tax,money,mock-a,mock-d,2.18,2.18,2.18,2.18,True,False,False
synthetic/s7/0030,tax,money,mock-b,mock-c,2.18,2.18,2.18,2.18,True,False,False
synthetic/s7/0030,tax,money,mock-b,mock-d,2.18,2.18,2.18,2.18,True,False,False
synthetic/s7/0030,tax,money,mock-c,mock-d,2.18,2.18,2.18,2.18,True,False,False
synthetic/s7/0030,total,money,mock-a,mock-b,38.58,38.58,38.58,38.58,True,False,False
synthetic/s7/0030,total,money,mock-a,mock-c,38.58,38.58,38.58,38.58,True,False,False
synthetic/s7/0030,total,money,mock-a,mock-d,38.58,∅,38.58,,False,False,True
synthetic/s7/0030,total,money,mock-b,mock-c,38.58,38.58,38.58,38.58,True,False,False
synthetic/s7/0030,total,money,mock-b,mock-d,38.58,∅,38.58,,False,False,True
synthetic/s7/0030,total,money,mock-c,mock-d,38.58,∅,38.58,,False,False,True
synthetic/s7/0031,address,address,mock-a,mock-b,no 59 jln permas 9 5 bdr baru permas jaya 81750 johor bahru,no 59 jln permas 9 5 bdr baru permas jaya 81750 johor bahru,"NO.59 JALAN PERMAS 9/5, BANDAR BARU PERMAS JAYA, 81750 JOHOR BAHRU","NO.59 JALAN PERMAS 9/5, BANDAR BARU PERMAS JAYA, 81750 JOHOR BAHRU",True,False,False
synthetic/s7/0031,address,address,mock-a,mock-c,no 59 jln permas 9 5 bdr baru permas jaya 81750 johor bahru,no 59 jln permas 9 5 bdr baru permas jaya 81750 johor bahru,"NO.59 JALAN PERMAS 9/5, BANDAR BARU PERMAS JAYA, 81750 JOHOR BAHRU","NO.59 JALAN PERMAS 9/5, BANDAR BARU PERMAS JAYA, 81750 JOHOR BAHRU",True,False,False
synthetic/s7/0031,address,address,mock-a,mock-d,no 59 jln permas 9 5 bdr baru permas jaya 81750 johor bahru,no 59 jln permas 9 5 bdr baru permas jaya 81750 johor bahru,"NO.59 JALAN PERMAS 9/5, BANDAR BARU PERMAS JAYA, 81750 JOHOR BAHRU","NO.59 JALAN PERMAS 9/5, BANDAR BARU PERMAS JAYA, 81750 JOHOR BAHRU",True,False,False
synthetic/s7/0031,address,address,mock-b,mock-c,no 59 jln permas 9 5 bdr baru permas jaya 81750 johor bahru,no 59 jln permas 9 5 bdr baru permas jaya 81750 johor bahru,"NO.59 JALAN PERMAS 9/5, BANDAR BARU PERMAS JAYA, 81750 JOHOR BAHRU","NO.59 JALAN PERMAS 9/5, BANDAR BARU PERMAS JAYA, 81750 JOHOR BAHRU",True,False,False
synthetic/s7/0031,address,address,mock-b,mock-d,no 59 jln permas 9 5 bdr baru permas jaya 81750 johor bahru,no 59 jln permas 9 5 bdr baru permas jaya 81750 johor bahru,"NO.59 JALAN PERMAS 9/5, BANDAR BARU PERMAS JAYA, 81750 JOHOR BAHRU","NO.59 JALAN PERMAS 9/5, BANDAR BARU PERMAS JAYA, 81750 JOHOR BAHRU",True,False,False
synthetic/s7/0031,address,address,mock-c,mock-d,no 59 jln permas 9 5 bdr baru permas jaya 81750 johor bahru,no 59 jln permas 9 5 bdr baru permas jaya 81750 johor bahru,"NO.59 JALAN PERMAS 9/5, BANDAR BARU PERMAS JAYA, 81750 JOHOR BAHRU","NO.59 JALAN PERMAS 9/5, BANDAR BARU PERMAS JAYA, 81750 JOHOR BAHRU",True,False,False
synthetic/s7/0031,company,org,mock-a,mock-b,perniagaan zheng hui,perniagaan zheng hui,PERNIAGAAN ZHENG HUI,PERNIAGAAN ZHENG HUI,True,False,False
synthetic/s7/0031,company,org,mock-a,mock-c,perniagaan zheng hui,perniagaan zheng hui,PERNIAGAAN ZHENG HUI,PERNIAGAAN ZHENG HUI,True,False,False
synthetic/s7/0031,company,org,mock-a,mock-d,perniagaan zheng hui,perniagaan zheng hui,PERNIAGAAN ZHENG HUI,PERNIAGAAN ZHENG HUI,True,False,False
synthetic/s7/0031,company,org,mock-b,mock-c,perniagaan zheng hui,perniagaan zheng hui,PERNIAGAAN ZHENG HUI,PERNIAGAAN ZHENG HUI,True,False,False
synthetic/s7/0031,company,org,mock-b,mock-d,perniagaan zheng hui,perniagaan zheng hui,PERNIAGAAN ZHENG HUI,PERNIAGAAN ZHENG HUI,True,False,False
synthetic/s7/0031,company,org,mock-c,mock-d,perniagaan zheng hui,perniagaan zheng hui,PERNIAGAAN ZHENG HUI,PERNIAGAAN ZHENG HUI,True,False,False
synthetic/s7/0031,date,date,mock-a,mock-b,2018-08-15,2018-08-15,15/08/2018,15/08/2018,True,False,False
synthetic/s7/0031,date,date,mock-a,mock-c,2018-08-15,2018-08-15,15/08/2018,08/15/2018,True,False,False
synthetic/s7/0031,date,date,mock-a,mock-d,2018-08-15,2018-08-15,15/08/2018,15/08/2018,True,False,False
synthetic/s7/0031,date,date,mock-b,mock-c,2018-08-15,2018-08-15,15/08/2018,08/15/2018,True,False,False
synthetic/s7/0031,date,date,mock-b,mock-d,2018-08-15,2018-08-15,15/08/2018,15/08/2018,True,False,False
synthetic/s7/0031,date,date,mock-c,mock-d,2018-08-15,2018-08-15,08/15/2018,15/08/2018,True,False,False
synthetic/s7/0031,phone,phone,mock-a,mock-b,93342716,93342716,09-334 2716,09-334 2716,True,False,False
synthetic/s7/0031,phone,phone,mock-a,mock-c,93342716,93342716,09-334 2716,09-334 2716,True,False,False
synthetic/s7/0031,phone,phone,mock-a,mock-d,93342716,93342716,09-334 2716,09-334 2716,True,False,False
synthetic/s7/0031,phone,phone,mock-b,mock-c,93342716,93342716,09-334 2716,09-334 2716,True,False,False
synthetic/s7/0031,phone,phone,mock-b,mock-d,93342716,93342716,09-334 2716,09-334 2716,True,False,False
synthetic/s7/0031,phone,phone,mock-c,mock-d,93342716,93342716,09-334 2716,09-334 2716,True,False,False
synthetic/s7/0031,tax,money,mock-a,mock-b,2.89,2.89,2.89,2.89,True,False,False
synthetic/s7/0031,tax,money,mock-a,mock-c,2.89,2.89,2.89,2.89,True,False,False
synthetic/s7/0031,tax,money,mock-a,mock-d,2.89,2.89,2.89,2.89,True,False,False
synthetic/s7/0031,tax,money,mock-b,mock-c,2.89,2.89,2.89,2.89,True,False,False
synthetic/s7/0031,tax,money,mock-b,mock-d,2.89,2.89,2.89,2.89,True,False,False
synthetic/s7/0031,tax,money,mock-c,mock-d,2.89,2.89,2.89,2.89,True,False,False
synthetic/s7/0031,total,money,mock-a,mock-b,51.09,51.59,51.09,51.59,False,False,False
synthetic/s7/0031,total,money,mock-a,mock-c,51.09,48.69,51.09,48.69,False,False,False
synthetic/s7/0031,total,money,mock-a,mock-d,51.09,51.09,51.09,51.09,True,False,False
synthetic/s7/0031,total,money,mock-b,mock-c,51.59,48.69,51.59,48.69,False,False,False
synthetic/s7/0031,total,money,mock-b,mock-d,51.59,51.09,51.59,51.09,False,False,False
synthetic/s7/0031,total,money,mock-c,mock-d,48.69,51.09,48.69,51.09,False,False,False
synthetic/s7/0032,address,address,mock-a,mock-b,lot 3 jln pelabur 23 1 40300 shah alam,lot 3 jln pelabur 23 1 40300 shah alam,"LOT 3, JALAN PELABUR 23/1, 40300 SHAH ALAM","LOT 3, JALAN PELABUR 23/1, 40300 SHAH ALAM",True,False,False
synthetic/s7/0032,address,address,mock-a,mock-c,lot 3 jln pelabur 23 1 40300 shah alam,lot 3 jln pelabur 23 1 40300 shah alam,"LOT 3, JALAN PELABUR 23/1, 40300 SHAH ALAM","LOT 3, JALAN PELABUR 23/1, 40300 SHAH ALAM",True,False,False
synthetic/s7/0032,address,address,mock-a,mock-d,lot 3 jln pelabur 23 1 40300 shah alam,lot 3 jln pelabur 23 1 40300 shah alam,"LOT 3, JALAN PELABUR 23/1, 40300 SHAH ALAM","LOT 3, JALAN PELABUR 23/1, 40300 SHAH ALAM",True,False,False
synthetic/s7/0032,address,address,mock-b,mock-c,lot 3 jln pelabur 23 1 40300 shah alam,lot 3 jln pelabur 23 1 40300 shah alam,"LOT 3, JALAN PELABUR 23/1, 40300 SHAH ALAM","LOT 3, JALAN PELABUR 23/1, 40300 SHAH ALAM",True,False,False
synthetic/s7/0032,address,address,mock-b,mock-d,lot 3 jln pelabur 23 1 40300 shah alam,lot 3 jln pelabur 23 1 40300 shah alam,"LOT 3, JALAN PELABUR 23/1, 40300 SHAH ALAM","LOT 3, JALAN PELABUR 23/1, 40300 SHAH ALAM",True,False,False
synthetic/s7/0032,address,address,mock-c,mock-d,lot 3 jln pelabur 23 1 40300 shah alam,lot 3 jln pelabur 23 1 40300 shah alam,"LOT 3, JALAN PELABUR 23/1, 40300 SHAH ALAM","LOT 3, JALAN PELABUR 23/1, 40300 SHAH ALAM",True,False,False
synthetic/s7/0032,company,org,mock-a,mock-b,gardenia bakeries kl,gardenia bakeries kl,GARDENIA BAKERIES (KL) SDN BHD,GARDENIA BAKERIES (KL) SDN BHD,True,False,False
synthetic/s7/0032,company,org,mock-a,mock-c,gardenia bakeries kl,gardenia bakeries kl,GARDENIA BAKERIES (KL) SDN BHD,GARDENIA BAKERIES (KL) SDN BHD,True,False,False
synthetic/s7/0032,company,org,mock-a,mock-d,gardenia bakeries kl,gardenia bakeries kl,GARDENIA BAKERIES (KL) SDN BHD,GARDENIA BAKERIES (KL) SDN BHD,True,False,False
synthetic/s7/0032,company,org,mock-b,mock-c,gardenia bakeries kl,gardenia bakeries kl,GARDENIA BAKERIES (KL) SDN BHD,GARDENIA BAKERIES (KL) SDN BHD,True,False,False
synthetic/s7/0032,company,org,mock-b,mock-d,gardenia bakeries kl,gardenia bakeries kl,GARDENIA BAKERIES (KL) SDN BHD,GARDENIA BAKERIES (KL) SDN BHD,True,False,False
synthetic/s7/0032,company,org,mock-c,mock-d,gardenia bakeries kl,gardenia bakeries kl,GARDENIA BAKERIES (KL) SDN BHD,GARDENIA BAKERIES (KL) SDN BHD,True,False,False
synthetic/s7/0032,date,date,mock-a,mock-b,2019-02-03,2019-02-03,03/02/2019,03/02/2019,True,False,False
synthetic/s7/0032,date,date,mock-a,mock-c,2019-02-03,2019-02-03,03/02/2019,03/02/2019,True,False,False
synthetic/s7/0032,date,date,mock-a,mock-d,2019-02-03,2019-02-03,03/02/2019,03/02/2019,True,False,False
synthetic/s7/0032,date,date,mock-b,mock-c,2019-02-03,2019-02-03,03/02/2019,03/02/2019,True,False,False
synthetic/s7/0032,date,date,mock-b,mock-d,2019-02-03,2019-02-03,03/02/2019,03/02/2019,True,False,False
synthetic/s7/0032,date,date,mock-c,mock-d,2019-02-03,2019-02-03,03/02/2019,03/02/2019,True,False,False
synthetic/s7/0032,phone,phone,mock-a,mock-b,∅,312345678,,03-1234 5678,False,False,True
synthetic/s7/0032,phone,phone,mock-a,mock-c,∅,∅,,,True,True,False
synthetic/s7/0032,phone,phone,mock-a,mock-d,∅,∅,,,True,True,False
synthetic/s7/0032,phone,phone,mock-b,mock-c,312345678,∅,03-1234 5678,,False,False,True
synthetic/s7/0032,phone,phone,mock-b,mock-d,312345678,∅,03-1234 5678,,False,False,True
synthetic/s7/0032,phone,phone,mock-c,mock-d,∅,∅,,,True,True,False
synthetic/s7/0032,tax,money,mock-a,mock-b,∅,∅,,,True,True,False
synthetic/s7/0032,tax,money,mock-a,mock-c,∅,∅,,,True,True,False
synthetic/s7/0032,tax,money,mock-a,mock-d,∅,∅,,,True,True,False
synthetic/s7/0032,tax,money,mock-b,mock-c,∅,∅,,,True,True,False
synthetic/s7/0032,tax,money,mock-b,mock-d,∅,∅,,,True,True,False
synthetic/s7/0032,tax,money,mock-c,mock-d,∅,∅,,,True,True,False
synthetic/s7/0032,total,money,mock-a,mock-b,26.20,26.20,26.20,26.20,True,False,False
synthetic/s7/0032,total,money,mock-a,mock-c,26.20,26.20,26.20,26.20,True,False,False
synthetic/s7/0032,total,money,mock-a,mock-d,26.20,26.20,26.20,26.20,True,False,False
synthetic/s7/0032,total,money,mock-b,mock-c,26.20,26.20,26.20,26.20,True,False,False
synthetic/s7/0032,total,money,mock-b,mock-d,26.20,26.20,26.20,26.20,True,False,False
synthetic/s7/0032,total,money,mock-c,mock-d,26.20,26.20,26.20,26.20,True,False,False
synthetic/s7/0033,address,address,mock-a,mock-b,∅,no 31g and 33g jln setia indah x u13 x 40170 setia alam,,"NO. 31G&33G, JALAN SETIA INDAH X, U13/X, 40170 SETIA ALAM",False,False,True
synthetic/s7/0033,address,address,mock-a,mock-c,∅,no 31g and 33g jln setia indah x u13 x,,"NO. 31G&33G, JALAN SETIA INDAH X, U13/X",False,False,True
synthetic/s7/0033,address,address,mock-a,mock-d,∅,no 31g and 33g jln setia indah x u13 x 40170 setia alam,,"NO. 31G&33G, JALAN SETIA INDAH X, U13/X, 40170 SETIA ALAM",False,False,True
synthetic/s7/0033,address,address,mock-b,mock-c,no 31g and 33g jln setia indah x u13 x 40170 setia alam,no 31g and 33g jln setia indah x u13 x,"NO. 31G&33G, JALAN SETIA INDAH X, U13/X, 40170 SETIA ALAM","NO. 31G&33G, JALAN SETIA INDAH X, U13/X",False,False,False
synthetic/s7/0033,address,address,mock-b,mock-d,no 31g and 33g jln setia indah x u13 x 40170 setia alam,no 31g and 33g jln setia indah x u13 x 40170 setia alam,"NO. 31G&33G, JALAN SETIA INDAH X, U13/X, 40170 SETIA ALAM","NO. 31G&33G, JALAN SETIA INDAH X, U13/X, 40170 SETIA ALAM",True,False,False
synthetic/s7/0033,address,address,mock-c,mock-d,no 31g and 33g jln setia indah x u13 x,no 31g and 33g jln setia indah x u13 x 40170 setia alam,"NO. 31G&33G, JALAN SETIA INDAH X, U13/X","NO. 31G&33G, JALAN SETIA INDAH X, U13/X, 40170 SETIA ALAM",False,False,False
synthetic/s7/0033,company,org,mock-a,mock-b,stationery shop,stationery shop,STATIONERY SHOP,STATIONERY SHOP,True,False,False
synthetic/s7/0033,company,org,mock-a,mock-c,stationery shop,sanyu stationery shop,STATIONERY SHOP,SANYU STATIONERY SHOP,False,False,False
synthetic/s7/0033,company,org,mock-a,mock-d,stationery shop,∅,STATIONERY SHOP,,False,False,True
synthetic/s7/0033,company,org,mock-b,mock-c,stationery shop,sanyu stationery shop,STATIONERY SHOP,SANYU STATIONERY SHOP,False,False,False
synthetic/s7/0033,company,org,mock-b,mock-d,stationery shop,∅,STATIONERY SHOP,,False,False,True
synthetic/s7/0033,company,org,mock-c,mock-d,sanyu stationery shop,∅,SANYU STATIONERY SHOP,,False,False,True
synthetic/s7/0033,date,date,mock-a,mock-b,2019-09-18,2019-09-18,18/09/2019,18/09/2019,True,False,False
synthetic/s7/0033,date,date,mock-a,mock-c,2019-09-18,2019-09-18,18/09/2019,18/09/2019,True,False,False
synthetic/s7/0033,date,date,mock-a,mock-d,2019-09-18,2019-09-18,18/09/2019,18/09/2019,True,False,False
synthetic/s7/0033,date,date,mock-b,mock-c,2019-09-18,2019-09-18,18/09/2019,18/09/2019,True,False,False
synthetic/s7/0033,date,date,mock-b,mock-d,2019-09-18,2019-09-18,18/09/2019,18/09/2019,True,False,False
synthetic/s7/0033,date,date,mock-c,mock-d,2019-09-18,2019-09-18,18/09/2019,18/09/2019,True,False,False
synthetic/s7/0033,phone,phone,mock-a,mock-b,33751275,33751275,03-375 1275,03-375 1275,True,False,False
synthetic/s7/0033,phone,phone,mock-a,mock-c,33751275,33751275,03-375 1275,03-375 1275,True,False,False
synthetic/s7/0033,phone,phone,mock-a,mock-d,33751275,33751275,03-375 1275,03-375 1275,True,False,False
synthetic/s7/0033,phone,phone,mock-b,mock-c,33751275,33751275,03-375 1275,03-375 1275,True,False,False
synthetic/s7/0033,phone,phone,mock-b,mock-d,33751275,33751275,03-375 1275,03-375 1275,True,False,False
synthetic/s7/0033,phone,phone,mock-c,mock-d,33751275,33751275,03-375 1275,03-375 1275,True,False,False
synthetic/s7/0033,tax,money,mock-a,mock-b,∅,∅,,,True,True,False
synthetic/s7/0033,tax,money,mock-a,mock-c,∅,5.30,,5.30,False,False,True
synthetic/s7/0033,tax,money,mock-a,mock-d,∅,∅,,,True,True,False
synthetic/s7/0033,tax,money,mock-b,mock-c,∅,5.30,,5.30,False,False,True
synthetic/s7/0033,tax,money,mock-b,mock-d,∅,∅,,,True,True,False
synthetic/s7/0033,tax,money,mock-c,mock-d,5.30,∅,5.30,,False,False,True
synthetic/s7/0033,total,money,mock-a,mock-b,16.70,16.70,16.70,16.70,True,False,False
synthetic/s7/0033,total,money,mock-a,mock-c,16.70,16.70,16.70,16.70,True,False,False
synthetic/s7/0033,total,money,mock-a,mock-d,16.70,16.70,16.70,16.70,True,False,False
synthetic/s7/0033,total,money,mock-b,mock-c,16.70,16.70,16.70,16.70,True,False,False
synthetic/s7/0033,total,money,mock-b,mock-d,16.70,16.70,16.70,16.70,True,False,False
synthetic/s7/0033,total,money,mock-c,mock-d,16.70,16.70,16.70,16.70,True,False,False
synthetic/s7/0034,address,address,mock-a,mock-b,lot p t 2811 jln angsana tmn mutiara rini 81300 skudai,lot p t 2811 jln angsana tmn mutiara rini 81300 skudai,"LOT P.T. 2811, JALAN ANGSANA, TAMAN MUTIARA RINI, 81300 SKUDAI","LOT P.T. 2811, JALAN ANGSANA, TAMAN MUTIARA RINI, 81300 SKUDAI",True,False,False
synthetic/s7/0034,address,address,mock-a,mock-c,lot p t 2811 jln angsana tmn mutiara rini 81300 skudai,lot p t 2811 jln angsana tmn mutiara rini 81300 skudai,"LOT P.T. 2811, JALAN ANGSANA, TAMAN MUTIARA RINI, 81300 SKUDAI","LOT P.T. 2811, JALAN ANGSANA, TAMAN MUTIARA RINI, 81300 SKUDAI",True,False,False
synthetic/s7/0034,address,address,mock-a,mock-d,lot p t 2811 jln angsana tmn mutiara rini 81300 skudai,∅,"LOT P.T. 2811, JALAN ANGSANA, TAMAN MUTIARA RINI, 81300 SKUDAI",,False,False,True
synthetic/s7/0034,address,address,mock-b,mock-c,lot p t 2811 jln angsana tmn mutiara rini 81300 skudai,lot p t 2811 jln angsana tmn mutiara rini 81300 skudai,"LOT P.T. 2811, JALAN ANGSANA, TAMAN MUTIARA RINI, 81300 SKUDAI","LOT P.T. 2811, JALAN ANGSANA, TAMAN MUTIARA RINI, 81300 SKUDAI",True,False,False
synthetic/s7/0034,address,address,mock-b,mock-d,lot p t 2811 jln angsana tmn mutiara rini 81300 skudai,∅,"LOT P.T. 2811, JALAN ANGSANA, TAMAN MUTIARA RINI, 81300 SKUDAI",,False,False,True
synthetic/s7/0034,address,address,mock-c,mock-d,lot p t 2811 jln angsana tmn mutiara rini 81300 skudai,∅,"LOT P.T. 2811, JALAN ANGSANA, TAMAN MUTIARA RINI, 81300 SKUDAI",,False,False,True
synthetic/s7/0034,company,org,mock-a,mock-b,99 speed mart s b,∅,99 SPEED MART S/B,,False,False,True
synthetic/s7/0034,company,org,mock-a,mock-c,99 speed mart s b,99 speed mart s b,99 SPEED MART S/B,99 SPEED MART S/B,True,False,False
synthetic/s7/0034,company,org,mock-a,mock-d,99 speed mart s b,99 speed mart s b,99 SPEED MART S/B,99 SPEED MART S/B,True,False,False
synthetic/s7/0034,company,org,mock-b,mock-c,∅,99 speed mart s b,,99 SPEED MART S/B,False,False,True
synthetic/s7/0034,company,org,mock-b,mock-d,∅,99 speed mart s b,,99 SPEED MART S/B,False,False,True
synthetic/s7/0034,company,org,mock-c,mock-d,99 speed mart s b,99 speed mart s b,99 SPEED MART S/B,99 SPEED MART S/B,True,False,False
synthetic/s7/0034,date,date,mock-a,mock-b,2018-10-03,2018-10-03,03/10/2018,03/10/2018,True,False,False
synthetic/s7/0034,date,date,mock-a,mock-c,2018-10-03,2018-10-03,03/10/2018,03/10/2018,True,False,False
synthetic/s7/0034,date,date,mock-a,mock-d,2018-10-03,2018-10-03,03/10/2018,03/10/2018,True,False,False
synthetic/s7/0034,date,date,mock-b,mock-c,2018-10-03,2018-10-03,03/10/2018,03/10/2018,True,False,False
synthetic/s7/0034,date,date,mock-b,mock-d,2018-10-03,2018-10-03,03/10/2018,03/10/2018,True,False,False
synthetic/s7/0034,date,date,mock-c,mock-d,2018-10-03,2018-10-03,03/10/2018,03/10/2018,True,False,False
synthetic/s7/0034,phone,phone,mock-a,mock-b,56667844,56667844,05-666 7844,05-666 7844,True,False,False
synthetic/s7/0034,phone,phone,mock-a,mock-c,56667844,56667844,05-666 7844,05-666 7844,True,False,False
synthetic/s7/0034,phone,phone,mock-a,mock-d,56667844,56667844,05-666 7844,15-666 7844,True,False,False
synthetic/s7/0034,phone,phone,mock-b,mock-c,56667844,56667844,05-666 7844,05-666 7844,True,False,False
synthetic/s7/0034,phone,phone,mock-b,mock-d,56667844,56667844,05-666 7844,15-666 7844,True,False,False
synthetic/s7/0034,phone,phone,mock-c,mock-d,56667844,56667844,05-666 7844,15-666 7844,True,False,False
synthetic/s7/0034,tax,money,mock-a,mock-b,∅,∅,,,True,True,False
synthetic/s7/0034,tax,money,mock-a,mock-c,∅,∅,,,True,True,False
synthetic/s7/0034,tax,money,mock-a,mock-d,∅,∅,,,True,True,False
synthetic/s7/0034,tax,money,mock-b,mock-c,∅,∅,,,True,True,False
synthetic/s7/0034,tax,money,mock-b,mock-d,∅,∅,,,True,True,False
synthetic/s7/0034,tax,money,mock-c,mock-d,∅,∅,,,True,True,False
synthetic/s7/0034,total,money,mock-a,mock-b,6.50,2.50,6.50,2.50,False,False,False
synthetic/s7/0034,total,money,mock-a,mock-c,6.50,6.50,6.50,6.50,True,False,False
synthetic/s7/0034,total,money,mock-a,mock-d,6.50,6.50,6.50,6.50,True,False,False
synthetic/s7/0034,total,money,mock-b,mock-c,2.50,6.50,2.50,6.50,False,False,False
synthetic/s7/0034,total,money,mock-b,mock-d,2.50,6.50,2.50,6.50,False,False,False
synthetic/s7/0034,total,money,mock-c,mock-d,6.50,6.50,6.50,6.50,True,False,False
synthetic/s7/0035,address,address,mock-a,mock-b,lot 276 jln banting 43800 dengkil selangor,lot 276 jln banting 43800 dengkil selangor,"LOT 276 JALAN BANTING, 43800 DENGKIL, SELANGOR","LOT 276 JALAN BANTING, 43800 DENGKIL, SELANGOR",True,False,False
synthetic/s7/0035,address,address,mock-a,mock-c,lot 276 jln banting 43800 dengkil selangor,lot 276 jln banting 43800 dengkil selangor,"LOT 276 JALAN BANTING, 43800 DENGKIL, SELANGOR","LOT 276 JALAN BANTING, 43800 DENGKIL, SELANGOR",True,False,False
synthetic/s7/0035,address,address,mock-a,mock-d,lot 276 jln banting 43800 dengkil selangor,∅,"LOT 276 JALAN BANTING, 43800 DENGKIL, SELANGOR",,False,False,True
synthetic/s7/0035,address,address,mock-b,mock-c,lot 276 jln banting 43800 dengkil selangor,lot 276 jln banting 43800 dengkil selangor,"LOT 276 JALAN BANTING, 43800 DENGKIL, SELANGOR","LOT 276 JALAN BANTING, 43800 DENGKIL, SELANGOR",True,False,False
synthetic/s7/0035,address,address,mock-b,mock-d,lot 276 jln banting 43800 dengkil selangor,∅,"LOT 276 JALAN BANTING, 43800 DENGKIL, SELANGOR",,False,False,True
synthetic/s7/0035,address,address,mock-c,mock-d,lot 276 jln banting 43800 dengkil selangor,∅,"LOT 276 JALAN BANTING, 43800 DENGKIL, SELANGOR",,False,False,True
synthetic/s7/0035,company,org,mock-a,mock-b,kedai papan yew chuan,kedai papan yew chuan,KEDAI PAPAN YEW CHUAN,KEDAI PAPAN YEW CHUAN,True,False,False
synthetic/s7/0035,company,org,mock-a,mock-c,kedai papan yew chuan,kedai papan yew chuan,KEDAI PAPAN YEW CHUAN,KEDAI PAPAN YEW CHUAN,True,False,False
synthetic/s7/0035,company,org,mock-a,mock-d,kedai papan yew chuan,kedai papan yew chuan,KEDAI PAPAN YEW CHUAN,KEDAI PAPAN YEW CHUAN,True,False,False
synthetic/s7/0035,company,org,mock-b,mock-c,kedai papan yew chuan,kedai papan yew chuan,KEDAI PAPAN YEW CHUAN,KEDAI PAPAN YEW CHUAN,True,False,False
synthetic/s7/0035,company,org,mock-b,mock-d,kedai papan yew chuan,kedai papan yew chuan,KEDAI PAPAN YEW CHUAN,KEDAI PAPAN YEW CHUAN,True,False,False
synthetic/s7/0035,company,org,mock-c,mock-d,kedai papan yew chuan,kedai papan yew chuan,KEDAI PAPAN YEW CHUAN,KEDAI PAPAN YEW CHUAN,True,False,False
synthetic/s7/0035,date,date,mock-a,mock-b,2018-09-02,2018-09-02,02/09/2018,02/09/2018,True,False,False
synthetic/s7/0035,date,date,mock-a,mock-c,2018-09-02,2018-02-09,02/09/2018,09/02/2018,False,False,False
synthetic/s7/0035,date,date,mock-a,mock-d,2018-09-02,2018-09-02,02/09/2018,02/09/2018,True,False,False
synthetic/s7/0035,date,date,mock-b,mock-c,2018-09-02,2018-02-09,02/09/2018,09/02/2018,False,False,False
synthetic/s7/0035,date,date,mock-b,mock-d,2018-09-02,2018-09-02,02/09/2018,02/09/2018,True,False,False
synthetic/s7/0035,date,date,mock-c,mock-d,2018-02-09,2018-09-02,09/02/2018,02/09/2018,False,False,False
synthetic/s7/0035,phone,phone,mock-a,mock-b,57435997,57435997,05-743 5997,05-743 5997,True,False,False
synthetic/s7/0035,phone,phone,mock-a,mock-c,57435997,57435997,05-743 5997,05-743 5997,True,False,False
synthetic/s7/0035,phone,phone,mock-a,mock-d,57435997,57435997,05-743 5997,05-743 5997,True,False,False
synthetic/s7/0035,phone,phone,mock-b,mock-c,57435997,57435997,05-743 5997,05-743 5997,True,False,False
synthetic/s7/0035,phone,phone,mock-b,mock-d,57435997,57435997,05-743 5997,05-743 5997,True,False,False
synthetic/s7/0035,phone,phone,mock-c,mock-d,57435997,57435997,05-743 5997,05-743 5997,True,False,False
synthetic/s7/0035,tax,money,mock-a,mock-b,0.14,0.19,0.14,0.19,False,False,False
synthetic/s7/0035,tax,money,mock-a,mock-c,0.14,0.14,0.14,0.14,True,False,False
synthetic/s7/0035,tax,money,mock-a,mock-d,0.14,0.14,0.14,0.14,True,False,False
synthetic/s7/0035,tax,money,mock-b,mock-c,0.19,0.14,0.19,0.14,False,False,False
synthetic/s7/0035,tax,money,mock-b,mock-d,0.19,0.14,0.19,0.14,False,False,False
synthetic/s7/0035,tax,money,mock-c,mock-d,0.14,0.14,0.14,0.14,True,False,False
synthetic/s7/0035,total,money,mock-a,mock-b,2.44,2.44,2.44,2.44,True,False,False
synthetic/s7/0035,total,money,mock-a,mock-c,2.44,2.44,2.44,2.44,True,False,False
synthetic/s7/0035,total,money,mock-a,mock-d,2.44,2.44,2.44,2.44,True,False,False
synthetic/s7/0035,total,money,mock-b,mock-c,2.44,2.44,2.44,2.44,True,False,False
synthetic/s7/0035,total,money,mock-b,mock-d,2.44,2.44,2.44,2.44,True,False,False
synthetic/s7/0035,total,money,mock-c,mock-d,2.44,2.44,2.44,2.44,True,False,False
synthetic/s7/0036,address,address,mock-a,mock-b,no 2 and 4 jln bayu 4 bdr seri alam 81750 masai johor,no 2 and 4 jln bayu 4 bdr seri alam 81750 masai johor,"NO 2 & 4, JALAN BAYU 4, BANDAR SERI ALAM, 81750 MASAI, JOHOR","NO 2 & 4, JALAN BAYU 4, BANDAR SERI ALAM, 81750 MASAI, JOHOR",True,False,False
synthetic/s7/0036,address,address,mock-a,mock-c,no 2 and 4 jln bayu 4 bdr seri alam 81750 masai johor,no 2 and 4 jln bayu 4 bdr seri alam 81750 masai johor,"NO 2 & 4, JALAN BAYU 4, BANDAR SERI ALAM, 81750 MASAI, JOHOR","NO 2 & 4, JALAN BAYU 4, BANDAR SERI ALAM, 81750 MASAI, JOHOR",True,False,False
synthetic/s7/0036,address,address,mock-a,mock-d,no 2 and 4 jln bayu 4 bdr seri alam 81750 masai johor,no 2 and 4 jln bayu 4 bdr seri alam 81750 masai johor,"NO 2 & 4, JALAN BAYU 4, BANDAR SERI ALAM, 81750 MASAI, JOHOR","NO 2 & 4, JALAN BAYU 4, BANDAR SERI ALAM, 81750 MASAI, JOHOR",True,False,False
synthetic/s7/0036,address,address,mock-b,mock-c,no 2 and 4 jln bayu 4 bdr seri alam 81750 masai johor,no 2 and 4 jln bayu 4 bdr seri alam 81750 masai johor,"NO 2 & 4, JALAN BAYU 4, BANDAR SERI ALAM, 81750 MASAI, JOHOR","NO 2 & 4, JALAN BAYU 4, BANDAR SERI ALAM, 81750 MASAI, JOHOR",True,False,False
synthetic/s7/0036,address,address,mock-b,mock-d,no 2 and 4 jln bayu 4 bdr seri alam 81750 masai johor,no 2 and 4 jln bayu 4 bdr seri alam 81750 masai johor,"NO 2 & 4, JALAN BAYU 4, BANDAR SERI ALAM, 81750 MASAI, JOHOR","NO 2 & 4, JALAN BAYU 4, BANDAR SERI ALAM, 81750 MASAI, JOHOR",True,False,False
synthetic/s7/0036,address,address,mock-c,mock-d,no 2 and 4 jln bayu 4 bdr seri alam 81750 masai johor,no 2 and 4 jln bayu 4 bdr seri alam 81750 masai johor,"NO 2 & 4, JALAN BAYU 4, BANDAR SERI ALAM, 81750 MASAI, JOHOR","NO 2 & 4, JALAN BAYU 4, BANDAR SERI ALAM, 81750 MASAI, JOHOR",True,False,False
synthetic/s7/0036,company,org,mock-a,mock-b,marketing,∅,MARKETING SDN BHD,,False,False,True
synthetic/s7/0036,company,org,mock-a,mock-c,marketing,ojc marketing,MARKETING SDN BHD,OJC MARKETING SDN BHD,False,False,False
synthetic/s7/0036,company,org,mock-a,mock-d,marketing,∅,MARKETING SDN BHD,,False,False,True
synthetic/s7/0036,company,org,mock-b,mock-c,∅,ojc marketing,,OJC MARKETING SDN BHD,False,False,True
synthetic/s7/0036,company,org,mock-b,mock-d,∅,∅,,,True,True,False
synthetic/s7/0036,company,org,mock-c,mock-d,ojc marketing,∅,OJC MARKETING SDN BHD,,False,False,True
synthetic/s7/0036,date,date,mock-a,mock-b,2018-08-10,2018-08-10,10/08/2018,10/08/2018,True,False,False
synthetic/s7/0036,date,date,mock-a,mock-c,2018-08-10,2018-08-10,10/08/2018,10/08/2018,True,False,False
synthetic/s7/0036,date,date,mock-a,mock-d,2018-08-10,2018-08-10,10/08/2018,10/08/2018,True,False,False
synthetic/s7/0036,date,date,mock-b,mock-c,2018-08-10,2018-08-10,10/08/2018,10/08/2018,True,False,False
synthetic/s7/0036,date,date,mock-b,mock-d,2018-08-10,2018-08-10,10/08/2018,10/08/2018,True,False,False
synthetic/s7/0036,date,date,mock-c,mock-d,2018-08-10,2018-08-10,10/08/2018,10/08/2018,True,False,False
synthetic/s7/0036,phone,phone,mock-a,mock-b,38509284,38509284,03-850 9284,03-850 9284,True,False,False
synthetic/s7/0036,phone,phone,mock-a,mock-c,38509284,38509284,03-850 9284,03-850 9284,True,False,False
synthetic/s7/0036,phone,phone,mock-a,mock-d,38509284,38509284,03-850 9284,03-850 9284,True,False,False
synthetic/s7/0036,phone,phone,mock-b,mock-c,38509284,38509284,03-850 9284,03-850 9284,True,False,False
synthetic/s7/0036,phone,phone,mock-b,mock-d,38509284,38509284,03-850 9284,03-850 9284,True,False,False
synthetic/s7/0036,phone,phone,mock-c,mock-d,38509284,38509284,03-850 9284,03-850 9284,True,False,False
synthetic/s7/0036,tax,money,mock-a,mock-b,∅,∅,,,True,True,False
synthetic/s7/0036,tax,money,mock-a,mock-c,∅,∅,,,True,True,False
synthetic/s7/0036,tax,money,mock-a,mock-d,∅,∅,,,True,True,False
synthetic/s7/0036,tax,money,mock-b,mock-c,∅,∅,,,True,True,False
synthetic/s7/0036,tax,money,mock-b,mock-d,∅,∅,,,True,True,False
synthetic/s7/0036,tax,money,mock-c,mock-d,∅,∅,,,True,True,False
synthetic/s7/0036,total,money,mock-a,mock-b,40.90,40.90,40.90,40.90,True,False,False
synthetic/s7/0036,total,money,mock-a,mock-c,40.90,40.90,40.90,40.90,True,False,False
synthetic/s7/0036,total,money,mock-a,mock-d,40.90,40.90,40.90,40.90,True,False,False
synthetic/s7/0036,total,money,mock-b,mock-c,40.90,40.90,40.90,40.90,True,False,False
synthetic/s7/0036,total,money,mock-b,mock-d,40.90,40.90,40.90,40.90,True,False,False
synthetic/s7/0036,total,money,mock-c,mock-d,40.90,40.90,40.90,40.90,True,False,False
synthetic/s7/0037,address,address,mock-a,mock-b,no 59 jln permas 9 5 bdr baru permas jaya 81750 johor bahru,no 59 jln permas 9 5 bdr baru permas jaya 81750 johor bahru,"NO.59 JALAN PERMAS 9/5, BANDAR BARU PERMAS JAYA, 81750 JOHOR BAHRU","NO.59 JALAN PERMAS 9/5, BANDAR BARU PERMAS JAYA, 81750 JOHOR BAHRU",True,False,False
synthetic/s7/0037,address,address,mock-a,mock-c,no 59 jln permas 9 5 bdr baru permas jaya 81750 johor bahru,no 59 jln permas 9 5 bdr baru permas jaya 81750 johor bahru,"NO.59 JALAN PERMAS 9/5, BANDAR BARU PERMAS JAYA, 81750 JOHOR BAHRU","NO.59 JALAN PERMAS 9/5, BANDAR BARU PERMAS JAYA, 81750 JOHOR BAHRU",True,False,False
synthetic/s7/0037,address,address,mock-a,mock-d,no 59 jln permas 9 5 bdr baru permas jaya 81750 johor bahru,no 59 jln permas 9 5 bdr baru permas jaya 81750 johor bahru,"NO.59 JALAN PERMAS 9/5, BANDAR BARU PERMAS JAYA, 81750 JOHOR BAHRU","NO.59 JALAN PERMAS 9/5, BANDAR BARU PERMAS JAYA, 81750 JOHOR BAHRU",True,False,False
synthetic/s7/0037,address,address,mock-b,mock-c,no 59 jln permas 9 5 bdr baru permas jaya 81750 johor bahru,no 59 jln permas 9 5 bdr baru permas jaya 81750 johor bahru,"NO.59 JALAN PERMAS 9/5, BANDAR BARU PERMAS JAYA, 81750 JOHOR BAHRU","NO.59 JALAN PERMAS 9/5, BANDAR BARU PERMAS JAYA, 81750 JOHOR BAHRU",True,False,False
synthetic/s7/0037,address,address,mock-b,mock-d,no 59 jln permas 9 5 bdr baru permas jaya 81750 johor bahru,no 59 jln permas 9 5 bdr baru permas jaya 81750 johor bahru,"NO.59 JALAN PERMAS 9/5, BANDAR BARU PERMAS JAYA, 81750 JOHOR BAHRU","NO.59 JALAN PERMAS 9/5, BANDAR BARU PERMAS JAYA, 81750 JOHOR BAHRU",True,False,False
synthetic/s7/0037,address,address,mock-c,mock-d,no 59 jln permas 9 5 bdr baru permas jaya 81750 johor bahru,no 59 jln permas 9 5 bdr baru permas jaya 81750 johor bahru,"NO.59 JALAN PERMAS 9/5, BANDAR BARU PERMAS JAYA, 81750 JOHOR BAHRU","NO.59 JALAN PERMAS 9/5, BANDAR BARU PERMAS JAYA, 81750 JOHOR BAHRU",True,False,False
synthetic/s7/0037,company,org,mock-a,mock-b,perniagaan zheng hui,perniagaan zheng hui,PERNIAGAAN ZHENG HUI,PERNIAGAAN ZHENG HUI,True,False,False
synthetic/s7/0037,company,org,mock-a,mock-c,perniagaan zheng hui,perniagaan zheng hui,PERNIAGAAN ZHENG HUI,PERNIAGAAN ZHENG HUI,True,False,False
synthetic/s7/0037,company,org,mock-a,mock-d,perniagaan zheng hui,perniagaan zheng hui,PERNIAGAAN ZHENG HUI,PERNIAGAAN ZHENG HUI,True,False,False
synthetic/s7/0037,company,org,mock-b,mock-c,perniagaan zheng hui,perniagaan zheng hui,PERNIAGAAN ZHENG HUI,PERNIAGAAN ZHENG HUI,True,False,False
synthetic/s7/0037,company,org,mock-b,mock-d,perniagaan zheng hui,perniagaan zheng hui,PERNIAGAAN ZHENG HUI,PERNIAGAAN ZHENG HUI,True,False,False
synthetic/s7/0037,company,org,mock-c,mock-d,perniagaan zheng hui,perniagaan zheng hui,PERNIAGAAN ZHENG HUI,PERNIAGAAN ZHENG HUI,True,False,False
synthetic/s7/0037,date,date,mock-a,mock-b,2019-04-16,2019-04-16,16/04/2019,04/16/2019,True,False,False
synthetic/s7/0037,date,date,mock-a,mock-c,2019-04-16,2019-04-16,16/04/2019,16/04/2019,True,False,False
synthetic/s7/0037,date,date,mock-a,mock-d,2019-04-16,2019-04-16,16/04/2019,16/04/2019,True,False,False
synthetic/s7/0037,date,date,mock-b,mock-c,2019-04-16,2019-04-16,04/16/2019,16/04/2019,True,False,False
synthetic/s7/0037,date,date,mock-b,mock-d,2019-04-16,2019-04-16,04/16/2019,16/04/2019,True,False,False
synthetic/s7/0037,date,date,mock-c,mock-d,2019-04-16,2019-04-16,16/04/2019,16/04/2019,True,False,False
synthetic/s7/0037,phone,phone,mock-a,mock-b,66186042,66186042,06-618 6042,06-618 6042,True,False,False
synthetic/s7/0037,phone,phone,mock-a,mock-c,66186042,66186042,06-618 6042,06-618 6042,True,False,False
synthetic/s7/0037,phone,phone,mock-a,mock-d,66186042,66186042,06-618 6042,06-618 6042,True,False,False
synthetic/s7/0037,phone,phone,mock-b,mock-c,66186042,66186042,06-618 6042,06-618 6042,True,False,False
synthetic/s7/0037,phone,phone,mock-b,mock-d,66186042,66186042,06-618 6042,06-618 6042,True,False,False
synthetic/s7/0037,phone,phone,mock-c,mock-d,66186042,66186042,06-618 6042,06-618 6042,True,False,False
synthetic/s7/0037,tax,money,mock-a,mock-b,∅,∅,,,True,True,False
synthetic/s7/0037,tax,money,mock-a,mock-c,∅,0.00,,0.00,False,False,True
synthetic/s7/0037,tax,money,mock-a,mock-d,∅,∅,,,True,True,False
synthetic/s7/0037,tax,money,mock-b,mock-c,∅,0.00,,0.00,False,False,True
synthetic/s7/0037,tax,money,mock-b,mock-d,∅,∅,,,True,True,False
synthetic/s7/0037,tax,money,mock-c,mock-d,0.00,∅,0.00,,False,False,True
synthetic/s7/0037,total,money,mock-a,mock-b,41.40,41.40,41.40,41.40,True,False,False
synthetic/s7/0037,total,money,mock-a,mock-c,41.40,41.40,41.40,41.40,True,False,False
synthetic/s7/0037,total,money,mock-a,mock-d,41.40,41.40,41.40,41.40,True,False,False
synthetic/s7/0037,total,money,mock-b,mock-c,41.40,41.40,41.40,41.40,True,False,False
synthetic/s7/0037,total,money,mock-b,mock-d,41.40,41.40,41.40,41.40,True,False,False
synthetic/s7/0037,total,money,mock-c,mock-d,41.40,41.40,41.40,41.40,True,False,False
synthetic/s7/0038,address,address,mock-a,mock-b,lot 3 jln pelabur 23 1 40300 shah alam selangor,∅,"LOT 3, JALAN PELABUR 23/1, 40300 SHAH ALAM, SELANGOR",,False,False,True
synthetic/s7/0038,address,address,mock-a,mock-c,lot 3 jln pelabur 23 1 40300 shah alam selangor,lot 3 jln pelabur 23 1 40300 shah alam selangor,"LOT 3, JALAN PELABUR 23/1, 40300 SHAH ALAM, SELANGOR","LOT 3, JALAN PELABUR 23/1, 40300 SHAH ALAM, SELANGOR",True,False,False
synthetic/s7/0038,address,address,mock-a,mock-d,lot 3 jln pelabur 23 1 40300 shah alam selangor,lot 3 jln pelabur 23 1 40300 shah alam selangor,"LOT 3, JALAN PELABUR 23/1, 40300 SHAH ALAM, SELANGOR","LOT 3, JALAN PELABUR 23/1, 40300 SHAH ALAM, SELANGOR",True,False,False
synthetic/s7/0038,address,address,mock-b,mock-c,∅,lot 3 jln pelabur 23 1 40300 shah alam selangor,,"LOT 3, JALAN PELABUR 23/1, 40300 SHAH ALAM, SELANGOR",False,False,True
synthetic/s7/0038,address,address,mock-b,mock-d,∅,lot 3 jln pelabur 23 1 40300 shah alam selangor,,"LOT 3, JALAN PELABUR 23/1, 40300 SHAH ALAM, SELANGOR",False,False,True
synthetic/s7/0038,address,address,mock-c,mock-d,lot 3 jln pelabur 23 1 40300 shah alam selangor,lot 3 jln pelabur 23 1 40300 shah alam selangor,"LOT 3, JALAN PELABUR 23/1, 40300 SHAH ALAM, SELANGOR","LOT 3, JALAN PELABUR 23/1, 40300 SHAH ALAM, SELANGOR",True,False,False
synthetic/s7/0038,company,org,mock-a,mock-b,gardenia bakeries kl,gardenia bakeries kl,GARDENIA BAKERIES (KL) SDN BHD,GARDENIA BAKERIES (KL) SDN BHD,True,False,False
synthetic/s7/0038,company,org,mock-a,mock-c,gardenia bakeries kl,gardenia bakeries kl,GARDENIA BAKERIES (KL) SDN BHD,GARDENIA BAKERIES (KL) SDN BHD,True,False,False
synthetic/s7/0038,company,org,mock-a,mock-d,gardenia bakeries kl,gardenia bakeries kl,GARDENIA BAKERIES (KL) SDN BHD,GARDENIA BAKERIES (KL) SDN BHD,True,False,False
synthetic/s7/0038,company,org,mock-b,mock-c,gardenia bakeries kl,gardenia bakeries kl,GARDENIA BAKERIES (KL) SDN BHD,GARDENIA BAKERIES (KL) SDN BHD,True,False,False
synthetic/s7/0038,company,org,mock-b,mock-d,gardenia bakeries kl,gardenia bakeries kl,GARDENIA BAKERIES (KL) SDN BHD,GARDENIA BAKERIES (KL) SDN BHD,True,False,False
synthetic/s7/0038,company,org,mock-c,mock-d,gardenia bakeries kl,gardenia bakeries kl,GARDENIA BAKERIES (KL) SDN BHD,GARDENIA BAKERIES (KL) SDN BHD,True,False,False
synthetic/s7/0038,date,date,mock-a,mock-b,2018-04-11,2018-04-11,11/04/2018,11/04/2018,True,False,False
synthetic/s7/0038,date,date,mock-a,mock-c,2018-04-11,2018-04-11,11/04/2018,11/04/2018,True,False,False
synthetic/s7/0038,date,date,mock-a,mock-d,2018-04-11,2018-04-11,11/04/2018,11/04/2018,True,False,False
synthetic/s7/0038,date,date,mock-b,mock-c,2018-04-11,2018-04-11,11/04/2018,11/04/2018,True,False,False
synthetic/s7/0038,date,date,mock-b,mock-d,2018-04-11,2018-04-11,11/04/2018,11/04/2018,True,False,False
synthetic/s7/0038,date,date,mock-c,mock-d,2018-04-11,2018-04-11,11/04/2018,11/04/2018,True,False,False
synthetic/s7/0038,phone,phone,mock-a,mock-b,∅,∅,,,True,True,False
synthetic/s7/0038,phone,phone,mock-a,mock-c,∅,∅,,,True,True,False
synthetic/s7/0038,phone,phone,mock-a,mock-d,∅,∅,,,True,True,False
synthetic/s7/0038,phone,phone,mock-b,mock-c,∅,∅,,,True,True,False
synthetic/s7/0038,phone,phone,mock-b,mock-d,∅,∅,,,True,True,False
synthetic/s7/0038,phone,phone,mock-c,mock-d,∅,∅,,,True,True,False
synthetic/s7/0038,tax,money,mock-a,mock-b,3.23,3.23,3.23,3.23,True,False,False
synthetic/s7/0038,tax,money,mock-a,mock-c,3.23,3.23,3.23,3.23,True,False,False
synthetic/s7/0038,tax,money,mock-a,mock-d,3.23,3.23,3.23,3.23,True,False,False
synthetic/s7/0038,tax,money,mock-b,mock-c,3.23,3.23,3.23,3.23,True,False,False
synthetic/s7/0038,tax,money,mock-b,mock-d,3.23,3.23,3.23,3.23,True,False,False
synthetic/s7/0038,tax,money,mock-c,mock-d,3.23,3.23,3.23,3.23,True,False,False
synthetic/s7/0038,total,money,mock-a,mock-b,57.09,57.03,57.09,57.03,False,False,False
synthetic/s7/0038,total,money,mock-a,mock-c,57.09,57.03,57.09,57.03,False,False,False
synthetic/s7/0038,total,money,mock-a,mock-d,57.09,57.03,57.09,57.03,False,False,False
synthetic/s7/0038,total,money,mock-b,mock-c,57.03,57.03,57.03,57.03,True,False,False
synthetic/s7/0038,total,money,mock-b,mock-d,57.03,57.03,57.03,57.03,True,False,False
synthetic/s7/0038,total,money,mock-c,mock-d,57.03,57.03,57.03,57.03,True,False,False
synthetic/s7/0039,address,address,mock-a,mock-b,no 31g and 33g jln setia indah x u13 x,no 31g and 33g jln setia indah x u13 x 40170 setia alam,"NO. 31G&33G, JALAN SETIA INDAH X, U13/X","NO. 31G&33G, JALAN SETIA INDAH X, U13/X, 40170 SETIA ALAM",False,False,False
synthetic/s7/0039,address,address,mock-a,mock-c,no 31g and 33g jln setia indah x u13 x,no 31g and 33g jln setia indah x u13 x 40170 setia alam,"NO. 31G&33G, JALAN SETIA INDAH X, U13/X","NO. 31G&33G, JALAN SETIA INDAH X, U13/X, 40170 SETIA ALAM",False,False,False
synthetic/s7/0039,address,address,mock-a,mock-d,no 31g and 33g jln setia indah x u13 x,no 31g and 33g jln setia indah x u13 x 40170 setia alam,"NO. 31G&33G, JALAN SETIA INDAH X, U13/X","NO. 31G&33G, JALAN SETIA INDAH X, U13/X, 40170 SETIA ALAM",False,False,False
synthetic/s7/0039,address,address,mock-b,mock-c,no 31g and 33g jln setia indah x u13 x 40170 setia alam,no 31g and 33g jln setia indah x u13 x 40170 setia alam,"NO. 31G&33G, JALAN SETIA INDAH X, U13/X, 40170 SETIA ALAM","NO. 31G&33G, JALAN SETIA INDAH X, U13/X, 40170 SETIA ALAM",True,False,False
synthetic/s7/0039,address,address,mock-b,mock-d,no 31g and 33g jln setia indah x u13 x 40170 setia alam,no 31g and 33g jln setia indah x u13 x 40170 setia alam,"NO. 31G&33G, JALAN SETIA INDAH X, U13/X, 40170 SETIA ALAM","NO. 31G&33G, JALAN SETIA INDAH X, U13/X, 40170 SETIA ALAM",True,False,False
synthetic/s7/0039,address,address,mock-c,mock-d,no 31g and 33g jln setia indah x u13 x 40170 setia alam,no 31g and 33g jln setia indah x u13 x 40170 setia alam,"NO. 31G&33G, JALAN SETIA INDAH X, U13/X, 40170 SETIA ALAM","NO. 31G&33G, JALAN SETIA INDAH X, U13/X, 40170 SETIA ALAM",True,False,False
synthetic/s7/0039,company,org,mock-a,mock-b,∅,sanyu stationery shop,,SANYU STATIONERY SHOP,False,False,True
synthetic/s7/0039,company,org,mock-a,mock-c,∅,sanyu stationery shop,,SANYU STATIONERY SHOP,False,False,True
synthetic/s7/0039,company,org,mock-a,mock-d,∅,∅,,,True,True,False
synthetic/s7/0039,company,org,mock-b,mock-c,sanyu stationery shop,sanyu stationery shop,SANYU STATIONERY SHOP,SANYU STATIONERY SHOP,True,False,False
synthetic/s7/0039,company,org,mock-b,mock-d,sanyu stationery shop,∅,SANYU STATIONERY SHOP,,False,False,True
synthetic/s7/0039,company,org,mock-c,mock-d,sanyu stationery shop,∅,SANYU STATIONERY SHOP,,False,False,True
synthetic/s7/0039,date,date,mock-a,mock-b,2019-02-02,∅,02/02/2019,,False,False,True
synthetic/s7/0039,date,date,mock-a,mock-c,2019-02-02,2019-02-02,02/02/2019,02/02/2019,True,False,False
synthetic/s7/0039,date,date,mock-a,mock-d,2019-02-02,2019-02-02,02/02/2019,02/02/2019,True,False,False
synthetic/s7/0039,date,date,mock-b,mock-c,∅,2019-02-02,,02/02/2019,False,False,True
synthetic/s7/0039,date,date,mock-b,mock-d,∅,2019-02-02,,02/02/2019,False,False,True
synthetic/s7/0039,date,date,mock-c,mock-d,2019-02-02,2019-02-02,02/02/2019,02/02/2019,True,False,False
synthetic/s7/0039,phone,phone,mock-a,mock-b,55561059,55561059,05-556 1059,05-556 1059,True,False,False
synthetic/s7/0039,phone,phone,mock-a,mock-c,55561059,55561059,05-556 1059,05-556 1059,True,False,False
synthetic/s7/0039,phone,phone,mock-a,mock-d,55561059,255561059,05-556 1059,25-556 1059,False,False,False
synthetic/s7/0039,phone,phone,mock-b,mock-c,55561059,55561059,05-556 1059,05-556 1059,True,False,False
synthetic/s7/0039,phone,phone,mock-b,mock-d,55561059,255561059,05-556 1059,25-556 1059,False,False,False
synthetic/s7/0039,phone,phone,mock-c,mock-d,55561059,255561059,05-556 1059,25-556 1059,False,False,False
synthetic/s7/0039,tax,money,mock-a,mock-b,1.41,1.41,1.41,1.41,True,False,False
synthetic/s7/0039,tax,money,mock-a,mock-c,1.41,1.41,1.41,1.41,True,False,False
synthetic/s7/0039,tax,money,mock-a,mock-d,1.41,1.41,1.41,1.41,True,False,False
synthetic/s7/0039,tax,money,mock-b,mock-c,1.41,1.41,1.41,1.41,True,False,False
synthetic/s7/0039,tax,money,mock-b,mock-d,1.41,1.41,1.41,1.41,True,False,False
synthetic/s7/0039,tax,money,mock-c,mock-d,1.41,1.41,1.41,1.41,True,False,False
synthetic/s7/0039,total,money,mock-a,mock-b,24.31,24.31,24.31,24.31,True,False,False
synthetic/s7/0039,total,money,mock-a,mock-c,24.31,24.31,24.31,24.31,True,False,False
synthetic/s7/0039,total,money,mock-a,mock-d,24.31,24.31,24.31,24.31,True,False,False
synthetic/s7/0039,total,money,mock-b,mock-c,24.31,24.31,24.31,24.31,True,False,False
synthetic/s7/0039,total,money,mock-b,mock-d,24.31,24.31,24.31,24.31,True,False,False
synthetic/s7/0039,total,money,mock-c,mock-d,24.31,24.31,24.31,24.31,True,False,False
synthetic/s7/0040,address,address,mock-a,mock-b,lot p t 2811 jln angsana tmn mutiara rini 81300 skudai,lot p t 2811 jln angsana tmn mutiara rini 81300 skudai,"LOT P.T. 2811, JALAN ANGSANA, TAMAN MUTIARA RINI, 81300 SKUDAI","LOT P.T. 2811, JALAN ANGSANA, TAMAN MUTIARA RINI, 81300 SKUDAI",True,False,False
synthetic/s7/0040,address,address,mock-a,mock-c,lot p t 2811 jln angsana tmn mutiara rini 81300 skudai,lot p t 2811 jln angsana tmn mutiara rini 81300 skudai,"LOT P.T. 2811, JALAN ANGSANA, TAMAN MUTIARA RINI, 81300 SKUDAI","LOT P.T. 2811, JALAN ANGSANA, TAMAN MUTIARA RINI, 81300 SKUDAI",True,False,False
synthetic/s7/0040,address,address,mock-a,mock-d,lot p t 2811 jln angsana tmn mutiara rini 81300 skudai,lot p t 2811 jln angsana tmn mutiara rini 81300 skudai,"LOT P.T. 2811, JALAN ANGSANA, TAMAN MUTIARA RINI, 81300 SKUDAI","LOT P.T. 2811, JALAN ANGSANA, TAMAN MUTIARA RINI, 81300 SKUDAI",True,False,False
synthetic/s7/0040,address,address,mock-b,mock-c,lot p t 2811 jln angsana tmn mutiara rini 81300 skudai,lot p t 2811 jln angsana tmn mutiara rini 81300 skudai,"LOT P.T. 2811, JALAN ANGSANA, TAMAN MUTIARA RINI, 81300 SKUDAI","LOT P.T. 2811, JALAN ANGSANA, TAMAN MUTIARA RINI, 81300 SKUDAI",True,False,False
synthetic/s7/0040,address,address,mock-b,mock-d,lot p t 2811 jln angsana tmn mutiara rini 81300 skudai,lot p t 2811 jln angsana tmn mutiara rini 81300 skudai,"LOT P.T. 2811, JALAN ANGSANA, TAMAN MUTIARA RINI, 81300 SKUDAI","LOT P.T. 2811, JALAN ANGSANA, TAMAN MUTIARA RINI, 81300 SKUDAI",True,False,False
synthetic/s7/0040,address,address,mock-c,mock-d,lot p t 2811 jln angsana tmn mutiara rini 81300 skudai,lot p t 2811 jln angsana tmn mutiara rini 81300 skudai,"LOT P.T. 2811, JALAN ANGSANA, TAMAN MUTIARA RINI, 81300 SKUDAI","LOT P.T. 2811, JALAN ANGSANA, TAMAN MUTIARA RINI, 81300 SKUDAI",True,False,False
synthetic/s7/0040,company,org,mock-a,mock-b,99 speed mart s b,99 speed mart s b,99 SPEED MART S/B,99 SPEED MART S/B,True,False,False
synthetic/s7/0040,company,org,mock-a,mock-c,99 speed mart s b,99 speed mart s b,99 SPEED MART S/B,99 SPEED MART S/B,True,False,False
synthetic/s7/0040,company,org,mock-a,mock-d,99 speed mart s b,99 speed mart s b,99 SPEED MART S/B,99 SPEED MART S/B,True,False,False
synthetic/s7/0040,company,org,mock-b,mock-c,99 speed mart s b,99 speed mart s b,99 SPEED MART S/B,99 SPEED MART S/B,True,False,False
synthetic/s7/0040,company,org,mock-b,mock-d,99 speed mart s b,99 speed mart s b,99 SPEED MART S/B,99 SPEED MART S/B,True,False,False
synthetic/s7/0040,company,org,mock-c,mock-d,99 speed mart s b,99 speed mart s b,99 SPEED MART S/B,99 SPEED MART S/B,True,False,False
synthetic/s7/0040,date,date,mock-a,mock-b,2018-06-18,2018-06-18,18/06/2018,06/18/2018,True,False,False
synthetic/s7/0040,date,date,mock-a,mock-c,2018-06-18,2018-06-18,18/06/2018,18/06/2018,True,False,False
synthetic/s7/0040,date,date,mock-a,mock-d,2018-06-18,2018-06-18,18/06/2018,18/06/2018,True,False,False
synthetic/s7/0040,date,date,mock-b,mock-c,2018-06-18,2018-06-18,06/18/2018,18/06/2018,True,False,False
synthetic/s7/0040,date,date,mock-b,mock-d,2018-06-18,2018-06-18,06/18/2018,18/06/2018,True,False,False
synthetic/s7/0040,date,date,mock-c,mock-d,2018-06-18,2018-06-18,18/06/2018,18/06/2018,True,False,False
synthetic/s7/0040,phone,phone,mock-a,mock-b,54902374,∅,05-490 2374,,False,False,True
synthetic/s7/0040,phone,phone,mock-a,mock-c,54902374,54902374,05-490 2374,05-490 2374,True,False,False
synthetic/s7/0040,phone,phone,mock-a,mock-d,54902374,54902374,05-490 2374,05-490 2374,True,False,False
synthetic/s7/0040,phone,phone,mock-b,mock-c,∅,54902374,,05-490 2374,False,False,True
synthetic/s7/0040,phone,phone,mock-b,mock-d,∅,54902374,,05-490 2374,False,False,True
synthetic/s7/0040,phone,phone,mock-c,mock-d,54902374,54902374,05-490 2374,05-490 2374,True,False,False
synthetic/s7/0040,tax,money,mock-a,mock-b,∅,0.39,,0.39,False,False,True
synthetic/s7/0040,tax,money,mock-a,mock-c,∅,0.39,,0.39,False,False,True
synthetic/s7/0040,tax,money,mock-a,mock-d,∅,0.39,,0.39,False,False,True
synthetic/s7/0040,tax,money,mock-b,mock-c,0.39,0.39,0.39,0.39,True,False,False
synthetic/s7/0040,tax,money,mock-b,mock-d,0.39,0.39,0.39,0.39,True,False,False
synthetic/s7/0040,tax,money,mock-c,mock-d,0.39,0.39,0.39,0.39,True,False,False
synthetic/s7/0040,total,money,mock-a,mock-b,6.89,6.89,6.89,6.89,True,False,False
synthetic/s7/0040,total,money,mock-a,mock-c,6.89,6.85,6.89,6.85,False,False,False
synthetic/s7/0040,total,money,mock-a,mock-d,6.89,6.89,6.89,6.89,True,False,False
synthetic/s7/0040,total,money,mock-b,mock-c,6.89,6.85,6.89,6.85,False,False,False
synthetic/s7/0040,total,money,mock-b,mock-d,6.89,6.89,6.89,6.89,True,False,False
synthetic/s7/0040,total,money,mock-c,mock-d,6.85,6.89,6.85,6.89,False,False,False
synthetic/s7/0041,address,address,mock-a,mock-b,lot 276 jln banting 43800 dengkil selangor,lot 276 jln banting 43800 dengkil selangor,"LOT 276 JALAN BANTING, 43800 DENGKIL, SELANGOR","LOT 276 JALAN BANTING, 43800 DENGKIL, SELANGOR",True,False,False
synthetic/s7/0041,address,address,mock-a,mock-c,lot 276 jln banting 43800 dengkil selangor,lot 276 jln banting 43800 dengkil selangor,"LOT 276 JALAN BANTING, 43800 DENGKIL, SELANGOR","LOT 276 JALAN BANTING, 43800 DENGKIL, SELANGOR",True,False,False
synthetic/s7/0041,address,address,mock-a,mock-d,lot 276 jln banting 43800 dengkil selangor,∅,"LOT 276 JALAN BANTING, 43800 DENGKIL, SELANGOR",,False,False,True
synthetic/s7/0041,address,address,mock-b,mock-c,lot 276 jln banting 43800 dengkil selangor,lot 276 jln banting 43800 dengkil selangor,"LOT 276 JALAN BANTING, 43800 DENGKIL, SELANGOR","LOT 276 JALAN BANTING, 43800 DENGKIL, SELANGOR",True,False,False
synthetic/s7/0041,address,address,mock-b,mock-d,lot 276 jln banting 43800 dengkil selangor,∅,"LOT 276 JALAN BANTING, 43800 DENGKIL, SELANGOR",,False,False,True
synthetic/s7/0041,address,address,mock-c,mock-d,lot 276 jln banting 43800 dengkil selangor,∅,"LOT 276 JALAN BANTING, 43800 DENGKIL, SELANGOR",,False,False,True
synthetic/s7/0041,company,org,mock-a,mock-b,kedai papan yew chuan,kedai papan yew chuan,KEDAI PAPAN YEW CHUAN,KEDAI PAPAN YEW CHUAN,True,False,False
synthetic/s7/0041,company,org,mock-a,mock-c,kedai papan yew chuan,kedai papan yew chuan,KEDAI PAPAN YEW CHUAN,KEDAI PAPAN YEW CHUAN,True,False,False
synthetic/s7/0041,company,org,mock-a,mock-d,kedai papan yew chuan,∅,KEDAI PAPAN YEW CHUAN,,False,False,True
synthetic/s7/0041,company,org,mock-b,mock-c,kedai papan yew chuan,kedai papan yew chuan,KEDAI PAPAN YEW CHUAN,KEDAI PAPAN YEW CHUAN,True,False,False
synthetic/s7/0041,company,org,mock-b,mock-d,kedai papan yew chuan,∅,KEDAI PAPAN YEW CHUAN,,False,False,True
synthetic/s7/0041,company,org,mock-c,mock-d,kedai papan yew chuan,∅,KEDAI PAPAN YEW CHUAN,,False,False,True
synthetic/s7/0041,date,date,mock-a,mock-b,2018-04-21,2018-04-21,21/04/2018,21/04/2018,True,False,False
synthetic/s7/0041,date,date,mock-a,mock-c,2018-04-21,2018-04-21,21/04/2018,21/04/2018,True,False,False
synthetic/s7/0041,date,date,mock-a,mock-d,2018-04-21,2018-04-21,21/04/2018,21/04/2018,True,False,False
synthetic/s7/0041,date,date,mock-b,mock-c,2018-04-21,2018-04-21,21/04/2018,21/04/2018,True,False,False
synthetic/s7/0041,date,date,mock-b,mock-d,2018-04-21,2018-04-21,21/04/2018,21/04/2018,True,False,False
synthetic/s7/0041,date,date,mock-c,mock-d,2018-04-21,2018-04-21,21/04/2018,21/04/2018,True,False,False
synthetic/s7/0041,phone,phone,mock-a,mock-b,67001682,67001682,06-700 1682,06-700 1682,True,False,False
synthetic/s7/0041,phone,phone,mock-a,mock-c,67001682,67001682,06-700 1682,06-700 1682,True,False,False
synthetic/s7/0041,phone,phone,mock-a,mock-d,67001682,67001682,06-700 1682,06-700 1682,True,False,False
synthetic/s7/0041,phone,phone,mock-b,mock-c,67001682,67001682,06-700 1682,06-700 1682,True,False,False
synthetic/s7/0041,phone,phone,mock-b,mock-d,67001682,67001682,06-700 1682,06-700 1682,True,False,False
synthetic/s7/0041,phone,phone,mock-c,mock-d,67001682,67001682,06-700 1682,06-700 1682,True,False,False
synthetic/s7/0041,tax,money,mock-a,mock-b,0.77,0.77,0.77,0.77,True,False,False
synthetic/s7/0041,tax,money,mock-a,mock-c,0.77,0.77,0.77,0.77,True,False,False
synthetic/s7/0041,tax,money,mock-a,mock-d,0.77,0.77,0.77,0.77,True,False,False
synthetic/s7/0041,tax,money,mock-b,mock-c,0.77,0.77,0.77,0.77,True,False,False
synthetic/s7/0041,tax,money,mock-b,mock-d,0.77,0.77,0.77,0.77,True,False,False
synthetic/s7/0041,tax,money,mock-c,mock-d,0.77,0.77,0.77,0.77,True,False,False
synthetic/s7/0041,total,money,mock-a,mock-b,13.67,13.67,13.67,13.67,True,False,False
synthetic/s7/0041,total,money,mock-a,mock-c,13.67,13.67,13.67,13.67,True,False,False
synthetic/s7/0041,total,money,mock-a,mock-d,13.67,13.67,13.67,13.67,True,False,False
synthetic/s7/0041,total,money,mock-b,mock-c,13.67,13.67,13.67,13.67,True,False,False
synthetic/s7/0041,total,money,mock-b,mock-d,13.67,13.67,13.67,13.67,True,False,False
synthetic/s7/0041,total,money,mock-c,mock-d,13.67,13.67,13.67,13.67,True,False,False
synthetic/s7/0042,address,address,mock-a,mock-b,no 2 and 4 jln bayu 4 bdr seri alam 81750 masai johor,no 2 and 4 jln bayu 4 bdr seri alam 81750 masai johor,"NO 2 & 4, JALAN BAYU 4, BANDAR SERI ALAM, 81750 MASAI, JOHOR","NO 2 & 4, JALAN BAYU 4, BANDAR SERI ALAM, 81750 MASAI, JOHOR",True,False,False
synthetic/s7/0042,address,address,mock-a,mock-c,no 2 and 4 jln bayu 4 bdr seri alam 81750 masai johor,no 2 and 4 jln bayu 4 bdr seri alam 81750 masai johor,"NO 2 & 4, JALAN BAYU 4, BANDAR SERI ALAM, 81750 MASAI, JOHOR","NO 2 & 4, JALAN BAYU 4, BANDAR SERI ALAM, 81750 MASAI, JOHOR",True,False,False
synthetic/s7/0042,address,address,mock-a,mock-d,no 2 and 4 jln bayu 4 bdr seri alam 81750 masai johor,∅,"NO 2 & 4, JALAN BAYU 4, BANDAR SERI ALAM, 81750 MASAI, JOHOR",,False,False,True
synthetic/s7/0042,address,address,mock-b,mock-c,no 2 and 4 jln bayu 4 bdr seri alam 81750 masai johor,no 2 and 4 jln bayu 4 bdr seri alam 81750 masai johor,"NO 2 & 4, JALAN BAYU 4, BANDAR SERI ALAM, 81750 MASAI, JOHOR","NO 2 & 4, JALAN BAYU 4, BANDAR SERI ALAM, 81750 MASAI, JOHOR",True,False,False
synthetic/s7/0042,address,address,mock-b,mock-d,no 2 and 4 jln bayu 4 bdr seri alam 81750 masai johor,∅,"NO 2 & 4, JALAN BAYU 4, BANDAR SERI ALAM, 81750 MASAI, JOHOR",,False,False,True
synthetic/s7/0042,address,address,mock-c,mock-d,no 2 and 4 jln bayu 4 bdr seri alam 81750 masai johor,∅,"NO 2 & 4, JALAN BAYU 4, BANDAR SERI ALAM, 81750 MASAI, JOHOR",,False,False,True
synthetic/s7/0042,company,org,mock-a,mock-b,marketing,ojc marketing,MARKETING SDN BHD,OJC MARKETING SDN BHD,False,False,False
synthetic/s7/0042,company,org,mock-a,mock-c,marketing,ojc marketing,MARKETING SDN BHD,OJC MARKETING SDN BHD,False,False,False
synthetic/s7/0042,company,org,mock-a,mock-d,marketing,ojc marketing,MARKETING SDN BHD,OJC MARKETING SDN BHD,False,False,False
synthetic/s7/0042,company,org,mock-b,mock-c,ojc marketing,ojc marketing,OJC MARKETING SDN BHD,OJC MARKETING SDN BHD,True,False,False
synthetic/s7/0042,company,org,mock-b,mock-d,ojc marketing,ojc marketing,OJC MARKETING SDN BHD,OJC MARKETING SDN BHD,True,False,False
synthetic/s7/0042,company,org,mock-c,mock-d,ojc marketing,ojc marketing,OJC MARKETING SDN BHD,OJC MARKETING SDN BHD,True,False,False
synthetic/s7/0042,date,date,mock-a,mock-b,∅,2018-11-10,,10/11/2018,False,False,True
synthetic/s7/0042,date,date,mock-a,mock-c,∅,2018-11-10,,10/11/2018,False,False,True
synthetic/s7/0042,date,date,mock-a,mock-d,∅,2018-11-10,,10/11/2018,False,False,True
synthetic/s7/0042,date,date,mock-b,mock-c,2018-11-10,2018-11-10,10/11/2018,10/11/2018,True,False,False
synthetic/s7/0042,date,date,mock-b,mock-d,2018-11-10,2018-11-10,10/11/2018,10/11/2018,True,False,False
synthetic/s7/0042,date,date,mock-c,mock-d,2018-11-10,2018-11-10,10/11/2018,10/11/2018,True,False,False
synthetic/s7/0042,phone,phone,mock-a,mock-b,∅,312345678,,03-1234 5678,False,False,True
synthetic/s7/0042,phone,phone,mock-a,mock-c,∅,∅,,,True,True,False
synthetic/s7/0042,phone,phone,mock-a,mock-d,∅,∅,,,True,True,False
synthetic/s7/0042,phone,phone,mock-b,mock-c,312345678,∅,03-1234 5678,,False,False,True
synthetic/s7/0042,phone,phone,mock-b,mock-d,312345678,∅,03-1234 5678,,False,False,True
synthetic/s7/0042,phone,phone,mock-c,mock-d,∅,∅,,,True,True,False
synthetic/s7/0042,tax,money,mock-a,mock-b,∅,∅,,,True,True,False
synthetic/s7/0042,tax,money,mock-a,mock-c,∅,∅,,,True,True,False
synthetic/s7/0042,tax,money,mock-a,mock-d,∅,∅,,,True,True,False
synthetic/s7/0042,tax,money,mock-b,mock-c,∅,∅,,,True,True,False
synthetic/s7/0042,tax,money,mock-b,mock-d,∅,∅,,,True,True,False
synthetic/s7/0042,tax,money,mock-c,mock-d,∅,∅,,,True,True,False
synthetic/s7/0042,total,money,mock-a,mock-b,2.30,2.30,2.30,2.30,True,False,False
synthetic/s7/0042,total,money,mock-a,mock-c,2.30,2.50,2.30,2.50,False,False,False
synthetic/s7/0042,total,money,mock-a,mock-d,2.30,2.30,2.30,2.30,True,False,False
synthetic/s7/0042,total,money,mock-b,mock-c,2.30,2.50,2.30,2.50,False,False,False
synthetic/s7/0042,total,money,mock-b,mock-d,2.30,2.30,2.30,2.30,True,False,False
synthetic/s7/0042,total,money,mock-c,mock-d,2.50,2.30,2.50,2.30,False,False,False
synthetic/s7/0043,address,address,mock-a,mock-b,no 59 jln permas 9 5 bdr baru permas jaya 81750 johor bahru,no 59 jln permas 9 5 bdr baru permas jaya 81750 johor bahru,"NO.59 JALAN PERMAS 9/5, BANDAR BARU PERMAS JAYA, 81750 JOHOR BAHRU","NO.59 JALAN PERMAS 9/5, BANDAR BARU PERMAS JAYA, 81750 JOHOR BAHRU",True,False,False
synthetic/s7/0043,address,address,mock-a,mock-c,no 59 jln permas 9 5 bdr baru permas jaya 81750 johor bahru,no 59 jln permas 9 5 bdr baru permas jaya,"NO.59 JALAN PERMAS 9/5, BANDAR BARU PERMAS JAYA, 81750 JOHOR BAHRU","NO.59 JALAN PERMAS 9/5, BANDAR BARU PERMAS JAYA",False,False,False
synthetic/s7/0043,address,address,mock-a,mock-d,no 59 jln permas 9 5 bdr baru permas jaya 81750 johor bahru,no 59 jln permas 9 5 bdr baru permas jaya 81750 johor bahru,"NO.59 JALAN PERMAS 9/5, BANDAR BARU PERMAS JAYA, 81750 JOHOR BAHRU","NO.59 JALAN PERMAS 9/5, BANDAR BARU PERMAS JAYA, 81750 JOHOR BAHRU",True,False,False
synthetic/s7/0043,address,address,mock-b,mock-c,no 59 jln permas 9 5 bdr baru permas jaya 81750 johor bahru,no 59 jln permas 9 5 bdr baru permas jaya,"NO.59 JALAN PERMAS 9/5, BANDAR BARU PERMAS JAYA, 81750 JOHOR BAHRU","NO.59 JALAN PERMAS 9/5, BANDAR BARU PERMAS JAYA",False,False,False
synthetic/s7/0043,address,address,mock-b,mock-d,no 59 jln permas 9 5 bdr baru permas jaya 81750 johor bahru,no 59 jln permas 9 5 bdr baru permas jaya 81750 johor bahru,"NO.59 JALAN PERMAS 9/5, BANDAR BARU PERMAS JAYA, 81750 JOHOR BAHRU","NO.59 JALAN PERMAS 9/5, BANDAR BARU PERMAS JAYA, 81750 JOHOR BAHRU",True,False,False
synthetic/s7/0043,address,address,mock-c,mock-d,no 59 jln permas 9 5 bdr baru permas jaya,no 59 jln permas 9 5 bdr baru permas jaya 81750 johor bahru,"NO.59 JALAN PERMAS 9/5, BANDAR BARU PERMAS JAYA","NO.59 JALAN PERMAS 9/5, BANDAR BARU PERMAS JAYA, 81750 JOHOR BAHRU",False,False,False
synthetic/s7/0043,company,org,mock-a,mock-b,zheng hui,perniagaan zheng hui,ZHENG HUI,PERNIAGAAN ZHENG HUI,False,False,False
synthetic/s7/0043,company,org,mock-a,mock-c,zheng hui,perniagaan zheng hui,ZHENG HUI,PERNIAGAAN ZHENG HUI,False,False,False
synthetic/s7/0043,company,org,mock-a,mock-d,zheng hui,perniagaan zheng hui,ZHENG HUI,PERNIAGAAN ZHENG HUI,False,False,False
synthetic/s7/0043,company,org,mock-b,mock-c,perniagaan zheng hui,perniagaan zheng hui,PERNIAGAAN ZHENG HUI,PERNIAGAAN ZHENG HUI,True,False,False
synthetic/s7/0043,company,org,mock-b,mock-d,perniagaan zheng hui,perniagaan zheng hui,PERNIAGAAN ZHENG HUI,PERNIAGAAN ZHENG HUI,True,False,False
synthetic/s7/0043,company,org,mock-c,mock-d,perniagaan zheng hui,perniagaan zheng hui,PERNIAGAAN ZHENG HUI,PERNIAGAAN ZHENG HUI,True,False,False
synthetic/s7/0043,date,date,mock-a,mock-b,2018-08-24,2018-08-24,24/08/2018,24/08/2018,True,False,False
synthetic/s7/0043,date,date,mock-a,mock-c,2018-08-24,2018-08-24,24/08/2018,24/08/2018,True,False,False
synthetic/s7/0043,date,date,mock-a,mock-d,2018-08-24,2018-08-24,24/08/2018,24/08/2018,True,False,False
synthetic/s7/0043,date,date,mock-b,mock-c,2018-08-24,2018-08-24,24/08/2018,24/08/2018,True,False,False
synthetic/s7/0043,date,date,mock-b,mock-d,2018-08-24,2018-08-24,24/08/2018,24/08/2018,True,False,False
synthetic/s7/0043,date,date,mock-c,mock-d,2018-08-24,2018-08-24,24/08/2018,24/08/2018,True,False,False
synthetic/s7/0043,phone,phone,mock-a,mock-b,∅,∅,,,True,True,False
synthetic/s7/0043,phone,phone,mock-a,mock-c,∅,∅,,,True,True,False
synthetic/s7/0043,phone,phone,mock-a,mock-d,∅,∅,,,True,True,False
synthetic/s7/0043,phone,phone,mock-b,mock-c,∅,∅,,,True,True,False
synthetic/s7/0043,phone,phone,mock-b,mock-d,∅,∅,,,True,True,False
synthetic/s7/0043,phone,phone,mock-c,mock-d,∅,∅,,,True,True,False
synthetic/s7/0043,tax,money,mock-a,mock-b,∅,∅,,,True,True,False
synthetic/s7/0043,tax,money,mock-a,mock-c,∅,∅,,,True,True,False
synthetic/s7/0043,tax,money,mock-a,mock-d,∅,∅,,,True,True,False
synthetic/s7/0043,tax,money,mock-b,mock-c,∅,∅,,,True,True,False
synthetic/s7/0043,tax,money,mock-b,mock-d,∅,∅,,,True,True,False
synthetic/s7/0043,tax,money,mock-c,mock-d,∅,∅,,,True,True,False
synthetic/s7/0043,total,money,mock-a,mock-b,21.80,21.80,21.80,21.80,True,False,False
synthetic/s7/0043,total,money,mock-a,mock-c,21.80,25.80,21.80,25.80,False,False,False
synthetic/s7/0043,total,money,mock-a,mock-d,21.80,21.80,21.80,21.80,True,False,False
synthetic/s7/0043,total,money,mock-b,mock-c,21.80,25.80,21.80,25.80,False,False,False
synthetic/s7/0043,total,money,mock-b,mock-d,21.80,21.80,21.80,21.80,True,False,False
synthetic/s7/0043,total,money,mock-c,mock-d,25.80,21.80,25.80,21.80,False,False,False
synthetic/s7/0044,address,address,mock-a,mock-b,lot 3 jln pelabur 23 1 40300 shah alam selangor,lot 3 jln pelabur 23 1 40300 shah alam selangor,"LOT 3, JALAN PELABUR 23/1, 40300 SHAH ALAM, SELANGOR","LOT 3, JALAN PELABUR 23/1, 40300 SHAH ALAM, SELANGOR",True,False,False
synthetic/s7/0044,address,address,mock-a,mock-c,lot 3 jln pelabur 23 1 40300 shah alam selangor,lot 3 jln pelabur 23 1 40300 shah alam selangor,"LOT 3, JALAN PELABUR 23/1, 40300 SHAH ALAM, SELANGOR","LOT 3, JALAN PELABUR 23/1, 40300 SHAH ALAM, SELANGOR",True,False,False
synthetic/s7/0044,address,address,mock-a,mock-d,lot 3 jln pelabur 23 1 40300 shah alam selangor,lot 3 jln pelabur 23 1 40300 shah alam selangor,"LOT 3, JALAN PELABUR 23/1, 40300 SHAH ALAM, SELANGOR","LOT 3, JALAN PELABUR 23/1, 40300 SHAH ALAM, SELANGOR",True,False,False
synthetic/s7/0044,address,address,mock-b,mock-c,lot 3 jln pelabur 23 1 40300 shah alam selangor,lot 3 jln pelabur 23 1 40300 shah alam selangor,"LOT 3, JALAN PELABUR 23/1, 40300 SHAH ALAM, SELANGOR","LOT 3, JALAN PELABUR 23/1, 40300 SHAH ALAM, SELANGOR",True,False,False
synthetic/s7/0044,address,address,mock-b,mock-d,lot 3 jln pelabur 23 1 40300 shah alam selangor,lot 3 jln pelabur 23 1 40300 shah alam selangor,"LOT 3, JALAN PELABUR 23/1, 40300 SHAH ALAM, SELANGOR","LOT 3, JALAN PELABUR 23/1, 40300 SHAH ALAM, SELANGOR",True,False,False
synthetic/s7/0044,address,address,mock-c,mock-d,lot 3 jln pelabur 23 1 40300 shah alam selangor,lot 3 jln pelabur 23 1 40300 shah alam selangor,"LOT 3, JALAN PELABUR 23/1, 40300 SHAH ALAM, SELANGOR","LOT 3, JALAN PELABUR 23/1, 40300 SHAH ALAM, SELANGOR",True,False,False
synthetic/s7/0044,company,org,mock-a,mock-b,gardenia bakeries kl,gardenia bakeries kl,GARDENIA BAKERIES (KL) SDN BHD,GARDENIA BAKERIES (KL) SDN BHD,True,False,False
synthetic/s7/0044,company,org,mock-a,mock-c,gardenia bakeries kl,gardenia bakeries kl,GARDENIA BAKERIES (KL) SDN BHD,GARDENIA BAKERIES (KL) SDN BHD,True,False,False
synthetic/s7/0044,company,org,mock-a,mock-d,gardenia bakeries kl,gardenia bakeries kl,GARDENIA BAKERIES (KL) SDN BHD,GARDENIA BAKERIES (KL) SDN BHD,True,False,False
synthetic/s7/0044,company,org,mock-b,mock-c,gardenia bakeries kl,gardenia bakeries kl,GARDENIA BAKERIES (KL) SDN BHD,GARDENIA BAKERIES (KL) SDN BHD,True,False,False
synthetic/s7/0044,company,org,mock-b,mock-d,gardenia bakeries kl,gardenia bakeries kl,GARDENIA BAKERIES (KL) SDN BHD,GARDENIA BAKERIES (KL) SDN BHD,True,False,False
synthetic/s7/0044,company,org,mock-c,mock-d,gardenia bakeries kl,gardenia bakeries kl,GARDENIA BAKERIES (KL) SDN BHD,GARDENIA BAKERIES (KL) SDN BHD,True,False,False
synthetic/s7/0044,date,date,mock-a,mock-b,2018-09-05,2018-09-05,05/09/2018,05/09/2018,True,False,False
synthetic/s7/0044,date,date,mock-a,mock-c,2018-09-05,2018-05-09,05/09/2018,09/05/2018,False,False,False
synthetic/s7/0044,date,date,mock-a,mock-d,2018-09-05,2018-09-05,05/09/2018,05/09/2018,True,False,False
synthetic/s7/0044,date,date,mock-b,mock-c,2018-09-05,2018-05-09,05/09/2018,09/05/2018,False,False,False
synthetic/s7/0044,date,date,mock-b,mock-d,2018-09-05,2018-09-05,05/09/2018,05/09/2018,True,False,False
synthetic/s7/0044,date,date,mock-c,mock-d,2018-05-09,2018-09-05,09/05/2018,05/09/2018,False,False,False
synthetic/s7/0044,phone,phone,mock-a,mock-b,∅,∅,,,True,True,False
synthetic/s7/0044,phone,phone,mock-a,mock-c,∅,∅,,,True,True,False
synthetic/s7/0044,phone,phone,mock-a,mock-d,∅,∅,,,True,True,False
synthetic/s7/0044,phone,phone,mock-b,mock-c,∅,∅,,,True,True,False
synthetic/s7/0044,phone,phone,mock-b,mock-d,∅,∅,,,True,True,False
synthetic/s7/0044,phone,phone,mock-c,mock-d,∅,∅,,,True,True,False
synthetic/s7/0044,tax,money,mock-a,mock-b,0.86,0.86,0.86,0.86,True,False,False
synthetic/s7/0044,tax,money,mock-a,mock-c,0.86,0.86,0.86,0.86,True,False,False
synthetic/s7/0044,tax,money,mock-a,mock-d,0.86,0.86,0.86,0.86,True,False,False
synthetic/s7/0044,tax,money,mock-b,mock-c,0.86,0.86,0.86,0.86,True,False,False
synthetic/s7/0044,tax,money,mock-b,mock-d,0.86,0.86,0.86,0.86,True,False,False
synthetic/s7/0044,tax,money,mock-c,mock-d,0.86,0.86,0.86,0.86,True,False,False
synthetic/s7/0044,total,money,mock-a,mock-b,15.26,15.26,15.26,15.26,True,False,False
synthetic/s7/0044,total,money,mock-a,mock-c,15.26,15.26,15.26,15.26,True,False,False
synthetic/s7/0044,total,money,mock-a,mock-d,15.26,15.26,15.26,15.26,True,False,False
synthetic/s7/0044,total,money,mock-b,mock-c,15.26,15.26,15.26,15.26,True,False,False
synthetic/s7/0044,total,money,mock-b,mock-d,15.26,15.26,15.26,15.26,True,False,False
synthetic/s7/0044,total,money,mock-c,mock-d,15.26,15.26,15.26,15.26,True,False,False
synthetic/s7/0045,address,address,mock-a,mock-b,no 31g and 33g jln setia indah x u13 x 40170 setia alam,no 31g and 33g jln setia indah x u13 x 40170 setia alam,"NO. 31G&33G, JALAN SETIA INDAH X, U13/X, 40170 SETIA ALAM","NO. 31G&33G, JALAN SETIA INDAH X, U13/X, 40170 SETIA ALAM",True,False,False
synthetic/s7/0045,address,address,mock-a,mock-c,no 31g and 33g jln setia indah x u13 x 40170 setia alam,no 31g and 33g jln setia indah x u13 x 40170 setia alam,"NO. 31G&33G, JALAN SETIA INDAH X, U13/X, 40170 SETIA ALAM","NO. 31G&33G, JALAN SETIA INDAH X, U13/X, 40170 SETIA ALAM",True,False,False
synthetic/s7/0045,address,address,mock-a,mock-d,no 31g and 33g jln setia indah x u13 x 40170 setia alam,no 31g and 33g jln setia indah x u13 x 40170 setia alam,"NO. 31G&33G, JALAN SETIA INDAH X, U13/X, 40170 SETIA ALAM","NO. 31G&33G, JALAN SETIA INDAH X, U13/X, 40170 SETIA ALAM",True,False,False
synthetic/s7/0045,address,address,mock-b,mock-c,no 31g and 33g jln setia indah x u13 x 40170 setia alam,no 31g and 33g jln setia indah x u13 x 40170 setia alam,"NO. 31G&33G, JALAN SETIA INDAH X, U13/X, 40170 SETIA ALAM","NO. 31G&33G, JALAN SETIA INDAH X, U13/X, 40170 SETIA ALAM",True,False,False
synthetic/s7/0045,address,address,mock-b,mock-d,no 31g and 33g jln setia indah x u13 x 40170 setia alam,no 31g and 33g jln setia indah x u13 x 40170 setia alam,"NO. 31G&33G, JALAN SETIA INDAH X, U13/X, 40170 SETIA ALAM","NO. 31G&33G, JALAN SETIA INDAH X, U13/X, 40170 SETIA ALAM",True,False,False
synthetic/s7/0045,address,address,mock-c,mock-d,no 31g and 33g jln setia indah x u13 x 40170 setia alam,no 31g and 33g jln setia indah x u13 x 40170 setia alam,"NO. 31G&33G, JALAN SETIA INDAH X, U13/X, 40170 SETIA ALAM","NO. 31G&33G, JALAN SETIA INDAH X, U13/X, 40170 SETIA ALAM",True,False,False
synthetic/s7/0045,company,org,mock-a,mock-b,stationery shop,sanyu stationery shop,STATIONERY SHOP,SANYU STATIONERY SHOP,False,False,False
synthetic/s7/0045,company,org,mock-a,mock-c,stationery shop,sanyu stationery shop,STATIONERY SHOP,SANYU STATIONERY SHOP,False,False,False
synthetic/s7/0045,company,org,mock-a,mock-d,stationery shop,sanyu stationery shop,STATIONERY SHOP,SANYU STATIONERY SHOP,False,False,False
synthetic/s7/0045,company,org,mock-b,mock-c,sanyu stationery shop,sanyu stationery shop,SANYU STATIONERY SHOP,SANYU STATIONERY SHOP,True,False,False
synthetic/s7/0045,company,org,mock-b,mock-d,sanyu stationery shop,sanyu stationery shop,SANYU STATIONERY SHOP,SANYU STATIONERY SHOP,True,False,False
synthetic/s7/0045,company,org,mock-c,mock-d,sanyu stationery shop,sanyu stationery shop,SANYU STATIONERY SHOP,SANYU STATIONERY SHOP,True,False,False
synthetic/s7/0045,date,date,mock-a,mock-b,2018-01-18,2018-01-18,18/01/2018,18/01/2018,True,False,False
synthetic/s7/0045,date,date,mock-a,mock-c,2018-01-18,2018-01-18,18/01/2018,18/01/2018,True,False,False
synthetic/s7/0045,date,date,mock-a,mock-d,2018-01-18,2018-01-18,18/01/2018,18/01/2018,True,False,False
synthetic/s7/0045,date,date,mock-b,mock-c,2018-01-18,2018-01-18,18/01/2018,18/01/2018,True,False,False
synthetic/s7/0045,date,date,mock-b,mock-d,2018-01-18,2018-01-18,18/01/2018,18/01/2018,True,False,False
synthetic/s7/0045,date,date,mock-c,mock-d,2018-01-18,2018-01-18,18/01/2018,18/01/2018,True,False,False
synthetic/s7/0045,phone,phone,mock-a,mock-b,∅,∅,,,True,True,False
synthetic/s7/0045,phone,phone,mock-a,mock-c,∅,∅,,,True,True,False
synthetic/s7/0045,phone,phone,mock-a,mock-d,∅,312345678,,03-1234 5678,False,False,True
synthetic/s7/0045,phone,phone,mock-b,mock-c,∅,∅,,,True,True,False
synthetic/s7/0045,phone,phone,mock-b,mock-d,∅,312345678,,03-1234 5678,False,False,True
synthetic/s7/0045,phone,phone,mock-c,mock-d,∅,312345678,,03-1234 5678,False,False,True
synthetic/s7/0045,tax,money,mock-a,mock-b,0.43,0.43,0.43,0.43,True,False,False
synthetic/s7/0045,tax,money,mock-a,mock-c,0.43,0.43,0.43,0.43,True,False,False
synthetic/s7/0045,tax,money,mock-a,mock-d,0.43,0.43,0.43,0.43,True,False,False
synthetic/s7/0045,tax,money,mock-b,mock-c,0.43,0.43,0.43,0.43,True,False,False
synthetic/s7/0045,tax,money,mock-b,mock-d,0.43,0.43,0.43,0.43,True,False,False
synthetic/s7/0045,tax,money,mock-c,mock-d,0.43,0.43,0.43,0.43,True,False,False
synthetic/s7/0045,total,money,mock-a,mock-b,7.53,7.53,7.53,7.53,True,False,False
synthetic/s7/0045,total,money,mock-a,mock-c,7.53,7.53,7.53,7.53,True,False,False
synthetic/s7/0045,total,money,mock-a,mock-d,7.53,7.53,7.53,7.53,True,False,False
synthetic/s7/0045,total,money,mock-b,mock-c,7.53,7.53,7.53,7.53,True,False,False
synthetic/s7/0045,total,money,mock-b,mock-d,7.53,7.53,7.53,7.53,True,False,False
synthetic/s7/0045,total,money,mock-c,mock-d,7.53,7.53,7.53,7.53,True,False,False
synthetic/s7/0046,address,address,mock-a,mock-b,lot p t 2811 jln angsana tmn mutiara rini 81300 skudai,lot p t 2811 jln angsana tmn mutiara rini 81300 skudai,"LOT P.T. 2811, JALAN ANGSANA, TAMAN MUTIARA RINI, 81300 SKUDAI","LOT P.T. 2811, JALAN ANGSANA, TAMAN MUTIARA RINI, 81300 SKUDAI",True,False,False
synthetic/s7/0046,address,address,mock-a,mock-c,lot p t 2811 jln angsana tmn mutiara rini 81300 skudai,lot p t 2811 jln angsana tmn mutiara rini 81300 skudai,"LOT P.T. 2811, JALAN ANGSANA, TAMAN MUTIARA RINI, 81300 SKUDAI","LOT P.T. 2811, JALAN ANGSANA, TAMAN MUTIARA RINI, 81300 SKUDAI",True,False,False
synthetic/s7/0046,address,address,mock-a,mock-d,lot p t 2811 jln angsana tmn mutiara rini 81300 skudai,lot p t 2811 jln angsana tmn mutiara rini 81300 skudai,"LOT P.T. 2811, JALAN ANGSANA, TAMAN MUTIARA RINI, 81300 SKUDAI","LOT P.T. 2811, JALAN ANGSANA, TAMAN MUTIARA RINI, 81300 SKUDAI",True,False,False
synthetic/s7/0046,address,address,mock-b,mock-c,lot p t 2811 jln angsana tmn mutiara rini 81300 skudai,lot p t 2811 jln angsana tmn mutiara rini 81300 skudai,"LOT P.T. 2811, JALAN ANGSANA, TAMAN MUTIARA RINI, 81300 SKUDAI","LOT P.T. 2811, JALAN ANGSANA, TAMAN MUTIARA RINI, 81300 SKUDAI",True,False,False
synthetic/s7/0046,address,address,mock-b,mock-d,lot p t 2811 jln angsana tmn mutiara rini 81300 skudai,lot p t 2811 jln angsana tmn mutiara rini 81300 skudai,"LOT P.T. 2811, JALAN ANGSANA, TAMAN MUTIARA RINI, 81300 SKUDAI","LOT P.T. 2811, JALAN ANGSANA, TAMAN MUTIARA RINI, 81300 SKUDAI",True,False,False
synthetic/s7/0046,address,address,mock-c,mock-d,lot p t 2811 jln angsana tmn mutiara rini 81300 skudai,lot p t 2811 jln angsana tmn mutiara rini 81300 skudai,"LOT P.T. 2811, JALAN ANGSANA, TAMAN MUTIARA RINI, 81300 SKUDAI","LOT P.T. 2811, JALAN ANGSANA, TAMAN MUTIARA RINI, 81300 SKUDAI",True,False,False
synthetic/s7/0046,company,org,mock-a,mock-b,99 speed mart s b,99 speed mart s b,99 SPEED MART S/B,99 SPEED MART S/B,True,False,False
synthetic/s7/0046,company,org,mock-a,mock-c,99 speed mart s b,speed mart s b,99 SPEED MART S/B,SPEED MART S/B,False,False,False
synthetic/s7/0046,company,org,mock-a,mock-d,99 speed mart s b,99 speed mart s b,99 SPEED MART S/B,99 SPEED MART S/B,True,False,False
synthetic/s7/0046,company,org,mock-b,mock-c,99 speed mart s b,speed mart s b,99 SPEED MART S/B,SPEED MART S/B,False,False,False
synthetic/s7/0046,company,org,mock-b,mock-d,99 speed mart s b,99 speed mart s b,99 SPEED MART S/B,99 SPEED MART S/B,True,False,False
synthetic/s7/0046,company,org,mock-c,mock-d,speed mart s b,99 speed mart s b,SPEED MART S/B,99 SPEED MART S/B,False,False,False
synthetic/s7/0046,date,date,mock-a,mock-b,2018-03-11,2018-03-11,11/03/2018,11/03/2018,True,False,False
synthetic/s7/0046,date,date,mock-a,mock-c,2018-03-11,2018-11-03,11/03/2018,03/11/2018,False,False,False
synthetic/s7/0046,date,date,mock-a,mock-d,2018-03-11,2018-03-11,11/03/2018,11/03/2018,True,False,False
synthetic/s7/0046,date,date,mock-b,mock-c,2018-03-11,2018-11-03,11/03/2018,03/11/2018,False,False,False
synthetic/s7/0046,date,date,mock-b,mock-d,2018-03-11,2018-03-11,11/03/2018,11/03/2018,True,False,False
synthetic/s7/0046,date,date,mock-c,mock-d,2018-11-03,2018-03-11,03/11/2018,11/03/2018,False,False,False
synthetic/s7/0046,phone,phone,mock-a,mock-b,∅,312345678,,03-1234 5678,False,False,True
synthetic/s7/0046,phone,phone,mock-a,mock-c,∅,∅,,,True,True,False
synthetic/s7/0046,phone,phone,mock-a,mock-d,∅,∅,,,True,True,False
synthetic/s7/0046,phone,phone,mock-b,mock-c,312345678,∅,03-1234 5678,,False,False,True
synthetic/s7/0046,phone,phone,mock-b,mock-d,312345678,∅,03-1234 5678,,False,False,True
synthetic/s7/0046,phone,phone,mock-c,mock-d,∅,∅,,,True,True,False
synthetic/s7/0046,tax,money,mock-a,mock-b,∅,1.90,,1.90,False,False,True
synthetic/s7/0046,tax,money,mock-a,mock-c,∅,0.00,,0.00,False,False,True
synthetic/s7/0046,tax,money,mock-a,mock-d,∅,1.90,,1.90,False,False,True
synthetic/s7/0046,tax,money,mock-b,mock-c,1.90,0.00,1.90,0.00,False,False,False
synthetic/s7/0046,tax,money,mock-b,mock-d,1.90,1.90,1.90,1.90,True,False,False
synthetic/s7/0046,tax,money,mock-c,mock-d,0.00,1.90,0.00,1.90,False,False,False
synthetic/s7/0046,total,money,mock-a,mock-b,33.60,33.60,33.60,33.60,True,False,False
synthetic/s7/0046,total,money,mock-a,mock-c,33.60,33.60,33.60,33.60,True,False,False
synthetic/s7/0046,total,money,mock-a,mock-d,33.60,33.60,33.60,33.60,True,False,False
synthetic/s7/0046,total,money,mock-b,mock-c,33.60,33.60,33.60,33.60,True,False,False
synthetic/s7/0046,total,money,mock-b,mock-d,33.60,33.60,33.60,33.60,True,False,False
synthetic/s7/0046,total,money,mock-c,mock-d,33.60,33.60,33.60,33.60,True,False,False
synthetic/s7/0047,address,address,mock-a,mock-b,lot 276 jln banting 43800 dengkil selangor,lot 276 jln banting 43800 dengkil selangor,"LOT 276 JALAN BANTING, 43800 DENGKIL, SELANGOR","LOT 276 JALAN BANTING, 43800 DENGKIL, SELANGOR",True,False,False
synthetic/s7/0047,address,address,mock-a,mock-c,lot 276 jln banting 43800 dengkil selangor,lot 276 jln banting 43800 dengkil selangor,"LOT 276 JALAN BANTING, 43800 DENGKIL, SELANGOR","LOT 276 JALAN BANTING, 43800 DENGKIL, SELANGOR",True,False,False
synthetic/s7/0047,address,address,mock-a,mock-d,lot 276 jln banting 43800 dengkil selangor,lot 276 jln banting 43800 dengkil selangor,"LOT 276 JALAN BANTING, 43800 DENGKIL, SELANGOR","LOT 276 JALAN BANTING, 43800 DENGKIL, SELANGOR",True,False,False
synthetic/s7/0047,address,address,mock-b,mock-c,lot 276 jln banting 43800 dengkil selangor,lot 276 jln banting 43800 dengkil selangor,"LOT 276 JALAN BANTING, 43800 DENGKIL, SELANGOR","LOT 276 JALAN BANTING, 43800 DENGKIL, SELANGOR",True,False,False
synthetic/s7/0047,address,address,mock-b,mock-d,lot 276 jln banting 43800 dengkil selangor,lot 276 jln banting 43800 dengkil selangor,"LOT 276 JALAN BANTING, 43800 DENGKIL, SELANGOR","LOT 276 JALAN BANTING, 43800 DENGKIL, SELANGOR",True,False,False
synthetic/s7/0047,address,address,mock-c,mock-d,lot 276 jln banting 43800 dengkil selangor,lot 276 jln banting 43800 dengkil selangor,"LOT 276 JALAN BANTING, 43800 DENGKIL, SELANGOR","LOT 276 JALAN BANTING, 43800 DENGKIL, SELANGOR",True,False,False
synthetic/s7/0047,company,org,mock-a,mock-b,kedai papan yew chuan,∅,KEDAI PAPAN YEW CHUAN,,False,False,True
synthetic/s7/0047,company,org,mock-a,mock-c,kedai papan yew chuan,kedai papan yew chuan,KEDAI PAPAN YEW CHUAN,KEDAI PAPAN YEW CHUAN,True,False,False
synthetic/s7/0047,company,org,mock-a,mock-d,kedai papan yew chuan,kedai papan yew chuan,KEDAI PAPAN YEW CHUAN,KEDAI PAPAN YEW CHUAN,True,False,False
synthetic/s7/0047,company,org,mock-b,mock-c,∅,kedai papan yew chuan,,KEDAI PAPAN YEW CHUAN,False,False,True
synthetic/s7/0047,company,org,mock-b,mock-d,∅,kedai papan yew chuan,,KEDAI PAPAN YEW CHUAN,False,False,True
synthetic/s7/0047,company,org,mock-c,mock-d,kedai papan yew chuan,kedai papan yew chuan,KEDAI PAPAN YEW CHUAN,KEDAI PAPAN YEW CHUAN,True,False,False
synthetic/s7/0047,date,date,mock-a,mock-b,2019-08-15,∅,15/08/2019,,False,False,True
synthetic/s7/0047,date,date,mock-a,mock-c,2019-08-15,2019-08-15,15/08/2019,15/08/2019,True,False,False
synthetic/s7/0047,date,date,mock-a,mock-d,2019-08-15,∅,15/08/2019,,False,False,True
synthetic/s7/0047,date,date,mock-b,mock-c,∅,2019-08-15,,15/08/2019,False,False,True
synthetic/s7/0047,date,date,mock-b,mock-d,∅,∅,,,True,True,False
synthetic/s7/0047,date,date,mock-c,mock-d,2019-08-15,∅,15/08/2019,,False,False,True
synthetic/s7/0047,phone,phone,mock-a,mock-b,37314248,37314248,03-731 4248,03-731 4248,True,False,False
synthetic/s7/0047,phone,phone,mock-a,mock-c,37314248,37314248,03-731 4248,03-731 4248,True,False,False
synthetic/s7/0047,phone,phone,mock-a,mock-d,37314248,37314248,03-731 4248,03-731 4248,True,False,False
synthetic/s7/0047,phone,phone,mock-b,mock-c,37314248,37314248,03-731 4248,03-731 4248,True,False,False
synthetic/s7/0047,phone,phone,mock-b,mock-d,37314248,37314248,03-731 4248,03-731 4248,True,False,False
synthetic/s7/0047,phone,phone,mock-c,mock-d,37314248,37314248,03-731 4248,03-731 4248,True,False,False
synthetic/s7/0047,tax,money,mock-a,mock-b,∅,∅,,,True,True,False
synthetic/s7/0047,tax,money,mock-a,mock-c,∅,∅,,,True,True,False
synthetic/s7/0047,tax,money,mock-a,mock-d,∅,∅,,,True,True,False
synthetic/s7/0047,tax,money,mock-b,mock-c,∅,∅,,,True,True,False
synthetic/s7/0047,tax,money,mock-b,mock-d,∅,∅,,,True,True,False
synthetic/s7/0047,tax,money,mock-c,mock-d,∅,∅,,,True,True,False
synthetic/s7/0047,total,money,mock-a,mock-b,4.80,4.80,4.80,4.80,True,False,False
synthetic/s7/0047,total,money,mock-a,mock-c,4.80,4.80,4.80,4.80,True,False,False
synthetic/s7/0047,total,money,mock-a,mock-d,4.80,4.80,4.80,4.80,True,False,False
synthetic/s7/0047,total,money,mock-b,mock-c,4.80,4.80,4.80,4.80,True,False,False
synthetic/s7/0047,total,money,mock-b,mock-d,4.80,4.80,4.80,4.80,True,False,False
synthetic/s7/0047,total,money,mock-c,mock-d,4.80,4.80,4.80,4.80,True,False,False
synthetic/s7/0048,address,address,mock-a,mock-b,no 2 and 4 jln bayu 4 bdr seri alam 81750 masai,no 2 and 4 jln bayu 4 bdr seri alam 81750 masai johor,"NO 2 & 4, JALAN BAYU 4, BANDAR SERI ALAM, 81750 MASAI","NO 2 & 4, JALAN BAYU 4, BANDAR SERI ALAM, 81750 MASAI, JOHOR",False,False,False
synthetic/s7/0048,address,address,mock-a,mock-c,no 2 and 4 jln bayu 4 bdr seri alam 81750 masai,no 2 and 4 jln bayu 4 bdr seri alam 81750 masai johor,"NO 2 & 4, JALAN BAYU 4, BANDAR SERI ALAM, 81750 MASAI","NO 2 & 4, JALAN BAYU 4, BANDAR SERI ALAM, 81750 MASAI, JOHOR",False,False,False
synthetic/s7/0048,address,address,mock-a,mock-d,no 2 and 4 jln bayu 4 bdr seri alam 81750 masai,no 2 and 4 jln bayu 4 bdr seri alam 81750 masai johor,"NO 2 & 4, JALAN BAYU 4, BANDAR SERI ALAM, 81750 MASAI","NO 2 & 4, JALAN BAYU 4, BANDAR SERI ALAM, 81750 MASAI, JOHOR",False,False,False
synthetic/s7/0048,address,address,mock-b,mock-c,no 2 and 4 jln bayu 4 bdr seri alam 81750 masai johor,no 2 and 4 jln bayu 4 bdr seri alam 81750 masai johor,"NO 2 & 4, JALAN BAYU 4, BANDAR SERI ALAM, 81750 MASAI, JOHOR","NO 2 & 4, JALAN BAYU 4, BANDAR SERI ALAM, 81750 MASAI, JOHOR",True,False,False
synthetic/s7/0048,address,address,mock-b,mock-d,no 2 and 4 jln bayu 4 bdr seri alam 81750 masai johor,no 2 and 4 jln bayu 4 bdr seri alam 81750 masai johor,"NO 2 & 4, JALAN BAYU 4, BANDAR SERI ALAM, 81750 MASAI, JOHOR","NO 2 & 4, JALAN BAYU 4, BANDAR SERI ALAM, 81750 MASAI, JOHOR",True,False,False
synthetic/s7/0048,address,address,mock-c,mock-d,no 2 and 4 jln bayu 4 bdr seri alam 81750 masai johor,no 2 and 4 jln bayu 4 bdr seri alam 81750 masai johor,"NO 2 & 4, JALAN BAYU 4, BANDAR SERI ALAM, 81750 MASAI, JOHOR","NO 2 & 4, JALAN BAYU 4, BANDAR SERI ALAM, 81750 MASAI, JOHOR",True,False,False
synthetic/s7/0048,company,org,mock-a,mock-b,ojc marketing,∅,OJC MARKETING SDN BHD,,False,False,True
synthetic/s7/0048,company,org,mock-a,mock-c,ojc marketing,ojc marketing,OJC MARKETING SDN BHD,OJC MARKETING SDN BHD,True,False,False
synthetic/s7/0048,company,org,mock-a,mock-d,ojc marketing,ojc marketing,OJC MARKETING SDN BHD,OJC MARKETING SDN BHD,True,False,False
synthetic/s7/0048,company,org,mock-b,mock-c,∅,ojc marketing,,OJC MARKETING SDN BHD,False,False,True
synthetic/s7/0048,company,org,mock-b,mock-d,∅,ojc marketing,,OJC MARKETING SDN BHD,False,False,True
synthetic/s7/0048,company,org,mock-c,mock-d,ojc marketing,ojc marketing,OJC MARKETING SDN BHD,OJC MARKETING SDN BHD,True,False,False
synthetic/s7/0048,date,date,mock-a,mock-b,2019-11-05,2019-05-11,05/11/2019,11/05/2019,False,False,False
synthetic/s7/0048,date,date,mock-a,mock-c,2019-11-05,2019-05-11,05/11/2019,11/05/2019,False,False,False
synthetic/s7/0048,date,date,mock-a,mock-d,2019-11-05,2019-05-11,05/11/2019,11/05/2019,False,False,False
synthetic/s7/0048,date,date,mock-b,mock-c,2019-05-11,2019-05-11,11/05/2019,11/05/2019,True,False,False
synthetic/s7/0048,date,date,mock-b,mock-d,2019-05-11,2019-05-11,11/05/2019,11/05/2019,True,False,False
synthetic/s7/0048,date,date,mock-c,mock-d,2019-05-11,2019-05-11,11/05/2019,11/05/2019,True,False,False
synthetic/s7/0048,phone,phone,mock-a,mock-b,82014566,82014566,08-201 4566,08-201 4566,True,False,False
synthetic/s7/0048,phone,phone,mock-a,mock-c,82014566,82014566,08-201 4566,08-201 4566,True,False,False
synthetic/s7/0048,phone,phone,mock-a,mock-d,82014566,∅,08-201 4566,,False,False,True
synthetic/s7/0048,phone,phone,mock-b,mock-c,82014566,82014566,08-201 4566,08-201 4566,True,False,False
synthetic/s7/0048,phone,phone,mock-b,mock-d,82014566,∅,08-201 4566,,False,False,True
synthetic/s7/0048,phone,phone,mock-c,mock-d,82014566,∅,08-201 4566,,False,False,True
synthetic/s7/0048,tax,money,mock-a,mock-b,0.28,0.28,0.28,0.28,True,False,False
synthetic/s7/0048,tax,money,mock-a,mock-c,0.28,0.28,0.28,0.28,True,False,False
synthetic/s7/0048,tax,money,mock-a,mock-d,0.28,0.28,0.28,0.28,True,False,False
synthetic/s7/0048,tax,money,mock-b,mock-c,0.28,0.28,0.28,0.28,True,False,False
synthetic/s7/0048,tax,money,mock-b,mock-d,0.28,0.28,0.28,0.28,True,False,False
synthetic/s7/0048,tax,money,mock-c,mock-d,0.28,0.28,0.28,0.28,True,False,False
synthetic/s7/0048,total,money,mock-a,mock-b,4.98,4.98,4.98,4.98,True,False,False
synthetic/s7/0048,total,money,mock-a,mock-c,4.98,4.98,4.98,4.98,True,False,False
synthetic/s7/0048,total,money,mock-a,mock-d,4.98,4.98,4.98,4.98,True,False,False
synthetic/s7/0048,total,money,mock-b,mock-c,4.98,4.98,4.98,4.98,True,False,False
synthetic/s7/0048,total,money,mock-b,mock-d,4.98,4.98,4.98,4.98,True,False,False
synthetic/s7/0048,total,money,mock-c,mock-d,4.98,4.98,4.98,4.98,True,False,False
synthetic/s7/0049,address,address,mock-a,mock-b,no 59 jln permas 9 5 bdr baru permas jaya 81750 johor bahru,no 59 jln permas 9 5 bdr baru permas jaya 81750 johor bahru,"NO.59 JALAN PERMAS 9/5, BANDAR BARU PERMAS JAYA, 81750 JOHOR BAHRU","NO.59 JALAN PERMAS 9/5, BANDAR BARU PERMAS JAYA, 81750 JOHOR BAHRU",True,False,False
synthetic/s7/0049,address,address,mock-a,mock-c,no 59 jln permas 9 5 bdr baru permas jaya 81750 johor bahru,no 59 jln permas 9 5 bdr baru permas jaya 81750 johor bahru,"NO.59 JALAN PERMAS 9/5, BANDAR BARU PERMAS JAYA, 81750 JOHOR BAHRU","NO.59 JALAN PERMAS 9/5, BANDAR BARU PERMAS JAYA, 81750 JOHOR BAHRU",True,False,False
synthetic/s7/0049,address,address,mock-a,mock-d,no 59 jln permas 9 5 bdr baru permas jaya 81750 johor bahru,no 59 jln permas 9 5 bdr baru permas jaya 81750 johor bahru,"NO.59 JALAN PERMAS 9/5, BANDAR BARU PERMAS JAYA, 81750 JOHOR BAHRU","NO.59 JALAN PERMAS 9/5, BANDAR BARU PERMAS JAYA, 81750 JOHOR BAHRU",True,False,False
synthetic/s7/0049,address,address,mock-b,mock-c,no 59 jln permas 9 5 bdr baru permas jaya 81750 johor bahru,no 59 jln permas 9 5 bdr baru permas jaya 81750 johor bahru,"NO.59 JALAN PERMAS 9/5, BANDAR BARU PERMAS JAYA, 81750 JOHOR BAHRU","NO.59 JALAN PERMAS 9/5, BANDAR BARU PERMAS JAYA, 81750 JOHOR BAHRU",True,False,False
synthetic/s7/0049,address,address,mock-b,mock-d,no 59 jln permas 9 5 bdr baru permas jaya 81750 johor bahru,no 59 jln permas 9 5 bdr baru permas jaya 81750 johor bahru,"NO.59 JALAN PERMAS 9/5, BANDAR BARU PERMAS JAYA, 81750 JOHOR BAHRU","NO.59 JALAN PERMAS 9/5, BANDAR BARU PERMAS JAYA, 81750 JOHOR BAHRU",True,False,False
synthetic/s7/0049,address,address,mock-c,mock-d,no 59 jln permas 9 5 bdr baru permas jaya 81750 johor bahru,no 59 jln permas 9 5 bdr baru permas jaya 81750 johor bahru,"NO.59 JALAN PERMAS 9/5, BANDAR BARU PERMAS JAYA, 81750 JOHOR BAHRU","NO.59 JALAN PERMAS 9/5, BANDAR BARU PERMAS JAYA, 81750 JOHOR BAHRU",True,False,False
synthetic/s7/0049,company,org,mock-a,mock-b,perniagaan zheng hui,perniagaan zheng hui,PERNIAGAAN ZHENG HUI,PERNIAGAAN ZHENG HUI,True,False,False
synthetic/s7/0049,company,org,mock-a,mock-c,perniagaan zheng hui,perniagaan zheng hui,PERNIAGAAN ZHENG HUI,PERNIAGAAN ZHENG HUI,True,False,False
synthetic/s7/0049,company,org,mock-a,mock-d,perniagaan zheng hui,perniagaan zheng hui,PERNIAGAAN ZHENG HUI,PERNIAGAAN ZHENG HUI,True,False,False
synthetic/s7/0049,company,org,mock-b,mock-c,perniagaan zheng hui,perniagaan zheng hui,PERNIAGAAN ZHENG HUI,PERNIAGAAN ZHENG HUI,True,False,False
synthetic/s7/0049,company,org,mock-b,mock-d,perniagaan zheng hui,perniagaan zheng hui,PERNIAGAAN ZHENG HUI,PERNIAGAAN ZHENG HUI,True,False,False
synthetic/s7/0049,company,org,mock-c,mock-d,perniagaan zheng hui,perniagaan zheng hui,PERNIAGAAN ZHENG HUI,PERNIAGAAN ZHENG HUI,True,False,False
synthetic/s7/0049,date,date,mock-a,mock-b,2019-09-23,2019-09-23,23/09/2019,23/09/2019,True,False,False
synthetic/s7/0049,date,date,mock-a,mock-c,2019-09-23,2019-09-23,23/09/2019,23/09/2019,True,False,False
synthetic/s7/0049,date,date,mock-a,mock-d,2019-09-23,2019-09-23,23/09/2019,23/09/2019,True,False,False
synthetic/s7/0049,date,date,mock-b,mock-c,2019-09-23,2019-09-23,23/09/2019,23/09/2019,True,False,False
synthetic/s7/0049,date,date,mock-b,mock-d,2019-09-23,2019-09-23,23/09/2019,23/09/2019,True,False,False
synthetic/s7/0049,date,date,mock-c,mock-d,2019-09-23,2019-09-23,23/09/2019,23/09/2019,True,False,False
synthetic/s7/0049,phone,phone,mock-a,mock-b,∅,∅,,,True,True,False
synthetic/s7/0049,phone,phone,mock-a,mock-c,∅,∅,,,True,True,False
synthetic/s7/0049,phone,phone,mock-a,mock-d,∅,∅,,,True,True,False
synthetic/s7/0049,phone,phone,mock-b,mock-c,∅,∅,,,True,True,False
synthetic/s7/0049,phone,phone,mock-b,mock-d,∅,∅,,,True,True,False
synthetic/s7/0049,phone,phone,mock-c,mock-d,∅,∅,,,True,True,False
synthetic/s7/0049,tax,money,mock-a,mock-b,0.96,0.96,0.96,0.96,True,False,False
synthetic/s7/0049,tax,money,mock-a,mock-c,0.96,0.96,0.96,0.96,True,False,False
synthetic/s7/0049,tax,money,mock-a,mock-d,0.96,0.96,0.96,0.96,True,False,False
synthetic/s7/0049,tax,money,mock-b,mock-c,0.96,0.96,0.96,0.96,True,False,False
synthetic/s7/0049,tax,money,mock-b,mock-d,0.96,0.96,0.96,0.96,True,False,False
synthetic/s7/0049,tax,money,mock-c,mock-d,0.96,0.96,0.96,0.96,True,False,False
synthetic/s7/0049,total,money,mock-a,mock-b,14.96,14.96,14.96,14.96,True,False,False
synthetic/s7/0049,total,money,mock-a,mock-c,14.96,14.96,14.96,14.96,True,False,False
synthetic/s7/0049,total,money,mock-a,mock-d,14.96,14.96,14.96,14.96,True,False,False
synthetic/s7/0049,total,money,mock-b,mock-c,14.96,14.96,14.96,14.96,True,False,False
synthetic/s7/0049,total,money,mock-b,mock-d,14.96,14.96,14.96,14.96,True,False,False
synthetic/s7/0049,total,money,mock-c,mock-d,14.96,14.96,14.96,14.96,True,False,False
synthetic/s7/0050,address,address,mock-a,mock-b,lot 3 jln pelabur 23 1 40300 shah alam selangor,∅,"LOT 3, JALAN PELABUR 23/1, 40300 SHAH ALAM, SELANGOR",,False,False,True
synthetic/s7/0050,address,address,mock-a,mock-c,lot 3 jln pelabur 23 1 40300 shah alam selangor,lot 3 jln pelabur 23 1 40300 shah alam selangor,"LOT 3, JALAN PELABUR 23/1, 40300 SHAH ALAM, SELANGOR","LOT 3, JALAN PELABUR 23/1, 40300 SHAH ALAM, SELANGOR",True,False,False
synthetic/s7/0050,address,address,mock-a,mock-d,lot 3 jln pelabur 23 1 40300 shah alam selangor,lot 3 jln pelabur 23 1 40300 shah alam selangor,"LOT 3, JALAN PELABUR 23/1, 40300 SHAH ALAM, SELANGOR","LOT 3, JALAN PELABUR 23/1, 40300 SHAH ALAM, SELANGOR",True,False,False
synthetic/s7/0050,address,address,mock-b,mock-c,∅,lot 3 jln pelabur 23 1 40300 shah alam selangor,,"LOT 3, JALAN PELABUR 23/1, 40300 SHAH ALAM, SELANGOR",False,False,True
synthetic/s7/0050,address,address,mock-b,mock-d,∅,lot 3 jln pelabur 23 1 40300 shah alam selangor,,"LOT 3, JALAN PELABUR 23/1, 40300 SHAH ALAM, SELANGOR",False,False,True
synthetic/s7/0050,address,address,mock-c,mock-d,lot 3 jln pelabur 23 1 40300 shah alam selangor,lot 3 jln pelabur 23 1 40300 shah alam selangor,"LOT 3, JALAN PELABUR 23/1, 40300 SHAH ALAM, SELANGOR","LOT 3, JALAN PELABUR 23/1, 40300 SHAH ALAM, SELANGOR",True,False,False
synthetic/s7/0050,company,org,mock-a,mock-b,gardenia bakeries kl,gardenia bakeries kl,GARDENIA BAKERIES (KL) SDN BHD,GARDENIA BAKERIES (KL) SDN BHD,True,False,False
synthetic/s7/0050,company,org,mock-a,mock-c,gardenia bakeries kl,gardenia bakeries kl,GARDENIA BAKERIES (KL) SDN BHD,GARDENIA BAKERIES (KL) SDN BHD,True,False,False
synthetic/s7/0050,company,org,mock-a,mock-d,gardenia bakeries kl,gardenia bakeries kl,GARDENIA BAKERIES (KL) SDN BHD,GARDENIA BAKERIES (KL) SDN BHD,True,False,False
synthetic/s7/0050,company,org,mock-b,mock-c,gardenia bakeries kl,gardenia bakeries kl,GARDENIA BAKERIES (KL) SDN BHD,GARDENIA BAKERIES (KL) SDN BHD,True,False,False
synthetic/s7/0050,company,org,mock-b,mock-d,gardenia bakeries kl,gardenia bakeries kl,GARDENIA BAKERIES (KL) SDN BHD,GARDENIA BAKERIES (KL) SDN BHD,True,False,False
synthetic/s7/0050,company,org,mock-c,mock-d,gardenia bakeries kl,gardenia bakeries kl,GARDENIA BAKERIES (KL) SDN BHD,GARDENIA BAKERIES (KL) SDN BHD,True,False,False
synthetic/s7/0050,date,date,mock-a,mock-b,2019-02-15,∅,15/02/2019,,False,False,True
synthetic/s7/0050,date,date,mock-a,mock-c,2019-02-15,2019-02-15,15/02/2019,15/02/2019,True,False,False
synthetic/s7/0050,date,date,mock-a,mock-d,2019-02-15,∅,15/02/2019,,False,False,True
synthetic/s7/0050,date,date,mock-b,mock-c,∅,2019-02-15,,15/02/2019,False,False,True
synthetic/s7/0050,date,date,mock-b,mock-d,∅,∅,,,True,True,False
synthetic/s7/0050,date,date,mock-c,mock-d,2019-02-15,∅,15/02/2019,,False,False,True
synthetic/s7/0050,phone,phone,mock-a,mock-b,∅,86365289,,08-636 5289,False,False,True
synthetic/s7/0050,phone,phone,mock-a,mock-c,∅,86365289,,08-636 5289,False,False,True
synthetic/s7/0050,phone,phone,mock-a,mock-d,∅,∅,,,True,True,False
synthetic/s7/0050,phone,phone,mock-b,mock-c,86365289,86365289,08-636 5289,08-636 5289,True,False,False
synthetic/s7/0050,phone,phone,mock-b,mock-d,86365289,∅,08-636 5289,,False,False,True
synthetic/s7/0050,phone,phone,mock-c,mock-d,86365289,∅,08-636 5289,,False,False,True
synthetic/s7/0050,tax,money,mock-a,mock-b,2.35,∅,2.35,,False,False,True
synthetic/s7/0050,tax,money,mock-a,mock-c,2.35,2.35,2.35,2.35,True,False,False
synthetic/s7/0050,tax,money,mock-a,mock-d,2.35,2.39,2.35,2.39,False,False,False
synthetic/s7/0050,tax,money,mock-b,mock-c,∅,2.35,,2.35,False,False,True
synthetic/s7/0050,tax,money,mock-b,mock-d,∅,2.39,,2.39,False,False,True
synthetic/s7/0050,tax,money,mock-c,mock-d,2.35,2.39,2.35,2.39,False,False,False
synthetic/s7/0050,total,money,mock-a,mock-b,41.45,41.45,41.45,41.45,True,False,False
synthetic/s7/0050,total,money,mock-a,mock-c,41.45,41.45,41.45,41.45,True,False,False
synthetic/s7/0050,total,money,mock-a,mock-d,41.45,41.45,41.45,41.45,True,False,False
synthetic/s7/0050,total,money,mock-b,mock-c,41.45,41.45,41.45,41.45,True,False,False
synthetic/s7/0050,total,money,mock-b,mock-d,41.45,41.45,41.45,41.45,True,False,False
synthetic/s7/0050,total,money,mock-c,mock-d,41.45,41.45,41.45,41.45,True,False,False
synthetic/s7/0051,address,address,mock-a,mock-b,no 31g and 33g jln setia indah x u13 x 40170 setia alam,no 31g and 33g jln setia indah x u13 x 40170 setia alam,"NO. 31G&33G, JALAN SETIA INDAH X, U13/X, 40170 SETIA ALAM","NO. 31G&33G, JALAN SETIA INDAH X, U13/X, 40170 SETIA ALAM",True,False,False
synthetic/s7/0051,address,address,mock-a,mock-c,no 31g and 33g jln setia indah x u13 x 40170 setia alam,∅,"NO. 31G&33G, JALAN SETIA INDAH X, U13/X, 40170 SETIA ALAM",,False,False,True
synthetic/s7/0051,address,address,mock-a,mock-d,no 31g and 33g jln setia indah x u13 x 40170 setia alam,no 31g and 33g jln setia indah x u13 x 40170 setia alam,"NO. 31G&33G, JALAN SETIA INDAH X, U13/X, 40170 SETIA ALAM","NO. 31G&33G, JALAN SETIA INDAH X, U13/X, 40170 SETIA ALAM",True,False,False
synthetic/s7/0051,address,address,mock-b,mock-c,no 31g and 33g jln setia indah x u13 x 40170 setia alam,∅,"NO. 31G&33G, JALAN SETIA INDAH X, U13/X, 40170 SETIA ALAM",,False,False,True
synthetic/s7/0051,address,address,mock-b,mock-d,no 31g and 33g jln setia indah x u13 x 40170 setia alam,no 31g and 33g jln setia indah x u13 x 40170 setia alam,"NO. 31G&33G, JALAN SETIA INDAH X, U13/X, 40170 SETIA ALAM","NO. 31G&33G, JALAN SETIA INDAH X, U13/X, 40170 SETIA ALAM",True,False,False
synthetic/s7/0051,address,address,mock-c,mock-d,∅,no 31g and 33g jln setia indah x u13 x 40170 setia alam,,"NO. 31G&33G, JALAN SETIA INDAH X, U13/X, 40170 SETIA ALAM",False,False,True
synthetic/s7/0051,company,org,mock-a,mock-b,sanyu stationery shop,sanyu stationery shop,SANYU STATIONERY SHOP,SANYU STATIONERY SHOP,True,False,False
synthetic/s7/0051,company,org,mock-a,mock-c,sanyu stationery shop,sanyu stationery shop,SANYU STATIONERY SHOP,SANYU STATIONERY SHOP,True,False,False
synthetic/s7/0051,company,org,mock-a,mock-d,sanyu stationery shop,sanyu stationery shop,SANYU STATIONERY SHOP,SANYU STATIONERY SHOP,True,False,False
synthetic/s7/0051,company,org,mock-b,mock-c,sanyu stationery shop,sanyu stationery shop,SANYU STATIONERY SHOP,SANYU STATIONERY SHOP,True,False,False
synthetic/s7/0051,company,org,mock-b,mock-d,sanyu stationery shop,sanyu stationery shop,SANYU STATIONERY SHOP,SANYU STATIONERY SHOP,True,False,False
synthetic/s7/0051,company,org,mock-c,mock-d,sanyu stationery shop,sanyu stationery shop,SANYU STATIONERY SHOP,SANYU STATIONERY SHOP,True,False,False
synthetic/s7/0051,date,date,mock-a,mock-b,2019-11-27,2019-11-27,27/11/2019,27/11/2019,True,False,False
synthetic/s7/0051,date,date,mock-a,mock-c,2019-11-27,2019-11-27,27/11/2019,27/11/2019,True,False,False
synthetic/s7/0051,date,date,mock-a,mock-d,2019-11-27,2019-11-27,27/11/2019,27/11/2019,True,False,False
synthetic/s7/0051,date,date,mock-b,mock-c,2019-11-27,2019-11-27,27/11/2019,27/11/2019,True,False,False
synthetic/s7/0051,date,date,mock-b,mock-d,2019-11-27,2019-11-27,27/11/2019,27/11/2019,True,False,False
synthetic/s7/0051,date,date,mock-c,mock-d,2019-11-27,2019-11-27,27/11/2019,27/11/2019,True,False,False
synthetic/s7/0051,phone,phone,mock-a,mock-b,∅,∅,,,True,True,False
synthetic/s7/0051,phone,phone,mock-a,mock-c,∅,∅,,,True,True,False
synthetic/s7/0051,phone,phone,mock-a,mock-d,∅,∅,,,True,True,False
synthetic/s7/0051,phone,phone,mock-b,mock-c,∅,∅,,,True,True,False
synthetic/s7/0051,phone,phone,mock-b,mock-d,∅,∅,,,True,True,False
synthetic/s7/0051,phone,phone,mock-c,mock-d,∅,∅,,,True,True,False
synthetic/s7/0051,tax,money,mock-a,mock-b,1.08,1.08,1.08,1.08,True,False,False
synthetic/s7/0051,tax,money,mock-a,mock-c,1.08,8.08,1.08,8.08,False,False,False
synthetic/s7/0051,tax,money,mock-a,mock-d,1.08,1.08,1.08,1.08,True,False,False
synthetic/s7/0051,tax,money,mock-b,mock-c,1.08,8.08,1.08,8.08,False,False,False
synthetic/s7/0051,tax,money,mock-b,mock-d,1.08,1.08,1.08,1.08,True,False,False
synthetic/s7/0051,tax,money,mock-c,mock-d,8.08,1.08,8.08,1.08,False,False,False
synthetic/s7/0051,total,money,mock-a,mock-b,19.08,19.08,19.08,19.08,True,False,False
synthetic/s7/0051,total,money,mock-a,mock-c,19.08,19.08,19.08,19.08,True,False,False
synthetic/s7/0051,total,money,mock-a,mock-d,19.08,19.08,19.08,19.08,True,False,False
synthetic/s7/0051,total,money,mock-b,mock-c,19.08,19.08,19.08,19.08,True,False,False
synthetic/s7/0051,total,money,mock-b,mock-d,19.08,19.08,19.08,19.08,True,False,False
synthetic/s7/0051,total,money,mock-c,mock-d,19.08,19.08,19.08,19.08,True,False,False
synthetic/s7/0052,address,address,mock-a,mock-b,lot p t 2811 jln angsana tmn mutiara rini 81300 skudai,lot p t 2811 jln angsana tmn mutiara rini,"LOT P.T. 2811, JALAN ANGSANA, TAMAN MUTIARA RINI, 81300 SKUDAI","LOT P.T. 2811, JALAN ANGSANA, TAMAN MUTIARA RINI",False,False,False
synthetic/s7/0052,address,address,mock-a,mock-c,lot p t 2811 jln angsana tmn mutiara rini 81300 skudai,lot p t 2811 jln angsana tmn mutiara rini 81300 skudai,"LOT P.T. 2811, JALAN ANGSANA, TAMAN MUTIARA RINI, 81300 SKUDAI","LOT P.T. 2811, JALAN ANGSANA, TAMAN MUTIARA RINI, 81300 SKUDAI",True,False,False
synthetic/s7/0052,address,address,mock-a,mock-d,lot p t 2811 jln angsana tmn mutiara rini 81300 skudai,lot p t 2811 jln angsana tmn mutiara rini,"LOT P.T. 2811, JALAN ANGSANA, TAMAN MUTIARA RINI, 81300 SKUDAI","LOT P.T. 2811, JALAN ANGSANA, TAMAN MUTIARA RINI",False,False,False
synthetic/s7/0052,address,address,mock-b,mock-c,lot p t 2811 jln angsana tmn mutiara rini,lot p t 2811 jln angsana tmn mutiara rini 81300 skudai,"LOT P.T. 2811, JALAN ANGSANA, TAMAN MUTIARA RINI","LOT P.T. 2811, JALAN ANGSANA, TAMAN MUTIARA RINI, 81300 SKUDAI",False,False,False
synthetic/s7/0052,address,address,mock-b,mock-d,lot p t 2811 jln angsana tmn mutiara rini,lot p t 2811 jln angsana tmn mutiara rini,"LOT P.T. 2811, JALAN ANGSANA, TAMAN MUTIARA RINI","LOT P.T. 2811, JALAN ANGSANA, TAMAN MUTIARA RINI",True,False,False
synthetic/s7/0052,address,address,mock-c,mock-d,lot p t 2811 jln angsana tmn mutiara rini 81300 skudai,lot p t 2811 jln angsana tmn mutiara rini,"LOT P.T. 2811, JALAN ANGSANA, TAMAN MUTIARA RINI, 81300 SKUDAI","LOT P.T. 2811, JALAN ANGSANA, TAMAN MUTIARA RINI",False,False,False
synthetic/s7/0052,company,org,mock-a,mock-b,99 speed mart,99 speed mart,99 SPEED MART,99 SPEED MART,True,False,False
synthetic/s7/0052,company,org,mock-a,mock-c,99 speed mart,∅,99 SPEED MART,,False,False,True
synthetic/s7/0052,company,org,mock-a,mock-d,99 speed mart,99 speed mart s b,99 SPEED MART,99 SPEED MART S/B,False,False,False
synthetic/s7/0052,company,org,mock-b,mock-c,99 speed mart,∅,99 SPEED MART,,False,False,True
synthetic/s7/0052,company,org,mock-b,mock-d,99 speed mart,99 speed mart s b,99 SPEED MART,99 SPEED MART S/B,False,False,False
synthetic/s7/0052,company,org,mock-c,mock-d,∅,99 speed mart s b,,99 SPEED MART S/B,False,False,True
synthetic/s7/0052,date,date,mock-a,mock-b,2019-01-06,2019-01-06,06/01/2019,06/01/2019,True,False,False
synthetic/s7/0052,date,date,mock-a,mock-c,2019-01-06,2019-01-06,06/01/2019,06/01/2019,True,False,False
synthetic/s7/0052,date,date,mock-a,mock-d,2019-01-06,2019-01-06,06/01/2019,06/01/2019,True,False,False
synthetic/s7/0052,date,date,mock-b,mock-c,2019-01-06,2019-01-06,06/01/2019,06/01/2019,True,False,False
synthetic/s7/0052,date,date,mock-b,mock-d,2019-01-06,2019-01-06,06/01/2019,06/01/2019,True,False,False
synthetic/s7/0052,date,date,mock-c,mock-d,2019-01-06,2019-01-06,06/01/2019,06/01/2019,True,False,False
synthetic/s7/0052,phone,phone,mock-a,mock-b,39606428,39606428,03-960 6428,03-960 6428,True,False,False
synthetic/s7/0052,phone,phone,mock-a,mock-c,39606428,39606428,03-960 6428,03-960 6428,True,False,False
synthetic/s7/0052,phone,phone,mock-a,mock-d,39606428,39606428,03-960 6428,03-960 6428,True,False,False
synthetic/s7/0052,phone,phone,mock-b,mock-c,39606428,39606428,03-960 6428,03-960 6428,True,False,False
synthetic/s7/0052,phone,phone,mock-b,mock-d,39606428,39606428,03-960 6428,03-960 6428,True,False,False
synthetic/s7/0052,phone,phone,mock-c,mock-d,39606428,39606428,03-960 6428,03-960 6428,True,False,False
synthetic/s7/0052,tax,money,mock-a,mock-b,3.48,∅,3.48,,False,False,True
synthetic/s7/0052,tax,money,mock-a,mock-c,3.48,3.28,3.48,3.28,False,False,False
synthetic/s7/0052,tax,money,mock-a,mock-d,3.48,3.28,3.48,3.28,False,False,False
synthetic/s7/0052,tax,money,mock-b,mock-c,∅,3.28,,3.28,False,False,True
synthetic/s7/0052,tax,money,mock-b,mock-d,∅,3.28,,3.28,False,False,True
synthetic/s7/0052,tax,money,mock-c,mock-d,3.28,3.28,3.28,3.28,True,False,False
synthetic/s7/0052,total,money,mock-a,mock-b,57.88,57.88,57.88,57.88,True,False,False
synthetic/s7/0052,total,money,mock-a,mock-c,57.88,57.88,57.88,57.88,True,False,False
synthetic/s7/0052,total,money,mock-a,mock-d,57.88,57.88,57.88,57.88,True,False,False
synthetic/s7/0052,total,money,mock-b,mock-c,57.88,57.88,57.88,57.88,True,False,False
synthetic/s7/0052,total,money,mock-b,mock-d,57.88,57.88,57.88,57.88,True,False,False
synthetic/s7/0052,total,money,mock-c,mock-d,57.88,57.88,57.88,57.88,True,False,False
synthetic/s7/0053,address,address,mock-a,mock-b,lot 276 jln banting 43800 dengkil selangor,lot 276 jln banting 43800 dengkil selangor,"LOT 276 JALAN BANTING, 43800 DENGKIL, SELANGOR","LOT 276 JALAN BANTING, 43800 DENGKIL, SELANGOR",True,False,False
synthetic/s7/0053,address,address,mock-a,mock-c,lot 276 jln banting 43800 dengkil selangor,lot 276 jln banting 43800 dengkil selangor,"LOT 276 JALAN BANTING, 43800 DENGKIL, SELANGOR","LOT 276 JALAN BANTING, 43800 DENGKIL, SELANGOR",True,False,False
synthetic/s7/0053,address,address,mock-a,mock-d,lot 276 jln banting 43800 dengkil selangor,lot 276 jln banting 43800 dengkil selangor,"LOT 276 JALAN BANTING, 43800 DENGKIL, SELANGOR","LOT 276 JALAN BANTING, 43800 DENGKIL, SELANGOR",True,False,False
synthetic/s7/0053,address,address,mock-b,mock-c,lot 276 jln banting 43800 dengkil selangor,lot 276 jln banting 43800 dengkil selangor,"LOT 276 JALAN BANTING, 43800 DENGKIL, SELANGOR","LOT 276 JALAN BANTING, 43800 DENGKIL, SELANGOR",True,False,False
synthetic/s7/0053,address,address,mock-b,mock-d,lot 276 jln banting 43800 dengkil selangor,lot 276 jln banting 43800 dengkil selangor,"LOT 276 JALAN BANTING, 43800 DENGKIL, SELANGOR","LOT 276 JALAN BANTING, 43800 DENGKIL, SELANGOR",True,False,False
synthetic/s7/0053,address,address,mock-c,mock-d,lot 276 jln banting 43800 dengkil selangor,lot 276 jln banting 43800 dengkil selangor,"LOT 276 JALAN BANTING, 43800 DENGKIL, SELANGOR","LOT 276 JALAN BANTING, 43800 DENGKIL, SELANGOR",True,False,False
synthetic/s7/0053,company,org,mock-a,mock-b,kedai papan yew chuan,kedai papan yew chuan,KEDAI PAPAN YEW CHUAN,KEDAI PAPAN YEW CHUAN,True,False,False
synthetic/s7/0053,company,org,mock-a,mock-c,kedai papan yew chuan,kedai papan yew chuan,KEDAI PAPAN YEW CHUAN,KEDAI PAPAN YEW CHUAN,True,False,False
synthetic/s7/0053,company,org,mock-a,mock-d,kedai papan yew chuan,papan yew chuan,KEDAI PAPAN YEW CHUAN,PAPAN YEW CHUAN,False,False,False
synthetic/s7/0053,company,org,mock-b,mock-c,kedai papan yew chuan,kedai papan yew chuan,KEDAI PAPAN YEW CHUAN,KEDAI PAPAN YEW CHUAN,True,False,False
synthetic/s7/0053,company,org,mock-b,mock-d,kedai papan yew chuan,papan yew chuan,KEDAI PAPAN YEW CHUAN,PAPAN YEW CHUAN,False,False,False
synthetic/s7/0053,company,org,mock-c,mock-d,kedai papan yew chuan,papan yew chuan,KEDAI PAPAN YEW CHUAN,PAPAN YEW CHUAN,False,False,False
synthetic/s7/0053,date,date,mock-a,mock-b,2018-07-27,2018-07-27,27/07/2018,27/07/2018,True,False,False
synthetic/s7/0053,date,date,mock-a,mock-c,2018-07-27,2018-07-27,27/07/2018,27/07/2018,True,False,False
synthetic/s7/0053,date,date,mock-a,mock-d,2018-07-27,∅,27/07/2018,,False,False,True
synthetic/s7/0053,date,date,mock-b,mock-c,2018-07-27,2018-07-27,27/07/2018,27/07/2018,True,False,False
synthetic/s7/0053,date,date,mock-b,mock-d,2018-07-27,∅,27/07/2018,,False,False,True
synthetic/s7/0053,date,date,mock-c,mock-d,2018-07-27,∅,27/07/2018,,False,False,True
synthetic/s7/0053,phone,phone,mock-a,mock-b,64992251,64992251,06-499 2251,06-499 2251,True,False,False
synthetic/s7/0053,phone,phone,mock-a,mock-c,64992251,64992251,06-499 2251,06-499 2251,True,False,False
synthetic/s7/0053,phone,phone,mock-a,mock-d,64992251,64992251,06-499 2251,06-499 2251,True,False,False
synthetic/s7/0053,phone,phone,mock-b,mock-c,64992251,64992251,06-499 2251,06-499 2251,True,False,False
synthetic/s7/0053,phone,phone,mock-b,mock-d,64992251,64992251,06-499 2251,06-499 2251,True,False,False
synthetic/s7/0053,phone,phone,mock-c,mock-d,64992251,64992251,06-499 2251,06-499 2251,True,False,False
synthetic/s7/0053,tax,money,mock-a,mock-b,5.17,1.17,5.17,1.17,False,False,False
synthetic/s7/0053,tax,money,mock-a,mock-c,5.17,1.17,5.17,1.17,False,False,False
synthetic/s7/0053,tax,money,mock-a,mock-d,5.17,1.17,5.17,1.17,False,False,False
synthetic/s7/0053,tax,money,mock-b,mock-c,1.17,1.17,1.17,1.17,True,False,False
synthetic/s7/0053,tax,money,mock-b,mock-d,1.17,1.17,1.17,1.17,True,False,False
synthetic/s7/0053,tax,money,mock-c,mock-d,1.17,1.17,1.17,1.17,True,False,False
synthetic/s7/0053,total,money,mock-a,mock-b,20.67,∅,20.67,,False,False,True
synthetic/s7/0053,total,money,mock-a,mock-c,20.67,20.67,20.67,20.67,True,False,False
synthetic/s7/0053,total,money,mock-a,mock-d,20.67,20.67,20.67,20.67,True,False,False
synthetic/s7/0053,total,money,mock-b,mock-c,∅,20.67,,20.67,False,False,True
synthetic/s7/0053,total,money,mock-b,mock-d,∅,20.67,,20.67,False,False,True
synthetic/s7/0053,total,money,mock-c,mock-d,20.67,20.67,20.67,20.67,True,False,False
synthetic/s7/0054,address,address,mock-a,mock-b,no 2 and 4 jln bayu 4 bdr seri alam 81750 masai johor,no 2 and 4 jln bayu 4 bdr seri alam 81750 masai johor,"NO 2 & 4, JALAN BAYU 4, BANDAR SERI ALAM, 81750 MASAI, JOHOR","NO 2 & 4, JALAN BAYU 4, BANDAR SERI ALAM, 81750 MASAI, JOHOR",True,False,False
synthetic/s7/0054,address,address,mock-a,mock-c,no 2 and 4 jln bayu 4 bdr seri alam 81750 masai johor,no 2 and 4 jln bayu 4 bdr seri alam 81750 masai johor,"NO 2 & 4, JALAN BAYU 4, BANDAR SERI ALAM, 81750 MASAI, JOHOR","NO 2 & 4, JALAN BAYU 4, BANDAR SERI ALAM, 81750 MASAI, JOHOR",True,False,False
synthetic/s7/0054,address,address,mock-a,mock-d,no 2 and 4 jln bayu 4 bdr seri alam 81750 masai johor,no 2 and 4 jln bayu 4 bdr seri alam 81750 masai johor,"NO 2 & 4, JALAN BAYU 4, BANDAR SERI ALAM, 81750 MASAI, JOHOR","NO 2 & 4, JALAN BAYU 4, BANDAR SERI ALAM, 81750 MASAI, JOHOR",True,False,False
synthetic/s7/0054,address,address,mock-b,mock-c,no 2 and 4 jln bayu 4 bdr seri alam 81750 masai johor,no 2 and 4 jln bayu 4 bdr seri alam 81750 masai johor,"NO 2 & 4, JALAN BAYU 4, BANDAR SERI ALAM, 81750 MASAI, JOHOR","NO 2 & 4, JALAN BAYU 4, BANDAR SERI ALAM, 81750 MASAI, JOHOR",True,False,False
synthetic/s7/0054,address,address,mock-b,mock-d,no 2 and 4 jln bayu 4 bdr seri alam 81750 masai johor,no 2 and 4 jln bayu 4 bdr seri alam 81750 masai johor,"NO 2 & 4, JALAN BAYU 4, BANDAR SERI ALAM, 81750 MASAI, JOHOR","NO 2 & 4, JALAN BAYU 4, BANDAR SERI ALAM, 81750 MASAI, JOHOR",True,False,False
synthetic/s7/0054,address,address,mock-c,mock-d,no 2 and 4 jln bayu 4 bdr seri alam 81750 masai johor,no 2 and 4 jln bayu 4 bdr seri alam 81750 masai johor,"NO 2 & 4, JALAN BAYU 4, BANDAR SERI ALAM, 81750 MASAI, JOHOR","NO 2 & 4, JALAN BAYU 4, BANDAR SERI ALAM, 81750 MASAI, JOHOR",True,False,False
synthetic/s7/0054,company,org,mock-a,mock-b,ojc marketing,∅,OJC MARKETING SDN BHD,,False,False,True
synthetic/s7/0054,company,org,mock-a,mock-c,ojc marketing,ojc marketing,OJC MARKETING SDN BHD,OJC MARKETING SDN BHD,True,False,False
synthetic/s7/0054,company,org,mock-a,mock-d,ojc marketing,ojc marketing,OJC MARKETING SDN BHD,OJC MARKETING SDN BHD,True,False,False
synthetic/s7/0054,company,org,mock-b,mock-c,∅,ojc marketing,,OJC MARKETING SDN BHD,False,False,True
synthetic/s7/0054,company,org,mock-b,mock-d,∅,ojc marketing,,OJC MARKETING SDN BHD,False,False,True
synthetic/s7/0054,company,org,mock-c,mock-d,ojc marketing,ojc marketing,OJC MARKETING SDN BHD,OJC MARKETING SDN BHD,True,False,False
synthetic/s7/0054,date,date,mock-a,mock-b,2019-01-28,2019-01-28,01/28/2019,28/01/2019,True,False,False
synthetic/s7/0054,date,date,mock-a,mock-c,2019-01-28,2019-01-28,01/28/2019,28/01/2019,True,False,False
synthetic/s7/0054,date,date,mock-a,mock-d,2019-01-28,2019-01-28,01/28/2019,28/01/2019,True,False,False
synthetic/s7/0054,date,date,mock-b,mock-c,2019-01-28,2019-01-28,28/01/2019,28/01/2019,True,False,False
synthetic/s7/0054,date,date,mock-b,mock-d,2019-01-28,2019-01-28,28/01/2019,28/01/2019,True,False,False
synthetic/s7/0054,date,date,mock-c,mock-d,2019-01-28,2019-01-28,28/01/2019,28/01/2019,True,False,False
synthetic/s7/0054,phone,phone,mock-a,mock-b,43555353,43555353,04-355 5353,04-355 5353,True,False,False
synthetic/s7/0054,phone,phone,mock-a,mock-c,43555353,43555353,04-355 5353,04-355 5353,True,False,False
synthetic/s7/0054,phone,phone,mock-a,mock-d,43555353,43555353,04-355 5353,04-355 5353,True,False,False
synthetic/s7/0054,phone,phone,mock-b,mock-c,43555353,43555353,04-355 5353,04-355 5353,True,False,False
synthetic/s7/0054,phone,phone,mock-b,mock-d,43555353,43555353,04-355 5353,04-355 5353,True,False,False
synthetic/s7/0054,phone,phone,mock-c,mock-d,43555353,43555353,04-355 5353,04-355 5353,True,False,False
synthetic/s7/0054,tax,money,mock-a,mock-b,∅,∅,,,True,True,False
synthetic/s7/0054,tax,money,mock-a,mock-c,∅,∅,,,True,True,False
synthetic/s7/0054,tax,money,mock-a,mock-d,∅,∅,,,True,True,False
synthetic/s7/0054,tax,money,mock-b,mock-c,∅,∅,,,True,True,False
synthetic/s7/0054,tax,money,mock-b,mock-d,∅,∅,,,True,True,False
synthetic/s7/0054,tax,money,mock-c,mock-d,∅,∅,,,True,True,False
synthetic/s7/0054,total,money,mock-a,mock-b,1.50,1.50,1.50,1.50,True,False,False
synthetic/s7/0054,total,money,mock-a,mock-c,1.50,1.50,1.50,1.50,True,False,False
synthetic/s7/0054,total,money,mock-a,mock-d,1.50,1.50,1.50,1.50,True,False,False
synthetic/s7/0054,total,money,mock-b,mock-c,1.50,1.50,1.50,1.50,True,False,False
synthetic/s7/0054,total,money,mock-b,mock-d,1.50,1.50,1.50,1.50,True,False,False
synthetic/s7/0054,total,money,mock-c,mock-d,1.50,1.50,1.50,1.50,True,False,False
synthetic/s7/0055,address,address,mock-a,mock-b,no 59 jln permas 9 5 bdr baru permas jaya 81750 johor bahru,no 59 jln permas 9 5 bdr baru permas jaya 81750 johor bahru,"NO.59 JALAN PERMAS 9/5, BANDAR BARU PERMAS JAYA, 81750 JOHOR BAHRU","NO.59 JALAN PERMAS 9/5, BANDAR BARU PERMAS JAYA, 81750 JOHOR BAHRU",True,False,False
synthetic/s7/0055,address,address,mock-a,mock-c,no 59 jln permas 9 5 bdr baru permas jaya 81750 johor bahru,no 59 jln permas 9 5 bdr baru permas jaya 81750 johor bahru,"NO.59 JALAN PERMAS 9/5, BANDAR BARU PERMAS JAYA, 81750 JOHOR BAHRU","NO.59 JALAN PERMAS 9/5, BANDAR BARU PERMAS JAYA, 81750 JOHOR BAHRU",True,False,False
synthetic/s7/0055,address,address,mock-a,mock-d,no 59 jln permas 9 5 bdr baru permas jaya 81750 johor bahru,no 59 jln permas 9 5 bdr baru permas jaya 81750 johor bahru,"NO.59 JALAN PERMAS 9/5, BANDAR BARU PERMAS JAYA, 81750 JOHOR BAHRU","NO.59 JALAN PERMAS 9/5, BANDAR BARU PERMAS JAYA, 81750 JOHOR BAHRU",True,False,False
synthetic/s7/0055,address,address,mock-b,mock-c,no 59 jln permas 9 5 bdr baru permas jaya 81750 johor bahru,no 59 jln permas 9 5 bdr baru permas jaya 81750 johor bahru,"NO.59 JALAN PERMAS 9/5, BANDAR BARU PERMAS JAYA, 81750 JOHOR BAHRU","NO.59 JALAN PERMAS 9/5, BANDAR BARU PERMAS JAYA, 81750 JOHOR BAHRU",True,False,False
synthetic/s7/0055,address,address,mock-b,mock-d,no 59 jln permas 9 5 bdr baru permas jaya 81750 johor bahru,no 59 jln permas 9 5 bdr baru permas jaya 81750 johor bahru,"NO.59 JALAN PERMAS 9/5, BANDAR BARU PERMAS JAYA, 81750 JOHOR BAHRU","NO.59 JALAN PERMAS 9/5, BANDAR BARU PERMAS JAYA, 81750 JOHOR BAHRU",True,False,False
synthetic/s7/0055,address,address,mock-c,mock-d,no 59 jln permas 9 5 bdr baru permas jaya 81750 johor bahru,no 59 jln permas 9 5 bdr baru permas jaya 81750 johor bahru,"NO.59 JALAN PERMAS 9/5, BANDAR BARU PERMAS JAYA, 81750 JOHOR BAHRU","NO.59 JALAN PERMAS 9/5, BANDAR BARU PERMAS JAYA, 81750 JOHOR BAHRU",True,False,False
synthetic/s7/0055,company,org,mock-a,mock-b,perniagaan zheng hui,perniagaan zheng hui,PERNIAGAAN ZHENG HUI,PERNIAGAAN ZHENG HUI,True,False,False
synthetic/s7/0055,company,org,mock-a,mock-c,perniagaan zheng hui,perniagaan zheng hui,PERNIAGAAN ZHENG HUI,PERNIAGAAN ZHENG HUI,True,False,False
synthetic/s7/0055,company,org,mock-a,mock-d,perniagaan zheng hui,∅,PERNIAGAAN ZHENG HUI,,False,False,True
synthetic/s7/0055,company,org,mock-b,mock-c,perniagaan zheng hui,perniagaan zheng hui,PERNIAGAAN ZHENG HUI,PERNIAGAAN ZHENG HUI,True,False,False
synthetic/s7/0055,company,org,mock-b,mock-d,perniagaan zheng hui,∅,PERNIAGAAN ZHENG HUI,,False,False,True
synthetic/s7/0055,company,org,mock-c,mock-d,perniagaan zheng hui,∅,PERNIAGAAN ZHENG HUI,,False,False,True
synthetic/s7/0055,date,date,mock-a,mock-b,2019-06-07,2019-07-06,07/06/2019,06/07/2019,False,False,False
synthetic/s7/0055,date,date,mock-a,mock-c,2019-06-07,2019-06-07,07/06/2019,07/06/2019,True,False,False
synthetic/s7/0055,date,date,mock-a,mock-d,2019-06-07,2019-06-07,07/06/2019,07/06/2019,True,False,False
synthetic/s7/0055,date,date,mock-b,mock-c,2019-07-06,2019-06-07,06/07/2019,07/06/2019,False,False,False
synthetic/s7/0055,date,date,mock-b,mock-d,2019-07-06,2019-06-07,06/07/2019,07/06/2019,False,False,False
synthetic/s7/0055,date,date,mock-c,mock-d,2019-06-07,2019-06-07,07/06/2019,07/06/2019,True,False,False
synthetic/s7/0055,phone,phone,mock-a,mock-b,∅,∅,,,True,True,False
synthetic/s7/0055,phone,phone,mock-a,mock-c,∅,∅,,,True,True,False
synthetic/s7/0055,phone,phone,mock-a,mock-d,∅,∅,,,True,True,False
synthetic/s7/0055,phone,phone,mock-b,mock-c,∅,∅,,,True,True,False
synthetic/s7/0055,phone,phone,mock-b,mock-d,∅,∅,,,True,True,False
synthetic/s7/0055,phone,phone,mock-c,mock-d,∅,∅,,,True,True,False
synthetic/s7/0055,tax,money,mock-a,mock-b,∅,∅,,,True,True,False
synthetic/s7/0055,tax,money,mock-a,mock-c,∅,∅,,,True,True,False
synthetic/s7/0055,tax,money,mock-a,mock-d,∅,∅,,,True,True,False
synthetic/s7/0055,tax,money,mock-b,mock-c,∅,∅,,,True,True,False
synthetic/s7/0055,tax,money,mock-b,mock-d,∅,∅,,,True,True,False
synthetic/s7/0055,tax,money,mock-c,mock-d,∅,∅,,,True,True,False
synthetic/s7/0055,total,money,mock-a,mock-b,21.48,21.40,21.48,21.40,False,False,False
synthetic/s7/0055,total,money,mock-a,mock-c,21.48,21.40,21.48,21.40,False,False,False
synthetic/s7/0055,total,money,mock-a,mock-d,21.48,21.40,21.48,21.40,False,False,False
synthetic/s7/0055,total,money,mock-b,mock-c,21.40,21.40,21.40,21.40,True,False,False
synthetic/s7/0055,total,money,mock-b,mock-d,21.40,21.40,21.40,21.40,True,False,False
synthetic/s7/0055,total,money,mock-c,mock-d,21.40,21.40,21.40,21.40,True,False,False
synthetic/s7/0056,address,address,mock-a,mock-b,lot 3 jln pelabur 23 1 40300 shah alam selangor,∅,"LOT 3, JALAN PELABUR 23/1, 40300 SHAH ALAM, SELANGOR",,False,False,True
synthetic/s7/0056,address,address,mock-a,mock-c,lot 3 jln pelabur 23 1 40300 shah alam selangor,lot 3 jln pelabur 23 1 40300 shah alam selangor,"LOT 3, JALAN PELABUR 23/1, 40300 SHAH ALAM, SELANGOR","LOT 3, JALAN PELABUR 23/1, 40300 SHAH ALAM, SELANGOR",True,False,False
synthetic/s7/0056,address,address,mock-a,mock-d,lot 3 jln pelabur 23 1 40300 shah alam selangor,lot 3 jln pelabur 23 1 40300 shah alam,"LOT 3, JALAN PELABUR 23/1, 40300 SHAH ALAM, SELANGOR","LOT 3, JALAN PELABUR 23/1, 40300 SHAH ALAM",False,False,False
synthetic/s7/0056,address,address,mock-b,mock-c,∅,lot 3 jln pelabur 23 1 40300 shah alam selangor,,"LOT 3, JALAN PELABUR 23/1, 40300 SHAH ALAM, SELANGOR",False,False,True
synthetic/s7/0056,address,address,mock-b,mock-d,∅,lot 3 jln pelabur 23 1 40300 shah alam,,"LOT 3, JALAN PELABUR 23/1, 40300 SHAH ALAM",False,False,True
synthetic/s7/0056,address,address,mock-c,mock-d,lot 3 jln pelabur 23 1 40300 shah alam selangor,lot 3 jln pelabur 23 1 40300 shah alam,"LOT 3, JALAN PELABUR 23/1, 40300 SHAH ALAM, SELANGOR","LOT 3, JALAN PELABUR 23/1, 40300 SHAH ALAM",False,False,False
synthetic/s7/0056,company,org,mock-a,mock-b,gardenia bakeries kl,gardenia bakeries kl sdn,GARDENIA BAKERIES (KL) SDN BHD,GARDENIA BAKERIES (KL) SDN,False,False,False
synthetic/s7/0056,company,org,mock-a,mock-c,gardenia bakeries kl,gardenia bakeries kl,GARDENIA BAKERIES (KL) SDN BHD,GARDENIA BAKERIES (KL) SDN BHD,True,False,False
synthetic/s7/0056,company,org,mock-a,mock-d,gardenia bakeries kl,gardenia bakeries kl,GARDENIA BAKERIES (KL) SDN BHD,GARDENIA BAKERIES (KL) SDN BHD,True,False,False
synthetic/s7/0056,company,org,mock-b,mock-c,gardenia bakeries kl sdn,gardenia bakeries kl,GARDENIA BAKERIES (KL) SDN,GARDENIA BAKERIES (KL) SDN BHD,False,False,False
synthetic/s7/0056,company,org,mock-b,mock-d,gardenia bakeries kl sdn,gardenia bakeries kl,GARDENIA BAKERIES (KL) SDN,GARDENIA BAKERIES (KL) SDN BHD,False,False,False
synthetic/s7/0056,company,org,mock-c,mock-d,gardenia bakeries kl,gardenia bakeries kl,GARDENIA BAKERIES (KL) SDN BHD,GARDENIA BAKERIES (KL) SDN BHD,True,False,False
synthetic/s7/0056,date,date,mock-a,mock-b,2019-12-02,2019-12-02,02/12/2019,02/12/2019,True,False,False
synthetic/s7/0056,date,date,mock-a,mock-c,2019-12-02,2019-12-02,02/12/2019,02/12/2019,True,False,False
synthetic/s7/0056,date,date,mock-a,mock-d,2019-12-02,2019-12-02,02/12/2019,02/12/2019,True,False,False
synthetic/s7/0056,date,date,mock-b,mock-c,2019-12-02,2019-12-02,02/12/2019,02/12/2019,True,False,False
synthetic/s7/0056,date,date,mock-b,mock-d,2019-12-02,2019-12-02,02/12/2019,02/12/2019,True,False,False
synthetic/s7/0056,date,date,mock-c,mock-d,2019-12-02,2019-12-02,02/12/2019,02/12/2019,True,False,False
synthetic/s7/0056,phone,phone,mock-a,mock-b,312345678,312345678,03-1234 5678,03-1234 5678,True,False,False
synthetic/s7/0056,phone,phone,mock-a,mock-c,312345678,312345678,03-1234 5678,03-1234 5678,True,False,False
synthetic/s7/0056,phone,phone,mock-a,mock-d,312345678,312345678,03-1234 5678,03-1234 5678,True,False,False
synthetic/s7/0056,phone,phone,mock-b,mock-c,312345678,312345678,03-1234 5678,03-1234 5678,True,False,False
synthetic/s7/0056,phone,phone,mock-b,mock-d,312345678,312345678,03-1234 5678,03-1234 5678,True,False,False
synthetic/s7/0056,phone,phone,mock-c,mock-d,312345678,312345678,03-1234 5678,03-1234 5678,True,False,False
synthetic/s7/0056,tax,money,mock-a,mock-b,1.70,1.77,1.70,1.77,False,False,False
synthetic/s7/0056,tax,money,mock-a,mock-c,1.70,4.70,1.70,4.70,False,False,False
synthetic/s7/0056,tax,money,mock-a,mock-d,1.70,1.70,1.70,1.70,True,False,False
synthetic/s7/0056,tax,money,mock-b,mock-c,1.77,4.70,1.77,4.70,False,False,False
synthetic/s7/0056,tax,money,mock-b,mock-d,1.77,1.70,1.77,1.70,False,False,False
synthetic/s7/0056,tax,money,mock-c,mock-d,4.70,1.70,4.70,1.70,False,False,False
synthetic/s7/0056,total,money,mock-a,mock-b,30.00,30.00,30.00,30.00,True,False,False
synthetic/s7/0056,total,money,mock-a,mock-c,30.00,30.00,30.00,30.00,True,False,False
synthetic/s7/0056,total,money,mock-a,mock-d,30.00,29.40,30.00,29.40,False,False,False
synthetic/s7/0056,total,money,mock-b,mock-c,30.00,30.00,30.00,30.00,True,False,False
synthetic/s7/0056,total,money,mock-b,mock-d,30.00,29.40,30.00,29.40,False,False,False
synthetic/s7/0056,total,money,mock-c,mock-d,30.00,29.40,30.00,29.40,False,False,False
synthetic/s7/0057,address,address,mock-a,mock-b,no 31g and 33g jln setia indah x u13 x 40170 setia alam,no 31g and 33g jln setia indah x u13 x 40170 setia alam,"NO. 31G&33G, JALAN SETIA INDAH X, U13/X, 40170 SETIA ALAM","NO. 31G&33G, JALAN SETIA INDAH X, U13/X, 40170 SETIA ALAM",True,False,False
synthetic/s7/0057,address,address,mock-a,mock-c,no 31g and 33g jln setia indah x u13 x 40170 setia alam,no 31g and 33g jln setia indah x u13 x 40170 setia alam,"NO. 31G&33G, JALAN SETIA INDAH X, U13/X, 40170 SETIA ALAM","NO. 31G&33G, JALAN SETIA INDAH X, U13/X, 40170 SETIA ALAM",True,False,False
synthetic/s7/0057,address,address,mock-a,mock-d,no 31g and 33g jln setia indah x u13 x 40170 setia alam,∅,"NO. 31G&33G, JALAN SETIA INDAH X, U13/X, 40170 SETIA ALAM",,False,False,True
synthetic/s7/0057,address,address,mock-b,mock-c,no 31g and 33g jln setia indah x u13 x 40170 setia alam,no 31g and 33g jln setia indah x u13 x 40170 setia alam,"NO. 31G&33G, JALAN SETIA INDAH X, U13/X, 40170 SETIA ALAM","NO. 31G&33G, JALAN SETIA INDAH X, U13/X, 40170 SETIA ALAM",True,False,False
synthetic/s7/0057,address,address,mock-b,mock-d,no 31g and 33g jln setia indah x u13 x 40170 setia alam,∅,"NO. 31G&33G, JALAN SETIA INDAH X, U13/X, 40170 SETIA ALAM",,False,False,True
synthetic/s7/0057,address,address,mock-c,mock-d,no 31g and 33g jln setia indah x u13 x 40170 setia alam,∅,"NO. 31G&33G, JALAN SETIA INDAH X, U13/X, 40170 SETIA ALAM",,False,False,True
synthetic/s7/0057,company,org,mock-a,mock-b,sanyu stationery shop,sanyu stationery shop,SANYU STATIONERY SHOP,SANYU STATIONERY SHOP,True,False,False
synthetic/s7/0057,company,org,mock-a,mock-c,sanyu stationery shop,sanyu stationery shop,SANYU STATIONERY SHOP,SANYU STATIONERY SHOP,True,False,False
synthetic/s7/0057,company,org,mock-a,mock-d,sanyu stationery shop,∅,SANYU STATIONERY SHOP,,False,False,True
synthetic/s7/0057,company,org,mock-b,mock-c,sanyu stationery shop,sanyu stationery shop,SANYU STATIONERY SHOP,SANYU STATIONERY SHOP,True,False,False
synthetic/s7/0057,company,org,mock-b,mock-d,sanyu stationery shop,∅,SANYU STATIONERY SHOP,,False,False,True
synthetic/s7/0057,company,org,mock-c,mock-d,sanyu stationery shop,∅,SANYU STATIONERY SHOP,,False,False,True
synthetic/s7/0057,date,date,mock-a,mock-b,2019-06-14,2019-06-14,14/06/2019,14/06/2019,True,False,False
synthetic/s7/0057,date,date,mock-a,mock-c,2019-06-14,2019-06-14,14/06/2019,14/06/2019,True,False,False
synthetic/s7/0057,date,date,mock-a,mock-d,2019-06-14,2019-06-14,14/06/2019,14/06/2019,True,False,False
synthetic/s7/0057,date,date,mock-b,mock-c,2019-06-14,2019-06-14,14/06/2019,14/06/2019,True,False,False
synthetic/s7/0057,date,date,mock-b,mock-d,2019-06-14,2019-06-14,14/06/2019,14/06/2019,True,False,False
synthetic/s7/0057,date,date,mock-c,mock-d,2019-06-14,2019-06-14,14/06/2019,14/06/2019,True,False,False
synthetic/s7/0057,phone,phone,mock-a,mock-b,83445928,783445928,08-344 5928,78-344 5928,False,False,False
synthetic/s7/0057,phone,phone,mock-a,mock-c,83445928,83445928,08-344 5928,08-344 5928,True,False,False
synthetic/s7/0057,phone,phone,mock-a,mock-d,83445928,83445928,08-344 5928,08-344 5928,True,False,False
synthetic/s7/0057,phone,phone,mock-b,mock-c,783445928,83445928,78-344 5928,08-344 5928,False,False,False
synthetic/s7/0057,phone,phone,mock-b,mock-d,783445928,83445928,78-344 5928,08-344 5928,False,False,False
synthetic/s7/0057,phone,phone,mock-c,mock-d,83445928,83445928,08-344 5928,08-344 5928,True,False,False
synthetic/s7/0057,tax,money,mock-a,mock-b,∅,∅,,,True,True,False
synthetic/s7/0057,tax,money,mock-a,mock-c,∅,∅,,,True,True,False
synthetic/s7/0057,tax,money,mock-a,mock-d,∅,∅,,,True,True,False
synthetic/s7/0057,tax,money,mock-b,mock-c,∅,∅,,,True,True,False
synthetic/s7/0057,tax,money,mock-b,mock-d,∅,∅,,,True,True,False
synthetic/s7/0057,tax,money,mock-c,mock-d,∅,∅,,,True,True,False
synthetic/s7/0057,total,money,mock-a,mock-b,45.90,∅,45.90,,False,False,True
synthetic/s7/0057,total,money,mock-a,mock-c,45.90,45.90,45.90,45.90,True,False,False
synthetic/s7/0057,total,money,mock-a,mock-d,45.90,45.90,45.90,45.90,True,False,False
synthetic/s7/0057,total,money,mock-b,mock-c,∅,45.90,,45.90,False,False,True
synthetic/s7/0057,total,money,mock-b,mock-d,∅,45.90,,45.90,False,False,True
synthetic/s7/0057,total,money,mock-c,mock-d,45.90,45.90,45.90,45.90,True,False,False
synthetic/s7/0058,address,address,mock-a,mock-b,lot p t 2811 jln angsana tmn mutiara rini 81300 skudai,lot p t 2811 jln angsana tmn mutiara rini 81300 skudai,"LOT P.T. 2811, JALAN ANGSANA, TAMAN MUTIARA RINI, 81300 SKUDAI","LOT P.T. 2811, JALAN ANGSANA, TAMAN MUTIARA RINI, 81300 SKUDAI",True,False,False
synthetic/s7/0058,address,address,mock-a,mock-c,lot p t 2811 jln angsana tmn mutiara rini 81300 skudai,lot p t 2811 jln angsana tmn mutiara rini 81300 skudai,"LOT P.T. 2811, JALAN ANGSANA, TAMAN MUTIARA RINI, 81300 SKUDAI","LOT P.T. 2811, JALAN ANGSANA, TAMAN MUTIARA RINI, 81300 SKUDAI",True,False,False
synthetic/s7/0058,address,address,mock-a,mock-d,lot p t 2811 jln angsana tmn mutiara rini 81300 skudai,lot p t 2811 jln angsana tmn mutiara rini,"LOT P.T. 2811, JALAN ANGSANA, TAMAN MUTIARA RINI, 81300 SKUDAI","LOT P.T. 2811, JALAN ANGSANA, TAMAN MUTIARA RINI",False,False,False
synthetic/s7/0058,address,address,mock-b,mock-c,lot p t 2811 jln angsana tmn mutiara rini 81300 skudai,lot p t 2811 jln angsana tmn mutiara rini 81300 skudai,"LOT P.T. 2811, JALAN ANGSANA, TAMAN MUTIARA RINI, 81300 SKUDAI","LOT P.T. 2811, JALAN ANGSANA, TAMAN MUTIARA RINI, 81300 SKUDAI",True,False,False
synthetic/s7/0058,address,address,mock-b,mock-d,lot p t 2811 jln angsana tmn mutiara rini 81300 skudai,lot p t 2811 jln angsana tmn mutiara rini,"LOT P.T. 2811, JALAN ANGSANA, TAMAN MUTIARA RINI, 81300 SKUDAI","LOT P.T. 2811, JALAN ANGSANA, TAMAN MUTIARA RINI",False,False,False
synthetic/s7/0058,address,address,mock-c,mock-d,lot p t 2811 jln angsana tmn mutiara rini 81300 skudai,lot p t 2811 jln angsana tmn mutiara rini,"LOT P.T. 2811, JALAN ANGSANA, TAMAN MUTIARA RINI, 81300 SKUDAI","LOT P.T. 2811, JALAN ANGSANA, TAMAN MUTIARA RINI",False,False,False
synthetic/s7/0058,company,org,mock-a,mock-b,99 speed mart s b,99 speed mart s b,99 SPEED MART S/B,99 SPEED MART S/B,True,False,False
synthetic/s7/0058,company,org,mock-a,mock-c,99 speed mart s b,∅,99 SPEED MART S/B,,False,False,True
synthetic/s7/0058,company,org,mock-a,mock-d,99 speed mart s b,99 speed mart s b,99 SPEED MART S/B,99 SPEED MART S/B,True,False,False
synthetic/s7/0058,company,org,mock-b,mock-c,99 speed mart s b,∅,99 SPEED MART S/B,,False,False,True
synthetic/s7/0058,company,org,mock-b,mock-d,99 speed mart s b,99 speed mart s b,99 SPEED MART S/B,99 SPEED MART S/B,True,False,False
synthetic/s7/0058,company,org,mock-c,mock-d,∅,99 speed mart s b,,99 SPEED MART S/B,False,False,True
synthetic/s7/0058,date,date,mock-a,mock-b,2018-02-13,2018-02-13,02/13/2018,13/02/2018,True,False,False
synthetic/s7/0058,date,date,mock-a,mock-c,2018-02-13,2018-02-13,02/13/2018,02/13/2018,True,False,False
synthetic/s7/0058,date,date,mock-a,mock-d,2018-02-13,2018-02-13,02/13/2018,13/02/2018,True,False,False
synthetic/s7/0058,date,date,mock-b,mock-c,2018-02-13,2018-02-13,13/02/2018,02/13/2018,True,False,False
synthetic/s7/0058,date,date,mock-b,mock-d,2018-02-13,2018-02-13,13/02/2018,13/02/2018,True,False,False
synthetic/s7/0058,date,date,mock-c,mock-d,2018-02-13,2018-02-13,02/13/2018,13/02/2018,True,False,False
synthetic/s7/0058,phone,phone,mock-a,mock-b,∅,∅,,,True,True,False
synthetic/s7/0058,phone,phone,mock-a,mock-c,∅,∅,,,True,True,False
synthetic/s7/0058,phone,phone,mock-a,mock-d,∅,∅,,,True,True,False
synthetic/s7/0058,phone,phone,mock-b,mock-c,∅,∅,,,True,True,False
synthetic/s7/0058,phone,phone,mock-b,mock-d,∅,∅,,,True,True,False
synthetic/s7/0058,phone,phone,mock-c,mock-d,∅,∅,,,True,True,False
synthetic/s7/0058,tax,money,mock-a,mock-b,1.06,1.06,1.06,1.06,True,False,False
synthetic/s7/0058,tax,money,mock-a,mock-c,1.06,1.06,1.06,1.06,True,False,False
synthetic/s7/0058,tax,money,mock-a,mock-d,1.06,∅,1.06,,False,False,True
synthetic/s7/0058,tax,money,mock-b,mock-c,1.06,1.06,1.06,1.06,True,False,False
synthetic/s7/0058,tax,money,mock-b,mock-d,1.06,∅,1.06,,False,False,True
synthetic/s7/0058,tax,money,mock-c,mock-d,1.06,∅,1.06,,False,False,True
synthetic/s7/0058,total,money,mock-a,mock-b,18.76,18.16,18.76,18.16,False,False,False
synthetic/s7/0058,total,money,mock-a,mock-c,18.76,18.76,18.76,18.76,True,False,False
synthetic/s7/0058,total,money,mock-a,mock-d,18.76,18.76,18.76,18.76,True,False,False
synthetic/s7/0058,total,money,mock-b,mock-c,18.16,18.76,18.16,18.76,False,False,False
synthetic/s7/0058,total,money,mock-b,mock-d,18.16,18.76,18.16,18.76,False,False,False
synthetic/s7/0058,total,money,mock-c,mock-d,18.76,18.76,18.76,18.76,True,False,False
synthetic/s7/0059,address,address,mock-a,mock-b,lot 276 jln banting 43800 dengkil selangor,lot 276 jln banting 43800 dengkil selangor,"LOT 276 JALAN BANTING, 43800 DENGKIL, SELANGOR","LOT 276 JALAN BANTING, 43800 DENGKIL, SELANGOR",True,False,False
synthetic/s7/0059,address,address,mock-a,mock-c,lot 276 jln banting 43800 dengkil selangor,lot 276 jln banting 43800 dengkil selangor,"LOT 276 JALAN BANTING, 43800 DENGKIL, SELANGOR","LOT 276 JALAN BANTING, 43800 DENGKIL, SELANGOR",True,False,False
synthetic/s7/0059,address,address,mock-a,mock-d,lot 276 jln banting 43800 dengkil selangor,lot 276 jln banting 43800 dengkil selangor,"LOT 276 JALAN BANTING, 43800 DENGKIL, SELANGOR","LOT 276 JALAN BANTING, 43800 DENGKIL, SELANGOR",True,False,False
synthetic/s7/0059,address,address,mock-b,mock-c,lot 276 jln banting 43800 dengkil selangor,lot 276 jln banting 43800 dengkil selangor,"LOT 276 JALAN BANTING, 43800 DENGKIL, SELANGOR","LOT 276 JALAN BANTING, 43800 DENGKIL, SELANGOR",True,False,False
synthetic/s7/0059,address,address,mock-b,mock-d,lot 276 jln banting 43800 dengkil selangor,lot 276 jln banting 43800 dengkil selangor,"LOT 276 JALAN BANTING, 43800 DENGKIL, SELANGOR","LOT 276 JALAN BANTING, 43800 DENGKIL, SELANGOR",True,False,False
synthetic/s7/0059,address,address,mock-c,mock-d,lot 276 jln banting 43800 dengkil selangor,lot 276 jln banting 43800 dengkil selangor,"LOT 276 JALAN BANTING, 43800 DENGKIL, SELANGOR","LOT 276 JALAN BANTING, 43800 DENGKIL, SELANGOR",True,False,False
synthetic/s7/0059,company,org,mock-a,mock-b,kedai papan yew chuan,papan yew chuan,KEDAI PAPAN YEW CHUAN,PAPAN YEW CHUAN,False,False,False
synthetic/s7/0059,company,org,mock-a,mock-c,kedai papan yew chuan,kedai papan yew chuan,KEDAI PAPAN YEW CHUAN,KEDAI PAPAN YEW CHUAN,True,False,False
synthetic/s7/0059,company,org,mock-a,mock-d,kedai papan yew chuan,kedai papan yew chuan,KEDAI PAPAN YEW CHUAN,KEDAI PAPAN YEW CHUAN,True,False,False
synthetic/s7/0059,company,org,mock-b,mock-c,papan yew chuan,kedai papan yew chuan,PAPAN YEW CHUAN,KEDAI PAPAN YEW CHUAN,False,False,False
synthetic/s7/0059,company,org,mock-b,mock-d,papan yew chuan,kedai papan yew chuan,PAPAN YEW CHUAN,KEDAI PAPAN YEW CHUAN,False,False,False
synthetic/s7/0059,company,org,mock-c,mock-d,kedai papan yew chuan,kedai papan yew chuan,KEDAI PAPAN YEW CHUAN,KEDAI PAPAN YEW CHUAN,True,False,False
synthetic/s7/0059,date,date,mock-a,mock-b,∅,∅,,,True,True,False
synthetic/s7/0059,date,date,mock-a,mock-c,∅,2019-08-11,,11/08/2019,False,False,True
synthetic/s7/0059,date,date,mock-a,mock-d,∅,2019-08-11,,11/08/2019,False,False,True
synthetic/s7/0059,date,date,mock-b,mock-c,∅,2019-08-11,,11/08/2019,False,False,True
synthetic/s7/0059,date,date,mock-b,mock-d,∅,2019-08-11,,11/08/2019,False,False,True
synthetic/s7/0059,date,date,mock-c,mock-d,2019-08-11,2019-08-11,11/08/2019,11/08/2019,True,False,False
synthetic/s7/0059,phone,phone,mock-a,mock-b,34264917,34264917,03-426 4917,03-426 4917,True,False,False
synthetic/s7/0059,phone,phone,mock-a,mock-c,34264917,34264917,03-426 4917,03-426 4917,True,False,False
synthetic/s7/0059,phone,phone,mock-a,mock-d,34264917,34264917,03-426 4917,03-426 4917,True,False,False
synthetic/s7/0059,phone,phone,mock-b,mock-c,34264917,34264917,03-426 4917,03-426 4917,True,False,False
synthetic/s7/0059,phone,phone,mock-b,mock-d,34264917,34264917,03-426 4917,03-426 4917,True,False,False
synthetic/s7/0059,phone,phone,mock-c,mock-d,34264917,34264917,03-426 4917,03-426 4917,True,False,False
synthetic/s7/0059,tax,money,mock-a,mock-b,0.97,0.97,0.97,0.97,True,False,False
synthetic/s7/0059,tax,money,mock-a,mock-c,0.97,0.97,0.97,0.97,True,False,False
synthetic/s7/0059,tax,money,mock-a,mock-d,0.97,0.97,0.97,0.97,True,False,False
synthetic/s7/0059,tax,money,mock-b,mock-c,0.97,0.97,0.97,0.97,True,False,False
synthetic/s7/0059,tax,money,mock-b,mock-d,0.97,0.97,0.97,0.97,True,False,False
synthetic/s7/0059,tax,money,mock-c,mock-d,0.97,0.97,0.97,0.97,True,False,False
synthetic/s7/0059,total,money,mock-a,mock-b,∅,17.07,,17.07,False,False,True
synthetic/s7/0059,total,money,mock-a,mock-c,∅,17.07,,17.07,False,False,True
synthetic/s7/0059,total,money,mock-a,mock-d,∅,17.07,,17.07,False,False,True
synthetic/s7/0059,total,money,mock-b,mock-c,17.07,17.07,17.07,17.07,True,False,False
synthetic/s7/0059,total,money,mock-b,mock-d,17.07,17.07,17.07,17.07,True,False,False
synthetic/s7/0059,total,money,mock-c,mock-d,17.07,17.07,17.07,17.07,True,False,False
synthetic/s7/0060,address,address,mock-a,mock-b,no 2 and 4 jln bayu 4 bdr seri alam 81750 masai johor,no 2 and 4 jln bayu 4 bdr seri alam 81750 masai johor,"NO 2 & 4, JALAN BAYU 4, BANDAR SERI ALAM, 81750 MASAI, JOHOR","NO 2 & 4, JALAN BAYU 4, BANDAR SERI ALAM, 81750 MASAI, JOHOR",True,False,False
synthetic/s7/0060,address,address,mock-a,mock-c,no 2 and 4 jln bayu 4 bdr seri alam 81750 masai johor,no 2 and 4 jln bayu 4 bdr seri alam 81750 masai johor,"NO 2 & 4, JALAN BAYU 4, BANDAR SERI ALAM, 81750 MASAI, JOHOR","NO 2 & 4, JALAN BAYU 4, BANDAR SERI ALAM, 81750 MASAI, JOHOR",True,False,False
synthetic/s7/0060,address,address,mock-a,mock-d,no 2 and 4 jln bayu 4 bdr seri alam 81750 masai johor,no 2 and 4 jln bayu 4 bdr seri alam 81750 masai johor,"NO 2 & 4, JALAN BAYU 4, BANDAR SERI ALAM, 81750 MASAI, JOHOR","NO 2 & 4, JALAN BAYU 4, BANDAR SERI ALAM, 81750 MASAI, JOHOR",True,False,False
synthetic/s7/0060,address,address,mock-b,mock-c,no 2 and 4 jln bayu 4 bdr seri alam 81750 masai johor,no 2 and 4 jln bayu 4 bdr seri alam 81750 masai johor,"NO 2 & 4, JALAN BAYU 4, BANDAR SERI ALAM, 81750 MASAI, JOHOR","NO 2 & 4, JALAN BAYU 4, BANDAR SERI ALAM, 81750 MASAI, JOHOR",True,False,False
synthetic/s7/0060,address,address,mock-b,mock-d,no 2 and 4 jln bayu 4 bdr seri alam 81750 masai johor,no 2 and 4 jln bayu 4 bdr seri alam 81750 masai johor,"NO 2 & 4, JALAN BAYU 4, BANDAR SERI ALAM, 81750 MASAI, JOHOR","NO 2 & 4, JALAN BAYU 4, BANDAR SERI ALAM, 81750 MASAI, JOHOR",True,False,False
synthetic/s7/0060,address,address,mock-c,mock-d,no 2 and 4 jln bayu 4 bdr seri alam 81750 masai johor,no 2 and 4 jln bayu 4 bdr seri alam 81750 masai johor,"NO 2 & 4, JALAN BAYU 4, BANDAR SERI ALAM, 81750 MASAI, JOHOR","NO 2 & 4, JALAN BAYU 4, BANDAR SERI ALAM, 81750 MASAI, JOHOR",True,False,False
synthetic/s7/0060,company,org,mock-a,mock-b,ojc marketing sdn,ojc marketing sdn,OJC MARKETING SDN,OJC MARKETING SDN,True,False,False
synthetic/s7/0060,company,org,mock-a,mock-c,ojc marketing sdn,ojc marketing sdn,OJC MARKETING SDN,OJC MARKETING SDN,True,False,False
synthetic/s7/0060,company,org,mock-a,mock-d,ojc marketing sdn,ojc marketing sdn,OJC MARKETING SDN,OJC MARKETING SDN,True,False,False
synthetic/s7/0060,company,org,mock-b,mock-c,ojc marketing sdn,ojc marketing sdn,OJC MARKETING SDN,OJC MARKETING SDN,True,False,False
synthetic/s7/0060,company,org,mock-b,mock-d,ojc marketing sdn,ojc marketing sdn,OJC MARKETING SDN,OJC MARKETING SDN,True,False,False
synthetic/s7/0060,company,org,mock-c,mock-d,ojc marketing sdn,ojc marketing sdn,OJC MARKETING SDN,OJC MARKETING SDN,True,False,False
synthetic/s7/0060,date,date,mock-a,mock-b,2019-01-07,2019-01-07,07/01/2019,07/01/2019,True,False,False
synthetic/s7/0060,date,date,mock-a,mock-c,2019-01-07,2019-01-07,07/01/2019,07/01/2019,True,False,False
synthetic/s7/0060,date,date,mock-a,mock-d,2019-01-07,2019-01-07,07/01/2019,07/01/2019,True,False,False
synthetic/s7/0060,date,date,mock-b,mock-c,2019-01-07,2019-01-07,07/01/2019,07/01/2019,True,False,False
synthetic/s7/0060,date,date,mock-b,mock-d,2019-01-07,2019-01-07,07/01/2019,07/01/2019,True,False,False
synthetic/s7/0060,date,date,mock-c,mock-d,2019-01-07,2019-01-07,07/01/2019,07/01/2019,True,False,False
synthetic/s7/0060,phone,phone,mock-a,mock-b,36105546,36105546,03-610 5546,03-610 5546,True,False,False
synthetic/s7/0060,phone,phone,mock-a,mock-c,36105546,36105546,03-610 5546,03-610 5546,True,False,False
synthetic/s7/0060,phone,phone,mock-a,mock-d,36105546,36105546,03-610 5546,03-610 5546,True,False,False
synthetic/s7/0060,phone,phone,mock-b,mock-c,36105546,36105546,03-610 5546,03-610 5546,True,False,False
synthetic/s7/0060,phone,phone,mock-b,mock-d,36105546,36105546,03-610 5546,03-610 5546,True,False,False
synthetic/s7/0060,phone,phone,mock-c,mock-d,36105546,36105546,03-610 5546,03-610 5546,True,False,False
synthetic/s7/0060,tax,money,mock-a,mock-b,3.53,3.53,3.53,3.53,True,False,False
synthetic/s7/0060,tax,money,mock-a,mock-c,3.53,3.33,3.53,3.33,False,False,False
synthetic/s7/0060,tax,money,mock-a,mock-d,3.53,∅,3.53,,False,False,True
synthetic/s7/0060,tax,money,mock-b,mock-c,3.53,3.33,3.53,3.33,False,False,False
synthetic/s7/0060,tax,money,mock-b,mock-d,3.53,∅,3.53,,False,False,True
synthetic/s7/0060,tax,money,mock-c,mock-d,3.33,∅,3.33,,False,False,True
synthetic/s7/0060,total,money,mock-a,mock-b,62.33,62.33,62.33,62.33,True,False,False
synthetic/s7/0060,total,money,mock-a,mock-c,62.33,62.33,62.33,62.33,True,False,False
synthetic/s7/0060,total,money,mock-a,mock-d,62.33,62.33,62.33,62.33,True,False,False
synthetic/s7/0060,total,money,mock-b,mock-c,62.33,62.33,62.33,62.33,True,False,False
synthetic/s7/0060,total,money,mock-b,mock-d,62.33,62.33,62.33,62.33,True,False,False
synthetic/s7/0060,total,money,mock-c,mock-d,62.33,62.33,62.33,62.33,True,False,False
synthetic/s7/0061,address,address,mock-a,mock-b,∅,no 59 jln permas 9 5 bdr baru permas jaya 81750 johor bahru,,"NO.59 JALAN PERMAS 9/5, BANDAR BARU PERMAS JAYA, 81750 JOHOR BAHRU",False,False,True
synthetic/s7/0061,address,address,mock-a,mock-c,∅,no 59 jln permas 9 5 bdr baru permas jaya 81750 johor bahru,,"NO.59 JALAN PERMAS 9/5, BANDAR BARU PERMAS JAYA, 81750 JOHOR BAHRU",False,False,True
synthetic/s7/0061,address,address,mock-a,mock-d,∅,no 59 jln permas 9 5 bdr baru permas jaya 81750 johor bahru,,"NO.59 JALAN PERMAS 9/5, BANDAR BARU PERMAS JAYA, 81750 JOHOR BAHRU",False,False,True
synthetic/s7/0061,address,address,mock-b,mock-c,no 59 jln permas 9 5 bdr baru permas jaya 81750 johor bahru,no 59 jln permas 9 5 bdr baru permas jaya 81750 johor bahru,"NO.59 JALAN PERMAS 9/5, BANDAR BARU PERMAS JAYA, 81750 JOHOR BAHRU","NO.59 JALAN PERMAS 9/5, BANDAR BARU PERMAS JAYA, 81750 JOHOR BAHRU",True,False,False
synthetic/s7/0061,address,address,mock-b,mock-d,no 59 jln permas 9 5 bdr baru permas jaya 81750 johor bahru,no 59 jln permas 9 5 bdr baru permas jaya 81750 johor bahru,"NO.59 JALAN PERMAS 9/5, BANDAR BARU PERMAS JAYA, 81750 JOHOR BAHRU","NO.59 JALAN PERMAS 9/5, BANDAR BARU PERMAS JAYA, 81750 JOHOR BAHRU",True,False,False
synthetic/s7/0061,address,address,mock-c,mock-d,no 59 jln permas 9 5 bdr baru permas jaya 81750 johor bahru,no 59 jln permas 9 5 bdr baru permas jaya 81750 johor bahru,"NO.59 JALAN PERMAS 9/5, BANDAR BARU PERMAS JAYA, 81750 JOHOR BAHRU","NO.59 JALAN PERMAS 9/5, BANDAR BARU PERMAS JAYA, 81750 JOHOR BAHRU",True,False,False
synthetic/s7/0061,company,org,mock-a,mock-b,zheng hui,perniagaan zheng hui,ZHENG HUI,PERNIAGAAN ZHENG HUI,False,False,False
synthetic/s7/0061,company,org,mock-a,mock-c,zheng hui,perniagaan zheng hui,ZHENG HUI,PERNIAGAAN ZHENG HUI,False,False,False
synthetic/s7/0061,company,org,mock-a,mock-d,zheng hui,perniagaan zheng hui,ZHENG HUI,PERNIAGAAN ZHENG HUI,False,False,False
synthetic/s7/0061,company,org,mock-b,mock-c,perniagaan zheng hui,perniagaan zheng hui,PERNIAGAAN ZHENG HUI,PERNIAGAAN ZHENG HUI,True,False,False
synthetic/s7/0061,company,org,mock-b,mock-d,perniagaan zheng hui,perniagaan zheng hui,PERNIAGAAN ZHENG HUI,PERNIAGAAN ZHENG HUI,True,False,False
synthetic/s7/0061,company,org,mock-c,mock-d,perniagaan zheng hui,perniagaan zheng hui,PERNIAGAAN ZHENG HUI,PERNIAGAAN ZHENG HUI,True,False,False
synthetic/s7/0061,date,date,mock-a,mock-b,2018-09-22,2018-09-22,09/22/2018,22/09/2018,True,False,False
synthetic/s7/0061,date,date,mock-a,mock-c,2018-09-22,2018-09-22,09/22/2018,22/09/2018,True,False,False
synthetic/s7/0061,date,date,mock-a,mock-d,2018-09-22,2018-09-22,09/22/2018,22/09/2018,True,False,False
synthetic/s7/0061,date,date,mock-b,mock-c,2018-09-22,2018-09-22,22/09/2018,22/09/2018,True,False,False
synthetic/s7/0061,date,date,mock-b,mock-d,2018-09-22,2018-09-22,22/09/2018,22/09/2018,True,False,False
synthetic/s7/0061,date,date,mock-c,mock-d,2018-09-22,2018-09-22,22/09/2018,22/09/2018,True,False,False
synthetic/s7/0061,phone,phone,mock-a,mock-b,85568075,85568075,08-556 8075,08-556 8075,True,False,False
synthetic/s7/0061,phone,phone,mock-a,mock-c,85568075,85568075,08-556 8075,08-556 8075,True,False,False
synthetic/s7/0061,phone,phone,mock-a,mock-d,85568075,85568075,08-556 8075,08-556 8075,True,False,False
synthetic/s7/0061,phone,phone,mock-b,mock-c,85568075,85568075,08-556 8075,08-556 8075,True,False,False
synthetic/s7/0061,phone,phone,mock-b,mock-d,85568075,85568075,08-556 8075,08-556 8075,True,False,False
synthetic/s7/0061,phone,phone,mock-c,mock-d,85568075,85568075,08-556 8075,08-556 8075,True,False,False
synthetic/s7/0061,tax,money,mock-a,mock-b,∅,∅,,,True,True,False
synthetic/s7/0061,tax,money,mock-a,mock-c,∅,∅,,,True,True,False
synthetic/s7/0061,tax,money,mock-a,mock-d,∅,∅,,,True,True,False
synthetic/s7/0061,tax,money,mock-b,mock-c,∅,∅,,,True,True,False
synthetic/s7/0061,tax,money,mock-b,mock-d,∅,∅,,,True,True,False
synthetic/s7/0061,tax,money,mock-c,mock-d,∅,∅,,,True,True,False
synthetic/s7/0061,total,money,mock-a,mock-b,6.50,6.50,6.50,6.50,True,False,False
synthetic/s7/0061,total,money,mock-a,mock-c,6.50,6.50,6.50,6.50,True,False,False
synthetic/s7/0061,total,money,mock-a,mock-d,6.50,6.50,6.50,6.50,True,False,False
synthetic/s7/0061,total,money,mock-b,mock-c,6.50,6.50,6.50,6.50,True,False,False
synthetic/s7/0061,total,money,mock-b,mock-d,6.50,6.50,6.50,6.50,True,False,False
synthetic/s7/0061,total,money,mock-c,mock-d,6.50,6.50,6.50,6.50,True,False,False
synthetic/s7/0062,address,address,mock-a,mock-b,lot 3 jln pelabur 23 1 40300 shah alam selangor,lot 3 jln pelabur 23 1 40300 shah alam selangor,"LOT 3, JALAN PELABUR 23/1, 40300 SHAH ALAM, SELANGOR","LOT 3, JALAN PELABUR 23/1, 40300 SHAH ALAM, SELANGOR",True,False,False
synthetic/s7/0062,address,address,mock-a,mock-c,lot 3 jln pelabur 23 1 40300 shah alam selangor,lot 3 jln pelabur 23 1 40300 shah alam selangor,"LOT 3, JALAN PELABUR 23/1, 40300 SHAH ALAM, SELANGOR","LOT 3, JALAN PELABUR 23/1, 40300 SHAH ALAM, SELANGOR",True,False,False
synthetic/s7/0062,address,address,mock-a,mock-d,lot 3 jln pelabur 23 1 40300 shah alam selangor,lot 3 jln pelabur 23 1 40300 shah alam selangor,"LOT 3, JALAN PELABUR 23/1, 40300 SHAH ALAM, SELANGOR","LOT 3, JALAN PELABUR 23/1, 40300 SHAH ALAM, SELANGOR",True,False,False
synthetic/s7/0062,address,address,mock-b,mock-c,lot 3 jln pelabur 23 1 40300 shah alam selangor,lot 3 jln pelabur 23 1 40300 shah alam selangor,"LOT 3, JALAN PELABUR 23/1, 40300 SHAH ALAM, SELANGOR","LOT 3, JALAN PELABUR 23/1, 40300 SHAH ALAM, SELANGOR",True,False,False
synthetic/s7/0062,address,address,mock-b,mock-d,lot 3 jln pelabur 23 1 40300 shah alam selangor,lot 3 jln pelabur 23 1 40300 shah alam selangor,"LOT 3, JALAN PELABUR 23/1, 40300 SHAH ALAM, SELANGOR","LOT 3, JALAN PELABUR 23/1, 40300 SHAH ALAM, SELANGOR",True,False,False
synthetic/s7/0062,address,address,mock-c,mock-d,lot 3 jln pelabur 23 1 40300 shah alam selangor,lot 3 jln pelabur 23 1 40300 shah alam selangor,"LOT 3, JALAN PELABUR 23/1, 40300 SHAH ALAM, SELANGOR","LOT 3, JALAN PELABUR 23/1, 40300 SHAH ALAM, SELANGOR",True,False,False
synthetic/s7/0062,company,org,mock-a,mock-b,gardenia bakeries kl,gardenia bakeries kl,GARDENIA BAKERIES (KL) SDN BHD,GARDENIA BAKERIES (KL) SDN BHD,True,False,False
synthetic/s7/0062,company,org,mock-a,mock-c,gardenia bakeries kl,gardenia bakeries kl,GARDENIA BAKERIES (KL) SDN BHD,GARDENIA BAKERIES (KL) SDN BHD,True,False,False
synthetic/s7/0062,company,org,mock-a,mock-d,gardenia bakeries kl,gardenia bakeries kl,GARDENIA BAKERIES (KL) SDN BHD,GARDENIA BAKERIES (KL) SDN BHD,True,False,False
synthetic/s7/0062,company,org,mock-b,mock-c,gardenia bakeries kl,gardenia bakeries kl,GARDENIA BAKERIES (KL) SDN BHD,GARDENIA BAKERIES (KL) SDN BHD,True,False,False
synthetic/s7/0062,company,org,mock-b,mock-d,gardenia bakeries kl,gardenia bakeries kl,GARDENIA BAKERIES (KL) SDN BHD,GARDENIA BAKERIES (KL) SDN BHD,True,False,False
synthetic/s7/0062,company,org,mock-c,mock-d,gardenia bakeries kl,gardenia bakeries kl,GARDENIA BAKERIES (KL) SDN BHD,GARDENIA BAKERIES (KL) SDN BHD,True,False,False
synthetic/s7/0062,date,date,mock-a,mock-b,2019-07-02,2019-07-02,02/07/2019,02/07/2019,True,False,False
synthetic/s7/0062,date,date,mock-a,mock-c,2019-07-02,2019-07-02,02/07/2019,02/07/2019,True,False,False
synthetic/s7/0062,date,date,mock-a,mock-d,2019-07-02,∅,02/07/2019,,False,False,True
synthetic/s7/0062,date,date,mock-b,mock-c,2019-07-02,2019-07-02,02/07/2019,02/07/2019,True,False,False
synthetic/s7/0062,date,date,mock-b,mock-d,2019-07-02,∅,02/07/2019,,False,False,True
synthetic/s7/0062,date,date,mock-c,mock-d,2019-07-02,∅,02/07/2019,,False,False,True
synthetic/s7/0062,phone,phone,mock-a,mock-b,∅,∅,,,True,True,False
synthetic/s7/0062,phone,phone,mock-a,mock-c,∅,∅,,,True,True,False
synthetic/s7/0062,phone,phone,mock-a,mock-d,∅,∅,,,True,True,False
synthetic/s7/0062,phone,phone,mock-b,mock-c,∅,∅,,,True,True,False
synthetic/s7/0062,phone,phone,mock-b,mock-d,∅,∅,,,True,True,False
synthetic/s7/0062,phone,phone,mock-c,mock-d,∅,∅,,,True,True,False
synthetic/s7/0062,tax,money,mock-a,mock-b,∅,∅,,,True,True,False
synthetic/s7/0062,tax,money,mock-a,mock-c,∅,∅,,,True,True,False
synthetic/s7/0062,tax,money,mock-a,mock-d,∅,∅,,,True,True,False
synthetic/s7/0062,tax,money,mock-b,mock-c,∅,∅,,,True,True,False
synthetic/s7/0062,tax,money,mock-b,mock-d,∅,∅,,,True,True,False
synthetic/s7/0062,tax,money,mock-c,mock-d,∅,∅,,,True,True,False
synthetic/s7/0062,total,money,mock-a,mock-b,16.00,16.00,16.00,16.00,True,False,False
synthetic/s7/0062,total,money,mock-a,mock-c,16.00,16.00,16.00,16.00,True,False,False
synthetic/s7/0062,total,money,mock-a,mock-d,16.00,16.00,16.00,16.00,True,False,False
synthetic/s7/0062,total,money,mock-b,mock-c,16.00,16.00,16.00,16.00,True,False,False
synthetic/s7/0062,total,money,mock-b,mock-d,16.00,16.00,16.00,16.00,True,False,False
synthetic/s7/0062,total,money,mock-c,mock-d,16.00,16.00,16.00,16.00,True,False,False
synthetic/s7/0063,address,address,mock-a,mock-b,no 31g and 33g jln setia indah x u13 x 40170 setia alam,no 31g and 33g jln setia indah x u13 x 40170 setia alam,"NO. 31G&33G, JALAN SETIA INDAH X, U13/X, 40170 SETIA ALAM","NO. 31G&33G, JALAN SETIA INDAH X, U13/X, 40170 SETIA ALAM",True,False,False
synthetic/s7/0063,address,address,mock-a,mock-c,no 31g and 33g jln setia indah x u13 x 40170 setia alam,no 31g and 33g jln setia indah x u13 x 40170 setia alam,"NO. 31G&33G, JALAN SETIA INDAH X, U13/X, 40170 SETIA ALAM","NO. 31G&33G, JALAN SETIA INDAH X, U13/X, 40170 SETIA ALAM",True,False,False
synthetic/s7/0063,address,address,mock-a,mock-d,no 31g and 33g jln setia indah x u13 x 40170 setia alam,no 31g and 33g jln setia indah x u13 x 40170 setia alam,"NO. 31G&33G, JALAN SETIA INDAH X, U13/X, 40170 SETIA ALAM","NO. 31G&33G, JALAN SETIA INDAH X, U13/X, 40170 SETIA ALAM",True,False,False
synthetic/s7/0063,address,address,mock-b,mock-c,no 31g and 33g jln setia indah x u13 x 40170 setia alam,no 31g and 33g jln setia indah x u13 x 40170 setia alam,"NO. 31G&33G, JALAN SETIA INDAH X, U13/X, 40170 SETIA ALAM","NO. 31G&33G, JALAN SETIA INDAH X, U13/X, 40170 SETIA ALAM",True,False,False
synthetic/s7/0063,address,address,mock-b,mock-d,no 31g and 33g jln setia indah x u13 x 40170 setia alam,no 31g and 33g jln setia indah x u13 x 40170 setia alam,"NO. 31G&33G, JALAN SETIA INDAH X, U13/X, 40170 SETIA ALAM","NO. 31G&33G, JALAN SETIA INDAH X, U13/X, 40170 SETIA ALAM",True,False,False
synthetic/s7/0063,address,address,mock-c,mock-d,no 31g and 33g jln setia indah x u13 x 40170 setia alam,no 31g and 33g jln setia indah x u13 x 40170 setia alam,"NO. 31G&33G, JALAN SETIA INDAH X, U13/X, 40170 SETIA ALAM","NO. 31G&33G, JALAN SETIA INDAH X, U13/X, 40170 SETIA ALAM",True,False,False
synthetic/s7/0063,company,org,mock-a,mock-b,sanyu stationery shop,sanyu stationery shop,SANYU STATIONERY SHOP,SANYU STATIONERY SHOP,True,False,False
synthetic/s7/0063,company,org,mock-a,mock-c,sanyu stationery shop,∅,SANYU STATIONERY SHOP,,False,False,True
synthetic/s7/0063,company,org,mock-a,mock-d,sanyu stationery shop,sanyu stationery shop,SANYU STATIONERY SHOP,SANYU STATIONERY SHOP,True,False,False
synthetic/s7/0063,company,org,mock-b,mock-c,sanyu stationery shop,∅,SANYU STATIONERY SHOP,,False,False,True
synthetic/s7/0063,company,org,mock-b,mock-d,sanyu stationery shop,sanyu stationery shop,SANYU STATIONERY SHOP,SANYU STATIONERY SHOP,True,False,False
synthetic/s7/0063,company,org,mock-c,mock-d,∅,sanyu stationery shop,,SANYU STATIONERY SHOP,False,False,True
synthetic/s7/0063,date,date,mock-a,mock-b,2018-03-05,2018-03-05,05/03/2018,05/03/2018,True,False,False
synthetic/s7/0063,date,date,mock-a,mock-c,2018-03-05,2018-03-05,05/03/2018,05/03/2018,True,False,False
synthetic/s7/0063,date,date,mock-a,mock-d,2018-03-05,2018-03-05,05/03/2018,05/03/2018,True,False,False
synthetic/s7/0063,date,date,mock-b,mock-c,2018-03-05,2018-03-05,05/03/2018,05/03/2018,True,False,False
synthetic/s7/0063,date,date,mock-b,mock-d,2018-03-05,2018-03-05,05/03/2018,05/03/2018,True,False,False
synthetic/s7/0063,date,date,mock-c,mock-d,2018-03-05,2018-03-05,05/03/2018,05/03/2018,True,False,False
synthetic/s7/0063,phone,phone,mock-a,mock-b,∅,37605977,,03-760 5977,False,False,True
synthetic/s7/0063,phone,phone,mock-a,mock-c,∅,437605977,,43-760 5977,False,False,True
synthetic/s7/0063,phone,phone,mock-a,mock-d,∅,∅,,,True,True,False
synthetic/s7/0063,phone,phone,mock-b,mock-c,37605977,437605977,03-760 5977,43-760 5977,False,False,False
synthetic/s7/0063,phone,phone,mock-b,mock-d,37605977,∅,03-760 5977,,False,False,True
synthetic/s7/0063,phone,phone,mock-c,mock-d,437605977,∅,43-760 5977,,False,False,True
synthetic/s7/0063,tax,money,mock-a,mock-b,∅,∅,,,True,True,False
synthetic/s7/0063,tax,money,mock-a,mock-c,∅,∅,,,True,True,False
synthetic/s7/0063,tax,money,mock-a,mock-d,∅,∅,,,True,True,False
synthetic/s7/0063,tax,money,mock-b,mock-c,∅,∅,,,True,True,False
synthetic/s7/0063,tax,money,mock-b,mock-d,∅,∅,,,True,True,False
synthetic/s7/0063,tax,money,mock-c,mock-d,∅,∅,,,True,True,False
synthetic/s7/0063,total,money,mock-a,mock-b,37.70,∅,37.70,,False,False,True
synthetic/s7/0063,total,money,mock-a,mock-c,37.70,38.30,37.70,38.30,False,False,False
synthetic/s7/0063,total,money,mock-a,mock-d,37.70,38.90,37.70,38.90,False,False,False
synthetic/s7/0063,total,money,mock-b,mock-c,∅,38.30,,38.30,False,False,True
synthetic/s7/0063,total,money,mock-b,mock-d,∅,38.90,,38.90,False,False,True
synthetic/s7/0063,total,money,mock-c,mock-d,38.30,38.90,38.30,38.90,False,False,False
synthetic/s7/0064,address,address,mock-a,mock-b,lot p t 2811 jln angsana tmn mutiara rini 81300 skudai,lot p t 2811 jln angsana tmn mutiara rini,"LOT P.T. 2811, JALAN ANGSANA, TAMAN MUTIARA RINI, 81300 SKUDAI","LOT P.T. 2811, JALAN ANGSANA, TAMAN MUTIARA RINI",False,False,False
synthetic/s7/0064,address,address,mock-a,mock-c,lot p t 2811 jln angsana tmn mutiara rini 81300 skudai,lot p t 2811 jln angsana tmn mutiara rini 81300 skudai,"LOT P.T. 2811, JALAN ANGSANA, TAMAN MUTIARA RINI, 81300 SKUDAI","LOT P.T. 2811, JALAN ANGSANA, TAMAN MUTIARA RINI, 81300 SKUDAI",True,False,False
synthetic/s7/0064,address,address,mock-a,mock-d,lot p t 2811 jln angsana tmn mutiara rini 81300 skudai,lot p t 2811 jln angsana tmn mutiara rini 81300 skudai,"LOT P.T. 2811, JALAN ANGSANA, TAMAN MUTIARA RINI, 81300 SKUDAI","LOT P.T. 2811, JALAN ANGSANA, TAMAN MUTIARA RINI, 81300 SKUDAI",True,False,False
synthetic/s7/0064,address,address,mock-b,mock-c,lot p t 2811 jln angsana tmn mutiara rini,lot p t 2811 jln angsana tmn mutiara rini 81300 skudai,"LOT P.T. 2811, JALAN ANGSANA, TAMAN MUTIARA RINI","LOT P.T. 2811, JALAN ANGSANA, TAMAN MUTIARA RINI, 81300 SKUDAI",False,False,False
synthetic/s7/0064,address,address,mock-b,mock-d,lot p t 2811 jln angsana tmn mutiara rini,lot p t 2811 jln angsana tmn mutiara rini 81300 skudai,"LOT P.T. 2811, JALAN ANGSANA, TAMAN MUTIARA RINI","LOT P.T. 2811, JALAN ANGSANA, TAMAN MUTIARA RINI, 81300 SKUDAI",False,False,False
synthetic/s7/0064,address,address,mock-c,mock-d,lot p t 2811 jln angsana tmn mutiara rini 81300 skudai,lot p t 2811 jln angsana tmn mutiara rini 81300 skudai,"LOT P.T. 2811, JALAN ANGSANA, TAMAN MUTIARA RINI, 81300 SKUDAI","LOT P.T. 2811, JALAN ANGSANA, TAMAN MUTIARA RINI, 81300 SKUDAI",True,False,False
synthetic/s7/0064,company,org,mock-a,mock-b,99 speed mart s b,99 speed mart s b,99 SPEED MART S/B,99 SPEED MART S/B,True,False,False
synthetic/s7/0064,company,org,mock-a,mock-c,99 speed mart s b,speed mart s b,99 SPEED MART S/B,SPEED MART S/B,False,False,False
synthetic/s7/0064,company,org,mock-a,mock-d,99 speed mart s b,99 speed mart s b,99 SPEED MART S/B,99 SPEED MART S/B,True,False,False
synthetic/s7/0064,company,org,mock-b,mock-c,99 speed mart s b,speed mart s b,99 SPEED MART S/B,SPEED MART S/B,False,False,False
synthetic/s7/0064,company,org,mock-b,mock-d,99 speed mart s b,99 speed mart s b,99 SPEED MART S/B,99 SPEED MART S/B,True,False,False
synthetic/s7/0064,company,org,mock-c,mock-d,speed mart s b,99 speed mart s b,SPEED MART S/B,99 SPEED MART S/B,False,False,False
synthetic/s7/0064,date,date,mock-a,mock-b,2019-11-17,2019-11-17,17/11/2019,17/11/2019,True,False,False
synthetic/s7/0064,date,date,mock-a,mock-c,2019-11-17,2019-11-17,17/11/2019,17/11/2019,True,False,False
synthetic/s7/0064,date,date,mock-a,mock-d,2019-11-17,2019-11-17,17/11/2019,17/11/2019,True,False,False
synthetic/s7/0064,date,date,mock-b,mock-c,2019-11-17,2019-11-17,17/11/2019,17/11/2019,True,False,False
synthetic/s7/0064,date,date,mock-b,mock-d,2019-11-17,2019-11-17,17/11/2019,17/11/2019,True,False,False
synthetic/s7/0064,date,date,mock-c,mock-d,2019-11-17,2019-11-17,17/11/2019,17/11/2019,True,False,False
synthetic/s7/0064,phone,phone,mock-a,mock-b,72967358,72967358,07-296 7358,07-296 7358,True,False,False
synthetic/s7/0064,phone,phone,mock-a,mock-c,72967358,∅,07-296 7358,,False,False,True
synthetic/s7/0064,phone,phone,mock-a,mock-d,72967358,472967358,07-296 7358,47-296 7358,False,False,False
synthetic/s7/0064,phone,phone,mock-b,mock-c,72967358,∅,07-296 7358,,False,False,True
synthetic/s7/0064,phone,phone,mock-b,mock-d,72967358,472967358,07-296 7358,47-296 7358,False,False,False
synthetic/s7/0064,phone,phone,mock-c,mock-d,∅,472967358,,47-296 7358,False,False,True
synthetic/s7/0064,tax,money,mock-a,mock-b,0.70,0.70,0.70,0.70,True,False,False
synthetic/s7/0064,tax,money,mock-a,mock-c,0.70,0.70,0.70,0.70,True,False,False
synthetic/s7/0064,tax,money,mock-a,mock-d,0.70,0.70,0.70,0.70,True,False,False
synthetic/s7/0064,tax,money,mock-b,mock-c,0.70,0.70,0.70,0.70,True,False,False
synthetic/s7/0064,tax,money,mock-b,mock-d,0.70,0.70,0.70,0.70,True,False,False
synthetic/s7/0064,tax,money,mock-c,mock-d,0.70,0.70,0.70,0.70,True,False,False
synthetic/s7/0064,total,money,mock-a,mock-b,13.67,13.67,13.67,13.67,True,False,False
synthetic/s7/0064,total,money,mock-a,mock-c,13.67,13.67,13.67,13.67,True,False,False
synthetic/s7/0064,total,money,mock-a,mock-d,13.67,13.67,13.67,13.67,True,False,False
synthetic/s7/0064,total,money,mock-b,mock-c,13.67,13.67,13.67,13.67,True,False,False
synthetic/s7/0064,total,money,mock-b,mock-d,13.67,13.67,13.67,13.67,True,False,False
synthetic/s7/0064,total,money,mock-c,mock-d,13.67,13.67,13.67,13.67,True,False,False
synthetic/s7/0065,address,address,mock-a,mock-b,lot 276 jln banting 43800 dengkil,lot 276 jln banting 43800 dengkil,"LOT 276 JALAN BANTING, 43800 DENGKIL","LOT 276 JALAN BANTING, 43800 DENGKIL",True,False,False
synthetic/s7/0065,address,address,mock-a,mock-c,lot 276 jln banting 43800 dengkil,lot 276 jln banting 43800 dengkil selangor,"LOT 276 JALAN BANTING, 43800 DENGKIL","LOT 276 JALAN BANTING, 43800 DENGKIL, SELANGOR",False,False,False
synthetic/s7/0065,address,address,mock-a,mock-d,lot 276 jln banting 43800 dengkil,lot 276 jln banting 43800 dengkil selangor,"LOT 276 JALAN BANTING, 43800 DENGKIL","LOT 276 JALAN BANTING, 43800 DENGKIL, SELANGOR",False,False,False
synthetic/s7/0065,address,address,mock-b,mock-c,lot 276 jln banting 43800 dengkil,lot 276 jln banting 43800 dengkil selangor,"LOT 276 JALAN BANTING, 43800 DENGKIL","LOT 276 JALAN BANTING, 43800 DENGKIL, SELANGOR",False,False,False
synthetic/s7/0065,address,address,mock-b,mock-d,lot 276 jln banting 43800 dengkil,lot 276 jln banting 43800 dengkil selangor,"LOT 276 JALAN BANTING, 43800 DENGKIL","LOT 276 JALAN BANTING, 43800 DENGKIL, SELANGOR",False,False,False
synthetic/s7/0065,address,address,mock-c,mock-d,lot 276 jln banting 43800 dengkil selangor,lot 276 jln banting 43800 dengkil selangor,"LOT 276 JALAN BANTING, 43800 DENGKIL, SELANGOR","LOT 276 JALAN BANTING, 43800 DENGKIL, SELANGOR",True,False,False
synthetic/s7/0065,company,org,mock-a,mock-b,papan yew chuan,papan yew chuan,PAPAN YEW CHUAN,PAPAN YEW CHUAN,True,False,False
synthetic/s7/0065,company,org,mock-a,mock-c,papan yew chuan,papan yew chuan,PAPAN YEW CHUAN,PAPAN YEW CHUAN,True,False,False
synthetic/s7/0065,company,org,mock-a,mock-d,papan yew chuan,papan yew chuan,PAPAN YEW CHUAN,PAPAN YEW CHUAN,True,False,False
synthetic/s7/0065,company,org,mock-b,mock-c,papan yew chuan,papan yew chuan,PAPAN YEW CHUAN,PAPAN YEW CHUAN,True,False,False
synthetic/s7/0065,company,org,mock-b,mock-d,papan yew chuan,papan yew chuan,PAPAN YEW CHUAN,PAPAN YEW CHUAN,True,False,False
synthetic/s7/0065,company,org,mock-c,mock-d,papan yew chuan,papan yew chuan,PAPAN YEW CHUAN,PAPAN YEW CHUAN,True,False,False
synthetic/s7/0065,date,date,mock-a,mock-b,2019-01-01,2019-01-01,01/01/2019,01/01/2019,True,False,False
synthetic/s7/0065,date,date,mock-a,mock-c,2019-01-01,2019-01-01,01/01/2019,01/01/2019,True,False,False
synthetic/s7/0065,date,date,mock-a,mock-d,2019-01-01,2019-01-01,01/01/2019,01/01/2019,True,False,False
synthetic/s7/0065,date,date,mock-b,mock-c,2019-01-01,2019-01-01,01/01/2019,01/01/2019,True,False,False
synthetic/s7/0065,date,date,mock-b,mock-d,2019-01-01,2019-01-01,01/01/2019,01/01/2019,True,False,False
synthetic/s7/0065,date,date,mock-c,mock-d,2019-01-01,2019-01-01,01/01/2019,01/01/2019,True,False,False
synthetic/s7/0065,phone,phone,mock-a,mock-b,41297747,41297747,04-129 7747,04-129 7747,True,False,False
synthetic/s7/0065,phone,phone,mock-a,mock-c,41297747,41297747,04-129 7747,04-129 7747,True,False,False
synthetic/s7/0065,phone,phone,mock-a,mock-d,41297747,41297747,04-129 7747,04-129 7747,True,False,False
synthetic/s7/0065,phone,phone,mock-b,mock-c,41297747,41297747,04-129 7747,04-129 7747,True,False,False
synthetic/s7/0065,phone,phone,mock-b,mock-d,41297747,41297747,04-129 7747,04-129 7747,True,False,False
synthetic/s7/0065,phone,phone,mock-c,mock-d,41297747,41297747,04-129 7747,04-129 7747,True,False,False
synthetic/s7/0065,tax,money,mock-a,mock-b,2.38,2.38,2.38,2.38,True,False,False
synthetic/s7/0065,tax,money,mock-a,mock-c,2.38,2.38,2.38,2.38,True,False,False
synthetic/s7/0065,tax,money,mock-a,mock-d,2.38,2.38,2.38,2.38,True,False,False
synthetic/s7/0065,tax,money,mock-b,mock-c,2.38,2.38,2.38,2.38,True,False,False
synthetic/s7/0065,tax,money,mock-b,mock-d,2.38,2.38,2.38,2.38,True,False,False
synthetic/s7/0065,tax,money,mock-c,mock-d,2.38,2.38,2.38,2.38,True,False,False
synthetic/s7/0065,total,money,mock-a,mock-b,42.08,40.88,42.08,40.88,False,False,False
synthetic/s7/0065,total,money,mock-a,mock-c,42.08,42.08,42.08,42.08,True,False,False
synthetic/s7/0065,total,money,mock-a,mock-d,42.08,42.08,42.08,42.08,True,False,False
synthetic/s7/0065,total,money,mock-b,mock-c,40.88,42.08,40.88,42.08,False,False,False
synthetic/s7/0065,total,money,mock-b,mock-d,40.88,42.08,40.88,42.08,False,False,False
synthetic/s7/0065,total,money,mock-c,mock-d,42.08,42.08,42.08,42.08,True,False,False
synthetic/s7/0066,address,address,mock-a,mock-b,no 2 and 4 jln bayu 4 bdr seri alam 81750 masai johor,no 2 and 4 jln bayu 4 bdr seri alam 81750 masai,"NO 2 & 4, JALAN BAYU 4, BANDAR SERI ALAM, 81750 MASAI, JOHOR","NO 2 & 4, JALAN BAYU 4, BANDAR SERI ALAM, 81750 MASAI",False,False,False
synthetic/s7/0066,address,address,mock-a,mock-c,no 2 and 4 jln bayu 4 bdr seri alam 81750 masai johor,no 2 and 4 jln bayu 4 bdr seri alam 81750 masai,"NO 2 & 4, JALAN BAYU 4, BANDAR SERI ALAM, 81750 MASAI, JOHOR","NO 2 & 4, JALAN BAYU 4, BANDAR SERI ALAM, 81750 MASAI",False,False,False
synthetic/s7/0066,address,address,mock-a,mock-d,no 2 and 4 jln bayu 4 bdr seri alam 81750 masai johor,no 2 and 4 jln bayu 4 bdr seri alam 81750 masai johor,"NO 2 & 4, JALAN BAYU 4, BANDAR SERI ALAM, 81750 MASAI, JOHOR","NO 2 & 4, JALAN BAYU 4, BANDAR SERI ALAM, 81750 MASAI, JOHOR",True,False,False
synthetic/s7/0066,address,address,mock-b,mock-c,no 2 and 4 jln bayu 4 bdr seri alam 81750 masai,no 2 and 4 jln bayu 4 bdr seri alam 81750 masai,"NO 2 & 4, JALAN BAYU 4, BANDAR SERI ALAM, 81750 MASAI","NO 2 & 4, JALAN BAYU 4, BANDAR SERI ALAM, 81750 MASAI",True,False,False
synthetic/s7/0066,address,address,mock-b,mock-d,no 2 and 4 jln bayu 4 bdr seri alam 81750 masai,no 2 and 4 jln bayu 4 bdr seri alam 81750 masai johor,"NO 2 & 4, JALAN BAYU 4, BANDAR SERI ALAM, 81750 MASAI","NO 2 & 4, JALAN BAYU 4, BANDAR SERI ALAM, 81750 MASAI, JOHOR",False,False,False
synthetic/s7/0066,address,address,mock-c,mock-d,no 2 and 4 jln bayu 4 bdr seri alam 81750 masai,no 2 and 4 jln bayu 4 bdr seri alam 81750 masai johor,"NO 2 & 4, JALAN BAYU 4, BANDAR SERI ALAM, 81750 MASAI","NO 2 & 4, JALAN BAYU 4, BANDAR SERI ALAM, 81750 MASAI, JOHOR",False,False,False
synthetic/s7/0066,company,org,mock-a,mock-b,ojc marketing,ojc marketing,OJC MARKETING SDN BHD,OJC MARKETING SDN BHD,True,False,False
synthetic/s7/0066,company,org,mock-a,mock-c,ojc marketing,ojc marketing,OJC MARKETING SDN BHD,OJC MARKETING SDN BHD,True,False,False
synthetic/s7/0066,company,org,mock-a,mock-d,ojc marketing,ojc marketing,OJC MARKETING SDN BHD,OJC MARKETING SDN BHD,True,False,False
synthetic/s7/0066,company,org,mock-b,mock-c,ojc marketing,ojc marketing,OJC MARKETING SDN BHD,OJC MARKETING SDN BHD,True,False,False
synthetic/s7/0066,company,org,mock-b,mock-d,ojc marketing,ojc marketing,OJC MARKETING SDN BHD,OJC MARKETING SDN BHD,True,False,False
synthetic/s7/0066,company,org,mock-c,mock-d,ojc marketing,ojc marketing,OJC MARKETING SDN BHD,OJC MARKETING SDN BHD,True,False,False
synthetic/s7/0066,date,date,mock-a,mock-b,2018-01-02,2018-01-02,02/01/2018,02/01/2018,True,False,False
synthetic/s7/0066,date,date,mock-a,mock-c,2018-01-02,2018-01-02,02/01/2018,02/01/2018,True,False,False
synthetic/s7/0066,date,date,mock-a,mock-d,2018-01-02,2018-01-02,02/01/2018,02/01/2018,True,False,False
synthetic/s7/0066,date,date,mock-b,mock-c,2018-01-02,2018-01-02,02/01/2018,02/01/2018,True,False,False
synthetic/s7/0066,date,date,mock-b,mock-d,2018-01-02,2018-01-02,02/01/2018,02/01/2018,True,False,False
synthetic/s7/0066,date,date,mock-c,mock-d,2018-01-02,2018-01-02,02/01/2018,02/01/2018,True,False,False
synthetic/s7/0066,phone,phone,mock-a,mock-b,∅,312345678,,03-1234 5678,False,False,True
synthetic/s7/0066,phone,phone,mock-a,mock-c,∅,∅,,,True,True,False
synthetic/s7/0066,phone,phone,mock-a,mock-d,∅,∅,,,True,True,False
synthetic/s7/0066,phone,phone,mock-b,mock-c,312345678,∅,03-1234 5678,,False,False,True
synthetic/s7/0066,phone,phone,mock-b,mock-d,312345678,∅,03-1234 5678,,False,False,True
synthetic/s7/0066,phone,phone,mock-c,mock-d,∅,∅,,,True,True,False
synthetic/s7/0066,tax,money,mock-a,mock-b,∅,∅,,,True,True,False
synthetic/s7/0066,tax,money,mock-a,mock-c,∅,∅,,,True,True,False
synthetic/s7/0066,tax,money,mock-a,mock-d,∅,∅,,,True,True,False
synthetic/s7/0066,tax,money,mock-b,mock-c,∅,∅,,,True,True,False
synthetic/s7/0066,tax,money,mock-b,mock-d,∅,∅,,,True,True,False
synthetic/s7/0066,tax,money,mock-c,mock-d,∅,∅,,,True,True,False
synthetic/s7/0066,total,money,mock-a,mock-b,38.10,38.10,38.10,38.10,True,False,False
synthetic/s7/0066,total,money,mock-a,mock-c,38.10,38.10,38.10,38.10,True,False,False
synthetic/s7/0066,total,money,mock-a,mock-d,38.10,38.10,38.10,38.10,True,False,False
synthetic/s7/0066,total,money,mock-b,mock-c,38.10,38.10,38.10,38.10,True,False,False
synthetic/s7/0066,total,money,mock-b,mock-d,38.10,38.10,38.10,38.10,True,False,False
synthetic/s7/0066,total,money,mock-c,mock-d,38.10,38.10,38.10,38.10,True,False,False
synthetic/s7/0067,address,address,mock-a,mock-b,no 59 jln permas 9 5 bdr baru permas jaya 81750 johor bahru,no 59 jln permas 9 5 bdr baru permas jaya 81750 johor bahru,"NO.59 JALAN PERMAS 9/5, BANDAR BARU PERMAS JAYA, 81750 JOHOR BAHRU","NO.59 JALAN PERMAS 9/5, BANDAR BARU PERMAS JAYA, 81750 JOHOR BAHRU",True,False,False
synthetic/s7/0067,address,address,mock-a,mock-c,no 59 jln permas 9 5 bdr baru permas jaya 81750 johor bahru,no 59 jln permas 9 5 bdr baru permas jaya 81750 johor bahru,"NO.59 JALAN PERMAS 9/5, BANDAR BARU PERMAS JAYA, 81750 JOHOR BAHRU","NO.59 JALAN PERMAS 9/5, BANDAR BARU PERMAS JAYA, 81750 JOHOR BAHRU",True,False,False
synthetic/s7/0067,address,address,mock-a,mock-d,no 59 jln permas 9 5 bdr baru permas jaya 81750 johor bahru,∅,"NO.59 JALAN PERMAS 9/5, BANDAR BARU PERMAS JAYA, 81750 JOHOR BAHRU",,False,False,True
synthetic/s7/0067,address,address,mock-b,mock-c,no 59 jln permas 9 5 bdr baru permas jaya 81750 johor bahru,no 59 jln permas 9 5 bdr baru permas jaya 81750 johor bahru,"NO.59 JALAN PERMAS 9/5, BANDAR BARU PERMAS JAYA, 81750 JOHOR BAHRU","NO.59 JALAN PERMAS 9/5, BANDAR BARU PERMAS JAYA, 81750 JOHOR BAHRU",True,False,False
synthetic/s7/0067,address,address,mock-b,mock-d,no 59 jln permas 9 5 bdr baru permas jaya 81750 johor bahru,∅,"NO.59 JALAN PERMAS 9/5, BANDAR BARU PERMAS JAYA, 81750 JOHOR BAHRU",,False,False,True
synthetic/s7/0067,address,address,mock-c,mock-d,no 59 jln permas 9 5 bdr baru permas jaya 81750 johor bahru,∅,"NO.59 JALAN PERMAS 9/5, BANDAR BARU PERMAS JAYA, 81750 JOHOR BAHRU",,False,False,True
synthetic/s7/0067,company,org,mock-a,mock-b,perniagaan zheng hui,perniagaan zheng hui,PERNIAGAAN ZHENG HUI,PERNIAGAAN ZHENG HUI,True,False,False
synthetic/s7/0067,company,org,mock-a,mock-c,perniagaan zheng hui,perniagaan zheng hui,PERNIAGAAN ZHENG HUI,PERNIAGAAN ZHENG HUI,True,False,False
synthetic/s7/0067,company,org,mock-a,mock-d,perniagaan zheng hui,perniagaan zheng hui,PERNIAGAAN ZHENG HUI,PERNIAGAAN ZHENG HUI,True,False,False
synthetic/s7/0067,company,org,mock-b,mock-c,perniagaan zheng hui,perniagaan zheng hui,PERNIAGAAN ZHENG HUI,PERNIAGAAN ZHENG HUI,True,False,False
synthetic/s7/0067,company,org,mock-b,mock-d,perniagaan zheng hui,perniagaan zheng hui,PERNIAGAAN ZHENG HUI,PERNIAGAAN ZHENG HUI,True,False,False
synthetic/s7/0067,company,org,mock-c,mock-d,perniagaan zheng hui,perniagaan zheng hui,PERNIAGAAN ZHENG HUI,PERNIAGAAN ZHENG HUI,True,False,False
synthetic/s7/0067,date,date,mock-a,mock-b,2019-06-23,2019-06-23,23/06/2019,06/23/2019,True,False,False
synthetic/s7/0067,date,date,mock-a,mock-c,2019-06-23,2019-06-23,23/06/2019,23/06/2019,True,False,False
synthetic/s7/0067,date,date,mock-a,mock-d,2019-06-23,2019-06-23,23/06/2019,23/06/2019,True,False,False
synthetic/s7/0067,date,date,mock-b,mock-c,2019-06-23,2019-06-23,06/23/2019,23/06/2019,True,False,False
synthetic/s7/0067,date,date,mock-b,mock-d,2019-06-23,2019-06-23,06/23/2019,23/06/2019,True,False,False
synthetic/s7/0067,date,date,mock-c,mock-d,2019-06-23,2019-06-23,23/06/2019,23/06/2019,True,False,False
synthetic/s7/0067,phone,phone,mock-a,mock-b,∅,312345678,,03-1234 5678,False,False,True
synthetic/s7/0067,phone,phone,mock-a,mock-c,∅,∅,,,True,True,False
synthetic/s7/0067,phone,phone,mock-a,mock-d,∅,∅,,,True,True,False
synthetic/s7/0067,phone,phone,mock-b,mock-c,312345678,∅,03-1234 5678,,False,False,True
synthetic/s7/0067,phone,phone,mock-b,mock-d,312345678,∅,03-1234 5678,,False,False,True
synthetic/s7/0067,phone,phone,mock-c,mock-d,∅,∅,,,True,True,False
synthetic/s7/0067,tax,money,mock-a,mock-b,∅,∅,,,True,True,False
synthetic/s7/0067,tax,money,mock-a,mock-c,∅,∅,,,True,True,False
synthetic/s7/0067,tax,money,mock-a,mock-d,∅,∅,,,True,True,False
synthetic/s7/0067,tax,money,mock-b,mock-c,∅,∅,,,True,True,False
synthetic/s7/0067,tax,money,mock-b,mock-d,∅,∅,,,True,True,False
synthetic/s7/0067,tax,money,mock-c,mock-d,∅,∅,,,True,True,False
synthetic/s7/0067,total,money,mock-a,mock-b,35.80,35.70,35.80,35.70,False,False,False
synthetic/s7/0067,total,money,mock-a,mock-c,35.80,35.80,35.80,35.80,True,False,False
synthetic/s7/0067,total,money,mock-a,mock-d,35.80,35.80,35.80,35.80,True,False,False
synthetic/s7/0067,total,money,mock-b,mock-c,35.70,35.80,35.70,35.80,False,False,False
synthetic/s7/0067,total,money,mock-b,mock-d,35.70,35.80,35.70,35.80,False,False,False
synthetic/s7/0067,total,money,mock-c,mock-d,35.80,35.80,35.80,35.80,True,False,False
synthetic/s7/0068,address,address,mock-a,mock-b,lot 3 jln pelabur 23 1 40300 shah alam selangor,lot 3 jln pelabur 23 1 40300 shah alam,"LOT 3, JALAN PELABUR 23/1, 40300 SHAH ALAM, SELANGOR","LOT 3, JALAN PELABUR 23/1, 40300 SHAH ALAM",False,False,False
synthetic/s7/0068,address,address,mock-a,mock-c,lot 3 jln pelabur 23 1 40300 shah alam selangor,lot 3 jln pelabur 23 1 40300 shah alam selangor,"LOT 3, JALAN PELABUR 23/1, 40300 SHAH ALAM, SELANGOR","LOT 3, JALAN PELABUR 23/1, 40300 SHAH ALAM, SELANGOR",True,False,False
synthetic/s7/0068,address,address,mock-a,mock-d,lot 3 jln pelabur 23 1 40300 shah alam selangor,lot 3 jln pelabur 23 1 40300 shah alam selangor,"LOT 3, JALAN PELABUR 23/1, 40300 SHAH ALAM, SELANGOR","LOT 3, JALAN PELABUR 23/1, 40300 SHAH ALAM, SELANGOR",True,False,False
synthetic/s7/0068,address,address,mock-b,mock-c,lot 3 jln pelabur 23 1 40300 shah alam,lot 3 jln pelabur 23 1 40300 shah alam selangor,"LOT 3, JALAN PELABUR 23/1, 40300 SHAH ALAM","LOT 3, JALAN PELABUR 23/1, 40300 SHAH ALAM, SELANGOR",False,False,False
synthetic/s7/0068,address,address,mock-b,mock-d,lot 3 jln pelabur 23 1 40300 shah alam,lot 3 jln pelabur 23 1 40300 shah alam selangor,"LOT 3, JALAN PELABUR 23/1, 40300 SHAH ALAM","LOT 3, JALAN PELABUR 23/1, 40300 SHAH ALAM, SELANGOR",False,False,False
synthetic/s7/0068,address,address,mock-c,mock-d,lot 3 jln pelabur 23 1 40300 shah alam selangor,lot 3 jln pelabur 23 1 40300 shah alam selangor,"LOT 3, JALAN PELABUR 23/1, 40300 SHAH ALAM, SELANGOR","LOT 3, JALAN PELABUR 23/1, 40300 SHAH ALAM, SELANGOR",True,False,False
synthetic/s7/0068,company,org,mock-a,mock-b,gardenia bakeries kl,gardenia bakeries kl,GARDENIA BAKERIES (KL) SDN BHD,GARDENIA BAKERIES (KL) SDN BHD,True,False,False
synthetic/s7/0068,company,org,mock-a,mock-c,gardenia bakeries kl,gardenia bakeries kl,GARDENIA BAKERIES (KL) SDN BHD,GARDENIA BAKERIES (KL) SDN BHD,True,False,False
synthetic/s7/0068,company,org,mock-a,mock-d,gardenia bakeries kl,∅,GARDENIA BAKERIES (KL) SDN BHD,,False,False,True
synthetic/s7/0068,company,org,mock-b,mock-c,gardenia bakeries kl,gardenia bakeries kl,GARDENIA BAKERIES (KL) SDN BHD,GARDENIA BAKERIES (KL) SDN BHD,True,False,False
synthetic/s7/0068,company,org,mock-b,mock-d,gardenia bakeries kl,∅,GARDENIA BAKERIES (KL) SDN BHD,,False,False,True
synthetic/s7/0068,company,org,mock-c,mock-d,gardenia bakeries kl,∅,GARDENIA BAKERIES (KL) SDN BHD,,False,False,True
synthetic/s7/0068,date,date,mock-a,mock-b,2019-04-16,2019-04-16,16/04/2019,04/16/2019,True,False,False
synthetic/s7/0068,date,date,mock-a,mock-c,2019-04-16,2019-04-16,16/04/2019,16/04/2019,True,False,False
synthetic/s7/0068,date,date,mock-a,mock-d,2019-04-16,2019-04-16,16/04/2019,16/04/2019,True,False,False
synthetic/s7/0068,date,date,mock-b,mock-c,2019-04-16,2019-04-16,04/16/2019,16/04/2019,True,False,False
synthetic/s7/0068,date,date,mock-b,mock-d,2019-04-16,2019-04-16,04/16/2019,16/04/2019,True,False,False
synthetic/s7/0068,date,date,mock-c,mock-d,2019-04-16,2019-04-16,16/04/2019,16/04/2019,True,False,False
synthetic/s7/0068,phone,phone,mock-a,mock-b,∅,312345678,,03-1234 5678,False,False,True
synthetic/s7/0068,phone,phone,mock-a,mock-c,∅,∅,,,True,True,False
synthetic/s7/0068,phone,phone,mock-a,mock-d,∅,∅,,,True,True,False
synthetic/s7/0068,phone,phone,mock-b,mock-c,312345678,∅,03-1234 5678,,False,False,True
synthetic/s7/0068,phone,phone,mock-b,mock-d,312345678,∅,03-1234 5678,,False,False,True
synthetic/s7/0068,phone,phone,mock-c,mock-d,∅,∅,,,True,True,False
synthetic/s7/0068,tax,money,mock-a,mock-b,0.58,0.48,0.58,0.48,False,False,False
synthetic/s7/0068,tax,money,mock-a,mock-c,0.58,0.48,0.58,0.48,False,False,False
synthetic/s7/0068,tax,money,mock-a,mock-d,0.58,∅,0.58,,False,False,True
synthetic/s7/0068,tax,money,mock-b,mock-c,0.48,0.48,0.48,0.48,True,False,False
synthetic/s7/0068,tax,money,mock-b,mock-d,0.48,∅,0.48,,False,False,True
synthetic/s7/0068,tax,money,mock-c,mock-d,0.48,∅,0.48,,False,False,True
synthetic/s7/0068,total,money,mock-a,mock-b,8.48,8.48,8.48,8.48,True,False,False
synthetic/s7/0068,total,money,mock-a,mock-c,8.48,8.48,8.48,8.48,True,False,False
synthetic/s7/0068,total,money,mock-a,mock-d,8.48,∅,8.48,,False,False,True
synthetic/s7/0068,total,money,mock-b,mock-c,8.48,8.48,8.48,8.48,True,False,False
synthetic/s7/0068,total,money,mock-b,mock-d,8.48,∅,8.48,,False,False,True
synthetic/s7/0068,total,money,mock-c,mock-d,8.48,∅,8.48,,False,False,True
synthetic/s7/0069,address,address,mock-a,mock-b,no 31g and 33g jln setia indah x u13 x,no 31g and 33g jln setia indah x u13 x 40170 setia alam,"NO. 31G&33G, JALAN SETIA INDAH X, U13/X","NO. 31G&33G, JALAN SETIA INDAH X, U13/X, 40170 SETIA ALAM",False,False,False
synthetic/s7/0069,address,address,mock-a,mock-c,no 31g and 33g jln setia indah x u13 x,no 31g and 33g jln setia indah x u13 x 40170 setia alam,"NO. 31G&33G, JALAN SETIA INDAH X, U13/X","NO. 31G&33G, JALAN SETIA INDAH X, U13/X, 40170 SETIA ALAM",False,False,False
synthetic/s7/0069,address,address,mock-a,mock-d,no 31g and 33g jln setia indah x u13 x,no 31g and 33g jln setia indah x u13 x 40170 setia alam,"NO. 31G&33G, JALAN SETIA INDAH X, U13/X","NO. 31G&33G, JALAN SETIA INDAH X, U13/X, 40170 SETIA ALAM",False,False,False
synthetic/s7/0069,address,address,mock-b,mock-c,no 31g and 33g jln setia indah x u13 x 40170 setia alam,no 31g and 33g jln setia indah x u13 x 40170 setia alam,"NO. 31G&33G, JALAN SETIA INDAH X, U13/X, 40170 SETIA ALAM","NO. 31G&33G, JALAN SETIA INDAH X, U13/X, 40170 SETIA ALAM",True,False,False
synthetic/s7/0069,address,address,mock-b,mock-d,no 31g and 33g jln setia indah x u13 x 40170 setia alam,no 31g and 33g jln setia indah x u13 x 40170 setia alam,"NO. 31G&33G, JALAN SETIA INDAH X, U13/X, 40170 SETIA ALAM","NO. 31G&33G, JALAN SETIA INDAH X, U13/X, 40170 SETIA ALAM",True,False,False
synthetic/s7/0069,address,address,mock-c,mock-d,no 31g and 33g jln setia indah x u13 x 40170 setia alam,no 31g and 33g jln setia indah x u13 x 40170 setia alam,"NO. 31G&33G, JALAN SETIA INDAH X, U13/X, 40170 SETIA ALAM","NO. 31G&33G, JALAN SETIA INDAH X, U13/X, 40170 SETIA ALAM",True,False,False
synthetic/s7/0069,company,org,mock-a,mock-b,sanyu stationery shop,sanyu stationery shop,SANYU STATIONERY SHOP,SANYU STATIONERY SHOP,True,False,False
synthetic/s7/0069,company,org,mock-a,mock-c,sanyu stationery shop,sanyu stationery shop,SANYU STATIONERY SHOP,SANYU STATIONERY SHOP,True,False,False
synthetic/s7/0069,company,org,mock-a,mock-d,sanyu stationery shop,sanyu stationery,SANYU STATIONERY SHOP,SANYU STATIONERY,False,False,False
synthetic/s7/0069,company,org,mock-b,mock-c,sanyu stationery shop,sanyu stationery shop,SANYU STATIONERY SHOP,SANYU STATIONERY SHOP,True,False,False
synthetic/s7/0069,company,org,mock-b,mock-d,sanyu stationery shop,sanyu stationery,SANYU STATIONERY SHOP,SANYU STATIONERY,False,False,False
synthetic/s7/0069,company,org,mock-c,mock-d,sanyu stationery shop,sanyu stationery,SANYU STATIONERY SHOP,SANYU STATIONERY,False,False,False
synthetic/s7/0069,date,date,mock-a,mock-b,2018-10-16,2018-10-16,16/10/2018,16/10/2018,True,False,False
synthetic/s7/0069,date,date,mock-a,mock-c,2018-10-16,2018-10-16,16/10/2018,16/10/2018,True,False,False
synthetic/s7/0069,date,date,mock-a,mock-d,2018-10-16,2018-10-16,16/10/2018,16/10/2018,True,False,False
synthetic/s7/0069,date,date,mock-b,mock-c,2018-10-16,2018-10-16,16/10/2018,16/10/2018,True,False,False
synthetic/s7/0069,date,date,mock-b,mock-d,2018-10-16,2018-10-16,16/10/2018,16/10/2018,True,False,False
synthetic/s7/0069,date,date,mock-c,mock-d,2018-10-16,2018-10-16,16/10/2018,16/10/2018,True,False,False
synthetic/s7/0069,phone,phone,mock-a,mock-b,72497446,72497446,07-249 7446,07-249 7446,True,False,False
synthetic/s7/0069,phone,phone,mock-a,mock-c,72497446,72497446,07-249 7446,07-249 7446,True,False,False
synthetic/s7/0069,phone,phone,mock-a,mock-d,72497446,∅,07-249 7446,,False,False,True
synthetic/s7/0069,phone,phone,mock-b,mock-c,72497446,72497446,07-249 7446,07-249 7446,True,False,False
synthetic/s7/0069,phone,phone,mock-b,mock-d,72497446,∅,07-249 7446,,False,False,True
synthetic/s7/0069,phone,phone,mock-c,mock-d,72497446,∅,07-249 7446,,False,False,True
synthetic/s7/0069,tax,money,mock-a,mock-b,∅,∅,,,True,True,False
synthetic/s7/0069,tax,money,mock-a,mock-c,∅,∅,,,True,True,False
synthetic/s7/0069,tax,money,mock-a,mock-d,∅,∅,,,True,True,False
synthetic/s7/0069,tax,money,mock-b,mock-c,∅,∅,,,True,True,False
synthetic/s7/0069,tax,money,mock-b,mock-d,∅,∅,,,True,True,False
synthetic/s7/0069,tax,money,mock-c,mock-d,∅,∅,,,True,True,False
synthetic/s7/0069,total,money,mock-a,mock-b,8.00,5.60,8.00,5.60,False,False,False
synthetic/s7/0069,total,money,mock-a,mock-c,8.00,8.00,8.00,8.00,True,False,False
synthetic/s7/0069,total,money,mock-a,mock-d,8.00,8.00,8.00,8.00,True,False,False
synthetic/s7/0069,total,money,mock-b,mock-c,5.60,8.00,5.60,8.00,False,False,False
synthetic/s7/0069,total,money,mock-b,mock-d,5.60,8.00,5.60,8.00,False,False,False
synthetic/s7/0069,total,money,mock-c,mock-d,8.00,8.00,8.00,8.00,True,False,False
synthetic/s7/0070,address,address,mock-a,mock-b,lot p t 2811 jln angsana tmn mutiara rini 81300 skudai,∅,"LOT P.T. 2811, JALAN ANGSANA, TAMAN MUTIARA RINI, 81300 SKUDAI",,False,False,True
synthetic/s7/0070,address,address,mock-a,mock-c,lot p t 2811 jln angsana tmn mutiara rini 81300 skudai,lot p t 2811 jln angsana tmn mutiara rini 81300 skudai,"LOT P.T. 2811, JALAN ANGSANA, TAMAN MUTIARA RINI, 81300 SKUDAI","LOT P.T. 2811, JALAN ANGSANA, TAMAN MUTIARA RINI, 81300 SKUDAI",True,False,False
synthetic/s7/0070,address,address,mock-a,mock-d,lot p t 2811 jln angsana tmn mutiara rini 81300 skudai,lot p t 2811 jln angsana tmn mutiara rini 81300 skudai,"LOT P.T. 2811, JALAN ANGSANA, TAMAN MUTIARA RINI, 81300 SKUDAI","LOT P.T. 2811, JALAN ANGSANA, TAMAN MUTIARA RINI, 81300 SKUDAI",True,False,False
synthetic/s7/0070,address,address,mock-b,mock-c,∅,lot p t 2811 jln angsana tmn mutiara rini 81300 skudai,,"LOT P.T. 2811, JALAN ANGSANA, TAMAN MUTIARA RINI, 81300 SKUDAI",False,False,True
synthetic/s7/0070,address,address,mock-b,mock-d,∅,lot p t 2811 jln angsana tmn mutiara rini 81300 skudai,,"LOT P.T. 2811, JALAN ANGSANA, TAMAN MUTIARA RINI, 81300 SKUDAI",False,False,True
synthetic/s7/0070,address,address,mock-c,mock-d,lot p t 2811 jln angsana tmn mutiara rini 81300 skudai,lot p t 2811 jln angsana tmn mutiara rini 81300 skudai,"LOT P.T. 2811, JALAN ANGSANA, TAMAN MUTIARA RINI, 81300 SKUDAI","LOT P.T. 2811, JALAN ANGSANA, TAMAN MUTIARA RINI, 81300 SKUDAI",True,False,False
synthetic/s7/0070,company,org,mock-a,mock-b,∅,99 speed mart s b,,99 SPEED MART S/B,False,False,True
synthetic/s7/0070,company,org,mock-a,mock-c,∅,99 speed mart s b,,99 SPEED MART S/B,False,False,True
synthetic/s7/0070,company,org,mock-a,mock-d,∅,99 speed mart s b,,99 SPEED MART S/B,False,False,True
synthetic/s7/0070,company,org,mock-b,mock-c,99 speed mart s b,99 speed mart s b,99 SPEED MART S/B,99 SPEED MART S/B,True,False,False
synthetic/s7/0070,company,org,mock-b,mock-d,99 speed mart s b,99 speed mart s b,99 SPEED MART S/B,99 SPEED MART S/B,True,False,False
synthetic/s7/0070,company,org,mock-c,mock-d,99 speed mart s b,99 speed mart s b,99 SPEED MART S/B,99 SPEED MART S/B,True,False,False
synthetic/s7/0070,date,date,mock-a,mock-b,2019-03-20,2019-03-20,20/03/2019,03/20/2019,True,False,False
synthetic/s7/0070,date,date,mock-a,mock-c,2019-03-20,2019-03-20,20/03/2019,20/03/2019,True,False,False
synthetic/s7/0070,date,date,mock-a,mock-d,2019-03-20,2019-03-20,20/03/2019,20/03/2019,True,False,False
synthetic/s7/0070,date,date,mock-b,mock-c,2019-03-20,2019-03-20,03/20/2019,20/03/2019,True,False,False
synthetic/s7/0070,date,date,mock-b,mock-d,2019-03-20,2019-03-20,03/20/2019,20/03/2019,True,False,False
synthetic/s7/0070,date,date,mock-c,mock-d,2019-03-20,2019-03-20,20/03/2019,20/03/2019,True,False,False
synthetic/s7/0070,phone,phone,mock-a,mock-b,84212854,84212854,08-421 2854,08-421 2854,True,False,False
synthetic/s7/0070,phone,phone,mock-a,mock-c,84212854,484212854,08-421 2854,48-421 2854,False,False,False
synthetic/s7/0070,phone,phone,mock-a,mock-d,84212854,84212854,08-421 2854,08-421 2854,True,False,False
synthetic/s7/0070,phone,phone,mock-b,mock-c,84212854,484212854,08-421 2854,48-421 2854,False,False,False
synthetic/s7/0070,phone,phone,mock-b,mock-d,84212854,84212854,08-421 2854,08-421 2854,True,False,False
synthetic/s7/0070,phone,phone,mock-c,mock-d,484212854,84212854,48-421 2854,08-421 2854,False,False,False
synthetic/s7/0070,tax,money,mock-a,mock-b,0.06,0.06,0.06,0.06,True,False,False
synthetic/s7/0070,tax,money,mock-a,mock-c,0.06,0.09,0.06,0.09,False,False,False
synthetic/s7/0070,tax,money,mock-a,mock-d,0.06,∅,0.06,,False,False,True
synthetic/s7/0070,tax,money,mock-b,mock-c,0.06,0.09,0.06,0.09,False,False,False
synthetic/s7/0070,tax,money,mock-b,mock-d,0.06,∅,0.06,,False,False,True
synthetic/s7/0070,tax,money,mock-c,mock-d,0.09,∅,0.09,,False,False,True
synthetic/s7/0070,total,money,mock-a,mock-b,1.59,1.59,1.59,1.59,True,False,False
synthetic/s7/0070,total,money,mock-a,mock-c,1.59,0.00,1.59,0.00,False,False,False
synthetic/s7/0070,total,money,mock-a,mock-d,1.59,1.59,1.59,1.59,True,False,False
synthetic/s7/0070,total,money,mock-b,mock-c,1.59,0.00,1.59,0.00,False,False,False
synthetic/s7/0070,total,money,mock-b,mock-d,1.59,1.59,1.59,1.59,True,False,False
synthetic/s7/0070,total,money,mock-c,mock-d,0.00,1.59,0.00,1.59,False,False,False
synthetic/s7/0071,address,address,mock-a,mock-b,∅,lot 276 jln banting 43800 dengkil,,"LOT 276 JALAN BANTING, 43800 DENGKIL",False,False,True
synthetic/s7/0071,address,address,mock-a,mock-c,∅,lot 276 jln banting 43800 dengkil selangor,,"LOT 276 JALAN BANTING, 43800 DENGKIL, SELANGOR",False,False,True
synthetic/s7/0071,address,address,mock-a,mock-d,∅,lot 276 jln banting 43800 dengkil selangor,,"LOT 276 JALAN BANTING, 43800 DENGKIL, SELANGOR",False,False,True
synthetic/s7/0071,address,address,mock-b,mock-c,lot 276 jln banting 43800 dengkil,lot 276 jln banting 43800 dengkil selangor,"LOT 276 JALAN BANTING, 43800 DENGKIL","LOT 276 JALAN BANTING, 43800 DENGKIL, SELANGOR",False,False,False
synthetic/s7/0071,address,address,mock-b,mock-d,lot 276 jln banting 43800 dengkil,lot 276 jln banting 43800 dengkil selangor,"LOT 276 JALAN BANTING, 43800 DENGKIL","LOT 276 JALAN BANTING, 43800 DENGKIL, SELANGOR",False,False,False
synthetic/s7/0071,address,address,mock-c,mock-d,lot 276 jln banting 43800 dengkil selangor,lot 276 jln banting 43800 dengkil selangor,"LOT 276 JALAN BANTING, 43800 DENGKIL, SELANGOR","LOT 276 JALAN BANTING, 43800 DENGKIL, SELANGOR",True,False,False
synthetic/s7/0071,company,org,mock-a,mock-b,kedai papan yew chuan,kedai papan yew chuan,KEDAI PAPAN YEW CHUAN,KEDAI PAPAN YEW CHUAN,True,False,False
synthetic/s7/0071,company,org,mock-a,mock-c,kedai papan yew chuan,kedai papan yew chuan,KEDAI PAPAN YEW CHUAN,KEDAI PAPAN YEW CHUAN,True,False,False
synthetic/s7/0071,company,org,mock-a,mock-d,kedai papan yew chuan,kedai papan yew chuan,KEDAI PAPAN YEW CHUAN,KEDAI PAPAN YEW CHUAN,True,False,False
synthetic/s7/0071,company,org,mock-b,mock-c,kedai papan yew chuan,kedai papan yew chuan,KEDAI PAPAN YEW CHUAN,KEDAI PAPAN YEW CHUAN,True,False,False
synthetic/s7/0071,company,org,mock-b,mock-d,kedai papan yew chuan,kedai papan yew chuan,KEDAI PAPAN YEW CHUAN,KEDAI PAPAN YEW CHUAN,True,False,False
synthetic/s7/0071,company,org,mock-c,mock-d,kedai papan yew chuan,kedai papan yew chuan,KEDAI PAPAN YEW CHUAN,KEDAI PAPAN YEW CHUAN,True,False,False
synthetic/s7/0071,date,date,mock-a,mock-b,2019-03-07,2019-03-07,07/03/2019,07/03/2019,True,False,False
synthetic/s7/0071,date,date,mock-a,mock-c,2019-03-07,2019-03-07,07/03/2019,07/03/2019,True,False,False
synthetic/s7/0071,date,date,mock-a,mock-d,2019-03-07,2019-03-07,07/03/2019,07/03/2019,True,False,False
synthetic/s7/0071,date,date,mock-b,mock-c,2019-03-07,2019-03-07,07/03/2019,07/03/2019,True,False,False
synthetic/s7/0071,date,date,mock-b,mock-d,2019-03-07,2019-03-07,07/03/2019,07/03/2019,True,False,False
synthetic/s7/0071,date,date,mock-c,mock-d,2019-03-07,2019-03-07,07/03/2019,07/03/2019,True,False,False
synthetic/s7/0071,phone,phone,mock-a,mock-b,254398248,∅,25-439 8248,,False,False,True
synthetic/s7/0071,phone,phone,mock-a,mock-c,254398248,54398248,25-439 8248,05-439 8248,False,False,False
synthetic/s7/0071,phone,phone,mock-a,mock-d,254398248,54398248,25-439 8248,05-439 8248,False,False,False
synthetic/s7/0071,phone,phone,mock-b,mock-c,∅,54398248,,05-439 8248,False,False,True
synthetic/s7/0071,phone,phone,mock-b,mock-d,∅,54398248,,05-439 8248,False,False,True
synthetic/s7/0071,phone,phone,mock-c,mock-d,54398248,54398248,05-439 8248,05-439 8248,True,False,False
synthetic/s7/0071,tax,money,mock-a,mock-b,∅,∅,,,True,True,False
synthetic/s7/0071,tax,money,mock-a,mock-c,∅,∅,,,True,True,False
synthetic/s7/0071,tax,money,mock-a,mock-d,∅,∅,,,True,True,False
synthetic/s7/0071,tax,money,mock-b,mock-c,∅,∅,,,True,True,False
synthetic/s7/0071,tax,money,mock-b,mock-d,∅,∅,,,True,True,False
synthetic/s7/0071,tax,money,mock-c,mock-d,∅,∅,,,True,True,False
synthetic/s7/0071,total,money,mock-a,mock-b,6.50,6.50,6.50,6.50,True,False,False
synthetic/s7/0071,total,money,mock-a,mock-c,6.50,6.50,6.50,6.50,True,False,False
synthetic/s7/0071,total,money,mock-a,mock-d,6.50,6.50,6.50,6.50,True,False,False
synthetic/s7/0071,total,money,mock-b,mock-c,6.50,6.50,6.50,6.50,True,False,False
synthetic/s7/0071,total,money,mock-b,mock-d,6.50,6.50,6.50,6.50,True,False,False
synthetic/s7/0071,total,money,mock-c,mock-d,6.50,6.50,6.50,6.50,True,False,False
synthetic/s7/0072,address,address,mock-a,mock-b,no 2 and 4 jln bayu 4 bdr seri alam 81750 masai johor,no 2 and 4 jln bayu 4 bdr seri alam 81750 masai,"NO 2 & 4, JALAN BAYU 4, BANDAR SERI ALAM, 81750 MASAI, JOHOR","NO 2 & 4, JALAN BAYU 4, BANDAR SERI ALAM, 81750 MASAI",False,False,False
synthetic/s7/0072,address,address,mock-a,mock-c,no 2 and 4 jln bayu 4 bdr seri alam 81750 masai johor,no 2 and 4 jln bayu 4 bdr seri alam 81750 masai johor,"NO 2 & 4, JALAN BAYU 4, BANDAR SERI ALAM, 81750 MASAI, JOHOR","NO 2 & 4, JALAN BAYU 4, BANDAR SERI ALAM, 81750 MASAI, JOHOR",True,False,False
synthetic/s7/0072,address,address,mock-a,mock-d,no 2 and 4 jln bayu 4 bdr seri alam 81750 masai johor,no 2 and 4 jln bayu 4 bdr seri alam 81750 masai johor,"NO 2 & 4, JALAN BAYU 4, BANDAR SERI ALAM, 81750 MASAI, JOHOR","NO 2 & 4, JALAN BAYU 4, BANDAR SERI ALAM, 81750 MASAI, JOHOR",True,False,False
synthetic/s7/0072,address,address,mock-b,mock-c,no 2 and 4 jln bayu 4 bdr seri alam 81750 masai,no 2 and 4 jln bayu 4 bdr seri alam 81750 masai johor,"NO 2 & 4, JALAN BAYU 4, BANDAR SERI ALAM, 81750 MASAI","NO 2 & 4, JALAN BAYU 4, BANDAR SERI ALAM, 81750 MASAI, JOHOR",False,False,False
synthetic/s7/0072,address,address,mock-b,mock-d,no 2 and 4 jln bayu 4 bdr seri alam 81750 masai,no 2 and 4 jln bayu 4 bdr seri alam 81750 masai johor,"NO 2 & 4, JALAN BAYU 4, BANDAR SERI ALAM, 81750 MASAI","NO 2 & 4, JALAN BAYU 4, BANDAR SERI ALAM, 81750 MASAI, JOHOR",False,False,False
synthetic/s7/0072,address,address,mock-c,mock-d,no 2 and 4 jln bayu 4 bdr seri alam 81750 masai johor,no 2 and 4 jln bayu 4 bdr seri alam 81750 masai johor,"NO 2 & 4, JALAN BAYU 4, BANDAR SERI ALAM, 81750 MASAI, JOHOR","NO 2 & 4, JALAN BAYU 4, BANDAR SERI ALAM, 81750 MASAI, JOHOR",True,False,False
synthetic/s7/0072,company,org,mock-a,mock-b,ojc marketing,ojc marketing,OJC MARKETING SDN BHD,OJC MARKETING SDN BHD,True,False,False
synthetic/s7/0072,company,org,mock-a,mock-c,ojc marketing,ojc marketing,OJC MARKETING SDN BHD,OJC MARKETING SDN BHD,True,False,False
synthetic/s7/0072,company,org,mock-a,mock-d,ojc marketing,∅,OJC MARKETING SDN BHD,,False,False,True
synthetic/s7/0072,company,org,mock-b,mock-c,ojc marketing,ojc marketing,OJC MARKETING SDN BHD,OJC MARKETING SDN BHD,True,False,False
synthetic/s7/0072,company,org,mock-b,mock-d,ojc marketing,∅,OJC MARKETING SDN BHD,,False,False,True
synthetic/s7/0072,company,org,mock-c,mock-d,ojc marketing,∅,OJC MARKETING SDN BHD,,False,False,True
synthetic/s7/0072,date,date,mock-a,mock-b,∅,2018-05-03,,03/05/2018,False,False,True
synthetic/s7/0072,date,date,mock-a,mock-c,∅,2018-05-03,,03/05/2018,False,False,True
synthetic/s7/0072,date,date,mock-a,mock-d,∅,2018-03-05,,05/03/2018,False,False,True
synthetic/s7/0072,date,date,mock-b,mock-c,2018-05-03,2018-05-03,03/05/2018,03/05/2018,True,False,False
synthetic/s7/0072,date,date,mock-b,mock-d,2018-05-03,2018-03-05,03/05/2018,05/03/2018,False,False,False
synthetic/s7/0072,date,date,mock-c,mock-d,2018-05-03,2018-03-05,03/05/2018,05/03/2018,False,False,False
synthetic/s7/0072,phone,phone,mock-a,mock-b,58876057,58876057,05-887 6057,05-887 6057,True,False,False
synthetic/s7/0072,phone,phone,mock-a,mock-c,58876057,8876057,05-887 6057,65-887 6057,False,False,False
synthetic/s7/0072,phone,phone,mock-a,mock-d,58876057,58876057,05-887 6057,05-887 6057,True,False,False
synthetic/s7/0072,phone,phone,mock-b,mock-c,58876057,8876057,05-887 6057,65-887 6057,False,False,False
synthetic/s7/0072,phone,phone,mock-b,mock-d,58876057,58876057,05-887 6057,05-887 6057,True,False,False
synthetic/s7/0072,phone,phone,mock-c,mock-d,8876057,58876057,65-887 6057,05-887 6057,False,False,False
synthetic/s7/0072,tax,money,mock-a,mock-b,0.00,0.00,0.00,0.00,True,False,False
synthetic/s7/0072,tax,money,mock-a,mock-c,0.00,∅,0.00,,False,False,True
synthetic/s7/0072,tax,money,mock-a,mock-d,0.00,∅,0.00,,False,False,True
synthetic/s7/0072,tax,money,mock-b,mock-c,0.00,∅,0.00,,False,False,True
synthetic/s7/0072,tax,money,mock-b,mock-d,0.00,∅,0.00,,False,False,True
synthetic/s7/0072,tax,money,mock-c,mock-d,∅,∅,,,True,True,False
synthetic/s7/0072,total,money,mock-a,mock-b,21.40,∅,21.40,,False,False,True
synthetic/s7/0072,total,money,mock-a,mock-c,21.40,29.40,21.40,29.40,False,False,False
synthetic/s7/0072,total,money,mock-a,mock-d,21.40,29.40,21.40,29.40,False,False,False
synthetic/s7/0072,total,money,mock-b,mock-c,∅,29.40,,29.40,False,False,True
synthetic/s7/0072,total,money,mock-b,mock-d,∅,29.40,,29.40,False,False,True
synthetic/s7/0072,total,money,mock-c,mock-d,29.40,29.40,29.40,29.40,True,False,False
synthetic/s7/0073,address,address,mock-a,mock-b,no 59 jln permas 9 5 bdr baru permas jaya 81750 johor bahru,no 59 jln permas 9 5 bdr baru permas jaya 81750 johor bahru,"NO.59 JALAN PERMAS 9/5, BANDAR BARU PERMAS JAYA, 81750 JOHOR BAHRU","NO.59 JALAN PERMAS 9/5, BANDAR BARU PERMAS JAYA, 81750 JOHOR BAHRU",True,False,False
synthetic/s7/0073,address,address,mock-a,mock-c,no 59 jln permas 9 5 bdr baru permas jaya 81750 johor bahru,no 59 jln permas 9 5 bdr baru permas jaya 81750 johor bahru,"NO.59 JALAN PERMAS 9/5, BANDAR BARU PERMAS JAYA, 81750 JOHOR BAHRU","NO.59 JALAN PERMAS 9/5, BANDAR BARU PERMAS JAYA, 81750 JOHOR BAHRU",True,False,False
synthetic/s7/0073,address,address,mock-a,mock-d,no 59 jln permas 9 5 bdr baru permas jaya 81750 johor bahru,no 59 jln permas 9 5 bdr baru permas jaya 81750 johor bahru,"NO.59 JALAN PERMAS 9/5, BANDAR BARU PERMAS JAYA, 81750 JOHOR BAHRU","NO.59 JALAN PERMAS 9/5, BANDAR BARU PERMAS JAYA, 81750 JOHOR BAHRU",True,False,False
synthetic/s7/0073,address,address,mock-b,mock-c,no 59 jln permas 9 5 bdr baru permas jaya 81750 johor bahru,no 59 jln permas 9 5 bdr baru permas jaya 81750 johor bahru,"NO.59 JALAN PERMAS 9/5, BANDAR BARU PERMAS JAYA, 81750 JOHOR BAHRU","NO.59 JALAN PERMAS 9/5, BANDAR BARU PERMAS JAYA, 81750 JOHOR BAHRU",True,False,False
synthetic/s7/0073,address,address,mock-b,mock-d,no 59 jln permas 9 5 bdr baru permas jaya 81750 johor bahru,no 59 jln permas 9 5 bdr baru permas jaya 81750 johor bahru,"NO.59 JALAN PERMAS 9/5, BANDAR BARU PERMAS JAYA, 81750 JOHOR BAHRU","NO.59 JALAN PERMAS 9/5, BANDAR BARU PERMAS JAYA, 81750 JOHOR BAHRU",True,False,False
synthetic/s7/0073,address,address,mock-c,mock-d,no 59 jln permas 9 5 bdr baru permas jaya 81750 johor bahru,no 59 jln permas 9 5 bdr baru permas jaya 81750 johor bahru,"NO.59 JALAN PERMAS 9/5, BANDAR BARU PERMAS JAYA, 81750 JOHOR BAHRU","NO.59 JALAN PERMAS 9/5, BANDAR BARU PERMAS JAYA, 81750 JOHOR BAHRU",True,False,False
synthetic/s7/0073,company,org,mock-a,mock-b,perniagaan zheng hui,perniagaan zheng hui,PERNIAGAAN ZHENG HUI,PERNIAGAAN ZHENG HUI,True,False,False
synthetic/s7/0073,company,org,mock-a,mock-c,perniagaan zheng hui,perniagaan zheng hui,PERNIAGAAN ZHENG HUI,PERNIAGAAN ZHENG HUI,True,False,False
synthetic/s7/0073,company,org,mock-a,mock-d,perniagaan zheng hui,∅,PERNIAGAAN ZHENG HUI,,False,False,True
synthetic/s7/0073,company,org,mock-b,mock-c,perniagaan zheng hui,perniagaan zheng hui,PERNIAGAAN ZHENG HUI,PERNIAGAAN ZHENG HUI,True,False,False
synthetic/s7/0073,company,org,mock-b,mock-d,perniagaan zheng hui,∅,PERNIAGAAN ZHENG HUI,,False,False,True
synthetic/s7/0073,company,org,mock-c,mock-d,perniagaan zheng hui,∅,PERNIAGAAN ZHENG HUI,,False,False,True
synthetic/s7/0073,date,date,mock-a,mock-b,2018-08-23,2018-08-23,08/23/2018,08/23/2018,True,False,False
synthetic/s7/0073,date,date,mock-a,mock-c,2018-08-23,2018-08-23,08/23/2018,08/23/2018,True,False,False
synthetic/s7/0073,date,date,mock-a,mock-d,2018-08-23,2018-08-23,08/23/2018,08/23/2018,True,False,False
synthetic/s7/0073,date,date,mock-b,mock-c,2018-08-23,2018-08-23,08/23/2018,08/23/2018,True,False,False
synthetic/s7/0073,date,date,mock-b,mock-d,2018-08-23,2018-08-23,08/23/2018,08/23/2018,True,False,False
synthetic/s7/0073,date,date,mock-c,mock-d,2018-08-23,2018-08-23,08/23/2018,08/23/2018,True,False,False
synthetic/s7/0073,phone,phone,mock-a,mock-b,∅,∅,,,True,True,False
synthetic/s7/0073,phone,phone,mock-a,mock-c,∅,312345678,,03-1234 5678,False,False,True
synthetic/s7/0073,phone,phone,mock-a,mock-d,∅,∅,,,True,True,False
synthetic/s7/0073,phone,phone,mock-b,mock-c,∅,312345678,,03-1234 5678,False,False,True
synthetic/s7/0073,phone,phone,mock-b,mock-d,∅,∅,,,True,True,False
synthetic/s7/0073,phone,phone,mock-c,mock-d,312345678,∅,03-1234 5678,,False,False,True
synthetic/s7/0073,tax,money,mock-a,mock-b,1.20,1.20,1.20,1.20,True,False,False
synthetic/s7/0073,tax,money,mock-a,mock-c,1.20,1.20,1.20,1.20,True,False,False
synthetic/s7/0073,tax,money,mock-a,mock-d,1.20,1.20,1.20,1.20,True,False,False
synthetic/s7/0073,tax,money,mock-b,mock-c,1.20,1.20,1.20,1.20,True,False,False
synthetic/s7/0073,tax,money,mock-b,mock-d,1.20,1.20,1.20,1.20,True,False,False
synthetic/s7/0073,tax,money,mock-c,mock-d,1.20,1.20,1.20,1.20,True,False,False
synthetic/s7/0073,total,money,mock-a,mock-b,21.20,21.20,21.20,21.20,True,False,False
synthetic/s7/0073,total,money,mock-a,mock-c,21.20,∅,21.20,,False,False,True
synthetic/s7/0073,total,money,mock-a,mock-d,21.20,21.20,21.20,21.20,True,False,False
synthetic/s7/0073,total,money,mock-b,mock-c,21.20,∅,21.20,,False,False,True
synthetic/s7/0073,total,money,mock-b,mock-d,21.20,21.20,21.20,21.20,True,False,False
synthetic/s7/0073,total,money,mock-c,mock-d,∅,21.20,,21.20,False,False,True
synthetic/s7/0074,address,address,mock-a,mock-b,lot 3 jln pelabur 23 1 40300 shah alam selangor,lot 3 jln pelabur 23 1 40300 shah alam selangor,"LOT 3, JALAN PELABUR 23/1, 40300 SHAH ALAM, SELANGOR","LOT 3, JALAN PELABUR 23/1, 40300 SHAH ALAM, SELANGOR",True,False,False
synthetic/s7/0074,address,address,mock-a,mock-c,lot 3 jln pelabur 23 1 40300 shah alam selangor,lot 3 jln pelabur 23 1 40300 shah alam selangor,"LOT 3, JALAN PELABUR 23/1, 40300 SHAH ALAM, SELANGOR","LOT 3, JALAN PELABUR 23/1, 40300 SHAH ALAM, SELANGOR",True,False,False
synthetic/s7/0074,address,address,mock-a,mock-d,lot 3 jln pelabur 23 1 40300 shah alam selangor,lot 3 jln pelabur 23 1 40300 shah alam selangor,"LOT 3, JALAN PELABUR 23/1, 40300 SHAH ALAM, SELANGOR","LOT 3, JALAN PELABUR 23/1, 40300 SHAH ALAM, SELANGOR",True,False,False
synthetic/s7/0074,address,address,mock-b,mock-c,lot 3 jln pelabur 23 1 40300 shah alam selangor,lot 3 jln pelabur 23 1 40300 shah alam selangor,"LOT 3, JALAN PELABUR 23/1, 40300 SHAH ALAM, SELANGOR","LOT 3, JALAN PELABUR 23/1, 40300 SHAH ALAM, SELANGOR",True,False,False
synthetic/s7/0074,address,address,mock-b,mock-d,lot 3 jln pelabur 23 1 40300 shah alam selangor,lot 3 jln pelabur 23 1 40300 shah alam selangor,"LOT 3, JALAN PELABUR 23/1, 40300 SHAH ALAM, SELANGOR","LOT 3, JALAN PELABUR 23/1, 40300 SHAH ALAM, SELANGOR",True,False,False
synthetic/s7/0074,address,address,mock-c,mock-d,lot 3 jln pelabur 23 1 40300 shah alam selangor,lot 3 jln pelabur 23 1 40300 shah alam selangor,"LOT 3, JALAN PELABUR 23/1, 40300 SHAH ALAM, SELANGOR","LOT 3, JALAN PELABUR 23/1, 40300 SHAH ALAM, SELANGOR",True,False,False
synthetic/s7/0074,company,org,mock-a,mock-b,gardenia bakeries kl,∅,GARDENIA BAKERIES (KL) SDN BHD,,False,False,True
synthetic/s7/0074,company,org,mock-a,mock-c,gardenia bakeries kl,gardenia bakeries kl,GARDENIA BAKERIES (KL) SDN BHD,GARDENIA BAKERIES (KL) SDN BHD,True,False,False
synthetic/s7/0074,company,org,mock-a,mock-d,gardenia bakeries kl,gardenia bakeries kl,GARDENIA BAKERIES (KL) SDN BHD,GARDENIA BAKERIES (KL) SDN BHD,True,False,False
synthetic/s7/0074,company,org,mock-b,mock-c,∅,gardenia bakeries kl,,GARDENIA BAKERIES (KL) SDN BHD,False,False,True
synthetic/s7/0074,company,org,mock-b,mock-d,∅,gardenia bakeries kl,,GARDENIA BAKERIES (KL) SDN BHD,False,False,True
synthetic/s7/0074,company,org,mock-c,mock-d,gardenia bakeries kl,gardenia bakeries kl,GARDENIA BAKERIES (KL) SDN BHD,GARDENIA BAKERIES (KL) SDN BHD,True,False,False
synthetic/s7/0074,date,date,mock-a,mock-b,2019-11-08,2019-08-11,08/11/2019,11/08/2019,False,False,False
synthetic/s7/0074,date,date,mock-a,mock-c,2019-11-08,2019-11-08,08/11/2019,08/11/2019,True,False,False
synthetic/s7/0074,date,date,mock-a,mock-d,2019-11-08,2019-11-08,08/11/2019,08/11/2019,True,False,False
synthetic/s7/0074,date,date,mock-b,mock-c,2019-08-11,2019-11-08,11/08/2019,08/11/2019,False,False,False
synthetic/s7/0074,date,date,mock-b,mock-d,2019-08-11,2019-11-08,11/08/2019,08/11/2019,False,False,False
synthetic/s7/0074,date,date,mock-c,mock-d,2019-11-08,2019-11-08,08/11/2019,08/11/2019,True,False,False
synthetic/s7/0074,phone,phone,mock-a,mock-b,33634193,33634193,03-363 4193,03-363 4193,True,False,False
synthetic/s7/0074,phone,phone,mock-a,mock-c,33634193,33634193,03-363 4193,03-363 4193,True,False,False
synthetic/s7/0074,phone,phone,mock-a,mock-d,33634193,33634193,03-363 4193,03-363 4193,True,False,False
synthetic/s7/0074,phone,phone,mock-b,mock-c,33634193,33634193,03-363 4193,03-363 4193,True,False,False
synthetic/s7/0074,phone,phone,mock-b,mock-d,33634193,33634193,03-363 4193,03-363 4193,True,False,False
synthetic/s7/0074,phone,phone,mock-c,mock-d,33634193,33634193,03-363 4193,03-363 4193,True,False,False
synthetic/s7/0074,tax,money,mock-a,mock-b,1.28,1.28,1.28,1.28,True,False,False
synthetic/s7/0074,tax,money,mock-a,mock-c,1.28,1.28,1.28,1.28,True,False,False
synthetic/s7/0074,tax,money,mock-a,mock-d,1.28,1.28,1.28,1.28,True,False,False
synthetic/s7/0074,tax,money,mock-b,mock-c,1.28,1.28,1.28,1.28,True,False,False
synthetic/s7/0074,tax,money,mock-b,mock-d,1.28,1.28,1.28,1.28,True,False,False
synthetic/s7/0074,tax,money,mock-c,mock-d,1.28,1.28,1.28,1.28,True,False,False
synthetic/s7/0074,total,money,mock-a,mock-b,22.68,22.68,22.68,22.68,True,False,False
synthetic/s7/0074,total,money,mock-a,mock-c,22.68,22.68,22.68,22.68,True,False,False
synthetic/s7/0074,total,money,mock-a,mock-d,22.68,22.68,22.68,22.68,True,False,False
synthetic/s7/0074,total,money,mock-b,mock-c,22.68,22.68,22.68,22.68,True,False,False
synthetic/s7/0074,total,money,mock-b,mock-d,22.68,22.68,22.68,22.68,True,False,False
synthetic/s7/0074,total,money,mock-c,mock-d,22.68,22.68,22.68,22.68,True,False,False
synthetic/s7/0075,address,address,mock-a,mock-b,no 31g and 33g jln setia indah x u13 x 40170 setia alam,no 31g and 33g jln setia indah x u13 x 40170 setia alam,"NO. 31G&33G, JALAN SETIA INDAH X, U13/X, 40170 SETIA ALAM","NO. 31G&33G, JALAN SETIA INDAH X, U13/X, 40170 SETIA ALAM",True,False,False
synthetic/s7/0075,address,address,mock-a,mock-c,no 31g and 33g jln setia indah x u13 x 40170 setia alam,no 31g and 33g jln setia indah x u13 x 40170 setia alam,"NO. 31G&33G, JALAN SETIA INDAH X, U13/X, 40170 SETIA ALAM","NO. 31G&33G, JALAN SETIA INDAH X, U13/X, 40170 SETIA ALAM",True,False,False
synthetic/s7/0075,address,address,mock-a,mock-d,no 31g and 33g jln setia indah x u13 x 40170 setia alam,no 31g and 33g jln setia indah x u13 x 40170 setia alam,"NO. 31G&33G, JALAN SETIA INDAH X, U13/X, 40170 SETIA ALAM","NO. 31G&33G, JALAN SETIA INDAH X, U13/X, 40170 SETIA ALAM",True,False,False
synthetic/s7/0075,address,address,mock-b,mock-c,no 31g and 33g jln setia indah x u13 x 40170 setia alam,no 31g and 33g jln setia indah x u13 x 40170 setia alam,"NO. 31G&33G, JALAN SETIA INDAH X, U13/X, 40170 SETIA ALAM","NO. 31G&33G, JALAN SETIA INDAH X, U13/X, 40170 SETIA ALAM",True,False,False
synthetic/s7/0075,address,address,mock-b,mock-d,no 31g and 33g jln setia indah x u13 x 40170 setia alam,no 31g and 33g jln setia indah x u13 x 40170 setia alam,"NO. 31G&33G, JALAN SETIA INDAH X, U13/X, 40170 SETIA ALAM","NO. 31G&33G, JALAN SETIA INDAH X, U13/X, 40170 SETIA ALAM",True,False,False
synthetic/s7/0075,address,address,mock-c,mock-d,no 31g and 33g jln setia indah x u13 x 40170 setia alam,no 31g and 33g jln setia indah x u13 x 40170 setia alam,"NO. 31G&33G, JALAN SETIA INDAH X, U13/X, 40170 SETIA ALAM","NO. 31G&33G, JALAN SETIA INDAH X, U13/X, 40170 SETIA ALAM",True,False,False
synthetic/s7/0075,company,org,mock-a,mock-b,sanyu stationery shop,sanyu stationery shop,SANYU STATIONERY SHOP,SANYU STATIONERY SHOP,True,False,False
synthetic/s7/0075,company,org,mock-a,mock-c,sanyu stationery shop,sanyu stationery shop,SANYU STATIONERY SHOP,SANYU STATIONERY SHOP,True,False,False
synthetic/s7/0075,company,org,mock-a,mock-d,sanyu stationery shop,sanyu stationery shop,SANYU STATIONERY SHOP,SANYU STATIONERY SHOP,True,False,False
synthetic/s7/0075,company,org,mock-b,mock-c,sanyu stationery shop,sanyu stationery shop,SANYU STATIONERY SHOP,SANYU STATIONERY SHOP,True,False,False
synthetic/s7/0075,company,org,mock-b,mock-d,sanyu stationery shop,sanyu stationery shop,SANYU STATIONERY SHOP,SANYU STATIONERY SHOP,True,False,False
synthetic/s7/0075,company,org,mock-c,mock-d,sanyu stationery shop,sanyu stationery shop,SANYU STATIONERY SHOP,SANYU STATIONERY SHOP,True,False,False
synthetic/s7/0075,date,date,mock-a,mock-b,2019-06-11,2019-06-11,11/06/2019,11/06/2019,True,False,False
synthetic/s7/0075,date,date,mock-a,mock-c,2019-06-11,2019-06-11,11/06/2019,11/06/2019,True,False,False
synthetic/s7/0075,date,date,mock-a,mock-d,2019-06-11,2019-06-11,11/06/2019,11/06/2019,True,False,False
synthetic/s7/0075,date,date,mock-b,mock-c,2019-06-11,2019-06-11,11/06/2019,11/06/2019,True,False,False
synthetic/s7/0075,date,date,mock-b,mock-d,2019-06-11,2019-06-11,11/06/2019,11/06/2019,True,False,False
synthetic/s7/0075,date,date,mock-c,mock-d,2019-06-11,2019-06-11,11/06/2019,11/06/2019,True,False,False
synthetic/s7/0075,phone,phone,mock-a,mock-b,54041061,54041061,15-404 1061,05-404 1061,True,False,False
synthetic/s7/0075,phone,phone,mock-a,mock-c,54041061,54041061,15-404 1061,05-404 1061,True,False,False
synthetic/s7/0075,phone,phone,mock-a,mock-d,54041061,54041061,15-404 1061,05-404 1061,True,False,False
synthetic/s7/0075,phone,phone,mock-b,mock-c,54041061,54041061,05-404 1061,05-404 1061,True,False,False
synthetic/s7/0075,phone,phone,mock-b,mock-d,54041061,54041061,05-404 1061,05-404 1061,True,False,False
synthetic/s7/0075,phone,phone,mock-c,mock-d,54041061,54041061,05-404 1061,05-404 1061,True,False,False
synthetic/s7/0075,tax,money,mock-a,mock-b,∅,10.00,,10.00,False,False,True
synthetic/s7/0075,tax,money,mock-a,mock-c,∅,∅,,,True,True,False
synthetic/s7/0075,tax,money,mock-a,mock-d,∅,∅,,,True,True,False
synthetic/s7/0075,tax,money,mock-b,mock-c,10.00,∅,10.00,,False,False,True
synthetic/s7/0075,tax,money,mock-b,mock-d,10.00,∅,10.00,,False,False,True
synthetic/s7/0075,tax,money,mock-c,mock-d,∅,∅,,,True,True,False
synthetic/s7/0075,total,money,mock-a,mock-b,21.80,21.20,21.80,21.20,False,False,False
synthetic/s7/0075,total,money,mock-a,mock-c,21.80,21.20,21.80,21.20,False,False,False
synthetic/s7/0075,total,money,mock-a,mock-d,21.80,21.20,21.80,21.20,False,False,False
synthetic/s7/0075,total,money,mock-b,mock-c,21.20,21.20,21.20,21.20,True,False,False
synthetic/s7/0075,total,money,mock-b,mock-d,21.20,21.20,21.20,21.20,True,False,False
synthetic/s7/0075,total,money,mock-c,mock-d,21.20,21.20,21.20,21.20,True,False,False
synthetic/s7/0076,address,address,mock-a,mock-b,lot p t 2811 jln angsana tmn mutiara rini,lot p t 2811 jln angsana tmn mutiara rini 81300 skudai,"LOT P.T. 2811, JALAN ANGSANA, TAMAN MUTIARA RINI","LOT P.T. 2811, JALAN ANGSANA, TAMAN MUTIARA RINI, 81300 SKUDAI",False,False,False
synthetic/s7/0076,address,address,mock-a,mock-c,lot p t 2811 jln angsana tmn mutiara rini,lot p t 2811 jln angsana tmn mutiara rini 81300 skudai,"LOT P.T. 2811, JALAN ANGSANA, TAMAN MUTIARA RINI","LOT P.T. 2811, JALAN ANGSANA, TAMAN MUTIARA RINI, 81300 SKUDAI",False,False,False
synthetic/s7/0076,address,address,mock-a,mock-d,lot p t 2811 jln angsana tmn mutiara rini,lot p t 2811 jln angsana tmn mutiara rini 81300 skudai,"LOT P.T. 2811, JALAN ANGSANA, TAMAN MUTIARA RINI","LOT P.T. 2811, JALAN ANGSANA, TAMAN MUTIARA RINI, 81300 SKUDAI",False,False,False
synthetic/s7/0076,address,address,mock-b,mock-c,lot p t 2811 jln angsana tmn mutiara rini 81300 skudai,lot p t 2811 jln angsana tmn mutiara rini 81300 skudai,"LOT P.T. 2811, JALAN ANGSANA, TAMAN MUTIARA RINI, 81300 SKUDAI","LOT P.T. 2811, JALAN ANGSANA, TAMAN MUTIARA RINI, 81300 SKUDAI",True,False,False
synthetic/s7/0076,address,address,mock-b,mock-d,lot p t 2811 jln angsana tmn mutiara rini 81300 skudai,lot p t 2811 jln angsana tmn mutiara rini 81300 skudai,"LOT P.T. 2811, JALAN ANGSANA, TAMAN MUTIARA RINI, 81300 SKUDAI","LOT P.T. 2811, JALAN ANGSANA, TAMAN MUTIARA RINI, 81300 SKUDAI",True,False,False
synthetic/s7/0076,address,address,mock-c,mock-d,lot p t 2811 jln angsana tmn mutiara rini 81300 skudai,lot p t 2811 jln angsana tmn mutiara rini 81300 skudai,"LOT P.T. 2811, JALAN ANGSANA, TAMAN MUTIARA RINI, 81300 SKUDAI","LOT P.T. 2811, JALAN ANGSANA, TAMAN MUTIARA RINI, 81300 SKUDAI",True,False,False
synthetic/s7/0076,company,org,mock-a,mock-b,99 speed mart s b,99 speed mart s b,99 SPEED MART S/B,99 SPEED MART S/B,True,False,False
synthetic/s7/0076,company,org,mock-a,mock-c,99 speed mart s b,99 speed mart s b,99 SPEED MART S/B,99 SPEED MART S/B,True,False,False
synthetic/s7/0076,company,org,mock-a,mock-d,99 speed mart s b,99 speed mart s b,99 SPEED MART S/B,99 SPEED MART S/B,True,False,False
synthetic/s7/0076,company,org,mock-b,mock-c,99 speed mart s b,99 speed mart s b,99 SPEED MART S/B,99 SPEED MART S/B,True,False,False
synthetic/s7/0076,company,org,mock-b,mock-d,99 speed mart s b,99 speed mart s b,99 SPEED MART S/B,99 SPEED MART S/B,True,False,False
synthetic/s7/0076,company,org,mock-c,mock-d,99 speed mart s b,99 speed mart s b,99 SPEED MART S/B,99 SPEED MART S/B,True,False,False
synthetic/s7/0076,date,date,mock-a,mock-b,2018-11-26,2018-11-26,26/11/2018,26/11/2018,True,False,False
synthetic/s7/0076,date,date,mock-a,mock-c,2018-11-26,2018-11-26,26/11/2018,26/11/2018,True,False,False
synthetic/s7/0076,date,date,mock-a,mock-d,2018-11-26,∅,26/11/2018,,False,False,True
synthetic/s7/0076,date,date,mock-b,mock-c,2018-11-26,2018-11-26,26/11/2018,26/11/2018,True,False,False
synthetic/s7/0076,date,date,mock-b,mock-d,2018-11-26,∅,26/11/2018,,False,False,True
synthetic/s7/0076,date,date,mock-c,mock-d,2018-11-26,∅,26/11/2018,,False,False,True
synthetic/s7/0076,phone,phone,mock-a,mock-b,∅,∅,,,True,True,False
synthetic/s7/0076,phone,phone,mock-a,mock-c,∅,∅,,,True,True,False
synthetic/s7/0076,phone,phone,mock-a,mock-d,∅,∅,,,True,True,False
synthetic/s7/0076,phone,phone,mock-b,mock-c,∅,∅,,,True,True,False
synthetic/s7/0076,phone,phone,mock-b,mock-d,∅,∅,,,True,True,False
synthetic/s7/0076,phone,phone,mock-c,mock-d,∅,∅,,,True,True,False
synthetic/s7/0076,tax,money,mock-a,mock-b,∅,0.00,,0.00,False,False,True
synthetic/s7/0076,tax,money,mock-a,mock-c,∅,0.19,,0.19,False,False,True
synthetic/s7/0076,tax,money,mock-a,mock-d,∅,0.19,,0.19,False,False,True
synthetic/s7/0076,tax,money,mock-b,mock-c,0.00,0.19,0.00,0.19,False,False,False
synthetic/s7/0076,tax,money,mock-b,mock-d,0.00,0.19,0.00,0.19,False,False,False
synthetic/s7/0076,tax,money,mock-c,mock-d,0.19,0.19,0.19,0.19,True,False,False
synthetic/s7/0076,total,money,mock-a,mock-b,3.30,3.39,3.30,3.39,False,False,False
synthetic/s7/0076,total,money,mock-a,mock-c,3.30,3.39,3.30,3.39,False,False,False
synthetic/s7/0076,total,money,mock-a,mock-d,3.30,3.39,3.30,3.39,False,False,False
synthetic/s7/0076,total,money,mock-b,mock-c,3.39,3.39,3.39,3.39,True,False,False
synthetic/s7/0076,total,money,mock-b,mock-d,3.39,3.39,3.39,3.39,True,False,False
synthetic/s7/0076,total,money,mock-c,mock-d,3.39,3.39,3.39,3.39,True,False,False
synthetic/s7/0077,address,address,mock-a,mock-b,lot 276 jln banting 43800 dengkil selangor,∅,"LOT 276 JALAN BANTING, 43800 DENGKIL, SELANGOR",,False,False,True
synthetic/s7/0077,address,address,mock-a,mock-c,lot 276 jln banting 43800 dengkil selangor,lot 276 jln banting 43800 dengkil selangor,"LOT 276 JALAN BANTING, 43800 DENGKIL, SELANGOR","LOT 276 JALAN BANTING, 43800 DENGKIL, SELANGOR",True,False,False
synthetic/s7/0077,address,address,mock-a,mock-d,lot 276 jln banting 43800 dengkil selangor,lot 276 jln banting 43800 dengkil selangor,"LOT 276 JALAN BANTING, 43800 DENGKIL, SELANGOR","LOT 276 JALAN BANTING, 43800 DENGKIL, SELANGOR",True,False,False
synthetic/s7/0077,address,address,mock-b,mock-c,∅,lot 276 jln banting 43800 dengkil selangor,,"LOT 276 JALAN BANTING, 43800 DENGKIL, SELANGOR",False,False,True
synthetic/s7/0077,address,address,mock-b,mock-d,∅,lot 276 jln banting 43800 dengkil selangor,,"LOT 276 JALAN BANTING, 43800 DENGKIL, SELANGOR",False,False,True
synthetic/s7/0077,address,address,mock-c,mock-d,lot 276 jln banting 43800 dengkil selangor,lot 276 jln banting 43800 dengkil selangor,"LOT 276 JALAN BANTING, 43800 DENGKIL, SELANGOR","LOT 276 JALAN BANTING, 43800 DENGKIL, SELANGOR",True,False,False
synthetic/s7/0077,company,org,mock-a,mock-b,kedai papan yew chuan,kedai papan yew chuan,KEDAI PAPAN YEW CHUAN,KEDAI PAPAN YEW CHUAN,True,False,False
synthetic/s7/0077,company,org,mock-a,mock-c,kedai papan yew chuan,kedai papan yew chuan,KEDAI PAPAN YEW CHUAN,KEDAI PAPAN YEW CHUAN,True,False,False
synthetic/s7/0077,company,org,mock-a,mock-d,kedai papan yew chuan,kedai papan yew chuan,KEDAI PAPAN YEW CHUAN,KEDAI PAPAN YEW CHUAN,True,False,False
synthetic/s7/0077,company,org,mock-b,mock-c,kedai papan yew chuan,kedai papan yew chuan,KEDAI PAPAN YEW CHUAN,KEDAI PAPAN YEW CHUAN,True,False,False
synthetic/s7/0077,company,org,mock-b,mock-d,kedai papan yew chuan,kedai papan yew chuan,KEDAI PAPAN YEW CHUAN,KEDAI PAPAN YEW CHUAN,True,False,False
synthetic/s7/0077,company,org,mock-c,mock-d,kedai papan yew chuan,kedai papan yew chuan,KEDAI PAPAN YEW CHUAN,KEDAI PAPAN YEW CHUAN,True,False,False
synthetic/s7/0077,date,date,mock-a,mock-b,2019-05-26,2019-05-26,26/05/2019,26/05/2019,True,False,False
synthetic/s7/0077,date,date,mock-a,mock-c,2019-05-26,2019-05-26,26/05/2019,26/05/2019,True,False,False
synthetic/s7/0077,date,date,mock-a,mock-d,2019-05-26,2019-05-26,26/05/2019,26/05/2019,True,False,False
synthetic/s7/0077,date,date,mock-b,mock-c,2019-05-26,2019-05-26,26/05/2019,26/05/2019,True,False,False
synthetic/s7/0077,date,date,mock-b,mock-d,2019-05-26,2019-05-26,26/05/2019,26/05/2019,True,False,False
synthetic/s7/0077,date,date,mock-c,mock-d,2019-05-26,2019-05-26,26/05/2019,26/05/2019,True,False,False
synthetic/s7/0077,phone,phone,mock-a,mock-b,∅,∅,,,True,True,False
synthetic/s7/0077,phone,phone,mock-a,mock-c,∅,∅,,,True,True,False
synthetic/s7/0077,phone,phone,mock-a,mock-d,∅,∅,,,True,True,False
synthetic/s7/0077,phone,phone,mock-b,mock-c,∅,∅,,,True,True,False
synthetic/s7/0077,phone,phone,mock-b,mock-d,∅,∅,,,True,True,False
synthetic/s7/0077,phone,phone,mock-c,mock-d,∅,∅,,,True,True,False
synthetic/s7/0077,tax,money,mock-a,mock-b,∅,∅,,,True,True,False
synthetic/s7/0077,tax,money,mock-a,mock-c,∅,∅,,,True,True,False
synthetic/s7/0077,tax,money,mock-a,mock-d,∅,∅,,,True,True,False
synthetic/s7/0077,tax,money,mock-b,mock-c,∅,∅,,,True,True,False
synthetic/s7/0077,tax,money,mock-b,mock-d,∅,∅,,,True,True,False
synthetic/s7/0077,tax,money,mock-c,mock-d,∅,∅,,,True,True,False
synthetic/s7/0077,total,money,mock-a,mock-b,19.90,9.90,19.90,09.90,False,False,False
synthetic/s7/0077,total,money,mock-a,mock-c,19.90,19.90,19.90,19.90,True,False,False
synthetic/s7/0077,total,money,mock-a,mock-d,19.90,19.90,19.90,19.90,True,False,False
synthetic/s7/0077,total,money,mock-b,mock-c,9.90,19.90,09.90,19.90,False,False,False
synthetic/s7/0077,total,money,mock-b,mock-d,9.90,19.90,09.90,19.90,False,False,False
synthetic/s7/0077,total,money,mock-c,mock-d,19.90,19.90,19.90,19.90,True,False,False
synthetic/s7/0078,address,address,mock-a,mock-b,no 2 and 4 jln bayu 4 bdr seri alam 81750 masai johor,no 2 and 4 jln bayu 4 bdr seri alam 81750 masai johor,"NO 2 & 4, JALAN BAYU 4, BANDAR SERI ALAM, 81750 MASAI, JOHOR","NO 2 & 4, JALAN BAYU 4, BANDAR SERI ALAM, 81750 MASAI, JOHOR",True,False,False
synthetic/s7/0078,address,address,mock-a,mock-c,no 2 and 4 jln bayu 4 bdr seri alam 81750 masai johor,no 2 and 4 jln bayu 4 bdr seri alam 81750 masai johor,"NO 2 & 4, JALAN BAYU 4, BANDAR SERI ALAM, 81750 MASAI, JOHOR","NO 2 & 4, JALAN BAYU 4, BANDAR SERI ALAM, 81750 MASAI, JOHOR",True,False,False
synthetic/s7/0078,address,address,mock-a,mock-d,no 2 and 4 jln bayu 4 bdr seri alam 81750 masai johor,no 2 and 4 jln bayu 4 bdr seri alam 81750 masai johor,"NO 2 & 4, JALAN BAYU 4, BANDAR SERI ALAM, 81750 MASAI, JOHOR","NO 2 & 4, JALAN BAYU 4, BANDAR SERI ALAM, 81750 MASAI, JOHOR",True,False,False
synthetic/s7/0078,address,address,mock-b,mock-c,no 2 and 4 jln bayu 4 bdr seri alam 81750 masai johor,no 2 and 4 jln bayu 4 bdr seri alam 81750 masai johor,"NO 2 & 4, JALAN BAYU 4, BANDAR SERI ALAM, 81750 MASAI, JOHOR","NO 2 & 4, JALAN BAYU 4, BANDAR SERI ALAM, 81750 MASAI, JOHOR",True,False,False
synthetic/s7/0078,address,address,mock-b,mock-d,no 2 and 4 jln bayu 4 bdr seri alam 81750 masai johor,no 2 and 4 jln bayu 4 bdr seri alam 81750 masai johor,"NO 2 & 4, JALAN BAYU 4, BANDAR SERI ALAM, 81750 MASAI, JOHOR","NO 2 & 4, JALAN BAYU 4, BANDAR SERI ALAM, 81750 MASAI, JOHOR",True,False,False
synthetic/s7/0078,address,address,mock-c,mock-d,no 2 and 4 jln bayu 4 bdr seri alam 81750 masai johor,no 2 and 4 jln bayu 4 bdr seri alam 81750 masai johor,"NO 2 & 4, JALAN BAYU 4, BANDAR SERI ALAM, 81750 MASAI, JOHOR","NO 2 & 4, JALAN BAYU 4, BANDAR SERI ALAM, 81750 MASAI, JOHOR",True,False,False
synthetic/s7/0078,company,org,mock-a,mock-b,ojc marketing,ojc marketing,OJC MARKETING SDN BHD,OJC MARKETING SDN BHD,True,False,False
synthetic/s7/0078,company,org,mock-a,mock-c,ojc marketing,ojc marketing,OJC MARKETING SDN BHD,OJC MARKETING SDN BHD,True,False,False
synthetic/s7/0078,company,org,mock-a,mock-d,ojc marketing,ojc marketing,OJC MARKETING SDN BHD,OJC MARKETING SDN BHD,True,False,False
synthetic/s7/0078,company,org,mock-b,mock-c,ojc marketing,ojc marketing,OJC MARKETING SDN BHD,OJC MARKETING SDN BHD,True,False,False
synthetic/s7/0078,company,org,mock-b,mock-d,ojc marketing,ojc marketing,OJC MARKETING SDN BHD,OJC MARKETING SDN BHD,True,False,False
synthetic/s7/0078,company,org,mock-c,mock-d,ojc marketing,ojc marketing,OJC MARKETING SDN BHD,OJC MARKETING SDN BHD,True,False,False
synthetic/s7/0078,date,date,mock-a,mock-b,2019-04-20,2019-04-20,04/20/2019,20/04/2019,True,False,False
synthetic/s7/0078,date,date,mock-a,mock-c,2019-04-20,2019-04-20,04/20/2019,20/04/2019,True,False,False
synthetic/s7/0078,date,date,mock-a,mock-d,2019-04-20,∅,04/20/2019,,False,False,True
synthetic/s7/0078,date,date,mock-b,mock-c,2019-04-20,2019-04-20,20/04/2019,20/04/2019,True,False,False
synthetic/s7/0078,date,date,mock-b,mock-d,2019-04-20,∅,20/04/2019,,False,False,True
synthetic/s7/0078,date,date,mock-c,mock-d,2019-04-20,∅,20/04/2019,,False,False,True
synthetic/s7/0078,phone,phone,mock-a,mock-b,92635051,92635051,09-263 5051,09-263 5051,True,False,False
synthetic/s7/0078,phone,phone,mock-a,mock-c,92635051,92635051,09-263 5051,09-263 5051,True,False,False
synthetic/s7/0078,phone,phone,mock-a,mock-d,92635051,92635051,09-263 5051,09-263 5051,True,False,False
synthetic/s7/0078,phone,phone,mock-b,mock-c,92635051,92635051,09-263 5051,09-263 5051,True,False,False
synthetic/s7/0078,phone,phone,mock-b,mock-d,92635051,92635051,09-263 5051,09-263 5051,True,False,False
synthetic/s7/0078,phone,phone,mock-c,mock-d,92635051,92635051,09-263 5051,09-263 5051,True,False,False
synthetic/s7/0078,tax,money,mock-a,mock-b,0.87,0.87,0.87,0.87,True,False,False
synthetic/s7/0078,tax,money,mock-a,mock-c,0.87,0.87,0.87,0.87,True,False,False
synthetic/s7/0078,tax,money,mock-a,mock-d,0.87,0.87,0.87,0.87,True,False,False
synthetic/s7/0078,tax,money,mock-b,mock-c,0.87,0.87,0.87,0.87,True,False,False
synthetic/s7/0078,tax,money,mock-b,mock-d,0.87,0.87,0.87,0.87,True,False,False
synthetic/s7/0078,tax,money,mock-c,mock-d,0.87,0.87,0.87,0.87,True,False,False
synthetic/s7/0078,total,money,mock-a,mock-b,14.42,14.42,14.42,14.42,True,False,False
synthetic/s7/0078,total,money,mock-a,mock-c,14.42,14.42,14.42,14.42,True,False,False
synthetic/s7/0078,total,money,mock-a,mock-d,14.42,∅,14.42,,False,False,True
synthetic/s7/0078,total,money,mock-b,mock-c,14.42,14.42,14.42,14.42,True,False,False
synthetic/s7/0078,total,money,mock-b,mock-d,14.42,∅,14.42,,False,False,True
synthetic/s7/0078,total,money,mock-c,mock-d,14.42,∅,14.42,,False,False,True
synthetic/s7/0079,address,address,mock-a,mock-b,no 59 jln permas 9 5 bdr baru permas jaya 81750 johor bahru,∅,"NO.59 JALAN PERMAS 9/5, BANDAR BARU PERMAS JAYA, 81750 JOHOR BAHRU",,False,False,True
synthetic/s7/0079,address,address,mock-a,mock-c,no 59 jln permas 9 5 bdr baru permas jaya 81750 johor bahru,no 59 jln permas 9 5 bdr baru permas jaya 81750 johor bahru,"NO.59 JALAN PERMAS 9/5, BANDAR BARU PERMAS JAYA, 81750 JOHOR BAHRU","NO.59 JALAN PERMAS 9/5, BANDAR BARU PERMAS JAYA, 81750 JOHOR BAHRU",True,False,False
synthetic/s7/0079,address,address,mock-a,mock-d,no 59 jln permas 9 5 bdr baru permas jaya 81750 johor bahru,no 59 jln permas 9 5 bdr baru permas jaya 81750 johor bahru,"NO.59 JALAN PERMAS 9/5, BANDAR BARU PERMAS JAYA, 81750 JOHOR BAHRU","NO.59 JALAN PERMAS 9/5, BANDAR BARU PERMAS JAYA, 81750 JOHOR BAHRU",True,False,False
synthetic/s7/0079,address,address,mock-b,mock-c,∅,no 59 jln permas 9 5 bdr baru permas jaya 81750 johor bahru,,"NO.59 JALAN PERMAS 9/5, BANDAR BARU PERMAS JAYA, 81750 JOHOR BAHRU",False,False,True
synthetic/s7/0079,address,address,mock-b,mock-d,∅,no 59 jln permas 9 5 bdr baru permas jaya 81750 johor bahru,,"NO.59 JALAN PERMAS 9/5, BANDAR BARU PERMAS JAYA, 81750 JOHOR BAHRU",False,False,True
synthetic/s7/0079,address,address,mock-c,mock-d,no 59 jln permas 9 5 bdr baru permas jaya 81750 johor bahru,no 59 jln permas 9 5 bdr baru permas jaya 81750 johor bahru,"NO.59 JALAN PERMAS 9/5, BANDAR BARU PERMAS JAYA, 81750 JOHOR BAHRU","NO.59 JALAN PERMAS 9/5, BANDAR BARU PERMAS JAYA, 81750 JOHOR BAHRU",True,False,False
synthetic/s7/0079,company,org,mock-a,mock-b,perniagaan zheng hui,perniagaan zheng,PERNIAGAAN ZHENG HUI,PERNIAGAAN ZHENG,False,False,False
synthetic/s7/0079,company,org,mock-a,mock-c,perniagaan zheng hui,perniagaan zheng hui,PERNIAGAAN ZHENG HUI,PERNIAGAAN ZHENG HUI,True,False,False
synthetic/s7/0079,company,org,mock-a,mock-d,perniagaan zheng hui,perniagaan zheng hui,PERNIAGAAN ZHENG HUI,PERNIAGAAN ZHENG HUI,True,False,False
synthetic/s7/0079,company,org,mock-b,mock-c,perniagaan zheng,perniagaan zheng hui,PERNIAGAAN ZHENG,PERNIAGAAN ZHENG HUI,False,False,False
synthetic/s7/0079,company,org,mock-b,mock-d,perniagaan zheng,perniagaan zheng hui,PERNIAGAAN ZHENG,PERNIAGAAN ZHENG HUI,False,False,False
synthetic/s7/0079,company,org,mock-c,mock-d,perniagaan zheng hui,perniagaan zheng hui,PERNIAGAAN ZHENG HUI,PERNIAGAAN ZHENG HUI,True,False,False
synthetic/s7/0079,date,date,mock-a,mock-b,2019-02-08,2019-02-08,08/02/2019,08/02/2019,True,False,False
synthetic/s7/0079,date,date,mock-a,mock-c,2019-02-08,2019-08-02,08/02/2019,02/08/2019,False,False,False
synthetic/s7/0079,date,date,mock-a,mock-d,2019-02-08,2019-08-02,08/02/2019,02/08/2019,False,False,False
synthetic/s7/0079,date,date,mock-b,mock-c,2019-02-08,2019-08-02,08/02/2019,02/08/2019,False,False,False
synthetic/s7/0079,date,date,mock-b,mock-d,2019-02-08,2019-08-02,08/02/2019,02/08/2019,False,False,False
synthetic/s7/0079,date,date,mock-c,mock-d,2019-08-02,2019-08-02,02/08/2019,02/08/2019,True,False,False
synthetic/s7/0079,phone,phone,mock-a,mock-b,33132579,33132579,03-313 2579,03-313 2579,True,False,False
synthetic/s7/0079,phone,phone,mock-a,mock-c,33132579,33132579,03-313 2579,03-313 2579,True,False,False
synthetic/s7/0079,phone,phone,mock-a,mock-d,33132579,33132579,03-313 2579,03-313 2579,True,False,False
synthetic/s7/0079,phone,phone,mock-b,mock-c,33132579,33132579,03-313 2579,03-313 2579,True,False,False
synthetic/s7/0079,phone,phone,mock-b,mock-d,33132579,33132579,03-313 2579,03-313 2579,True,False,False
synthetic/s7/0079,phone,phone,mock-c,mock-d,33132579,33132579,03-313 2579,03-313 2579,True,False,False
synthetic/s7/0079,tax,money,mock-a,mock-b,∅,∅,,,True,True,False
synthetic/s7/0079,tax,money,mock-a,mock-c,∅,∅,,,True,True,False
synthetic/s7/0079,tax,money,mock-a,mock-d,∅,∅,,,True,True,False
synthetic/s7/0079,tax,money,mock-b,mock-c,∅,∅,,,True,True,False
synthetic/s7/0079,tax,money,mock-b,mock-d,∅,∅,,,True,True,False
synthetic/s7/0079,tax,money,mock-c,mock-d,∅,∅,,,True,True,False
synthetic/s7/0079,total,money,mock-a,mock-b,22.90,22.90,22.90,22.90,True,False,False
synthetic/s7/0079,total,money,mock-a,mock-c,22.90,22.90,22.90,22.90,True,False,False
synthetic/s7/0079,total,money,mock-a,mock-d,22.90,22.90,22.90,22.90,True,False,False
synthetic/s7/0079,total,money,mock-b,mock-c,22.90,22.90,22.90,22.90,True,False,False
synthetic/s7/0079,total,money,mock-b,mock-d,22.90,22.90,22.90,22.90,True,False,False
synthetic/s7/0079,total,money,mock-c,mock-d,22.90,22.90,22.90,22.90,True,False,False
synthetic/s7/0080,address,address,mock-a,mock-b,lot 3 jln pelabur 23 1 40300 shah alam selangor,lot 3 jln pelabur 23 1 40300 shah alam selangor,"LOT 3, JALAN PELABUR 23/1, 40300 SHAH ALAM, SELANGOR","LOT 3, JALAN PELABUR 23/1, 40300 SHAH ALAM, SELANGOR",True,False,False
synthetic/s7/0080,address,address,mock-a,mock-c,lot 3 jln pelabur 23 1 40300 shah alam selangor,lot 3 jln pelabur 23 1 40300 shah alam selangor,"LOT 3, JALAN PELABUR 23/1, 40300 SHAH ALAM, SELANGOR","LOT 3, JALAN PELABUR 23/1, 40300 SHAH ALAM, SELANGOR",True,False,False
synthetic/s7/0080,address,address,mock-a,mock-d,lot 3 jln pelabur 23 1 40300 shah alam selangor,lot 3 jln pelabur 23 1 40300 shah alam selangor,"LOT 3, JALAN PELABUR 23/1, 40300 SHAH ALAM, SELANGOR","LOT 3, JALAN PELABUR 23/1, 40300 SHAH ALAM, SELANGOR",True,False,False
synthetic/s7/0080,address,address,mock-b,mock-c,lot 3 jln pelabur 23 1 40300 shah alam selangor,lot 3 jln pelabur 23 1 40300 shah alam selangor,"LOT 3, JALAN PELABUR 23/1, 40300 SHAH ALAM, SELANGOR","LOT 3, JALAN PELABUR 23/1, 40300 SHAH ALAM, SELANGOR",True,False,False
synthetic/s7/0080,address,address,mock-b,mock-d,lot 3 jln pelabur 23 1 40300 shah alam selangor,lot 3 jln pelabur 23 1 40300 shah alam selangor,"LOT 3, JALAN PELABUR 23/1, 40300 SHAH ALAM, SELANGOR","LOT 3, JALAN PELABUR 23/1, 40300 SHAH ALAM, SELANGOR",True,False,False
synthetic/s7/0080,address,address,mock-c,mock-d,lot 3 jln pelabur 23 1 40300 shah alam selangor,lot 3 jln pelabur 23 1 40300 shah alam selangor,"LOT 3, JALAN PELABUR 23/1, 40300 SHAH ALAM, SELANGOR","LOT 3, JALAN PELABUR 23/1, 40300 SHAH ALAM, SELANGOR",True,False,False
synthetic/s7/0080,company,org,mock-a,mock-b,gardenia bakeries kl,gardenia bakeries kl,GARDENIA BAKERIES (KL) SDN BHD,GARDENIA BAKERIES (KL) SDN BHD,True,False,False
synthetic/s7/0080,company,org,mock-a,mock-c,gardenia bakeries kl,gardenia bakeries kl,GARDENIA BAKERIES (KL) SDN BHD,GARDENIA BAKERIES (KL) SDN BHD,True,False,False
synthetic/s7/0080,company,org,mock-a,mock-d,gardenia bakeries kl,gardenia bakeries kl,GARDENIA BAKERIES (KL) SDN BHD,GARDENIA BAKERIES (KL) SDN BHD,True,False,False
synthetic/s7/0080,company,org,mock-b,mock-c,gardenia bakeries kl,gardenia bakeries kl,GARDENIA BAKERIES (KL) SDN BHD,GARDENIA BAKERIES (KL) SDN BHD,True,False,False
synthetic/s7/0080,company,org,mock-b,mock-d,gardenia bakeries kl,gardenia bakeries kl,GARDENIA BAKERIES (KL) SDN BHD,GARDENIA BAKERIES (KL) SDN BHD,True,False,False
synthetic/s7/0080,company,org,mock-c,mock-d,gardenia bakeries kl,gardenia bakeries kl,GARDENIA BAKERIES (KL) SDN BHD,GARDENIA BAKERIES (KL) SDN BHD,True,False,False
synthetic/s7/0080,date,date,mock-a,mock-b,∅,2018-04-06,,06/04/2018,False,False,True
synthetic/s7/0080,date,date,mock-a,mock-c,∅,2018-04-06,,06/04/2018,False,False,True
synthetic/s7/0080,date,date,mock-a,mock-d,∅,2018-04-06,,06/04/2018,False,False,True
synthetic/s7/0080,date,date,mock-b,mock-c,2018-04-06,2018-04-06,06/04/2018,06/04/2018,True,False,False
synthetic/s7/0080,date,date,mock-b,mock-d,2018-04-06,2018-04-06,06/04/2018,06/04/2018,True,False,False
synthetic/s7/0080,date,date,mock-c,mock-d,2018-04-06,2018-04-06,06/04/2018,06/04/2018,True,False,False
synthetic/s7/0080,phone,phone,mock-a,mock-b,∅,∅,,,True,True,False
synthetic/s7/0080,phone,phone,mock-a,mock-c,∅,∅,,,True,True,False
synthetic/s7/0080,phone,phone,mock-a,mock-d,∅,312345678,,03-1234 5678,False,False,True
synthetic/s7/0080,phone,phone,mock-b,mock-c,∅,∅,,,True,True,False
synthetic/s7/0080,phone,phone,mock-b,mock-d,∅,312345678,,03-1234 5678,False,False,True
synthetic/s7/0080,phone,phone,mock-c,mock-d,∅,312345678,,03-1234 5678,False,False,True
synthetic/s7/0080,tax,money,mock-a,mock-b,∅,∅,,,True,True,False
synthetic/s7/0080,tax,money,mock-a,mock-c,∅,∅,,,True,True,False
synthetic/s7/0080,tax,money,mock-a,mock-d,∅,∅,,,True,True,False
synthetic/s7/0080,tax,money,mock-b,mock-c,∅,∅,,,True,True,False
synthetic/s7/0080,tax,money,mock-b,mock-d,∅,∅,,,True,True,False
synthetic/s7/0080,tax,money,mock-c,mock-d,∅,∅,,,True,True,False
synthetic/s7/0080,total,money,mock-a,mock-b,∅,42.20,,42.20,False,False,True
synthetic/s7/0080,total,money,mock-a,mock-c,∅,42.20,,42.20,False,False,True
synthetic/s7/0080,total,money,mock-a,mock-d,∅,42.20,,42.20,False,False,True
synthetic/s7/0080,total,money,mock-b,mock-c,42.20,42.20,42.20,42.20,True,False,False
synthetic/s7/0080,total,money,mock-b,mock-d,42.20,42.20,42.20,42.20,True,False,False
synthetic/s7/0080,total,money,mock-c,mock-d,42.20,42.20,42.20,42.20,True,False,False
synthetic/s7/0081,address,address,mock-a,mock-b,no 31g and 33g jln setia indah x u13 x 40170 setia alam,no 31g and 33g jln setia indah x u13 x,"NO. 31G&33G, JALAN SETIA INDAH X, U13/X, 40170 SETIA ALAM","NO. 31G&33G, JALAN SETIA INDAH X, U13/X",False,False,False
synthetic/s7/0081,address,address,mock-a,mock-c,no 31g and 33g jln setia indah x u13 x 40170 setia alam,no 31g and 33g jln setia indah x u13 x 40170 setia alam,"NO. 31G&33G, JALAN SETIA INDAH X, U13/X, 40170 SETIA ALAM","NO. 31G&33G, JALAN SETIA INDAH X, U13/X, 40170 SETIA ALAM",True,False,False
synthetic/s7/0081,address,address,mock-a,mock-d,no 31g and 33g jln setia indah x u13 x 40170 setia alam,no 31g and 33g jln setia indah x u13 x 40170 setia alam,"NO. 31G&33G, JALAN SETIA INDAH X, U13/X, 40170 SETIA ALAM","NO. 31G&33G, JALAN SETIA INDAH X, U13/X, 40170 SETIA ALAM",True,False,False
synthetic/s7/0081,address,address,mock-b,mock-c,no 31g and 33g jln setia indah x u13 x,no 31g and 33g jln setia indah x u13 x 40170 setia alam,"NO. 31G&33G, JALAN SETIA INDAH X, U13/X","NO. 31G&33G, JALAN SETIA INDAH X, U13/X, 40170 SETIA ALAM",False,False,False
synthetic/s7/0081,address,address,mock-b,mock-d,no 31g and 33g jln setia indah x u13 x,no 31g and 33g jln setia indah x u13 x 40170 setia alam,"NO. 31G&33G, JALAN SETIA INDAH X, U13/X","NO. 31G&33G, JALAN SETIA INDAH X, U13/X, 40170 SETIA ALAM",False,False,False
synthetic/s7/0081,address,address,mock-c,mock-d,no 31g and 33g jln setia indah x u13 x 40170 setia alam,no 31g and 33g jln setia indah x u13 x 40170 setia alam,"NO. 31G&33G, JALAN SETIA INDAH X, U13/X, 40170 SETIA ALAM","NO. 31G&33G, JALAN SETIA INDAH X, U13/X, 40170 SETIA ALAM",True,False,False
synthetic/s7/0081,company,org,mock-a,mock-b,∅,sanyu stationery,,SANYU STATIONERY,False,False,True
synthetic/s7/0081,company,org,mock-a,mock-c,∅,sanyu stationery shop,,SANYU STATIONERY SHOP,False,False,True
synthetic/s7/0081,company,org,mock-a,mock-d,∅,sanyu stationery shop,,SANYU STATIONERY SHOP,False,False,True
synthetic/s7/0081,company,org,mock-b,mock-c,sanyu stationery,sanyu stationery shop,SANYU STATIONERY,SANYU STATIONERY SHOP,False,False,False
synthetic/s7/0081,company,org,mock-b,mock-d,sanyu stationery,sanyu stationery shop,SANYU STATIONERY,SANYU STATIONERY SHOP,False,False,False
synthetic/s7/0081,company,org,mock-c,mock-d,sanyu stationery shop,sanyu stationery shop,SANYU STATIONERY SHOP,SANYU STATIONERY SHOP,True,False,False
synthetic/s7/0081,date,date,mock-a,mock-b,2019-05-25,2019-05-25,25/05/2019,25/05/2019,True,False,False
synthetic/s7/0081,date,date,mock-a,mock-c,2019-05-25,∅,25/05/2019,,False,False,True
synthetic/s7/0081,date,date,mock-a,mock-d,2019-05-25,2019-05-25,25/05/2019,05/25/2019,True,False,False
synthetic/s7/0081,date,date,mock-b,mock-c,2019-05-25,∅,25/05/2019,,False,False,True
synthetic/s7/0081,date,date,mock-b,mock-d,2019-05-25,2019-05-25,25/05/2019,05/25/2019,True,False,False
synthetic/s7/0081,date,date,mock-c,mock-d,∅,2019-05-25,,05/25/2019,False,False,True
synthetic/s7/0081,phone,phone,mock-a,mock-b,542905019,542905019,54-290 5019,54-290 5019,True,False,False
synthetic/s7/0081,phone,phone,mock-a,mock-c,542905019,42905019,54-290 5019,04-290 5019,False,False,False
synthetic/s7/0081,phone,phone,mock-a,mock-d,542905019,2905019,54-290 5019,84-290 5019,False,False,False
synthetic/s7/0081,phone,phone,mock-b,mock-c,542905019,42905019,54-290 5019,04-290 5019,False,False,False
synthetic/s7/0081,phone,phone,mock-b,mock-d,542905019,2905019,54-290 5019,84-290 5019,False,False,False
synthetic/s7/0081,phone,phone,mock-c,mock-d,42905019,2905019,04-290 5019,84-290 5019,False,False,False
synthetic/s7/0081,tax,money,mock-a,mock-b,5.30,5.30,5.30,5.30,True,False,False
synthetic/s7/0081,tax,money,mock-a,mock-c,5.30,5.30,5.30,5.30,True,False,False
synthetic/s7/0081,tax,money,mock-a,mock-d,5.30,5.30,5.30,5.30,True,False,False
synthetic/s7/0081,tax,money,mock-b,mock-c,5.30,5.30,5.30,5.30,True,False,False
synthetic/s7/0081,tax,money,mock-b,mock-d,5.30,5.30,5.30,5.30,True,False,False
synthetic/s7/0081,tax,money,mock-c,mock-d,5.30,5.30,5.30,5.30,True,False,False
synthetic/s7/0081,total,money,mock-a,mock-b,30.20,30.20,30.20,30.20,True,False,False
synthetic/s7/0081,total,money,mock-a,mock-c,30.20,30.20,30.20,30.20,True,False,False
synthetic/s7/0081,total,money,mock-a,mock-d,30.20,30.20,30.20,30.20,True,False,False
synthetic/s7/0081,total,money,mock-b,mock-c,30.20,30.20,30.20,30.20,True,False,False
synthetic/s7/0081,total,money,mock-b,mock-d,30.20,30.20,30.20,30.20,True,False,False
synthetic/s7/0081,total,money,mock-c,mock-d,30.20,30.20,30.20,30.20,True,False,False
synthetic/s7/0082,address,address,mock-a,mock-b,lot p t 2811 jln angsana tmn mutiara rini 81300 skudai,lot p t 2811 jln angsana tmn mutiara rini 81300 skudai,"LOT P.T. 2811, JALAN ANGSANA, TAMAN MUTIARA RINI, 81300 SKUDAI","LOT P.T. 2811, JALAN ANGSANA, TAMAN MUTIARA RINI, 81300 SKUDAI",True,False,False
synthetic/s7/0082,address,address,mock-a,mock-c,lot p t 2811 jln angsana tmn mutiara rini 81300 skudai,lot p t 2811 jln angsana tmn mutiara rini,"LOT P.T. 2811, JALAN ANGSANA, TAMAN MUTIARA RINI, 81300 SKUDAI","LOT P.T. 2811, JALAN ANGSANA, TAMAN MUTIARA RINI",False,False,False
synthetic/s7/0082,address,address,mock-a,mock-d,lot p t 2811 jln angsana tmn mutiara rini 81300 skudai,lot p t 2811 jln angsana tmn mutiara rini 81300 skudai,"LOT P.T. 2811, JALAN ANGSANA, TAMAN MUTIARA RINI, 81300 SKUDAI","LOT P.T. 2811, JALAN ANGSANA, TAMAN MUTIARA RINI, 81300 SKUDAI",True,False,False
synthetic/s7/0082,address,address,mock-b,mock-c,lot p t 2811 jln angsana tmn mutiara rini 81300 skudai,lot p t 2811 jln angsana tmn mutiara rini,"LOT P.T. 2811, JALAN ANGSANA, TAMAN MUTIARA RINI, 81300 SKUDAI","LOT P.T. 2811, JALAN ANGSANA, TAMAN MUTIARA RINI",False,False,False
synthetic/s7/0082,address,address,mock-b,mock-d,lot p t 2811 jln angsana tmn mutiara rini 81300 skudai,lot p t 2811 jln angsana tmn mutiara rini 81300 skudai,"LOT P.T. 2811, JALAN ANGSANA, TAMAN MUTIARA RINI, 81300 SKUDAI","LOT P.T. 2811, JALAN ANGSANA, TAMAN MUTIARA RINI, 81300 SKUDAI",True,False,False
synthetic/s7/0082,address,address,mock-c,mock-d,lot p t 2811 jln angsana tmn mutiara rini,lot p t 2811 jln angsana tmn mutiara rini 81300 skudai,"LOT P.T. 2811, JALAN ANGSANA, TAMAN MUTIARA RINI","LOT P.T. 2811, JALAN ANGSANA, TAMAN MUTIARA RINI, 81300 SKUDAI",False,False,False
synthetic/s7/0082,company,org,mock-a,mock-b,99 speed mart s b,99 speed mart,99 SPEED MART S/B,99 SPEED MART,False,False,False
synthetic/s7/0082,company,org,mock-a,mock-c,99 speed mart s b,99 speed mart s b,99 SPEED MART S/B,99 SPEED MART S/B,True,False,False
synthetic/s7/0082,company,org,mock-a,mock-d,99 speed mart s b,99 speed mart s b,99 SPEED MART S/B,99 SPEED MART S/B,True,False,False
synthetic/s7/0082,company,org,mock-b,mock-c,99 speed mart,99 speed mart s b,99 SPEED MART,99 SPEED MART S/B,False,False,False
synthetic/s7/0082,company,org,mock-b,mock-d,99 speed mart,99 speed mart s b,99 SPEED MART,99 SPEED MART S/B,False,False,False
synthetic/s7/0082,company,org,mock-c,mock-d,99 speed mart s b,99 speed mart s b,99 SPEED MART S/B,99 SPEED MART S/B,True,False,False
synthetic/s7/0082,date,date,mock-a,mock-b,2019-04-19,2019-04-19,19/04/2019,19/04/2019,True,False,False
synthetic/s7/0082,date,date,mock-a,mock-c,2019-04-19,2019-04-19,19/04/2019,19/04/2019,True,False,False
synthetic/s7/0082,date,date,mock-a,mock-d,2019-04-19,2019-04-19,19/04/2019,19/04/2019,True,False,False
synthetic/s7/0082,date,date,mock-b,mock-c,2019-04-19,2019-04-19,19/04/2019,19/04/2019,True,False,False
synthetic/s7/0082,date,date,mock-b,mock-d,2019-04-19,2019-04-19,19/04/2019,19/04/2019,True,False,False
synthetic/s7/0082,date,date,mock-c,mock-d,2019-04-19,2019-04-19,19/04/2019,19/04/2019,True,False,False
synthetic/s7/0082,phone,phone,mock-a,mock-b,73362647,73362647,07-336 2647,07-336 2647,True,False,False
synthetic/s7/0082,phone,phone,mock-a,mock-c,73362647,∅,07-336 2647,,False,False,True
synthetic/s7/0082,phone,phone,mock-a,mock-d,73362647,73362647,07-336 2647,07-336 2647,True,False,False
synthetic/s7/0082,phone,phone,mock-b,mock-c,73362647,∅,07-336 2647,,False,False,True
synthetic/s7/0082,phone,phone,mock-b,mock-d,73362647,73362647,07-336 2647,07-336 2647,True,False,False
synthetic/s7/0082,phone,phone,mock-c,mock-d,∅,73362647,,07-336 2647,False,False,True
synthetic/s7/0082,tax,money,mock-a,mock-b,1.28,1.28,1.28,1.28,True,False,False
synthetic/s7/0082,tax,money,mock-a,mock-c,1.28,1.28,1.28,1.28,True,False,False
synthetic/s7/0082,tax,money,mock-a,mock-d,1.28,1.28,1.28,1.28,True,False,False
synthetic/s7/0082,tax,money,mock-b,mock-c,1.28,1.28,1.28,1.28,True,False,False
synthetic/s7/0082,tax,money,mock-b,mock-d,1.28,1.28,1.28,1.28,True,False,False
synthetic/s7/0082,tax,money,mock-c,mock-d,1.28,1.28,1.28,1.28,True,False,False
synthetic/s7/0082,total,money,mock-a,mock-b,22.68,22.68,22.68,22.68,True,False,False
synthetic/s7/0082,total,money,mock-a,mock-c,22.68,22.68,22.68,22.68,True,False,False
synthetic/s7/0082,total,money,mock-a,mock-d,22.68,22.68,22.68,22.68,True,False,False
synthetic/s7/0082,total,money,mock-b,mock-c,22.68,22.68,22.68,22.68,True,False,False
synthetic/s7/0082,total,money,mock-b,mock-d,22.68,22.68,22.68,22.68,True,False,False
synthetic/s7/0082,total,money,mock-c,mock-d,22.68,22.68,22.68,22.68,True,False,False
synthetic/s7/0083,address,address,mock-a,mock-b,lot 276 jln banting 43800 dengkil selangor,lot 276 jln banting 43800 dengkil selangor,"LOT 276 JALAN BANTING, 43800 DENGKIL, SELANGOR","LOT 276 JALAN BANTING, 43800 DENGKIL, SELANGOR",True,False,False
synthetic/s7/0083,address,address,mock-a,mock-c,lot 276 jln banting 43800 dengkil selangor,lot 276 jln banting 43800 dengkil selangor,"LOT 276 JALAN BANTING, 43800 DENGKIL, SELANGOR","LOT 276 JALAN BANTING, 43800 DENGKIL, SELANGOR",True,False,False
synthetic/s7/0083,address,address,mock-a,mock-d,lot 276 jln banting 43800 dengkil selangor,∅,"LOT 276 JALAN BANTING, 43800 DENGKIL, SELANGOR",,False,False,True
synthetic/s7/0083,address,address,mock-b,mock-c,lot 276 jln banting 43800 dengkil selangor,lot 276 jln banting 43800 dengkil selangor,"LOT 276 JALAN BANTING, 43800 DENGKIL, SELANGOR","LOT 276 JALAN BANTING, 43800 DENGKIL, SELANGOR",True,False,False
synthetic/s7/0083,address,address,mock-b,mock-d,lot 276 jln banting 43800 dengkil selangor,∅,"LOT 276 JALAN BANTING, 43800 DENGKIL, SELANGOR",,False,False,True
synthetic/s7/0083,address,address,mock-c,mock-d,lot 276 jln banting 43800 dengkil selangor,∅,"LOT 276 JALAN BANTING, 43800 DENGKIL, SELANGOR",,False,False,True
synthetic/s7/0083,company,org,mock-a,mock-b,kedai papan yew chuan,kedai papan yew chuan,KEDAI PAPAN YEW CHUAN,KEDAI PAPAN YEW CHUAN,True,False,False
synthetic/s7/0083,company,org,mock-a,mock-c,kedai papan yew chuan,kedai papan yew chuan,KEDAI PAPAN YEW CHUAN,KEDAI PAPAN YEW CHUAN,True,False,False
synthetic/s7/0083,company,org,mock-a,mock-d,kedai papan yew chuan,kedai papan yew chuan,KEDAI PAPAN YEW CHUAN,KEDAI PAPAN YEW CHUAN,True,False,False
synthetic/s7/0083,company,org,mock-b,mock-c,kedai papan yew chuan,kedai papan yew chuan,KEDAI PAPAN YEW CHUAN,KEDAI PAPAN YEW CHUAN,True,False,False
synthetic/s7/0083,company,org,mock-b,mock-d,kedai papan yew chuan,kedai papan yew chuan,KEDAI PAPAN YEW CHUAN,KEDAI PAPAN YEW CHUAN,True,False,False
synthetic/s7/0083,company,org,mock-c,mock-d,kedai papan yew chuan,kedai papan yew chuan,KEDAI PAPAN YEW CHUAN,KEDAI PAPAN YEW CHUAN,True,False,False
synthetic/s7/0083,date,date,mock-a,mock-b,2019-01-04,2019-04-01,04/01/2019,01/04/2019,False,False,False
synthetic/s7/0083,date,date,mock-a,mock-c,2019-01-04,2019-01-04,04/01/2019,04/01/2019,True,False,False
synthetic/s7/0083,date,date,mock-a,mock-d,2019-01-04,2019-04-01,04/01/2019,01/04/2019,False,False,False
synthetic/s7/0083,date,date,mock-b,mock-c,2019-04-01,2019-01-04,01/04/2019,04/01/2019,False,False,False
synthetic/s7/0083,date,date,mock-b,mock-d,2019-04-01,2019-04-01,01/04/2019,01/04/2019,True,False,False
synthetic/s7/0083,date,date,mock-c,mock-d,2019-01-04,2019-04-01,04/01/2019,01/04/2019,False,False,False
synthetic/s7/0083,phone,phone,mock-a,mock-b,31514105,31514105,03-151 4105,03-151 4105,True,False,False
synthetic/s7/0083,phone,phone,mock-a,mock-c,31514105,31514105,03-151 4105,03-151 4105,True,False,False
synthetic/s7/0083,phone,phone,mock-a,mock-d,31514105,31514105,03-151 4105,03-151 4105,True,False,False
synthetic/s7/0083,phone,phone,mock-b,mock-c,31514105,31514105,03-151 4105,03-151 4105,True,False,False
synthetic/s7/0083,phone,phone,mock-b,mock-d,31514105,31514105,03-151 4105,03-151 4105,True,False,False
synthetic/s7/0083,phone,phone,mock-c,mock-d,31514105,31514105,03-151 4105,03-151 4105,True,False,False
synthetic/s7/0083,tax,money,mock-a,mock-b,0.43,0.00,0.43,0.00,False,False,False
synthetic/s7/0083,tax,money,mock-a,mock-c,0.43,0.43,0.43,0.43,True,False,False
synthetic/s7/0083,tax,money,mock-a,mock-d,0.43,0.43,0.43,0.43,True,False,False
synthetic/s7/0083,tax,money,mock-b,mock-c,0.00,0.43,0.00,0.43,False,False,False
synthetic/s7/0083,tax,money,mock-b,mock-d,0.00,0.43,0.00,0.43,False,False,False
synthetic/s7/0083,tax,money,mock-c,mock-d,0.43,0.43,0.43,0.43,True,False,False
synthetic/s7/0083,total,money,mock-a,mock-b,7.53,7.53,7.53,7.53,True,False,False
synthetic/s7/0083,total,money,mock-a,mock-c,7.53,7.53,7.53,7.53,True,False,False
synthetic/s7/0083,total,money,mock-a,mock-d,7.53,∅,7.53,,False,False,True
synthetic/s7/0083,total,money,mock-b,mock-c,7.53,7.53,7.53,7.53,True,False,False
synthetic/s7/0083,total,money,mock-b,mock-d,7.53,∅,7.53,,False,False,True
synthetic/s7/0083,total,money,mock-c,mock-d,7.53,∅,7.53,,False,False,True
synthetic/s7/0084,address,address,mock-a,mock-b,no 2 and 4 jln bayu 4 bdr seri alam 81750 masai johor,no 2 and 4 jln bayu 4 bdr seri alam 81750 masai johor,"NO 2 & 4, JALAN BAYU 4, BANDAR SERI ALAM, 81750 MASAI, JOHOR","NO 2 & 4, JALAN BAYU 4, BANDAR SERI ALAM, 81750 MASAI, JOHOR",True,False,False
synthetic/s7/0084,address,address,mock-a,mock-c,no 2 and 4 jln bayu 4 bdr seri alam 81750 masai johor,no 2 and 4 jln bayu 4 bdr seri alam 81750 masai johor,"NO 2 & 4, JALAN BAYU 4, BANDAR SERI ALAM, 81750 MASAI, JOHOR","NO 2 & 4, JALAN BAYU 4, BANDAR SERI ALAM, 81750 MASAI, JOHOR",True,False,False
synthetic/s7/0084,address,address,mock-a,mock-d,no 2 and 4 jln bayu 4 bdr seri alam 81750 masai johor,∅,"NO 2 & 4, JALAN BAYU 4, BANDAR SERI ALAM, 81750 MASAI, JOHOR",,False,False,True
synthetic/s7/0084,address,address,mock-b,mock-c,no 2 and 4 jln bayu 4 bdr seri alam 81750 masai johor,no 2 and 4 jln bayu 4 bdr seri alam 81750 masai johor,"NO 2 & 4, JALAN BAYU 4, BANDAR SERI ALAM, 81750 MASAI, JOHOR","NO 2 & 4, JALAN BAYU 4, BANDAR SERI ALAM, 81750 MASAI, JOHOR",True,False,False
synthetic/s7/0084,address,address,mock-b,mock-d,no 2 and 4 jln bayu 4 bdr seri alam 81750 masai johor,∅,"NO 2 & 4, JALAN BAYU 4, BANDAR SERI ALAM, 81750 MASAI, JOHOR",,False,False,True
synthetic/s7/0084,address,address,mock-c,mock-d,no 2 and 4 jln bayu 4 bdr seri alam 81750 masai johor,∅,"NO 2 & 4, JALAN BAYU 4, BANDAR SERI ALAM, 81750 MASAI, JOHOR",,False,False,True
synthetic/s7/0084,company,org,mock-a,mock-b,ojc marketing,ojc marketing sdn,OJC MARKETING SDN BHD,OJC MARKETING SDN,False,False,False
synthetic/s7/0084,company,org,mock-a,mock-c,ojc marketing,ojc marketing,OJC MARKETING SDN BHD,OJC MARKETING SDN BHD,True,False,False
synthetic/s7/0084,company,org,mock-a,mock-d,ojc marketing,ojc marketing,OJC MARKETING SDN BHD,OJC MARKETING SDN BHD,True,False,False
synthetic/s7/0084,company,org,mock-b,mock-c,ojc marketing sdn,ojc marketing,OJC MARKETING SDN,OJC MARKETING SDN BHD,False,False,False
synthetic/s7/0084,company,org,mock-b,mock-d,ojc marketing sdn,ojc marketing,OJC MARKETING SDN,OJC MARKETING SDN BHD,False,False,False
synthetic/s7/0084,company,org,mock-c,mock-d,ojc marketing,ojc marketing,OJC MARKETING SDN BHD,OJC MARKETING SDN BHD,True,False,False
synthetic/s7/0084,date,date,mock-a,mock-b,2018-06-03,2018-06-03,03/06/2018,03/06/2018,True,False,False
synthetic/s7/0084,date,date,mock-a,mock-c,2018-06-03,2018-06-03,03/06/2018,03/06/2018,True,False,False
synthetic/s7/0084,date,date,mock-a,mock-d,2018-06-03,2018-06-03,03/06/2018,03/06/2018,True,False,False
synthetic/s7/0084,date,date,mock-b,mock-c,2018-06-03,2018-06-03,03/06/2018,03/06/2018,True,False,False
synthetic/s7/0084,date,date,mock-b,mock-d,2018-06-03,2018-06-03,03/06/2018,03/06/2018,True,False,False
synthetic/s7/0084,date,date,mock-c,mock-d,2018-06-03,2018-06-03,03/06/2018,03/06/2018,True,False,False
synthetic/s7/0084,phone,phone,mock-a,mock-b,74584565,974584565,07-458 4565,97-458 4565,False,False,False
synthetic/s7/0084,phone,phone,mock-a,mock-c,74584565,74584565,07-458 4565,07-458 4565,True,False,False
synthetic/s7/0084,phone,phone,mock-a,mock-d,74584565,74584565,07-458 4565,07-458 4565,True,False,False
synthetic/s7/0084,phone,phone,mock-b,mock-c,974584565,74584565,97-458 4565,07-458 4565,False,False,False
synthetic/s7/0084,phone,phone,mock-b,mock-d,974584565,74584565,97-458 4565,07-458 4565,False,False,False
synthetic/s7/0084,phone,phone,mock-c,mock-d,74584565,74584565,07-458 4565,07-458 4565,True,False,False
synthetic/s7/0084,tax,money,mock-a,mock-b,2.24,2.84,2.24,2.84,False,False,False
synthetic/s7/0084,tax,money,mock-a,mock-c,2.24,2.84,2.24,2.84,False,False,False
synthetic/s7/0084,tax,money,mock-a,mock-d,2.24,2.84,2.24,2.84,False,False,False
synthetic/s7/0084,tax,money,mock-b,mock-c,2.84,2.84,2.84,2.84,True,False,False
synthetic/s7/0084,tax,money,mock-b,mock-d,2.84,2.84,2.84,2.84,True,False,False
synthetic/s7/0084,tax,money,mock-c,mock-d,2.84,2.84,2.84,2.84,True,False,False
synthetic/s7/0084,total,money,mock-a,mock-b,50.24,49.04,50.24,49.04,False,False,False
synthetic/s7/0084,total,money,mock-a,mock-c,50.24,50.24,50.24,50.24,True,False,False
synthetic/s7/0084,total,money,mock-a,mock-d,50.24,50.24,50.24,50.24,True,False,False
synthetic/s7/0084,total,money,mock-b,mock-c,49.04,50.24,49.04,50.24,False,False,False
synthetic/s7/0084,total,money,mock-b,mock-d,49.04,50.24,49.04,50.24,False,False,False
synthetic/s7/0084,total,money,mock-c,mock-d,50.24,50.24,50.24,50.24,True,False,False
synthetic/s7/0085,address,address,mock-a,mock-b,no 59 jln permas 9 5 bdr baru permas jaya 81750 johor bahru,no 59 jln permas 9 5 bdr baru permas jaya 81750 johor bahru,"NO.59 JALAN PERMAS 9/5, BANDAR BARU PERMAS JAYA, 81750 JOHOR BAHRU","NO.59 JALAN PERMAS 9/5, BANDAR BARU PERMAS JAYA, 81750 JOHOR BAHRU",True,False,False
synthetic/s7/0085,address,address,mock-a,mock-c,no 59 jln permas 9 5 bdr baru permas jaya 81750 johor bahru,∅,"NO.59 JALAN PERMAS 9/5, BANDAR BARU PERMAS JAYA, 81750 JOHOR BAHRU",,False,False,True
synthetic/s7/0085,address,address,mock-a,mock-d,no 59 jln permas 9 5 bdr baru permas jaya 81750 johor bahru,no 59 jln permas 9 5 bdr baru permas jaya 81750 johor bahru,"NO.59 JALAN PERMAS 9/5, BANDAR BARU PERMAS JAYA, 81750 JOHOR BAHRU","NO.59 JALAN PERMAS 9/5, BANDAR BARU PERMAS JAYA, 81750 JOHOR BAHRU",True,False,False
synthetic/s7/0085,address,address,mock-b,mock-c,no 59 jln permas 9 5 bdr baru permas jaya 81750 johor bahru,∅,"NO.59 JALAN PERMAS 9/5, BANDAR BARU PERMAS JAYA, 81750 JOHOR BAHRU",,False,False,True
synthetic/s7/0085,address,address,mock-b,mock-d,no 59 jln permas 9 5 bdr baru permas jaya 81750 johor bahru,no 59 jln permas 9 5 bdr baru permas jaya 81750 johor bahru,"NO.59 JALAN PERMAS 9/5, BANDAR BARU PERMAS JAYA, 81750 JOHOR BAHRU","NO.59 JALAN PERMAS 9/5, BANDAR BARU PERMAS JAYA, 81750 JOHOR BAHRU",True,False,False
synthetic/s7/0085,address,address,mock-c,mock-d,∅,no 59 jln permas 9 5 bdr baru permas jaya 81750 johor bahru,,"NO.59 JALAN PERMAS 9/5, BANDAR BARU PERMAS JAYA, 81750 JOHOR BAHRU",False,False,True
synthetic/s7/0085,company,org,mock-a,mock-b,perniagaan zheng hui,perniagaan zheng hui,PERNIAGAAN ZHENG HUI,PERNIAGAAN ZHENG HUI,True,False,False
synthetic/s7/0085,company,org,mock-a,mock-c,perniagaan zheng hui,perniagaan zheng,PERNIAGAAN ZHENG HUI,PERNIAGAAN ZHENG,False,False,False
synthetic/s7/0085,company,org,mock-a,mock-d,perniagaan zheng hui,perniagaan zheng hui,PERNIAGAAN ZHENG HUI,PERNIAGAAN ZHENG HUI,True,False,False
synthetic/s7/0085,company,org,mock-b,mock-c,perniagaan zheng hui,perniagaan zheng,PERNIAGAAN ZHENG HUI,PERNIAGAAN ZHENG,False,False,False
synthetic/s7/0085,company,org,mock-b,mock-d,perniagaan zheng hui,perniagaan zheng hui,PERNIAGAAN ZHENG HUI,PERNIAGAAN ZHENG HUI,True,False,False
synthetic/s7/0085,company,org,mock-c,mock-d,perniagaan zheng,perniagaan zheng hui,PERNIAGAAN ZHENG,PERNIAGAAN ZHENG HUI,False,False,False
synthetic/s7/0085,date,date,mock-a,mock-b,2018-01-05,2018-05-01,05/01/2018,01/05/2018,False,False,False
synthetic/s7/0085,date,date,mock-a,mock-c,2018-01-05,2018-01-05,05/01/2018,05/01/2018,True,False,False
synthetic/s7/0085,date,date,mock-a,mock-d,2018-01-05,2018-01-05,05/01/2018,05/01/2018,True,False,False
synthetic/s7/0085,date,date,mock-b,mock-c,2018-05-01,2018-01-05,01/05/2018,05/01/2018,False,False,False
synthetic/s7/0085,date,date,mock-b,mock-d,2018-05-01,2018-01-05,01/05/2018,05/01/2018,False,False,False
synthetic/s7/0085,date,date,mock-c,mock-d,2018-01-05,2018-01-05,05/01/2018,05/01/2018,True,False,False
synthetic/s7/0085,phone,phone,mock-a,mock-b,39386361,839386361,03-938 6361,83-938 6361,False,False,False
synthetic/s7/0085,phone,phone,mock-a,mock-c,39386361,39386361,03-938 6361,03-938 6361,True,False,False
synthetic/s7/0085,phone,phone,mock-a,mock-d,39386361,∅,03-938 6361,,False,False,True
synthetic/s7/0085,phone,phone,mock-b,mock-c,839386361,39386361,83-938 6361,03-938 6361,False,False,False
synthetic/s7/0085,phone,phone,mock-b,mock-d,839386361,∅,83-938 6361,,False,False,True
synthetic/s7/0085,phone,phone,mock-c,mock-d,39386361,∅,03-938 6361,,False,False,True
synthetic/s7/0085,tax,money,mock-a,mock-b,0.00,0.00,0.00,0.00,True,False,False
synthetic/s7/0085,tax,money,mock-a,mock-c,0.00,∅,0.00,,False,False,True
synthetic/s7/0085,tax,money,mock-a,mock-d,0.00,∅,0.00,,False,False,True
synthetic/s7/0085,tax,money,mock-b,mock-c,0.00,∅,0.00,,False,False,True
synthetic/s7/0085,tax,money,mock-b,mock-d,0.00,∅,0.00,,False,False,True
synthetic/s7/0085,tax,money,mock-c,mock-d,∅,∅,,,True,True,False
synthetic/s7/0085,total,money,mock-a,mock-b,26.00,26.00,26.00,26.00,True,False,False
synthetic/s7/0085,total,money,mock-a,mock-c,26.00,26.00,26.00,26.00,True,False,False
synthetic/s7/0085,total,money,mock-a,mock-d,26.00,23.60,26.00,23.60,False,False,False
synthetic/s7/0085,total,money,mock-b,mock-c,26.00,26.00,26.00,26.00,True,False,False
synthetic/s7/0085,total,money,mock-b,mock-d,26.00,23.60,26.00,23.60,False,False,False
synthetic/s7/0085,total,money,mock-c,mock-d,26.00,23.60,26.00,23.60,False,False,False
synthetic/s7/0086,address,address,mock-a,mock-b,lot 3 jln pelabur 23 1 40300 shah alam selangor,lot 3 jln pelabur 23 1 40300 shah alam selangor,"LOT 3, JALAN PELABUR 23/1, 40300 SHAH ALAM, SELANGOR","LOT 3, JALAN PELABUR 23/1, 40300 SHAH ALAM, SELANGOR",True,False,False
synthetic/s7/0086,address,address,mock-a,mock-c,lot 3 jln pelabur 23 1 40300 shah alam selangor,lot 3 jln pelabur 23 1 40300 shah alam selangor,"LOT 3, JALAN PELABUR 23/1, 40300 SHAH ALAM, SELANGOR","LOT 3, JALAN PELABUR 23/1, 40300 SHAH ALAM, SELANGOR",True,False,False
synthetic/s7/0086,address,address,mock-a,mock-d,lot 3 jln pelabur 23 1 40300 shah alam selangor,lot 3 jln pelabur 23 1 40300 shah alam selangor,"LOT 3, JALAN PELABUR 23/1, 40300 SHAH ALAM, SELANGOR","LOT 3, JALAN PELABUR 23/1, 40300 SHAH ALAM, SELANGOR",True,False,False
synthetic/s7/0086,address,address,mock-b,mock-c,lot 3 jln pelabur 23 1 40300 shah alam selangor,lot 3 jln pelabur 23 1 40300 shah alam selangor,"LOT 3, JALAN PELABUR 23/1, 40300 SHAH ALAM, SELANGOR","LOT 3, JALAN PELABUR 23/1, 40300 SHAH ALAM, SELANGOR",True,False,False
synthetic/s7/0086,address,address,mock-b,mock-d,lot 3 jln pelabur 23 1 40300 shah alam selangor,lot 3 jln pelabur 23 1 40300 shah alam selangor,"LOT 3, JALAN PELABUR 23/1, 40300 SHAH ALAM, SELANGOR","LOT 3, JALAN PELABUR 23/1, 40300 SHAH ALAM, SELANGOR",True,False,False
synthetic/s7/0086,address,address,mock-c,mock-d,lot 3 jln pelabur 23 1 40300 shah alam selangor,lot 3 jln pelabur 23 1 40300 shah alam selangor,"LOT 3, JALAN PELABUR 23/1, 40300 SHAH ALAM, SELANGOR","LOT 3, JALAN PELABUR 23/1, 40300 SHAH ALAM, SELANGOR",True,False,False
synthetic/s7/0086,company,org,mock-a,mock-b,gardenia bakeries kl,gardenia bakeries kl,GARDENIA BAKERIES (KL) SDN BHD,GARDENIA BAKERIES (KL) SDN BHD,True,False,False
synthetic/s7/0086,company,org,mock-a,mock-c,gardenia bakeries kl,gardenia bakeries kl sdn,GARDENIA BAKERIES (KL) SDN BHD,GARDENIA BAKERIES (KL) SDN,False,False,False
synthetic/s7/0086,company,org,mock-a,mock-d,gardenia bakeries kl,gardenia bakeries kl,GARDENIA BAKERIES (KL) SDN BHD,GARDENIA BAKERIES (KL) SDN BHD,True,False,False
synthetic/s7/0086,company,org,mock-b,mock-c,gardenia bakeries kl,gardenia bakeries kl sdn,GARDENIA BAKERIES (KL) SDN BHD,GARDENIA BAKERIES (KL) SDN,False,False,False
synthetic/s7/0086,company,org,mock-b,mock-d,gardenia bakeries kl,gardenia bakeries kl,GARDENIA BAKERIES (KL) SDN BHD,GARDENIA BAKERIES (KL) SDN BHD,True,False,False
synthetic/s7/0086,company,org,mock-c,mock-d,gardenia bakeries kl sdn,gardenia bakeries kl,GARDENIA BAKERIES (KL) SDN,GARDENIA BAKERIES (KL) SDN BHD,False,False,False
synthetic/s7/0086,date,date,mock-a,mock-b,2019-10-06,2019-10-06,06/10/2019,06/10/2019,True,False,False
synthetic/s7/0086,date,date,mock-a,mock-c,2019-10-06,2019-10-06,06/10/2019,06/10/2019,True,False,False
synthetic/s7/0086,date,date,mock-a,mock-d,2019-10-06,2019-10-06,06/10/2019,06/10/2019,True,False,False
synthetic/s7/0086,date,date,mock-b,mock-c,2019-10-06,2019-10-06,06/10/2019,06/10/2019,True,False,False
synthetic/s7/0086,date,date,mock-b,mock-d,2019-10-06,2019-10-06,06/10/2019,06/10/2019,True,False,False
synthetic/s7/0086,date,date,mock-c,mock-d,2019-10-06,2019-10-06,06/10/2019,06/10/2019,True,False,False
synthetic/s7/0086,phone,phone,mock-a,mock-b,761647687,61647687,76-164 7687,06-164 7687,False,False,False
synthetic/s7/0086,phone,phone,mock-a,mock-c,761647687,61647687,76-164 7687,06-164 7687,False,False,False
synthetic/s7/0086,phone,phone,mock-a,mock-d,761647687,61647687,76-164 7687,06-164 7687,False,False,False
synthetic/s7/0086,phone,phone,mock-b,mock-c,61647687,61647687,06-164 7687,06-164 7687,True,False,False
synthetic/s7/0086,phone,phone,mock-b,mock-d,61647687,61647687,06-164 7687,06-164 7687,True,False,False
synthetic/s7/0086,phone,phone,mock-c,mock-d,61647687,61647687,06-164 7687,06-164 7687,True,False,False
synthetic/s7/0086,tax,money,mock-a,mock-b,0.19,0.19,0.19,0.19,True,False,False
synthetic/s7/0086,tax,money,mock-a,mock-c,0.19,0.19,0.19,0.19,True,False,False
synthetic/s7/0086,tax,money,mock-a,mock-d,0.19,∅,0.19,,False,False,True
synthetic/s7/0086,tax,money,mock-b,mock-c,0.19,0.19,0.19,0.19,True,False,False
synthetic/s7/0086,tax,money,mock-b,mock-d,0.19,∅,0.19,,False,False,True
synthetic/s7/0086,tax,money,mock-c,mock-d,0.19,∅,0.19,,False,False,True
synthetic/s7/0086,total,money,mock-a,mock-b,3.39,3.39,3.39,3.39,True,False,False
synthetic/s7/0086,total,money,mock-a,mock-c,3.39,3.39,3.39,3.39,True,False,False
synthetic/s7/0086,total,money,mock-a,mock-d,3.39,3.37,3.39,3.37,False,False,False
synthetic/s7/0086,total,money,mock-b,mock-c,3.39,3.39,3.39,3.39,True,False,False
synthetic/s7/0086,total,money,mock-b,mock-d,3.39,3.37,3.39,3.37,False,False,False
synthetic/s7/0086,total,money,mock-c,mock-d,3.39,3.37,3.39,3.37,False,False,False
synthetic/s7/0087,address,address,mock-a,mock-b,no 31g and 33g jln setia indah x u13 x 40170 setia alam,no 31g and 33g jln setia indah x u13 x 40170 setia alam,"NO. 31G&33G, JALAN SETIA INDAH X, U13/X, 40170 SETIA ALAM","NO. 31G&33G, JALAN SETIA INDAH X, U13/X, 40170 SETIA ALAM",True,False,False
synthetic/s7/0087,address,address,mock-a,mock-c,no 31g and 33g jln setia indah x u13 x 40170 setia alam,no 31g and 33g jln setia indah x u13 x 40170 setia alam,"NO. 31G&33G, JALAN SETIA INDAH X, U13/X, 40170 SETIA ALAM","NO. 31G&33G, JALAN SETIA INDAH X, U13/X, 40170 SETIA ALAM",True,False,False
synthetic/s7/0087,address,address,mock-a,mock-d,no 31g and 33g jln setia indah x u13 x 40170 setia alam,no 31g and 33g jln setia indah x u13 x 40170 setia alam,"NO. 31G&33G, JALAN SETIA INDAH X, U13/X, 40170 SETIA ALAM","NO. 31G&33G, JALAN SETIA INDAH X, U13/X, 40170 SETIA ALAM",True,False,False
synthetic/s7/0087,address,address,mock-b,mock-c,no 31g and 33g jln setia indah x u13 x 40170 setia alam,no 31g and 33g jln setia indah x u13 x 40170 setia alam,"NO. 31G&33G, JALAN SETIA INDAH X, U13/X, 40170 SETIA ALAM","NO. 31G&33G, JALAN SETIA INDAH X, U13/X, 40170 SETIA ALAM",True,False,False
synthetic/s7/0087,address,address,mock-b,mock-d,no 31g and 33g jln setia indah x u13 x 40170 setia alam,no 31g and 33g jln setia indah x u13 x 40170 setia alam,"NO. 31G&33G, JALAN SETIA INDAH X, U13/X, 40170 SETIA ALAM","NO. 31G&33G, JALAN SETIA INDAH X, U13/X, 40170 SETIA ALAM",True,False,False
synthetic/s7/0087,address,address,mock-c,mock-d,no 31g and 33g jln setia indah x u13 x 40170 setia alam,no 31g and 33g jln setia indah x u13 x 40170 setia alam,"NO. 31G&33G, JALAN SETIA INDAH X, U13/X, 40170 SETIA ALAM","NO. 31G&33G, JALAN SETIA INDAH X, U13/X, 40170 SETIA ALAM",True,False,False
synthetic/s7/0087,company,org,mock-a,mock-b,sanyu stationery shop,sanyu stationery,SANYU STATIONERY SHOP,SANYU STATIONERY,False,False,False
synthetic/s7/0087,company,org,mock-a,mock-c,sanyu stationery shop,stationery shop,SANYU STATIONERY SHOP,STATIONERY SHOP,False,False,False
synthetic/s7/0087,company,org,mock-a,mock-d,sanyu stationery shop,sanyu stationery shop,SANYU STATIONERY SHOP,SANYU STATIONERY SHOP,True,False,False
synthetic/s7/0087,company,org,mock-b,mock-c,sanyu stationery,stationery shop,SANYU STATIONERY,STATIONERY SHOP,False,False,False
synthetic/s7/0087,company,org,mock-b,mock-d,sanyu stationery,sanyu stationery shop,SANYU STATIONERY,SANYU STATIONERY SHOP,False,False,False
synthetic/s7/0087,company,org,mock-c,mock-d,stationery shop,sanyu stationery shop,STATIONERY SHOP,SANYU STATIONERY SHOP,False,False,False
synthetic/s7/0087,date,date,mock-a,mock-b,2018-03-18,2018-03-18,03/18/2018,18/03/2018,True,False,False
synthetic/s7/0087,date,date,mock-a,mock-c,2018-03-18,2018-03-18,03/18/2018,18/03/2018,True,False,False
synthetic/s7/0087,date,date,mock-a,mock-d,2018-03-18,∅,03/18/2018,,False,False,True
synthetic/s7/0087,date,date,mock-b,mock-c,2018-03-18,2018-03-18,18/03/2018,18/03/2018,True,False,False
synthetic/s7/0087,date,date,mock-b,mock-d,2018-03-18,∅,18/03/2018,,False,False,True
synthetic/s7/0087,date,date,mock-c,mock-d,2018-03-18,∅,18/03/2018,,False,False,True
synthetic/s7/0087,phone,phone,mock-a,mock-b,∅,∅,,,True,True,False
synthetic/s7/0087,phone,phone,mock-a,mock-c,∅,∅,,,True,True,False
synthetic/s7/0087,phone,phone,mock-a,mock-d,∅,∅,,,True,True,False
synthetic/s7/0087,phone,phone,mock-b,mock-c,∅,∅,,,True,True,False
synthetic/s7/0087,phone,phone,mock-b,mock-d,∅,∅,,,True,True,False
synthetic/s7/0087,phone,phone,mock-c,mock-d,∅,∅,,,True,True,False
synthetic/s7/0087,tax,money,mock-a,mock-b,2.36,2.36,2.36,2.36,True,False,False
synthetic/s7/0087,tax,money,mock-a,mock-c,2.36,2.36,2.36,2.36,True,False,False
synthetic/s7/0087,tax,money,mock-a,mock-d,2.36,2.36,2.36,2.36,True,False,False
synthetic/s7/0087,tax,money,mock-b,mock-c,2.36,2.36,2.36,2.36,True,False,False
synthetic/s7/0087,tax,money,mock-b,mock-d,2.36,2.36,2.36,2.36,True,False,False
synthetic/s7/0087,tax,money,mock-c,mock-d,2.36,2.36,2.36,2.36,True,False,False
synthetic/s7/0087,total,money,mock-a,mock-b,41.76,41.76,41.76,41.76,True,False,False
synthetic/s7/0087,total,money,mock-a,mock-c,41.76,41.76,41.76,41.76,True,False,False
synthetic/s7/0087,total,money,mock-a,mock-d,41.76,41.76,41.76,41.76,True,False,False
synthetic/s7/0087,total,money,mock-b,mock-c,41.76,41.76,41.76,41.76,True,False,False
synthetic/s7/0087,total,money,mock-b,mock-d,41.76,41.76,41.76,41.76,True,False,False
synthetic/s7/0087,total,money,mock-c,mock-d,41.76,41.76,41.76,41.76,True,False,False
synthetic/s7/0088,address,address,mock-a,mock-b,lot p t 2811 jln angsana tmn mutiara rini 81300 skudai,lot p t 2811 jln angsana tmn mutiara rini 81300 skudai,"LOT P.T. 2811, JALAN ANGSANA, TAMAN MUTIARA RINI, 81300 SKUDAI","LOT P.T. 2811, JALAN ANGSANA, TAMAN MUTIARA RINI, 81300 SKUDAI",True,False,False
synthetic/s7/0088,address,address,mock-a,mock-c,lot p t 2811 jln angsana tmn mutiara rini 81300 skudai,lot p t 2811 jln angsana tmn mutiara rini 81300 skudai,"LOT P.T. 2811, JALAN ANGSANA, TAMAN MUTIARA RINI, 81300 SKUDAI","LOT P.T. 2811, JALAN ANGSANA, TAMAN MUTIARA RINI, 81300 SKUDAI",True,False,False
synthetic/s7/0088,address,address,mock-a,mock-d,lot p t 2811 jln angsana tmn mutiara rini 81300 skudai,lot p t 2811 jln angsana tmn mutiara rini 81300 skudai,"LOT P.T. 2811, JALAN ANGSANA, TAMAN MUTIARA RINI, 81300 SKUDAI","LOT P.T. 2811, JALAN ANGSANA, TAMAN MUTIARA RINI, 81300 SKUDAI",True,False,False
synthetic/s7/0088,address,address,mock-b,mock-c,lot p t 2811 jln angsana tmn mutiara rini 81300 skudai,lot p t 2811 jln angsana tmn mutiara rini 81300 skudai,"LOT P.T. 2811, JALAN ANGSANA, TAMAN MUTIARA RINI, 81300 SKUDAI","LOT P.T. 2811, JALAN ANGSANA, TAMAN MUTIARA RINI, 81300 SKUDAI",True,False,False
synthetic/s7/0088,address,address,mock-b,mock-d,lot p t 2811 jln angsana tmn mutiara rini 81300 skudai,lot p t 2811 jln angsana tmn mutiara rini 81300 skudai,"LOT P.T. 2811, JALAN ANGSANA, TAMAN MUTIARA RINI, 81300 SKUDAI","LOT P.T. 2811, JALAN ANGSANA, TAMAN MUTIARA RINI, 81300 SKUDAI",True,False,False
synthetic/s7/0088,address,address,mock-c,mock-d,lot p t 2811 jln angsana tmn mutiara rini 81300 skudai,lot p t 2811 jln angsana tmn mutiara rini 81300 skudai,"LOT P.T. 2811, JALAN ANGSANA, TAMAN MUTIARA RINI, 81300 SKUDAI","LOT P.T. 2811, JALAN ANGSANA, TAMAN MUTIARA RINI, 81300 SKUDAI",True,False,False
synthetic/s7/0088,company,org,mock-a,mock-b,99 speed mart,99 speed mart s b,99 SPEED MART,99 SPEED MART S/B,False,False,False
synthetic/s7/0088,company,org,mock-a,mock-c,99 speed mart,99 speed mart s b,99 SPEED MART,99 SPEED MART S/B,False,False,False
synthetic/s7/0088,company,org,mock-a,mock-d,99 speed mart,99 speed mart s b,99 SPEED MART,99 SPEED MART S/B,False,False,False
synthetic/s7/0088,company,org,mock-b,mock-c,99 speed mart s b,99 speed mart s b,99 SPEED MART S/B,99 SPEED MART S/B,True,False,False
synthetic/s7/0088,company,org,mock-b,mock-d,99 speed mart s b,99 speed mart s b,99 SPEED MART S/B,99 SPEED MART S/B,True,False,False
synthetic/s7/0088,company,org,mock-c,mock-d,99 speed mart s b,99 speed mart s b,99 SPEED MART S/B,99 SPEED MART S/B,True,False,False
synthetic/s7/0088,date,date,mock-a,mock-b,2019-05-02,2019-05-02,02/05/2019,02/05/2019,True,False,False
synthetic/s7/0088,date,date,mock-a,mock-c,2019-05-02,2019-02-05,02/05/2019,05/02/2019,False,False,False
synthetic/s7/0088,date,date,mock-a,mock-d,2019-05-02,2019-05-02,02/05/2019,02/05/2019,True,False,False
synthetic/s7/0088,date,date,mock-b,mock-c,2019-05-02,2019-02-05,02/05/2019,05/02/2019,False,False,False
synthetic/s7/0088,date,date,mock-b,mock-d,2019-05-02,2019-05-02,02/05/2019,02/05/2019,True,False,False
synthetic/s7/0088,date,date,mock-c,mock-d,2019-02-05,2019-05-02,05/02/2019,02/05/2019,False,False,False
synthetic/s7/0088,phone,phone,mock-a,mock-b,35443565,35443565,03-544 3565,03-544 3565,True,False,False
synthetic/s7/0088,phone,phone,mock-a,mock-c,35443565,35443565,03-544 3565,03-544 3565,True,False,False
synthetic/s7/0088,phone,phone,mock-a,mock-d,35443565,235443565,03-544 3565,23-544 3565,False,False,False
synthetic/s7/0088,phone,phone,mock-b,mock-c,35443565,35443565,03-544 3565,03-544 3565,True,False,False
synthetic/s7/0088,phone,phone,mock-b,mock-d,35443565,235443565,03-544 3565,23-544 3565,False,False,False
synthetic/s7/0088,phone,phone,mock-c,mock-d,35443565,235443565,03-544 3565,23-544 3565,False,False,False
synthetic/s7/0088,tax,money,mock-a,mock-b,0.00,0.00,0.00,0.00,True,False,False
synthetic/s7/0088,tax,money,mock-a,mock-c,0.00,2.29,0.00,2.29,False,False,False
synthetic/s7/0088,tax,money,mock-a,mock-d,0.00,2.29,0.00,2.29,False,False,False
synthetic/s7/0088,tax,money,mock-b,mock-c,0.00,2.29,0.00,2.29,False,False,False
synthetic/s7/0088,tax,money,mock-b,mock-d,0.00,2.29,0.00,2.29,False,False,False
synthetic/s7/0088,tax,money,mock-c,mock-d,2.29,2.29,2.29,2.29,True,False,False
synthetic/s7/0088,total,money,mock-a,mock-b,40.39,40.39,40.39,40.39,True,False,False
synthetic/s7/0088,total,money,mock-a,mock-c,40.39,40.39,40.39,40.39,True,False,False
synthetic/s7/0088,total,money,mock-a,mock-d,40.39,40.39,40.39,40.39,True,False,False
synthetic/s7/0088,total,money,mock-b,mock-c,40.39,40.39,40.39,40.39,True,False,False
synthetic/s7/0088,total,money,mock-b,mock-d,40.39,40.39,40.39,40.39,True,False,False
synthetic/s7/0088,total,money,mock-c,mock-d,40.39,40.39,40.39,40.39,True,False,False
synthetic/s7/0089,address,address,mock-a,mock-b,∅,lot 276 jln banting 43800 dengkil selangor,,"LOT 276 JALAN BANTING, 43800 DENGKIL, SELANGOR",False,False,True
synthetic/s7/0089,address,address,mock-a,mock-c,∅,lot 276 jln banting 43800 dengkil selangor,,"LOT 276 JALAN BANTING, 43800 DENGKIL, SELANGOR",False,False,True
synthetic/s7/0089,address,address,mock-a,mock-d,∅,lot 276 jln banting 43800 dengkil,,"LOT 276 JALAN BANTING, 43800 DENGKIL",False,False,True
synthetic/s7/0089,address,address,mock-b,mock-c,lot 276 jln banting 43800 dengkil selangor,lot 276 jln banting 43800 dengkil selangor,"LOT 276 JALAN BANTING, 43800 DENGKIL, SELANGOR","LOT 276 JALAN BANTING, 43800 DENGKIL, SELANGOR",True,False,False
synthetic/s7/0089,address,address,mock-b,mock-d,lot 276 jln banting 43800 dengkil selangor,lot 276 jln banting 43800 dengkil,"LOT 276 JALAN BANTING, 43800 DENGKIL, SELANGOR","LOT 276 JALAN BANTING, 43800 DENGKIL",False,False,False
synthetic/s7/0089,address,address,mock-c,mock-d,lot 276 jln banting 43800 dengkil selangor,lot 276 jln banting 43800 dengkil,"LOT 276 JALAN BANTING, 43800 DENGKIL, SELANGOR","LOT 276 JALAN BANTING, 43800 DENGKIL",False,False,False
synthetic/s7/0089,company,org,mock-a,mock-b,kedai papan yew chuan,papan yew chuan,KEDAI PAPAN YEW CHUAN,PAPAN YEW CHUAN,False,False,False
synthetic/s7/0089,company,org,mock-a,mock-c,kedai papan yew chuan,kedai papan yew chuan,KEDAI PAPAN YEW CHUAN,KEDAI PAPAN YEW CHUAN,True,False,False
synthetic/s7/0089,company,org,mock-a,mock-d,kedai papan yew chuan,∅,KEDAI PAPAN YEW CHUAN,,False,False,True
synthetic/s7/0089,company,org,mock-b,mock-c,papan yew chuan,kedai papan yew chuan,PAPAN YEW CHUAN,KEDAI PAPAN YEW CHUAN,False,False,False
synthetic/s7/0089,company,org,mock-b,mock-d,papan yew chuan,∅,PAPAN YEW CHUAN,,False,False,True
synthetic/s7/0089,company,org,mock-c,mock-d,kedai papan yew chuan,∅,KEDAI PAPAN YEW CHUAN,,False,False,True
synthetic/s7/0089,date,date,mock-a,mock-b,2019-10-13,2019-10-13,13/10/2019,13/10/2019,True,False,False
synthetic/s7/0089,date,date,mock-a,mock-c,2019-10-13,2019-10-13,13/10/2019,13/10/2019,True,False,False
synthetic/s7/0089,date,date,mock-a,mock-d,2019-10-13,2019-10-13,13/10/2019,13/10/2019,True,False,False
synthetic/s7/0089,date,date,mock-b,mock-c,2019-10-13,2019-10-13,13/10/2019,13/10/2019,True,False,False
synthetic/s7/0089,date,date,mock-b,mock-d,2019-10-13,2019-10-13,13/10/2019,13/10/2019,True,False,False
synthetic/s7/0089,date,date,mock-c,mock-d,2019-10-13,2019-10-13,13/10/2019,13/10/2019,True,False,False
synthetic/s7/0089,phone,phone,mock-a,mock-b,312345678,∅,03-1234 5678,,False,False,True
synthetic/s7/0089,phone,phone,mock-a,mock-c,312345678,∅,03-1234 5678,,False,False,True
synthetic/s7/0089,phone,phone,mock-a,mock-d,312345678,∅,03-1234 5678,,False,False,True
synthetic/s7/0089,phone,phone,mock-b,mock-c,∅,∅,,,True,True,False
synthetic/s7/0089,phone,phone,mock-b,mock-d,∅,∅,,,True,True,False
synthetic/s7/0089,phone,phone,mock-c,mock-d,∅,∅,,,True,True,False
synthetic/s7/0089,tax,money,mock-a,mock-b,5.30,5.30,5.30,5.30,True,False,False
synthetic/s7/0089,tax,money,mock-a,mock-c,5.30,5.30,5.30,5.30,True,False,False
synthetic/s7/0089,tax,money,mock-a,mock-d,5.30,5.30,5.30,5.30,True,False,False
synthetic/s7/0089,tax,money,mock-b,mock-c,5.30,5.30,5.30,5.30,True,False,False
synthetic/s7/0089,tax,money,mock-b,mock-d,5.30,5.30,5.30,5.30,True,False,False
synthetic/s7/0089,tax,money,mock-c,mock-d,5.30,5.30,5.30,5.30,True,False,False
synthetic/s7/0089,total,money,mock-a,mock-b,34.70,34.70,34.70,34.70,True,False,False
synthetic/s7/0089,total,money,mock-a,mock-c,34.70,34.70,34.70,34.70,True,False,False
synthetic/s7/0089,total,money,mock-a,mock-d,34.70,34.70,34.70,34.70,True,False,False
synthetic/s7/0089,total,money,mock-b,mock-c,34.70,34.70,34.70,34.70,True,False,False
synthetic/s7/0089,total,money,mock-b,mock-d,34.70,34.70,34.70,34.70,True,False,False
synthetic/s7/0089,total,money,mock-c,mock-d,34.70,34.70,34.70,34.70,True,False,False
synthetic/s7/0090,address,address,mock-a,mock-b,no 2 and 4 jln bayu 4 bdr seri alam 81750 masai johor,no 2 and 4 jln bayu 4 bdr seri alam 81750 masai johor,"NO 2 & 4, JALAN BAYU 4, BANDAR SERI ALAM, 81750 MASAI, JOHOR","NO 2 & 4, JALAN BAYU 4, BANDAR SERI ALAM, 81750 MASAI, JOHOR",True,False,False
synthetic/s7/0090,address,address,mock-a,mock-c,no 2 and 4 jln bayu 4 bdr seri alam 81750 masai johor,∅,"NO 2 & 4, JALAN BAYU 4, BANDAR SERI ALAM, 81750 MASAI, JOHOR",,False,False,True
synthetic/s7/0090,address,address,mock-a,mock-d,no 2 and 4 jln bayu 4 bdr seri alam 81750 masai johor,no 2 and 4 jln bayu 4 bdr seri alam 81750 masai johor,"NO 2 & 4, JALAN BAYU 4, BANDAR SERI ALAM, 81750 MASAI, JOHOR","NO 2 & 4, JALAN BAYU 4, BANDAR SERI ALAM, 81750 MASAI, JOHOR",True,False,False
synthetic/s7/0090,address,address,mock-b,mock-c,no 2 and 4 jln bayu 4 bdr seri alam 81750 masai johor,∅,"NO 2 & 4, JALAN BAYU 4, BANDAR SERI ALAM, 81750 MASAI, JOHOR",,False,False,True
synthetic/s7/0090,address,address,mock-b,mock-d,no 2 and 4 jln bayu 4 bdr seri alam 81750 masai johor,no 2 and 4 jln bayu 4 bdr seri alam 81750 masai johor,"NO 2 & 4, JALAN BAYU 4, BANDAR SERI ALAM, 81750 MASAI, JOHOR","NO 2 & 4, JALAN BAYU 4, BANDAR SERI ALAM, 81750 MASAI, JOHOR",True,False,False
synthetic/s7/0090,address,address,mock-c,mock-d,∅,no 2 and 4 jln bayu 4 bdr seri alam 81750 masai johor,,"NO 2 & 4, JALAN BAYU 4, BANDAR SERI ALAM, 81750 MASAI, JOHOR",False,False,True
synthetic/s7/0090,company,org,mock-a,mock-b,∅,ojc marketing,,OJC MARKETING SDN BHD,False,False,True
synthetic/s7/0090,company,org,mock-a,mock-c,∅,ojc marketing,,OJC MARKETING SDN BHD,False,False,True
synthetic/s7/0090,company,org,mock-a,mock-d,∅,ojc marketing,,OJC MARKETING SDN BHD,False,False,True
synthetic/s7/0090,company,org,mock-b,mock-c,ojc marketing,ojc marketing,OJC MARKETING SDN BHD,OJC MARKETING SDN BHD,True,False,False
synthetic/s7/0090,company,org,mock-b,mock-d,ojc marketing,ojc marketing,OJC MARKETING SDN BHD,OJC MARKETING SDN BHD,True,False,False
synthetic/s7/0090,company,org,mock-c,mock-d,ojc marketing,ojc marketing,OJC MARKETING SDN BHD,OJC MARKETING SDN BHD,True,False,False
synthetic/s7/0090,date,date,mock-a,mock-b,2018-06-20,2018-06-20,20/06/2018,20/06/2018,True,False,False
synthetic/s7/0090,date,date,mock-a,mock-c,2018-06-20,2018-06-20,20/06/2018,20/06/2018,True,False,False
synthetic/s7/0090,date,date,mock-a,mock-d,2018-06-20,2018-06-20,20/06/2018,20/06/2018,True,False,False
synthetic/s7/0090,date,date,mock-b,mock-c,2018-06-20,2018-06-20,20/06/2018,20/06/2018,True,False,False
synthetic/s7/0090,date,date,mock-b,mock-d,2018-06-20,2018-06-20,20/06/2018,20/06/2018,True,False,False
synthetic/s7/0090,date,date,mock-c,mock-d,2018-06-20,2018-06-20,20/06/2018,20/06/2018,True,False,False
synthetic/s7/0090,phone,phone,mock-a,mock-b,32117287,32117287,03-211 7287,03-211 7287,True,False,False
synthetic/s7/0090,phone,phone,mock-a,mock-c,32117287,32117287,03-211 7287,03-211 7287,True,False,False
synthetic/s7/0090,phone,phone,mock-a,mock-d,32117287,32117287,03-211 7287,03-211 7287,True,False,False
synthetic/s7/0090,phone,phone,mock-b,mock-c,32117287,32117287,03-211 7287,03-211 7287,True,False,False
synthetic/s7/0090,phone,phone,mock-b,mock-d,32117287,32117287,03-211 7287,03-211 7287,True,False,False
synthetic/s7/0090,phone,phone,mock-c,mock-d,32117287,32117287,03-211 7287,03-211 7287,True,False,False
synthetic/s7/0090,tax,money,mock-a,mock-b,1.22,1.22,1.22,1.22,True,False,False
synthetic/s7/0090,tax,money,mock-a,mock-c,1.22,1.22,1.22,1.22,True,False,False
synthetic/s7/0090,tax,money,mock-a,mock-d,1.22,1.22,1.22,1.22,True,False,False
synthetic/s7/0090,tax,money,mock-b,mock-c,1.22,1.22,1.22,1.22,True,False,False
synthetic/s7/0090,tax,money,mock-b,mock-d,1.22,1.22,1.22,1.22,True,False,False
synthetic/s7/0090,tax,money,mock-c,mock-d,1.22,1.22,1.22,1.22,True,False,False
synthetic/s7/0090,total,money,mock-a,mock-b,21.52,21.52,21.52,21.52,True,False,False
synthetic/s7/0090,total,money,mock-a,mock-c,21.52,21.52,21.52,21.52,True,False,False
synthetic/s7/0090,total,money,mock-a,mock-d,21.52,21.52,21.52,21.52,True,False,False
synthetic/s7/0090,total,money,mock-b,mock-c,21.52,21.52,21.52,21.52,True,False,False
synthetic/s7/0090,total,money,mock-b,mock-d,21.52,21.52,21.52,21.52,True,False,False
synthetic/s7/0090,total,money,mock-c,mock-d,21.52,21.52,21.52,21.52,True,False,False
synthetic/s7/0091,address,address,mock-a,mock-b,∅,no 59 jln permas 9 5 bdr baru permas jaya 81750 johor bahru,,"NO.59 JALAN PERMAS 9/5, BANDAR BARU PERMAS JAYA, 81750 JOHOR BAHRU",False,False,True
synthetic/s7/0091,address,address,mock-a,mock-c,∅,no 59 jln permas 9 5 bdr baru permas jaya 81750 johor bahru,,"NO.59 JALAN PERMAS 9/5, BANDAR BARU PERMAS JAYA, 81750 JOHOR BAHRU",False,False,True
synthetic/s7/0091,address,address,mock-a,mock-d,∅,no 59 jln permas 9 5 bdr baru permas jaya 81750 johor bahru,,"NO.59 JALAN PERMAS 9/5, BANDAR BARU PERMAS JAYA, 81750 JOHOR BAHRU",False,False,True
synthetic/s7/0091,address,address,mock-b,mock-c,no 59 jln permas 9 5 bdr baru permas jaya 81750 johor bahru,no 59 jln permas 9 5 bdr baru permas jaya 81750 johor bahru,"NO.59 JALAN PERMAS 9/5, BANDAR BARU PERMAS JAYA, 81750 JOHOR BAHRU","NO.59 JALAN PERMAS 9/5, BANDAR BARU PERMAS JAYA, 81750 JOHOR BAHRU",True,False,False
synthetic/s7/0091,address,address,mock-b,mock-d,no 59 jln permas 9 5 bdr baru permas jaya 81750 johor bahru,no 59 jln permas 9 5 bdr baru permas jaya 81750 johor bahru,"NO.59 JALAN PERMAS 9/5, BANDAR BARU PERMAS JAYA, 81750 JOHOR BAHRU","NO.59 JALAN PERMAS 9/5, BANDAR BARU PERMAS JAYA, 81750 JOHOR BAHRU",True,False,False
synthetic/s7/0091,address,address,mock-c,mock-d,no 59 jln permas 9 5 bdr baru permas jaya 81750 johor bahru,no 59 jln permas 9 5 bdr baru permas jaya 81750 johor bahru,"NO.59 JALAN PERMAS 9/5, BANDAR BARU PERMAS JAYA, 81750 JOHOR BAHRU","NO.59 JALAN PERMAS 9/5, BANDAR BARU PERMAS JAYA, 81750 JOHOR BAHRU",True,False,False
synthetic/s7/0091,company,org,mock-a,mock-b,perniagaan zheng hui,perniagaan zheng hui,PERNIAGAAN ZHENG HUI,PERNIAGAAN ZHENG HUI,True,False,False
synthetic/s7/0091,company,org,mock-a,mock-c,perniagaan zheng hui,perniagaan zheng hui,PERNIAGAAN ZHENG HUI,PERNIAGAAN ZHENG HUI,True,False,False
synthetic/s7/0091,company,org,mock-a,mock-d,perniagaan zheng hui,∅,PERNIAGAAN ZHENG HUI,,False,False,True
synthetic/s7/0091,company,org,mock-b,mock-c,perniagaan zheng hui,perniagaan zheng hui,PERNIAGAAN ZHENG HUI,PERNIAGAAN ZHENG HUI,True,False,False
synthetic/s7/0091,company,org,mock-b,mock-d,perniagaan zheng hui,∅,PERNIAGAAN ZHENG HUI,,False,False,True
synthetic/s7/0091,company,org,mock-c,mock-d,perniagaan zheng hui,∅,PERNIAGAAN ZHENG HUI,,False,False,True
synthetic/s7/0091,date,date,mock-a,mock-b,2018-03-10,2018-10-03,10/03/2018,03/10/2018,False,False,False
synthetic/s7/0091,date,date,mock-a,mock-c,2018-03-10,2018-03-10,10/03/2018,10/03/2018,True,False,False
synthetic/s7/0091,date,date,mock-a,mock-d,2018-03-10,2018-10-03,10/03/2018,03/10/2018,False,False,False
synthetic/s7/0091,date,date,mock-b,mock-c,2018-10-03,2018-03-10,03/10/2018,10/03/2018,False,False,False
synthetic/s7/0091,date,date,mock-b,mock-d,2018-10-03,2018-10-03,03/10/2018,03/10/2018,True,False,False
synthetic/s7/0091,date,date,mock-c,mock-d,2018-03-10,2018-10-03,10/03/2018,03/10/2018,False,False,False
synthetic/s7/0091,phone,phone,mock-a,mock-b,∅,∅,,,True,True,False
synthetic/s7/0091,phone,phone,mock-a,mock-c,∅,∅,,,True,True,False
synthetic/s7/0091,phone,phone,mock-a,mock-d,∅,∅,,,True,True,False
synthetic/s7/0091,phone,phone,mock-b,mock-c,∅,∅,,,True,True,False
synthetic/s7/0091,phone,phone,mock-b,mock-d,∅,∅,,,True,True,False
synthetic/s7/0091,phone,phone,mock-c,mock-d,∅,∅,,,True,True,False
synthetic/s7/0091,tax,money,mock-a,mock-b,1.75,1.75,1.75,1.75,True,False,False
synthetic/s7/0091,tax,money,mock-a,mock-c,1.75,1.75,1.75,1.75,True,False,False
synthetic/s7/0091,tax,money,mock-a,mock-d,1.75,1.75,1.75,1.75,True,False,False
synthetic/s7/0091,tax,money,mock-b,mock-c,1.75,1.75,1.75,1.75,True,False,False
synthetic/s7/0091,tax,money,mock-b,mock-d,1.75,1.75,1.75,1.75,True,False,False
synthetic/s7/0091,tax,money,mock-c,mock-d,1.75,1.75,1.75,1.75,True,False,False
synthetic/s7/0091,total,money,mock-a,mock-b,∅,30.95,,30.95,False,False,True
synthetic/s7/0091,total,money,mock-a,mock-c,∅,30.95,,30.95,False,False,True
synthetic/s7/0091,total,money,mock-a,mock-d,∅,30.95,,30.95,False,False,True
synthetic/s7/0091,total,money,mock-b,mock-c,30.95,30.95,30.95,30.95,True,False,False
synthetic/s7/0091,total,money,mock-b,mock-d,30.95,30.95,30.95,30.95,True,False,False
synthetic/s7/0091,total,money,mock-c,mock-d,30.95,30.95,30.95,30.95,True,False,False
synthetic/s7/0092,address,address,mock-a,mock-b,lot 3 jln pelabur 23 1 40300 shah alam selangor,lot 3 jln pelabur 23 1 40300 shah alam selangor,"LOT 3, JALAN PELABUR 23/1, 40300 SHAH ALAM, SELANGOR","LOT 3, JALAN PELABUR 23/1, 40300 SHAH ALAM, SELANGOR",True,False,False
synthetic/s7/0092,address,address,mock-a,mock-c,lot 3 jln pelabur 23 1 40300 shah alam selangor,lot 3 jln pelabur 23 1 40300 shah alam selangor,"LOT 3, JALAN PELABUR 23/1, 40300 SHAH ALAM, SELANGOR","LOT 3, JALAN PELABUR 23/1, 40300 SHAH ALAM, SELANGOR",True,False,False
synthetic/s7/0092,address,address,mock-a,mock-d,lot 3 jln pelabur 23 1 40300 shah alam selangor,lot 3 jln pelabur 23 1 40300 shah alam selangor,"LOT 3, JALAN PELABUR 23/1, 40300 SHAH ALAM, SELANGOR","LOT 3, JALAN PELABUR 23/1, 40300 SHAH ALAM, SELANGOR",True,False,False
synthetic/s7/0092,address,address,mock-b,mock-c,lot 3 jln pelabur 23 1 40300 shah alam selangor,lot 3 jln pelabur 23 1 40300 shah alam selangor,"LOT 3, JALAN PELABUR 23/1, 40300 SHAH ALAM, SELANGOR","LOT 3, JALAN PELABUR 23/1, 40300 SHAH ALAM, SELANGOR",True,False,False
synthetic/s7/0092,address,address,mock-b,mock-d,lot 3 jln pelabur 23 1 40300 shah alam selangor,lot 3 jln pelabur 23 1 40300 shah alam selangor,"LOT 3, JALAN PELABUR 23/1, 40300 SHAH ALAM, SELANGOR","LOT 3, JALAN PELABUR 23/1, 40300 SHAH ALAM, SELANGOR",True,False,False
synthetic/s7/0092,address,address,mock-c,mock-d,lot 3 jln pelabur 23 1 40300 shah alam selangor,lot 3 jln pelabur 23 1 40300 shah alam selangor,"LOT 3, JALAN PELABUR 23/1, 40300 SHAH ALAM, SELANGOR","LOT 3, JALAN PELABUR 23/1, 40300 SHAH ALAM, SELANGOR",True,False,False
synthetic/s7/0092,company,org,mock-a,mock-b,gardenia bakeries kl,gardenia bakeries kl,GARDENIA BAKERIES (KL) SDN BHD,GARDENIA BAKERIES (KL) SDN BHD,True,False,False
synthetic/s7/0092,company,org,mock-a,mock-c,gardenia bakeries kl,gardenia bakeries kl,GARDENIA BAKERIES (KL) SDN BHD,GARDENIA BAKERIES (KL) SDN BHD,True,False,False
synthetic/s7/0092,company,org,mock-a,mock-d,gardenia bakeries kl,gardenia bakeries kl,GARDENIA BAKERIES (KL) SDN BHD,GARDENIA BAKERIES (KL) SDN BHD,True,False,False
synthetic/s7/0092,company,org,mock-b,mock-c,gardenia bakeries kl,gardenia bakeries kl,GARDENIA BAKERIES (KL) SDN BHD,GARDENIA BAKERIES (KL) SDN BHD,True,False,False
synthetic/s7/0092,company,org,mock-b,mock-d,gardenia bakeries kl,gardenia bakeries kl,GARDENIA BAKERIES (KL) SDN BHD,GARDENIA BAKERIES (KL) SDN BHD,True,False,False
synthetic/s7/0092,company,org,mock-c,mock-d,gardenia bakeries kl,gardenia bakeries kl,GARDENIA BAKERIES (KL) SDN BHD,GARDENIA BAKERIES (KL) SDN BHD,True,False,False
synthetic/s7/0092,date,date,mock-a,mock-b,2019-04-26,2019-04-26,04/26/2019,26/04/2019,True,False,False
synthetic/s7/0092,date,date,mock-a,mock-c,2019-04-26,2019-04-26,04/26/2019,26/04/2019,True,False,False
synthetic/s7/0092,date,date,mock-a,mock-d,2019-04-26,2019-04-26,04/26/2019,26/04/2019,True,False,False
synthetic/s7/0092,date,date,mock-b,mock-c,2019-04-26,2019-04-26,26/04/2019,26/04/2019,True,False,False
synthetic/s7/0092,date,date,mock-b,mock-d,2019-04-26,2019-04-26,26/04/2019,26/04/2019,True,False,False
synthetic/s7/0092,date,date,mock-c,mock-d,2019-04-26,2019-04-26,26/04/2019,26/04/2019,True,False,False
synthetic/s7/0092,phone,phone,mock-a,mock-b,72607284,72607284,07-260 7284,07-260 7284,True,False,False
synthetic/s7/0092,phone,phone,mock-a,mock-c,72607284,72607284,07-260 7284,07-260 7284,True,False,False
synthetic/s7/0092,phone,phone,mock-a,mock-d,72607284,72607284,07-260 7284,07-260 7284,True,False,False
synthetic/s7/0092,phone,phone,mock-b,mock-c,72607284,72607284,07-260 7284,07-260 7284,True,False,False
synthetic/s7/0092,phone,phone,mock-b,mock-d,72607284,72607284,07-260 7284,07-260 7284,True,False,False
synthetic/s7/0092,phone,phone,mock-c,mock-d,72607284,72607284,07-260 7284,07-260 7284,True,False,False
synthetic/s7/0092,tax,money,mock-a,mock-b,∅,∅,,,True,True,False
synthetic/s7/0092,tax,money,mock-a,mock-c,∅,∅,,,True,True,False
synthetic/s7/0092,tax,money,mock-a,mock-d,∅,∅,,,True,True,False
synthetic/s7/0092,tax,money,mock-b,mock-c,∅,∅,,,True,True,False
synthetic/s7/0092,tax,money,mock-b,mock-d,∅,∅,,,True,True,False
synthetic/s7/0092,tax,money,mock-c,mock-d,∅,∅,,,True,True,False
synthetic/s7/0092,total,money,mock-a,mock-b,17.70,17.70,17.70,17.70,True,False,False
synthetic/s7/0092,total,money,mock-a,mock-c,17.70,17.70,17.70,17.70,True,False,False
synthetic/s7/0092,total,money,mock-a,mock-d,17.70,∅,17.70,,False,False,True
synthetic/s7/0092,total,money,mock-b,mock-c,17.70,17.70,17.70,17.70,True,False,False
synthetic/s7/0092,total,money,mock-b,mock-d,17.70,∅,17.70,,False,False,True
synthetic/s7/0092,total,money,mock-c,mock-d,17.70,∅,17.70,,False,False,True
synthetic/s7/0093,address,address,mock-a,mock-b,no 31g and 33g jln setia indah x u13 x 40170 setia alam,no 31g and 33g jln setia indah x u13 x 40170 setia alam,"NO. 31G&33G, JALAN SETIA INDAH X, U13/X, 40170 SETIA ALAM","NO. 31G&33G, JALAN SETIA INDAH X, U13/X, 40170 SETIA ALAM",True,False,False
synthetic/s7/0093,address,address,mock-a,mock-c,no 31g and 33g jln setia indah x u13 x 40170 setia alam,no 31g and 33g jln setia indah x u13 x 40170 setia alam,"NO. 31G&33G, JALAN SETIA INDAH X, U13/X, 40170 SETIA ALAM","NO. 31G&33G, JALAN SETIA INDAH X, U13/X, 40170 SETIA ALAM",True,False,False
synthetic/s7/0093,address,address,mock-a,mock-d,no 31g and 33g jln setia indah x u13 x 40170 setia alam,no 31g and 33g jln setia indah x u13 x 40170 setia alam,"NO. 31G&33G, JALAN SETIA INDAH X, U13/X, 40170 SETIA ALAM","NO. 31G&33G, JALAN SETIA INDAH X, U13/X, 40170 SETIA ALAM",True,False,False
synthetic/s7/0093,address,address,mock-b,mock-c,no 31g and 33g jln setia indah x u13 x 40170 setia alam,no 31g and 33g jln setia indah x u13 x 40170 setia alam,"NO. 31G&33G, JALAN SETIA INDAH X, U13/X, 40170 SETIA ALAM","NO. 31G&33G, JALAN SETIA INDAH X, U13/X, 40170 SETIA ALAM",True,False,False
synthetic/s7/0093,address,address,mock-b,mock-d,no 31g and 33g jln setia indah x u13 x 40170 setia alam,no 31g and 33g jln setia indah x u13 x 40170 setia alam,"NO. 31G&33G, JALAN SETIA INDAH X, U13/X, 40170 SETIA ALAM","NO. 31G&33G, JALAN SETIA INDAH X, U13/X, 40170 SETIA ALAM",True,False,False
synthetic/s7/0093,address,address,mock-c,mock-d,no 31g and 33g jln setia indah x u13 x 40170 setia alam,no 31g and 33g jln setia indah x u13 x 40170 setia alam,"NO. 31G&33G, JALAN SETIA INDAH X, U13/X, 40170 SETIA ALAM","NO. 31G&33G, JALAN SETIA INDAH X, U13/X, 40170 SETIA ALAM",True,False,False
synthetic/s7/0093,company,org,mock-a,mock-b,sanyu stationery shop,sanyu stationery,SANYU STATIONERY SHOP,SANYU STATIONERY,False,False,False
synthetic/s7/0093,company,org,mock-a,mock-c,sanyu stationery shop,sanyu stationery shop,SANYU STATIONERY SHOP,SANYU STATIONERY SHOP,True,False,False
synthetic/s7/0093,company,org,mock-a,mock-d,sanyu stationery shop,sanyu stationery shop,SANYU STATIONERY SHOP,SANYU STATIONERY SHOP,True,False,False
synthetic/s7/0093,company,org,mock-b,mock-c,sanyu stationery,sanyu stationery shop,SANYU STATIONERY,SANYU STATIONERY SHOP,False,False,False
synthetic/s7/0093,company,org,mock-b,mock-d,sanyu stationery,sanyu stationery shop,SANYU STATIONERY,SANYU STATIONERY SHOP,False,False,False
synthetic/s7/0093,company,org,mock-c,mock-d,sanyu stationery shop,sanyu stationery shop,SANYU STATIONERY SHOP,SANYU STATIONERY SHOP,True,False,False
synthetic/s7/0093,date,date,mock-a,mock-b,2018-12-08,2018-12-08,08/12/2018,08/12/2018,True,False,False
synthetic/s7/0093,date,date,mock-a,mock-c,2018-12-08,2018-12-08,08/12/2018,08/12/2018,True,False,False
synthetic/s7/0093,date,date,mock-a,mock-d,2018-12-08,2018-08-12,08/12/2018,12/08/2018,False,False,False
synthetic/s7/0093,date,date,mock-b,mock-c,2018-12-08,2018-12-08,08/12/2018,08/12/2018,True,False,False
synthetic/s7/0093,date,date,mock-b,mock-d,2018-12-08,2018-08-12,08/12/2018,12/08/2018,False,False,False
synthetic/s7/0093,date,date,mock-c,mock-d,2018-12-08,2018-08-12,08/12/2018,12/08/2018,False,False,False
synthetic/s7/0093,phone,phone,mock-a,mock-b,67138466,67138466,06-713 8466,06-713 8466,True,False,False
synthetic/s7/0093,phone,phone,mock-a,mock-c,67138466,67138466,06-713 8466,06-713 8466,True,False,False
synthetic/s7/0093,phone,phone,mock-a,mock-d,67138466,67138466,06-713 8466,06-713 8466,True,False,False
synthetic/s7/0093,phone,phone,mock-b,mock-c,67138466,67138466,06-713 8466,06-713 8466,True,False,False
synthetic/s7/0093,phone,phone,mock-b,mock-d,67138466,67138466,06-713 8466,06-713 8466,True,False,False
synthetic/s7/0093,phone,phone,mock-c,mock-d,67138466,67138466,06-713 8466,06-713 8466,True,False,False
synthetic/s7/0093,tax,money,mock-a,mock-b,∅,∅,,,True,True,False
synthetic/s7/0093,tax,money,mock-a,mock-c,∅,∅,,,True,True,False
synthetic/s7/0093,tax,money,mock-a,mock-d,∅,∅,,,True,True,False
synthetic/s7/0093,tax,money,mock-b,mock-c,∅,∅,,,True,True,False
synthetic/s7/0093,tax,money,mock-b,mock-d,∅,∅,,,True,True,False
synthetic/s7/0093,tax,money,mock-c,mock-d,∅,∅,,,True,True,False
synthetic/s7/0093,total,money,mock-a,mock-b,1.54,1.50,1.54,1.50,False,False,False
synthetic/s7/0093,total,money,mock-a,mock-c,1.54,1.50,1.54,1.50,False,False,False
synthetic/s7/0093,total,money,mock-a,mock-d,1.54,1.50,1.54,1.50,False,False,False
synthetic/s7/0093,total,money,mock-b,mock-c,1.50,1.50,1.50,1.50,True,False,False
synthetic/s7/0093,total,money,mock-b,mock-d,1.50,1.50,1.50,1.50,True,False,False
synthetic/s7/0093,total,money,mock-c,mock-d,1.50,1.50,1.50,1.50,True,False,False
synthetic/s7/0094,address,address,mock-a,mock-b,lot p t 2811 jln angsana tmn mutiara rini 81300 skudai,lot p t 2811 jln angsana tmn mutiara rini 81300 skudai,"LOT P.T. 2811, JALAN ANGSANA, TAMAN MUTIARA RINI, 81300 SKUDAI","LOT P.T. 2811, JALAN ANGSANA, TAMAN MUTIARA RINI, 81300 SKUDAI",True,False,False
synthetic/s7/0094,address,address,mock-a,mock-c,lot p t 2811 jln angsana tmn mutiara rini 81300 skudai,lot p t 2811 jln angsana tmn mutiara rini 81300 skudai,"LOT P.T. 2811, JALAN ANGSANA, TAMAN MUTIARA RINI, 81300 SKUDAI","LOT P.T. 2811, JALAN ANGSANA, TAMAN MUTIARA RINI, 81300 SKUDAI",True,False,False
synthetic/s7/0094,address,address,mock-a,mock-d,lot p t 2811 jln angsana tmn mutiara rini 81300 skudai,lot p t 2811 jln angsana tmn mutiara rini 81300 skudai,"LOT P.T. 2811, JALAN ANGSANA, TAMAN MUTIARA RINI, 81300 SKUDAI","LOT P.T. 2811, JALAN ANGSANA, TAMAN MUTIARA RINI, 81300 SKUDAI",True,False,False
synthetic/s7/0094,address,address,mock-b,mock-c,lot p t 2811 jln angsana tmn mutiara rini 81300 skudai,lot p t 2811 jln angsana tmn mutiara rini 81300 skudai,"LOT P.T. 2811, JALAN ANGSANA, TAMAN MUTIARA RINI, 81300 SKUDAI","LOT P.T. 2811, JALAN ANGSANA, TAMAN MUTIARA RINI, 81300 SKUDAI",True,False,False
synthetic/s7/0094,address,address,mock-b,mock-d,lot p t 2811 jln angsana tmn mutiara rini 81300 skudai,lot p t 2811 jln angsana tmn mutiara rini 81300 skudai,"LOT P.T. 2811, JALAN ANGSANA, TAMAN MUTIARA RINI, 81300 SKUDAI","LOT P.T. 2811, JALAN ANGSANA, TAMAN MUTIARA RINI, 81300 SKUDAI",True,False,False
synthetic/s7/0094,address,address,mock-c,mock-d,lot p t 2811 jln angsana tmn mutiara rini 81300 skudai,lot p t 2811 jln angsana tmn mutiara rini 81300 skudai,"LOT P.T. 2811, JALAN ANGSANA, TAMAN MUTIARA RINI, 81300 SKUDAI","LOT P.T. 2811, JALAN ANGSANA, TAMAN MUTIARA RINI, 81300 SKUDAI",True,False,False
synthetic/s7/0094,company,org,mock-a,mock-b,99 speed mart s b,99 speed mart s b,99 SPEED MART S/B,99 SPEED MART S/B,True,False,False
synthetic/s7/0094,company,org,mock-a,mock-c,99 speed mart s b,99 speed mart s b,99 SPEED MART S/B,99 SPEED MART S/B,True,False,False
synthetic/s7/0094,company,org,mock-a,mock-d,99 speed mart s b,∅,99 SPEED MART S/B,,False,False,True
synthetic/s7/0094,company,org,mock-b,mock-c,99 speed mart s b,99 speed mart s b,99 SPEED MART S/B,99 SPEED MART S/B,True,False,False
synthetic/s7/0094,company,org,mock-b,mock-d,99 speed mart s b,∅,99 SPEED MART S/B,,False,False,True
synthetic/s7/0094,company,org,mock-c,mock-d,99 speed mart s b,∅,99 SPEED MART S/B,,False,False,True
synthetic/s7/0094,date,date,mock-a,mock-b,2019-07-21,2019-07-21,21/07/2019,21/07/2019,True,False,False
synthetic/s7/0094,date,date,mock-a,mock-c,2019-07-21,2019-07-21,21/07/2019,21/07/2019,True,False,False
synthetic/s7/0094,date,date,mock-a,mock-d,2019-07-21,2019-07-21,21/07/2019,21/07/2019,True,False,False
synthetic/s7/0094,date,date,mock-b,mock-c,2019-07-21,2019-07-21,21/07/2019,21/07/2019,True,False,False
synthetic/s7/0094,date,date,mock-b,mock-d,2019-07-21,2019-07-21,21/07/2019,21/07/2019,True,False,False
synthetic/s7/0094,date,date,mock-c,mock-d,2019-07-21,2019-07-21,21/07/2019,21/07/2019,True,False,False
synthetic/s7/0094,phone,phone,mock-a,mock-b,62831382,62831382,06-283 1382,06-283 1382,True,False,False
synthetic/s7/0094,phone,phone,mock-a,mock-c,62831382,62831382,06-283 1382,06-283 1382,True,False,False
synthetic/s7/0094,phone,phone,mock-a,mock-d,62831382,62831382,06-283 1382,06-283 1382,True,False,False
synthetic/s7/0094,phone,phone,mock-b,mock-c,62831382,62831382,06-283 1382,06-283 1382,True,False,False
synthetic/s7/0094,phone,phone,mock-b,mock-d,62831382,62831382,06-283 1382,06-283 1382,True,False,False
synthetic/s7/0094,phone,phone,mock-c,mock-d,62831382,62831382,06-283 1382,06-283 1382,True,False,False
synthetic/s7/0094,tax,money,mock-a,mock-b,∅,5.30,,5.30,False,False,True
synthetic/s7/0094,tax,money,mock-a,mock-c,∅,∅,,,True,True,False
synthetic/s7/0094,tax,money,mock-a,mock-d,∅,∅,,,True,True,False
synthetic/s7/0094,tax,money,mock-b,mock-c,5.30,∅,5.30,,False,False,True
synthetic/s7/0094,tax,money,mock-b,mock-d,5.30,∅,5.30,,False,False,True
synthetic/s7/0094,tax,money,mock-c,mock-d,∅,∅,,,True,True,False
synthetic/s7/0094,total,money,mock-a,mock-b,24.60,23.40,24.60,23.40,False,False,False
synthetic/s7/0094,total,money,mock-a,mock-c,24.60,24.60,24.60,24.60,True,False,False
synthetic/s7/0094,total,money,mock-a,mock-d,24.60,24.60,24.60,24.60,True,False,False
synthetic/s7/0094,total,money,mock-b,mock-c,23.40,24.60,23.40,24.60,False,False,False
synthetic/s7/0094,total,money,mock-b,mock-d,23.40,24.60,23.40,24.60,False,False,False
synthetic/s7/0094,total,money,mock-c,mock-d,24.60,24.60,24.60,24.60,True,False,False
synthetic/s7/0095,address,address,mock-a,mock-b,∅,lot 276 jln banting 43800 dengkil selangor,,"LOT 276 JALAN BANTING, 43800 DENGKIL, SELANGOR",False,False,True
synthetic/s7/0095,address,address,mock-a,mock-c,∅,lot 276 jln banting 43800 dengkil selangor,,"LOT 276 JALAN BANTING, 43800 DENGKIL, SELANGOR",False,False,True
synthetic/s7/0095,address,address,mock-a,mock-d,∅,lot 276 jln banting 43800 dengkil selangor,,"LOT 276 JALAN BANTING, 43800 DENGKIL, SELANGOR",False,False,True
synthetic/s7/0095,address,address,mock-b,mock-c,lot 276 jln banting 43800 dengkil selangor,lot 276 jln banting 43800 dengkil selangor,"LOT 276 JALAN BANTING, 43800 DENGKIL, SELANGOR","LOT 276 JALAN BANTING, 43800 DENGKIL, SELANGOR",True,False,False
synthetic/s7/0095,address,address,mock-b,mock-d,lot 276 jln banting 43800 dengkil selangor,lot 276 jln banting 43800 dengkil selangor,"LOT 276 JALAN BANTING, 43800 DENGKIL, SELANGOR","LOT 276 JALAN BANTING, 43800 DENGKIL, SELANGOR",True,False,False
synthetic/s7/0095,address,address,mock-c,mock-d,lot 276 jln banting 43800 dengkil selangor,lot 276 jln banting 43800 dengkil selangor,"LOT 276 JALAN BANTING, 43800 DENGKIL, SELANGOR","LOT 276 JALAN BANTING, 43800 DENGKIL, SELANGOR",True,False,False
synthetic/s7/0095,company,org,mock-a,mock-b,kedai papan yew chuan,kedai papan yew chuan,KEDAI PAPAN YEW CHUAN,KEDAI PAPAN YEW CHUAN,True,False,False
synthetic/s7/0095,company,org,mock-a,mock-c,kedai papan yew chuan,kedai papan yew chuan,KEDAI PAPAN YEW CHUAN,KEDAI PAPAN YEW CHUAN,True,False,False
synthetic/s7/0095,company,org,mock-a,mock-d,kedai papan yew chuan,kedai papan yew,KEDAI PAPAN YEW CHUAN,KEDAI PAPAN YEW,False,False,False
synthetic/s7/0095,company,org,mock-b,mock-c,kedai papan yew chuan,kedai papan yew chuan,KEDAI PAPAN YEW CHUAN,KEDAI PAPAN YEW CHUAN,True,False,False
synthetic/s7/0095,company,org,mock-b,mock-d,kedai papan yew chuan,kedai papan yew,KEDAI PAPAN YEW CHUAN,KEDAI PAPAN YEW,False,False,False
synthetic/s7/0095,company,org,mock-c,mock-d,kedai papan yew chuan,kedai papan yew,KEDAI PAPAN YEW CHUAN,KEDAI PAPAN YEW,False,False,False
synthetic/s7/0095,date,date,mock-a,mock-b,2019-04-15,2019-04-15,15/04/2019,04/15/2019,True,False,False
synthetic/s7/0095,date,date,mock-a,mock-c,2019-04-15,2019-04-15,15/04/2019,15/04/2019,True,False,False
synthetic/s7/0095,date,date,mock-a,mock-d,2019-04-15,2019-04-15,15/04/2019,15/04/2019,True,False,False
synthetic/s7/0095,date,date,mock-b,mock-c,2019-04-15,2019-04-15,04/15/2019,15/04/2019,True,False,False
synthetic/s7/0095,date,date,mock-b,mock-d,2019-04-15,2019-04-15,04/15/2019,15/04/2019,True,False,False
synthetic/s7/0095,date,date,mock-c,mock-d,2019-04-15,2019-04-15,15/04/2019,15/04/2019,True,False,False
synthetic/s7/0095,phone,phone,mock-a,mock-b,64742502,∅,06-474 2502,,False,False,True
synthetic/s7/0095,phone,phone,mock-a,mock-c,64742502,64742502,06-474 2502,06-474 2502,True,False,False
synthetic/s7/0095,phone,phone,mock-a,mock-d,64742502,64742502,06-474 2502,06-474 2502,True,False,False
synthetic/s7/0095,phone,phone,mock-b,mock-c,∅,64742502,,06-474 2502,False,False,True
synthetic/s7/0095,phone,phone,mock-b,mock-d,∅,64742502,,06-474 2502,False,False,True
synthetic/s7/0095,phone,phone,mock-c,mock-d,64742502,64742502,06-474 2502,06-474 2502,True,False,False
synthetic/s7/0095,tax,money,mock-a,mock-b,2.69,∅,2.69,,False,False,True
synthetic/s7/0095,tax,money,mock-a,mock-c,2.69,2.69,2.69,2.69,True,False,False
synthetic/s7/0095,tax,money,mock-a,mock-d,2.69,2.69,2.69,2.69,True,False,False
synthetic/s7/0095,tax,money,mock-b,mock-c,∅,2.69,,2.69,False,False,True
synthetic/s7/0095,tax,money,mock-b,mock-d,∅,2.69,,2.69,False,False,True
synthetic/s7/0095,tax,money,mock-c,mock-d,2.69,2.69,2.69,2.69,True,False,False
synthetic/s7/0095,total,money,mock-a,mock-b,47.52,47.52,47.52,47.52,True,False,False
synthetic/s7/0095,total,money,mock-a,mock-c,47.52,97.59,47.52,97.59,False,False,False
synthetic/s7/0095,total,money,mock-a,mock-d,47.52,47.59,47.52,47.59,False,False,False
synthetic/s7/0095,total,money,mock-b,mock-c,47.52,97.59,47.52,97.59,False,False,False
synthetic/s7/0095,total,money,mock-b,mock-d,47.52,47.59,47.52,47.59,False,False,False
synthetic/s7/0095,total,money,mock-c,mock-d,97.59,47.59,97.59,47.59,False,False,False
synthetic/s7/0096,address,address,mock-a,mock-b,no 2 and 4 jln bayu 4 bdr seri alam 81750 masai johor,no 2 and 4 jln bayu 4 bdr seri alam 81750 masai johor,"NO 2 & 4, JALAN BAYU 4, BANDAR SERI ALAM, 81750 MASAI, JOHOR","NO 2 & 4, JALAN BAYU 4, BANDAR SERI ALAM, 81750 MASAI, JOHOR",True,False,False
synthetic/s7/0096,address,address,mock-a,mock-c,no 2 and 4 jln bayu 4 bdr seri alam 81750 masai johor,no 2 and 4 jln bayu 4 bdr seri alam 81750 masai,"NO 2 & 4, JALAN BAYU 4, BANDAR SERI ALAM, 81750 MASAI, JOHOR","NO 2 & 4, JALAN BAYU 4, BANDAR SERI ALAM, 81750 MASAI",False,False,False
synthetic/s7/0096,address,address,mock-a,mock-d,no 2 and 4 jln bayu 4 bdr seri alam 81750 masai johor,no 2 and 4 jln bayu 4 bdr seri alam 81750 masai johor,"NO 2 & 4, JALAN BAYU 4, BANDAR SERI ALAM, 81750 MASAI, JOHOR","NO 2 & 4, JALAN BAYU 4, BANDAR SERI ALAM, 81750 MASAI, JOHOR",True,False,False
synthetic/s7/0096,address,address,mock-b,mock-c,no 2 and 4 jln bayu 4 bdr seri alam 81750 masai johor,no 2 and 4 jln bayu 4 bdr seri alam 81750 masai,"NO 2 & 4, JALAN BAYU 4, BANDAR SERI ALAM, 81750 MASAI, JOHOR","NO 2 & 4, JALAN BAYU 4, BANDAR SERI ALAM, 81750 MASAI",False,False,False
synthetic/s7/0096,address,address,mock-b,mock-d,no 2 and 4 jln bayu 4 bdr seri alam 81750 masai johor,no 2 and 4 jln bayu 4 bdr seri alam 81750 masai johor,"NO 2 & 4, JALAN BAYU 4, BANDAR SERI ALAM, 81750 MASAI, JOHOR","NO 2 & 4, JALAN BAYU 4, BANDAR SERI ALAM, 81750 MASAI, JOHOR",True,False,False
synthetic/s7/0096,address,address,mock-c,mock-d,no 2 and 4 jln bayu 4 bdr seri alam 81750 masai,no 2 and 4 jln bayu 4 bdr seri alam 81750 masai johor,"NO 2 & 4, JALAN BAYU 4, BANDAR SERI ALAM, 81750 MASAI","NO 2 & 4, JALAN BAYU 4, BANDAR SERI ALAM, 81750 MASAI, JOHOR",False,False,False
synthetic/s7/0096,company,org,mock-a,mock-b,ojc marketing,marketing,OJC MARKETING SDN BHD,MARKETING SDN BHD,False,False,False
synthetic/s7/0096,company,org,mock-a,mock-c,ojc marketing,ojc marketing,OJC MARKETING SDN BHD,OJC MARKETING SDN BHD,True,False,False
synthetic/s7/0096,company,org,mock-a,mock-d,ojc marketing,ojc marketing,OJC MARKETING SDN BHD,OJC MARKETING SDN BHD,True,False,False
synthetic/s7/0096,company,org,mock-b,mock-c,marketing,ojc marketing,MARKETING SDN BHD,OJC MARKETING SDN BHD,False,False,False
synthetic/s7/0096,company,org,mock-b,mock-d,marketing,ojc marketing,MARKETING SDN BHD,OJC MARKETING SDN BHD,False,False,False
synthetic/s7/0096,company,org,mock-c,mock-d,ojc marketing,ojc marketing,OJC MARKETING SDN BHD,OJC MARKETING SDN BHD,True,False,False
synthetic/s7/0096,date,date,mock-a,mock-b,2018-01-22,2018-01-22,22/01/2018,22/01/2018,True,False,False
synthetic/s7/0096,date,date,mock-a,mock-c,2018-01-22,2018-01-22,22/01/2018,22/01/2018,True,False,False
synthetic/s7/0096,date,date,mock-a,mock-d,2018-01-22,2018-01-22,22/01/2018,22/01/2018,True,False,False
synthetic/s7/0096,date,date,mock-b,mock-c,2018-01-22,2018-01-22,22/01/2018,22/01/2018,True,False,False
synthetic/s7/0096,date,date,mock-b,mock-d,2018-01-22,2018-01-22,22/01/2018,22/01/2018,True,False,False
synthetic/s7/0096,date,date,mock-c,mock-d,2018-01-22,2018-01-22,22/01/2018,22/01/2018,True,False,False
synthetic/s7/0096,phone,phone,mock-a,mock-b,∅,∅,,,True,True,False
synthetic/s7/0096,phone,phone,mock-a,mock-c,∅,∅,,,True,True,False
synthetic/s7/0096,phone,phone,mock-a,mock-d,∅,∅,,,True,True,False
synthetic/s7/0096,phone,phone,mock-b,mock-c,∅,∅,,,True,True,False
synthetic/s7/0096,phone,phone,mock-b,mock-d,∅,∅,,,True,True,False
synthetic/s7/0096,phone,phone,mock-c,mock-d,∅,∅,,,True,True,False
synthetic/s7/0096,tax,money,mock-a,mock-b,1.85,1.85,1.85,1.85,True,False,False
synthetic/s7/0096,tax,money,mock-a,mock-c,1.85,1.85,1.85,1.85,True,False,False
synthetic/s7/0096,tax,money,mock-a,mock-d,1.85,∅,1.85,,False,False,True
synthetic/s7/0096,tax,money,mock-b,mock-c,1.85,1.85,1.85,1.85,True,False,False
synthetic/s7/0096,tax,money,mock-b,mock-d,1.85,∅,1.85,,False,False,True
synthetic/s7/0096,tax,money,mock-c,mock-d,1.85,∅,1.85,,False,False,True
synthetic/s7/0096,total,money,mock-a,mock-b,32.75,32.85,32.75,32.85,False,False,False
synthetic/s7/0096,total,money,mock-a,mock-c,32.75,31.55,32.75,31.55,False,False,False
synthetic/s7/0096,total,money,mock-a,mock-d,32.75,32.75,32.75,32.75,True,False,False
synthetic/s7/0096,total,money,mock-b,mock-c,32.85,31.55,32.85,31.55,False,False,False
synthetic/s7/0096,total,money,mock-b,mock-d,32.85,32.75,32.85,32.75,False,False,False
synthetic/s7/0096,total,money,mock-c,mock-d,31.55,32.75,31.55,32.75,False,False,False
synthetic/s7/0097,address,address,mock-a,mock-b,no 59 jln permas 9 5 bdr baru permas jaya 81750 johor bahru,no 59 jln permas 9 5 bdr baru permas jaya 81750 johor bahru,"NO.59 JALAN PERMAS 9/5, BANDAR BARU PERMAS JAYA, 81750 JOHOR BAHRU","NO.59 JALAN PERMAS 9/5, BANDAR BARU PERMAS JAYA, 81750 JOHOR BAHRU",True,False,False
synthetic/s7/0097,address,address,mock-a,mock-c,no 59 jln permas 9 5 bdr baru permas jaya 81750 johor bahru,no 59 jln permas 9 5 bdr baru permas jaya 81750 johor bahru,"NO.59 JALAN PERMAS 9/5, BANDAR BARU PERMAS JAYA, 81750 JOHOR BAHRU","NO.59 JALAN PERMAS 9/5, BANDAR BARU PERMAS JAYA, 81750 JOHOR BAHRU",True,False,False
synthetic/s7/0097,address,address,mock-a,mock-d,no 59 jln permas 9 5 bdr baru permas jaya 81750 johor bahru,no 59 jln permas 9 5 bdr baru permas jaya,"NO.59 JALAN PERMAS 9/5, BANDAR BARU PERMAS JAYA, 81750 JOHOR BAHRU","NO.59 JALAN PERMAS 9/5, BANDAR BARU PERMAS JAYA",False,False,False
synthetic/s7/0097,address,address,mock-b,mock-c,no 59 jln permas 9 5 bdr baru permas jaya 81750 johor bahru,no 59 jln permas 9 5 bdr baru permas jaya 81750 johor bahru,"NO.59 JALAN PERMAS 9/5, BANDAR BARU PERMAS JAYA, 81750 JOHOR BAHRU","NO.59 JALAN PERMAS 9/5, BANDAR BARU PERMAS JAYA, 81750 JOHOR BAHRU",True,False,False
synthetic/s7/0097,address,address,mock-b,mock-d,no 59 jln permas 9 5 bdr baru permas jaya 81750 johor bahru,no 59 jln permas 9 5 bdr baru permas jaya,"NO.59 JALAN PERMAS 9/5, BANDAR BARU PERMAS JAYA, 81750 JOHOR BAHRU","NO.59 JALAN PERMAS 9/5, BANDAR BARU PERMAS JAYA",False,False,False
synthetic/s7/0097,address,address,mock-c,mock-d,no 59 jln permas 9 5 bdr baru permas jaya 81750 johor bahru,no 59 jln permas 9 5 bdr baru permas jaya,"NO.59 JALAN PERMAS 9/5, BANDAR BARU PERMAS JAYA, 81750 JOHOR BAHRU","NO.59 JALAN PERMAS 9/5, BANDAR BARU PERMAS JAYA",False,False,False
synthetic/s7/0097,company,org,mock-a,mock-b,zheng hui,zheng hui,ZHENG HUI,ZHENG HUI,True,False,False
synthetic/s7/0097,company,org,mock-a,mock-c,zheng hui,zheng hui,ZHENG HUI,ZHENG HUI,True,False,False
synthetic/s7/0097,company,org,mock-a,mock-d,zheng hui,zheng hui,ZHENG HUI,ZHENG HUI,True,False,False
synthetic/s7/0097,company,org,mock-b,mock-c,zheng hui,zheng hui,ZHENG HUI,ZHENG HUI,True,False,False
synthetic/s7/0097,company,org,mock-b,mock-d,zheng hui,zheng hui,ZHENG HUI,ZHENG HUI,True,False,False
synthetic/s7/0097,company,org,mock-c,mock-d,zheng hui,zheng hui,ZHENG HUI,ZHENG HUI,True,False,False
synthetic/s7/0097,date,date,mock-a,mock-b,2018-11-13,2018-11-13,13/11/2018,13/11/2018,True,False,False
synthetic/s7/0097,date,date,mock-a,mock-c,2018-11-13,2018-11-13,13/11/2018,13/11/2018,True,False,False
synthetic/s7/0097,date,date,mock-a,mock-d,2018-11-13,2018-11-13,13/11/2018,13/11/2018,True,False,False
synthetic/s7/0097,date,date,mock-b,mock-c,2018-11-13,2018-11-13,13/11/2018,13/11/2018,True,False,False
synthetic/s7/0097,date,date,mock-b,mock-d,2018-11-13,2018-11-13,13/11/2018,13/11/2018,True,False,False
synthetic/s7/0097,date,date,mock-c,mock-d,2018-11-13,2018-11-13,13/11/2018,13/11/2018,True,False,False
synthetic/s7/0097,phone,phone,mock-a,mock-b,∅,∅,,,True,True,False
synthetic/s7/0097,phone,phone,mock-a,mock-c,∅,∅,,,True,True,False
synthetic/s7/0097,phone,phone,mock-a,mock-d,∅,∅,,,True,True,False
synthetic/s7/0097,phone,phone,mock-b,mock-c,∅,∅,,,True,True,False
synthetic/s7/0097,phone,phone,mock-b,mock-d,∅,∅,,,True,True,False
synthetic/s7/0097,phone,phone,mock-c,mock-d,∅,∅,,,True,True,False
synthetic/s7/0097,tax,money,mock-a,mock-b,∅,∅,,,True,True,False
synthetic/s7/0097,tax,money,mock-a,mock-c,∅,∅,,,True,True,False
synthetic/s7/0097,tax,money,mock-a,mock-d,∅,∅,,,True,True,False
synthetic/s7/0097,tax,money,mock-b,mock-c,∅,∅,,,True,True,False
synthetic/s7/0097,tax,money,mock-b,mock-d,∅,∅,,,True,True,False
synthetic/s7/0097,tax,money,mock-c,mock-d,∅,∅,,,True,True,False
synthetic/s7/0097,total,money,mock-a,mock-b,12.90,12.90,12.90,12.90,True,False,False
synthetic/s7/0097,total,money,mock-a,mock-c,12.90,12.90,12.90,12.90,True,False,False
synthetic/s7/0097,total,money,mock-a,mock-d,12.90,12.90,12.90,12.90,True,False,False
synthetic/s7/0097,total,money,mock-b,mock-c,12.90,12.90,12.90,12.90,True,False,False
synthetic/s7/0097,total,money,mock-b,mock-d,12.90,12.90,12.90,12.90,True,False,False
synthetic/s7/0097,total,money,mock-c,mock-d,12.90,12.90,12.90,12.90,True,False,False
synthetic/s7/0098,address,address,mock-a,mock-b,lot 3 jln pelabur 23 1 40300 shah alam,lot 3 jln pelabur 23 1 40300 shah alam selangor,"LOT 3, JALAN PELABUR 23/1, 40300 SHAH ALAM","LOT 3, JALAN PELABUR 23/1, 40300 SHAH ALAM, SELANGOR",False,False,False
synthetic/s7/0098,address,address,mock-a,mock-c,lot 3 jln pelabur 23 1 40300 shah alam,lot 3 jln pelabur 23 1 40300 shah alam,"LOT 3, JALAN PELABUR 23/1, 40300 SHAH ALAM","LOT 3, JALAN PELABUR 23/1, 40300 SHAH ALAM",True,False,False
synthetic/s7/0098,address,address,mock-a,mock-d,lot 3 jln pelabur 23 1 40300 shah alam,lot 3 jln pelabur 23 1 40300 shah alam selangor,"LOT 3, JALAN PELABUR 23/1, 40300 SHAH ALAM","LOT 3, JALAN PELABUR 23/1, 40300 SHAH ALAM, SELANGOR",False,False,False
synthetic/s7/0098,address,address,mock-b,mock-c,lot 3 jln pelabur 23 1 40300 shah alam selangor,lot 3 jln pelabur 23 1 40300 shah alam,"LOT 3, JALAN PELABUR 23/1, 40300 SHAH ALAM, SELANGOR","LOT 3, JALAN PELABUR 23/1, 40300 SHAH ALAM",False,False,False
synthetic/s7/0098,address,address,mock-b,mock-d,lot 3 jln pelabur 23 1 40300 shah alam selangor,lot 3 jln pelabur 23 1 40300 shah alam selangor,"LOT 3, JALAN PELABUR 23/1, 40300 SHAH ALAM, SELANGOR","LOT 3, JALAN PELABUR 23/1, 40300 SHAH ALAM, SELANGOR",True,False,False
synthetic/s7/0098,address,address,mock-c,mock-d,lot 3 jln pelabur 23 1 40300 shah alam,lot 3 jln pelabur 23 1 40300 shah alam selangor,"LOT 3, JALAN PELABUR 23/1, 40300 SHAH ALAM","LOT 3, JALAN PELABUR 23/1, 40300 SHAH ALAM, SELANGOR",False,False,False
synthetic/s7/0098,company,org,mock-a,mock-b,gardenia bakeries kl,gardenia bakeries kl,GARDENIA BAKERIES (KL) SDN BHD,GARDENIA BAKERIES (KL) SDN BHD,True,False,False
synthetic/s7/0098,company,org,mock-a,mock-c,gardenia bakeries kl,gardenia bakeries kl,GARDENIA BAKERIES (KL) SDN BHD,GARDENIA BAKERIES (KL) SDN BHD,True,False,False
synthetic/s7/0098,company,org,mock-a,mock-d,gardenia bakeries kl,gardenia bakeries kl,GARDENIA BAKERIES (KL) SDN BHD,GARDENIA BAKERIES (KL) SDN BHD,True,False,False
synthetic/s7/0098,company,org,mock-b,mock-c,gardenia bakeries kl,gardenia bakeries kl,GARDENIA BAKERIES (KL) SDN BHD,GARDENIA BAKERIES (KL) SDN BHD,True,False,False
synthetic/s7/0098,company,org,mock-b,mock-d,gardenia bakeries kl,gardenia bakeries kl,GARDENIA BAKERIES (KL) SDN BHD,GARDENIA BAKERIES (KL) SDN BHD,True,False,False
synthetic/s7/0098,company,org,mock-c,mock-d,gardenia bakeries kl,gardenia bakeries kl,GARDENIA BAKERIES (KL) SDN BHD,GARDENIA BAKERIES (KL) SDN BHD,True,False,False
synthetic/s7/0098,date,date,mock-a,mock-b,2018-05-16,2018-05-16,16/05/2018,16/05/2018,True,False,False
synthetic/s7/0098,date,date,mock-a,mock-c,2018-05-16,2018-05-16,16/05/2018,16/05/2018,True,False,False
synthetic/s7/0098,date,date,mock-a,mock-d,2018-05-16,2018-05-16,16/05/2018,16/05/2018,True,False,False
synthetic/s7/0098,date,date,mock-b,mock-c,2018-05-16,2018-05-16,16/05/2018,16/05/2018,True,False,False
synthetic/s7/0098,date,date,mock-b,mock-d,2018-05-16,2018-05-16,16/05/2018,16/05/2018,True,False,False
synthetic/s7/0098,date,date,mock-c,mock-d,2018-05-16,2018-05-16,16/05/2018,16/05/2018,True,False,False
synthetic/s7/0098,phone,phone,mock-a,mock-b,∅,∅,,,True,True,False
synthetic/s7/0098,phone,phone,mock-a,mock-c,∅,∅,,,True,True,False
synthetic/s7/0098,phone,phone,mock-a,mock-d,∅,∅,,,True,True,False
synthetic/s7/0098,phone,phone,mock-b,mock-c,∅,∅,,,True,True,False
synthetic/s7/0098,phone,phone,mock-b,mock-d,∅,∅,,,True,True,False
synthetic/s7/0098,phone,phone,mock-c,mock-d,∅,∅,,,True,True,False
synthetic/s7/0098,tax,money,mock-a,mock-b,2.01,2.01,2.01,2.01,True,False,False
synthetic/s7/0098,tax,money,mock-a,mock-c,2.01,2.01,2.01,2.01,True,False,False
synthetic/s7/0098,tax,money,mock-a,mock-d,2.01,2.01,2.01,2.01,True,False,False
synthetic/s7/0098,tax,money,mock-b,mock-c,2.01,2.01,2.01,2.01,True,False,False
synthetic/s7/0098,tax,money,mock-b,mock-d,2.01,2.01,2.01,2.01,True,False,False
synthetic/s7/0098,tax,money,mock-c,mock-d,2.01,2.01,2.01,2.01,True,False,False
synthetic/s7/0098,total,money,mock-a,mock-b,36.36,36.36,36.36,36.36,True,False,False
synthetic/s7/0098,total,money,mock-a,mock-c,36.36,36.36,36.36,36.36,True,False,False
synthetic/s7/0098,total,money,mock-a,mock-d,36.36,36.36,36.36,36.36,True,False,False
synthetic/s7/0098,total,money,mock-b,mock-c,36.36,36.36,36.36,36.36,True,False,False
synthetic/s7/0098,total,money,mock-b,mock-d,36.36,36.36,36.36,36.36,True,False,False
synthetic/s7/0098,total,money,mock-c,mock-d,36.36,36.36,36.36,36.36,True,False,False
synthetic/s7/0099,address,address,mock-a,mock-b,no 31g and 33g jln setia indah x u13 x,no 31g and 33g jln setia indah x u13 x 40170 setia alam,"NO. 31G&33G, JALAN SETIA INDAH X, U13/X","NO. 31G&33G, JALAN SETIA INDAH X, U13/X, 40170 SETIA ALAM",False,False,False
synthetic/s7/0099,address,address,mock-a,mock-c,no 31g and 33g jln setia indah x u13 x,no 31g and 33g jln setia indah x u13 x 40170 setia alam,"NO. 31G&33G, JALAN SETIA INDAH X, U13/X","NO. 31G&33G, JALAN SETIA INDAH X, U13/X, 40170 SETIA ALAM",False,False,False
synthetic/s7/0099,address,address,mock-a,mock-d,no 31g and 33g jln setia indah x u13 x,no 31g and 33g jln setia indah x u13 x 40170 setia alam,"NO. 31G&33G, JALAN SETIA INDAH X, U13/X","NO. 31G&33G, JALAN SETIA INDAH X, U13/X, 40170 SETIA ALAM",False,False,False
synthetic/s7/0099,address,address,mock-b,mock-c,no 31g and 33g jln setia indah x u13 x 40170 setia alam,no 31g and 33g jln setia indah x u13 x 40170 setia alam,"NO. 31G&33G, JALAN SETIA INDAH X, U13/X, 40170 SETIA ALAM","NO. 31G&33G, JALAN SETIA INDAH X, U13/X, 40170 SETIA ALAM",True,False,False
synthetic/s7/0099,address,address,mock-b,mock-d,no 31g and 33g jln setia indah x u13 x 40170 setia alam,no 31g and 33g jln setia indah x u13 x 40170 setia alam,"NO. 31G&33G, JALAN SETIA INDAH X, U13/X, 40170 SETIA ALAM","NO. 31G&33G, JALAN SETIA INDAH X, U13/X, 40170 SETIA ALAM",True,False,False
synthetic/s7/0099,address,address,mock-c,mock-d,no 31g and 33g jln setia indah x u13 x 40170 setia alam,no 31g and 33g jln setia indah x u13 x 40170 setia alam,"NO. 31G&33G, JALAN SETIA INDAH X, U13/X, 40170 SETIA ALAM","NO. 31G&33G, JALAN SETIA INDAH X, U13/X, 40170 SETIA ALAM",True,False,False
synthetic/s7/0099,company,org,mock-a,mock-b,sanyu stationery shop,sanyu stationery shop,SANYU STATIONERY SHOP,SANYU STATIONERY SHOP,True,False,False
synthetic/s7/0099,company,org,mock-a,mock-c,sanyu stationery shop,sanyu stationery shop,SANYU STATIONERY SHOP,SANYU STATIONERY SHOP,True,False,False
synthetic/s7/0099,company,org,mock-a,mock-d,sanyu stationery shop,sanyu stationery shop,SANYU STATIONERY SHOP,SANYU STATIONERY SHOP,True,False,False
synthetic/s7/0099,company,org,mock-b,mock-c,sanyu stationery shop,sanyu stationery shop,SANYU STATIONERY SHOP,SANYU STATIONERY SHOP,True,False,False
synthetic/s7/0099,company,org,mock-b,mock-d,sanyu stationery shop,sanyu stationery shop,SANYU STATIONERY SHOP,SANYU STATIONERY SHOP,True,False,False
synthetic/s7/0099,company,org,mock-c,mock-d,sanyu stationery shop,sanyu stationery shop,SANYU STATIONERY SHOP,SANYU STATIONERY SHOP,True,False,False
synthetic/s7/0099,date,date,mock-a,mock-b,2018-08-09,2018-08-09,09/08/2018,09/08/2018,True,False,False
synthetic/s7/0099,date,date,mock-a,mock-c,2018-08-09,2018-08-09,09/08/2018,09/08/2018,True,False,False
synthetic/s7/0099,date,date,mock-a,mock-d,2018-08-09,2018-08-09,09/08/2018,09/08/2018,True,False,False
synthetic/s7/0099,date,date,mock-b,mock-c,2018-08-09,2018-08-09,09/08/2018,09/08/2018,True,False,False
synthetic/s7/0099,date,date,mock-b,mock-d,2018-08-09,2018-08-09,09/08/2018,09/08/2018,True,False,False
synthetic/s7/0099,date,date,mock-c,mock-d,2018-08-09,2018-08-09,09/08/2018,09/08/2018,True,False,False
synthetic/s7/0099,phone,phone,mock-a,mock-b,54811603,54811603,05-481 1603,05-481 1603,True,False,False
synthetic/s7/0099,phone,phone,mock-a,mock-c,54811603,54811603,05-481 1603,05-481 1603,True,False,False
synthetic/s7/0099,phone,phone,mock-a,mock-d,54811603,54811603,05-481 1603,05-481 1603,True,False,False
synthetic/s7/0099,phone,phone,mock-b,mock-c,54811603,54811603,05-481 1603,05-481 1603,True,False,False
synthetic/s7/0099,phone,phone,mock-b,mock-d,54811603,54811603,05-481 1603,05-481 1603,True,False,False
synthetic/s7/0099,phone,phone,mock-c,mock-d,54811603,54811603,05-481 1603,05-481 1603,True,False,False
synthetic/s7/0099,tax,money,mock-a,mock-b,1.45,1.45,1.45,1.45,True,False,False
synthetic/s7/0099,tax,money,mock-a,mock-c,1.45,1.45,1.45,1.45,True,False,False
synthetic/s7/0099,tax,money,mock-a,mock-d,1.45,1.45,1.45,1.45,True,False,False
synthetic/s7/0099,tax,money,mock-b,mock-c,1.45,1.45,1.45,1.45,True,False,False
synthetic/s7/0099,tax,money,mock-b,mock-d,1.45,1.45,1.45,1.45,True,False,False
synthetic/s7/0099,tax,money,mock-c,mock-d,1.45,1.45,1.45,1.45,True,False,False
synthetic/s7/0099,total,money,mock-a,mock-b,26.65,26.65,26.65,26.65,True,False,False
synthetic/s7/0099,total,money,mock-a,mock-c,26.65,25.65,26.65,25.65,False,False,False
synthetic/s7/0099,total,money,mock-a,mock-d,26.65,25.65,26.65,25.65,False,False,False
synthetic/s7/0099,total,money,mock-b,mock-c,26.65,25.65,26.65,25.65,False,False,False
synthetic/s7/0099,total,money,mock-b,mock-d,26.65,25.65,26.65,25.65,False,False,False
synthetic/s7/0099,total,money,mock-c,mock-d,25.65,25.65,25.65,25.65,True,False,False
synthetic/s7/0100,address,address,mock-a,mock-b,lot p t 2811 jln angsana tmn mutiara rini 81300 skudai,lot p t 2811 jln angsana tmn mutiara rini 81300 skudai,"LOT P.T. 2811, JALAN ANGSANA, TAMAN MUTIARA RINI, 81300 SKUDAI","LOT P.T. 2811, JALAN ANGSANA, TAMAN MUTIARA RINI, 81300 SKUDAI",True,False,False
synthetic/s7/0100,address,address,mock-a,mock-c,lot p t 2811 jln angsana tmn mutiara rini 81300 skudai,lot p t 2811 jln angsana tmn mutiara rini 81300 skudai,"LOT P.T. 2811, JALAN ANGSANA, TAMAN MUTIARA RINI, 81300 SKUDAI","LOT P.T. 2811, JALAN ANGSANA, TAMAN MUTIARA RINI, 81300 SKUDAI",True,False,False
synthetic/s7/0100,address,address,mock-a,mock-d,lot p t 2811 jln angsana tmn mutiara rini 81300 skudai,lot p t 2811 jln angsana tmn mutiara rini 81300 skudai,"LOT P.T. 2811, JALAN ANGSANA, TAMAN MUTIARA RINI, 81300 SKUDAI","LOT P.T. 2811, JALAN ANGSANA, TAMAN MUTIARA RINI, 81300 SKUDAI",True,False,False
synthetic/s7/0100,address,address,mock-b,mock-c,lot p t 2811 jln angsana tmn mutiara rini 81300 skudai,lot p t 2811 jln angsana tmn mutiara rini 81300 skudai,"LOT P.T. 2811, JALAN ANGSANA, TAMAN MUTIARA RINI, 81300 SKUDAI","LOT P.T. 2811, JALAN ANGSANA, TAMAN MUTIARA RINI, 81300 SKUDAI",True,False,False
synthetic/s7/0100,address,address,mock-b,mock-d,lot p t 2811 jln angsana tmn mutiara rini 81300 skudai,lot p t 2811 jln angsana tmn mutiara rini 81300 skudai,"LOT P.T. 2811, JALAN ANGSANA, TAMAN MUTIARA RINI, 81300 SKUDAI","LOT P.T. 2811, JALAN ANGSANA, TAMAN MUTIARA RINI, 81300 SKUDAI",True,False,False
synthetic/s7/0100,address,address,mock-c,mock-d,lot p t 2811 jln angsana tmn mutiara rini 81300 skudai,lot p t 2811 jln angsana tmn mutiara rini 81300 skudai,"LOT P.T. 2811, JALAN ANGSANA, TAMAN MUTIARA RINI, 81300 SKUDAI","LOT P.T. 2811, JALAN ANGSANA, TAMAN MUTIARA RINI, 81300 SKUDAI",True,False,False
synthetic/s7/0100,company,org,mock-a,mock-b,99 speed mart s b,99 speed mart s b,99 SPEED MART S/B,99 SPEED MART S/B,True,False,False
synthetic/s7/0100,company,org,mock-a,mock-c,99 speed mart s b,99 speed mart s b,99 SPEED MART S/B,99 SPEED MART S/B,True,False,False
synthetic/s7/0100,company,org,mock-a,mock-d,99 speed mart s b,99 speed mart s b,99 SPEED MART S/B,99 SPEED MART S/B,True,False,False
synthetic/s7/0100,company,org,mock-b,mock-c,99 speed mart s b,99 speed mart s b,99 SPEED MART S/B,99 SPEED MART S/B,True,False,False
synthetic/s7/0100,company,org,mock-b,mock-d,99 speed mart s b,99 speed mart s b,99 SPEED MART S/B,99 SPEED MART S/B,True,False,False
synthetic/s7/0100,company,org,mock-c,mock-d,99 speed mart s b,99 speed mart s b,99 SPEED MART S/B,99 SPEED MART S/B,True,False,False
synthetic/s7/0100,date,date,mock-a,mock-b,2019-06-11,2019-11-06,11/06/2019,06/11/2019,False,False,False
synthetic/s7/0100,date,date,mock-a,mock-c,2019-06-11,2019-06-11,11/06/2019,11/06/2019,True,False,False
synthetic/s7/0100,date,date,mock-a,mock-d,2019-06-11,2019-11-06,11/06/2019,06/11/2019,False,False,False
synthetic/s7/0100,date,date,mock-b,mock-c,2019-11-06,2019-06-11,06/11/2019,11/06/2019,False,False,False
synthetic/s7/0100,date,date,mock-b,mock-d,2019-11-06,2019-11-06,06/11/2019,06/11/2019,True,False,False
synthetic/s7/0100,date,date,mock-c,mock-d,2019-06-11,2019-11-06,11/06/2019,06/11/2019,False,False,False
synthetic/s7/0100,phone,phone,mock-a,mock-b,89786894,89786894,08-978 6894,08-978 6894,True,False,False
synthetic/s7/0100,phone,phone,mock-a,mock-c,89786894,489786894,08-978 6894,48-978 6894,False,False,False
synthetic/s7/0100,phone,phone,mock-a,mock-d,89786894,89786894,08-978 6894,08-978 6894,True,False,False
synthetic/s7/0100,phone,phone,mock-b,mock-c,89786894,489786894,08-978 6894,48-978 6894,False,False,False
synthetic/s7/0100,phone,phone,mock-b,mock-d,89786894,89786894,08-978 6894,08-978 6894,True,False,False
synthetic/s7/0100,phone,phone,mock-c,mock-d,489786894,89786894,48-978 6894,08-978 6894,False,False,False
synthetic/s7/0100,tax,money,mock-a,mock-b,2.20,2.20,2.20,2.20,True,False,False
synthetic/s7/0100,tax,money,mock-a,mock-c,2.20,2.20,2.20,2.20,True,False,False
synthetic/s7/0100,tax,money,mock-a,mock-d,2.20,2.20,2.20,2.20,True,False,False
synthetic/s7/0100,tax,money,mock-b,mock-c,2.20,2.20,2.20,2.20,True,False,False
synthetic/s7/0100,tax,money,mock-b,mock-d,2.20,2.20,2.20,2.20,True,False,False
synthetic/s7/0100,tax,money,mock-c,mock-d,2.20,2.20,2.20,2.20,True,False,False
synthetic/s7/0100,total,money,mock-a,mock-b,38.80,38.80,38.80,38.80,True,False,False
synthetic/s7/0100,total,money,mock-a,mock-c,38.80,38.80,38.80,38.80,True,False,False
synthetic/s7/0100,total,money,mock-a,mock-d,38.80,38.80,38.80,38.80,True,False,False
synthetic/s7/0100,total,money,mock-b,mock-c,38.80,38.80,38.80,38.80,True,False,False
synthetic/s7/0100,total,money,mock-b,mock-d,38.80,38.80,38.80,38.80,True,False,False
synthetic/s7/0100,total,money,mock-c,mock-d,38.80,38.80,38.80,38.80,True,False,False
synthetic/s7/0101,address,address,mock-a,mock-b,lot 276 jln banting 43800 dengkil selangor,lot 276 jln banting 43800 dengkil selangor,"LOT 276 JALAN BANTING, 43800 DENGKIL, SELANGOR","LOT 276 JALAN BANTING, 43800 DENGKIL, SELANGOR",True,False,False
synthetic/s7/0101,address,address,mock-a,mock-c,lot 276 jln banting 43800 dengkil selangor,lot 276 jln banting 43800 dengkil selangor,"LOT 276 JALAN BANTING, 43800 DENGKIL, SELANGOR","LOT 276 JALAN BANTING, 43800 DENGKIL, SELANGOR",True,False,False
synthetic/s7/0101,address,address,mock-a,mock-d,lot 276 jln banting 43800 dengkil selangor,lot 276 jln banting 43800 dengkil selangor,"LOT 276 JALAN BANTING, 43800 DENGKIL, SELANGOR","LOT 276 JALAN BANTING, 43800 DENGKIL, SELANGOR",True,False,False
synthetic/s7/0101,address,address,mock-b,mock-c,lot 276 jln banting 43800 dengkil selangor,lot 276 jln banting 43800 dengkil selangor,"LOT 276 JALAN BANTING, 43800 DENGKIL, SELANGOR","LOT 276 JALAN BANTING, 43800 DENGKIL, SELANGOR",True,False,False
synthetic/s7/0101,address,address,mock-b,mock-d,lot 276 jln banting 43800 dengkil selangor,lot 276 jln banting 43800 dengkil selangor,"LOT 276 JALAN BANTING, 43800 DENGKIL, SELANGOR","LOT 276 JALAN BANTING, 43800 DENGKIL, SELANGOR",True,False,False
synthetic/s7/0101,address,address,mock-c,mock-d,lot 276 jln banting 43800 dengkil selangor,lot 276 jln banting 43800 dengkil selangor,"LOT 276 JALAN BANTING, 43800 DENGKIL, SELANGOR","LOT 276 JALAN BANTING, 43800 DENGKIL, SELANGOR",True,False,False
synthetic/s7/0101,company,org,mock-a,mock-b,kedai papan yew chuan,∅,KEDAI PAPAN YEW CHUAN,,False,False,True
synthetic/s7/0101,company,org,mock-a,mock-c,kedai papan yew chuan,kedai papan yew chuan,KEDAI PAPAN YEW CHUAN,KEDAI PAPAN YEW CHUAN,True,False,False
synthetic/s7/0101,company,org,mock-a,mock-d,kedai papan yew chuan,kedai papan yew chuan,KEDAI PAPAN YEW CHUAN,KEDAI PAPAN YEW CHUAN,True,False,False
synthetic/s7/0101,company,org,mock-b,mock-c,∅,kedai papan yew chuan,,KEDAI PAPAN YEW CHUAN,False,False,True
synthetic/s7/0101,company,org,mock-b,mock-d,∅,kedai papan yew chuan,,KEDAI PAPAN YEW CHUAN,False,False,True
synthetic/s7/0101,company,org,mock-c,mock-d,kedai papan yew chuan,kedai papan yew chuan,KEDAI PAPAN YEW CHUAN,KEDAI PAPAN YEW CHUAN,True,False,False
synthetic/s7/0101,date,date,mock-a,mock-b,2018-12-19,2018-12-19,19/12/2018,19/12/2018,True,False,False
synthetic/s7/0101,date,date,mock-a,mock-c,2018-12-19,2018-12-19,19/12/2018,12/19/2018,True,False,False
synthetic/s7/0101,date,date,mock-a,mock-d,2018-12-19,2018-12-19,19/12/2018,19/12/2018,True,False,False
synthetic/s7/0101,date,date,mock-b,mock-c,2018-12-19,2018-12-19,19/12/2018,12/19/2018,True,False,False
synthetic/s7/0101,date,date,mock-b,mock-d,2018-12-19,2018-12-19,19/12/2018,19/12/2018,True,False,False
synthetic/s7/0101,date,date,mock-c,mock-d,2018-12-19,2018-12-19,12/19/2018,19/12/2018,True,False,False
synthetic/s7/0101,phone,phone,mock-a,mock-b,312345678,∅,03-1234 5678,,False,False,True
synthetic/s7/0101,phone,phone,mock-a,mock-c,312345678,∅,03-1234 5678,,False,False,True
synthetic/s7/0101,phone,phone,mock-a,mock-d,312345678,∅,03-1234 5678,,False,False,True
synthetic/s7/0101,phone,phone,mock-b,mock-c,∅,∅,,,True,True,False
synthetic/s7/0101,phone,phone,mock-b,mock-d,∅,∅,,,True,True,False
synthetic/s7/0101,phone,phone,mock-c,mock-d,∅,∅,,,True,True,False
synthetic/s7/0101,tax,money,mock-a,mock-b,2.50,2.50,2.50,2.50,True,False,False
synthetic/s7/0101,tax,money,mock-a,mock-c,2.50,2.50,2.50,2.50,True,False,False
synthetic/s7/0101,tax,money,mock-a,mock-d,2.50,∅,2.50,,False,False,True
synthetic/s7/0101,tax,money,mock-b,mock-c,2.50,2.50,2.50,2.50,True,False,False
synthetic/s7/0101,tax,money,mock-b,mock-d,2.50,∅,2.50,,False,False,True
synthetic/s7/0101,tax,money,mock-c,mock-d,2.50,∅,2.50,,False,False,True
synthetic/s7/0101,total,money,mock-a,mock-b,44.20,44.20,44.20,44.20,True,False,False
synthetic/s7/0101,total,money,mock-a,mock-c,44.20,44.20,44.20,44.20,True,False,False
synthetic/s7/0101,total,money,mock-a,mock-d,44.20,44.20,44.20,44.20,True,False,False
synthetic/s7/0101,total,money,mock-b,mock-c,44.20,44.20,44.20,44.20,True,False,False
synthetic/s7/0101,total,money,mock-b,mock-d,44.20,44.20,44.20,44.20,True,False,False
synthetic/s7/0101,total,money,mock-c,mock-d,44.20,44.20,44.20,44.20,True,False,False
synthetic/s7/0102,address,address,mock-a,mock-b,no 2 and 4 jln bayu 4 bdr seri alam 81750 masai johor,no 2 and 4 jln bayu 4 bdr seri alam 81750 masai johor,"NO 2 & 4, JALAN BAYU 4, BANDAR SERI ALAM, 81750 MASAI, JOHOR","NO 2 & 4, JALAN BAYU 4, BANDAR SERI ALAM, 81750 MASAI, JOHOR",True,False,False
synthetic/s7/0102,address,address,mock-a,mock-c,no 2 and 4 jln bayu 4 bdr seri alam 81750 masai johor,no 2 and 4 jln bayu 4 bdr seri alam 81750 masai johor,"NO 2 & 4, JALAN BAYU 4, BANDAR SERI ALAM, 81750 MASAI, JOHOR","NO 2 & 4, JALAN BAYU 4, BANDAR SERI ALAM, 81750 MASAI, JOHOR",True,False,False
synthetic/s7/0102,address,address,mock-a,mock-d,no 2 and 4 jln bayu 4 bdr seri alam 81750 masai johor,no 2 and 4 jln bayu 4 bdr seri alam 81750 masai johor,"NO 2 & 4, JALAN BAYU 4, BANDAR SERI ALAM, 81750 MASAI, JOHOR","NO 2 & 4, JALAN BAYU 4, BANDAR SERI ALAM, 81750 MASAI, JOHOR",True,False,False
synthetic/s7/0102,address,address,mock-b,mock-c,no 2 and 4 jln bayu 4 bdr seri alam 81750 masai johor,no 2 and 4 jln bayu 4 bdr seri alam 81750 masai johor,"NO 2 & 4, JALAN BAYU 4, BANDAR SERI ALAM, 81750 MASAI, JOHOR","NO 2 & 4, JALAN BAYU 4, BANDAR SERI ALAM, 81750 MASAI, JOHOR",True,False,False
synthetic/s7/0102,address,address,mock-b,mock-d,no 2 and 4 jln bayu 4 bdr seri alam 81750 masai johor,no 2 and 4 jln bayu 4 bdr seri alam 81750 masai johor,"NO 2 & 4, JALAN BAYU 4, BANDAR SERI ALAM, 81750 MASAI, JOHOR","NO 2 & 4, JALAN BAYU 4, BANDAR SERI ALAM, 81750 MASAI, JOHOR",True,False,False
synthetic/s7/0102,address,address,mock-c,mock-d,no 2 and 4 jln bayu 4 bdr seri alam 81750 masai johor,no 2 and 4 jln bayu 4 bdr seri alam 81750 masai johor,"NO 2 & 4, JALAN BAYU 4, BANDAR SERI ALAM, 81750 MASAI, JOHOR","NO 2 & 4, JALAN BAYU 4, BANDAR SERI ALAM, 81750 MASAI, JOHOR",True,False,False
synthetic/s7/0102,company,org,mock-a,mock-b,ojc marketing,ojc marketing,OJC MARKETING SDN BHD,OJC MARKETING SDN BHD,True,False,False
synthetic/s7/0102,company,org,mock-a,mock-c,ojc marketing,ojc marketing,OJC MARKETING SDN BHD,OJC MARKETING SDN BHD,True,False,False
synthetic/s7/0102,company,org,mock-a,mock-d,ojc marketing,ojc marketing sdn,OJC MARKETING SDN BHD,OJC MARKETING SDN,False,False,False
synthetic/s7/0102,company,org,mock-b,mock-c,ojc marketing,ojc marketing,OJC MARKETING SDN BHD,OJC MARKETING SDN BHD,True,False,False
synthetic/s7/0102,company,org,mock-b,mock-d,ojc marketing,ojc marketing sdn,OJC MARKETING SDN BHD,OJC MARKETING SDN,False,False,False
synthetic/s7/0102,company,org,mock-c,mock-d,ojc marketing,ojc marketing sdn,OJC MARKETING SDN BHD,OJC MARKETING SDN,False,False,False
synthetic/s7/0102,date,date,mock-a,mock-b,2019-02-11,2019-11-02,11/02/2019,02/11/2019,False,False,False
synthetic/s7/0102,date,date,mock-a,mock-c,2019-02-11,2019-02-11,11/02/2019,11/02/2019,True,False,False
synthetic/s7/0102,date,date,mock-a,mock-d,2019-02-11,2019-02-11,11/02/2019,11/02/2019,True,False,False
synthetic/s7/0102,date,date,mock-b,mock-c,2019-11-02,2019-02-11,02/11/2019,11/02/2019,False,False,False
synthetic/s7/0102,date,date,mock-b,mock-d,2019-11-02,2019-02-11,02/11/2019,11/02/2019,False,False,False
synthetic/s7/0102,date,date,mock-c,mock-d,2019-02-11,2019-02-11,11/02/2019,11/02/2019,True,False,False
synthetic/s7/0102,phone,phone,mock-a,mock-b,96285155,96285155,09-628 5155,09-628 5155,True,False,False
synthetic/s7/0102,phone,phone,mock-a,mock-c,96285155,96285155,09-628 5155,09-628 5155,True,False,False
synthetic/s7/0102,phone,phone,mock-a,mock-d,96285155,∅,09-628 5155,,False,False,True
synthetic/s7/0102,phone,phone,mock-b,mock-c,96285155,96285155,09-628 5155,09-628 5155,True,False,False
synthetic/s7/0102,phone,phone,mock-b,mock-d,96285155,∅,09-628 5155,,False,False,True
synthetic/s7/0102,phone,phone,mock-c,mock-d,96285155,∅,09-628 5155,,False,False,True
synthetic/s7/0102,tax,money,mock-a,mock-b,∅,∅,,,True,True,False
synthetic/s7/0102,tax,money,mock-a,mock-c,∅,∅,,,True,True,False
synthetic/s7/0102,tax,money,mock-a,mock-d,∅,∅,,,True,True,False
synthetic/s7/0102,tax,money,mock-b,mock-c,∅,∅,,,True,True,False
synthetic/s7/0102,tax,money,mock-b,mock-d,∅,∅,,,True,True,False
synthetic/s7/0102,tax,money,mock-c,mock-d,∅,∅,,,True,True,False
synthetic/s7/0102,total,money,mock-a,mock-b,8.80,8.80,8.80,8.80,True,False,False
synthetic/s7/0102,total,money,mock-a,mock-c,8.80,8.80,8.80,8.80,True,False,False
synthetic/s7/0102,total,money,mock-a,mock-d,8.80,8.80,8.80,8.80,True,False,False
synthetic/s7/0102,total,money,mock-b,mock-c,8.80,8.80,8.80,8.80,True,False,False
synthetic/s7/0102,total,money,mock-b,mock-d,8.80,8.80,8.80,8.80,True,False,False
synthetic/s7/0102,total,money,mock-c,mock-d,8.80,8.80,8.80,8.80,True,False,False
synthetic/s7/0103,address,address,mock-a,mock-b,no 59 jln permas 9 5 bdr baru permas jaya 81750 johor bahru,no 59 jln permas 9 5 bdr baru permas jaya 81750 johor bahru,"NO.59 JALAN PERMAS 9/5, BANDAR BARU PERMAS JAYA, 81750 JOHOR BAHRU","NO.59 JALAN PERMAS 9/5, BANDAR BARU PERMAS JAYA, 81750 JOHOR BAHRU",True,False,False
synthetic/s7/0103,address,address,mock-a,mock-c,no 59 jln permas 9 5 bdr baru permas jaya 81750 johor bahru,no 59 jln permas 9 5 bdr baru permas jaya 81750 johor bahru,"NO.59 JALAN PERMAS 9/5, BANDAR BARU PERMAS JAYA, 81750 JOHOR BAHRU","NO.59 JALAN PERMAS 9/5, BANDAR BARU PERMAS JAYA, 81750 JOHOR BAHRU",True,False,False
synthetic/s7/0103,address,address,mock-a,mock-d,no 59 jln permas 9 5 bdr baru permas jaya 81750 johor bahru,no 59 jln permas 9 5 bdr baru permas jaya 81750 johor bahru,"NO.59 JALAN PERMAS 9/5, BANDAR BARU PERMAS JAYA, 81750 JOHOR BAHRU","NO.59 JALAN PERMAS 9/5, BANDAR BARU PERMAS JAYA, 81750 JOHOR BAHRU",True,False,False
synthetic/s7/0103,address,address,mock-b,mock-c,no 59 jln permas 9 5 bdr baru permas jaya 81750 johor bahru,no 59 jln permas 9 5 bdr baru permas jaya 81750 johor bahru,"NO.59 JALAN PERMAS 9/5, BANDAR BARU PERMAS JAYA, 81750 JOHOR BAHRU","NO.59 JALAN PERMAS 9/5, BANDAR BARU PERMAS JAYA, 81750 JOHOR BAHRU",True,False,False
synthetic/s7/0103,address,address,mock-b,mock-d,no 59 jln permas 9 5 bdr baru permas jaya 81750 johor bahru,no 59 jln permas 9 5 bdr baru permas jaya 81750 johor bahru,"NO.59 JALAN PERMAS 9/5, BANDAR BARU PERMAS JAYA, 81750 JOHOR BAHRU","NO.59 JALAN PERMAS 9/5, BANDAR BARU PERMAS JAYA, 81750 JOHOR BAHRU",True,False,False
synthetic/s7/0103,address,address,mock-c,mock-d,no 59 jln permas 9 5 bdr baru permas jaya 81750 johor bahru,no 59 jln permas 9 5 bdr baru permas jaya 81750 johor bahru,"NO.59 JALAN PERMAS 9/5, BANDAR BARU PERMAS JAYA, 81750 JOHOR BAHRU","NO.59 JALAN PERMAS 9/5, BANDAR BARU PERMAS JAYA, 81750 JOHOR BAHRU",True,False,False
synthetic/s7/0103,company,org,mock-a,mock-b,perniagaan zheng hui,perniagaan zheng hui,PERNIAGAAN ZHENG HUI,PERNIAGAAN ZHENG HUI,True,False,False
synthetic/s7/0103,company,org,mock-a,mock-c,perniagaan zheng hui,perniagaan zheng hui,PERNIAGAAN ZHENG HUI,PERNIAGAAN ZHENG HUI,True,False,False
synthetic/s7/0103,company,org,mock-a,mock-d,perniagaan zheng hui,perniagaan zheng hui,PERNIAGAAN ZHENG HUI,PERNIAGAAN ZHENG HUI,True,False,False
synthetic/s7/0103,company,org,mock-b,mock-c,perniagaan zheng hui,perniagaan zheng hui,PERNIAGAAN ZHENG HUI,PERNIAGAAN ZHENG HUI,True,False,False
synthetic/s7/0103,company,org,mock-b,mock-d,perniagaan zheng hui,perniagaan zheng hui,PERNIAGAAN ZHENG HUI,PERNIAGAAN ZHENG HUI,True,False,False
synthetic/s7/0103,company,org,mock-c,mock-d,perniagaan zheng hui,perniagaan zheng hui,PERNIAGAAN ZHENG HUI,PERNIAGAAN ZHENG HUI,True,False,False
synthetic/s7/0103,date,date,mock-a,mock-b,2018-06-22,2018-06-22,22/06/2018,22/06/2018,True,False,False
synthetic/s7/0103,date,date,mock-a,mock-c,2018-06-22,2018-06-22,22/06/2018,22/06/2018,True,False,False
synthetic/s7/0103,date,date,mock-a,mock-d,2018-06-22,2018-06-22,22/06/2018,06/22/2018,True,False,False
synthetic/s7/0103,date,date,mock-b,mock-c,2018-06-22,2018-06-22,22/06/2018,22/06/2018,True,False,False
synthetic/s7/0103,date,date,mock-b,mock-d,2018-06-22,2018-06-22,22/06/2018,06/22/2018,True,False,False
synthetic/s7/0103,date,date,mock-c,mock-d,2018-06-22,2018-06-22,22/06/2018,06/22/2018,True,False,False
synthetic/s7/0103,phone,phone,mock-a,mock-b,312345678,312345678,03-1234 5678,03-1234 5678,True,False,False
synthetic/s7/0103,phone,phone,mock-a,mock-c,312345678,312345678,03-1234 5678,03-1234 5678,True,False,False
synthetic/s7/0103,phone,phone,mock-a,mock-d,312345678,312345678,03-1234 5678,03-1234 5678,True,False,False
synthetic/s7/0103,phone,phone,mock-b,mock-c,312345678,312345678,03-1234 5678,03-1234 5678,True,False,False
synthetic/s7/0103,phone,phone,mock-b,mock-d,312345678,312345678,03-1234 5678,03-1234 5678,True,False,False
synthetic/s7/0103,phone,phone,mock-c,mock-d,312345678,312345678,03-1234 5678,03-1234 5678,True,False,False
synthetic/s7/0103,tax,money,mock-a,mock-b,0.19,0.19,0.19,0.19,True,False,False
synthetic/s7/0103,tax,money,mock-a,mock-c,0.19,0.19,0.19,0.19,True,False,False
synthetic/s7/0103,tax,money,mock-a,mock-d,0.19,0.19,0.19,0.19,True,False,False
synthetic/s7/0103,tax,money,mock-b,mock-c,0.19,0.19,0.19,0.19,True,False,False
synthetic/s7/0103,tax,money,mock-b,mock-d,0.19,0.19,0.19,0.19,True,False,False
synthetic/s7/0103,tax,money,mock-c,mock-d,0.19,0.19,0.19,0.19,True,False,False
synthetic/s7/0103,total,money,mock-a,mock-b,3.39,3.39,3.39,3.39,True,False,False
synthetic/s7/0103,total,money,mock-a,mock-c,3.39,3.39,3.39,3.39,True,False,False
synthetic/s7/0103,total,money,mock-a,mock-d,3.39,3.39,3.39,3.39,True,False,False
synthetic/s7/0103,total,money,mock-b,mock-c,3.39,3.39,3.39,3.39,True,False,False
synthetic/s7/0103,total,money,mock-b,mock-d,3.39,3.39,3.39,3.39,True,False,False
synthetic/s7/0103,total,money,mock-c,mock-d,3.39,3.39,3.39,3.39,True,False,False
synthetic/s7/0104,address,address,mock-a,mock-b,lot 3 jln pelabur 23 1 40300 shah alam selangor,lot 3 jln pelabur 23 1 40300 shah alam selangor,"LOT 3, JALAN PELABUR 23/1, 40300 SHAH ALAM, SELANGOR","LOT 3, JALAN PELABUR 23/1, 40300 SHAH ALAM, SELANGOR",True,False,False
synthetic/s7/0104,address,address,mock-a,mock-c,lot 3 jln pelabur 23 1 40300 shah alam selangor,lot 3 jln pelabur 23 1 40300 shah alam,"LOT 3, JALAN PELABUR 23/1, 40300 SHAH ALAM, SELANGOR","LOT 3, JALAN PELABUR 23/1, 40300 SHAH ALAM",False,False,False
synthetic/s7/0104,address,address,mock-a,mock-d,lot 3 jln pelabur 23 1 40300 shah alam selangor,lot 3 jln pelabur 23 1 40300 shah alam selangor,"LOT 3, JALAN PELABUR 23/1, 40300 SHAH ALAM, SELANGOR","LOT 3, JALAN PELABUR 23/1, 40300 SHAH ALAM, SELANGOR",True,False,False
synthetic/s7/0104,address,address,mock-b,mock-c,lot 3 jln pelabur 23 1 40300 shah alam selangor,lot 3 jln pelabur 23 1 40300 shah alam,"LOT 3, JALAN PELABUR 23/1, 40300 SHAH ALAM, SELANGOR","LOT 3, JALAN PELABUR 23/1, 40300 SHAH ALAM",False,False,False
synthetic/s7/0104,address,address,mock-b,mock-d,lot 3 jln pelabur 23 1 40300 shah alam selangor,lot 3 jln pelabur 23 1 40300 shah alam selangor,"LOT 3, JALAN PELABUR 23/1, 40300 SHAH ALAM, SELANGOR","LOT 3, JALAN PELABUR 23/1, 40300 SHAH ALAM, SELANGOR",True,False,False
synthetic/s7/0104,address,address,mock-c,mock-d,lot 3 jln pelabur 23 1 40300 shah alam,lot 3 jln pelabur 23 1 40300 shah alam selangor,"LOT 3, JALAN PELABUR 23/1, 40300 SHAH ALAM","LOT 3, JALAN PELABUR 23/1, 40300 SHAH ALAM, SELANGOR",False,False,False
synthetic/s7/0104,company,org,mock-a,mock-b,gardenia bakeries kl,gardenia bakeries kl,GARDENIA BAKERIES (KL) SDN BHD,GARDENIA BAKERIES (KL) SDN BHD,True,False,False
synthetic/s7/0104,company,org,mock-a,mock-c,gardenia bakeries kl,bakeries kl,GARDENIA BAKERIES (KL) SDN BHD,BAKERIES (KL) SDN BHD,False,False,False
synthetic/s7/0104,company,org,mock-a,mock-d,gardenia bakeries kl,gardenia bakeries kl,GARDENIA BAKERIES (KL) SDN BHD,GARDENIA BAKERIES (KL) SDN BHD,True,False,False
synthetic/s7/0104,company,org,mock-b,mock-c,gardenia bakeries kl,bakeries kl,GARDENIA BAKERIES (KL) SDN BHD,BAKERIES (KL) SDN BHD,False,False,False
synthetic/s7/0104,company,org,mock-b,mock-d,gardenia bakeries kl,gardenia bakeries kl,GARDENIA BAKERIES (KL) SDN BHD,GARDENIA BAKERIES (KL) SDN BHD,True,False,False
synthetic/s7/0104,company,org,mock-c,mock-d,bakeries kl,gardenia bakeries kl,BAKERIES (KL) SDN BHD,GARDENIA BAKERIES (KL) SDN BHD,False,False,False
synthetic/s7/0104,date,date,mock-a,mock-b,2018-01-12,2018-01-12,12/01/2018,12/01/2018,True,False,False
synthetic/s7/0104,date,date,mock-a,mock-c,2018-01-12,2018-01-12,12/01/2018,12/01/2018,True,False,False
synthetic/s7/0104,date,date,mock-a,mock-d,2018-01-12,2018-01-12,12/01/2018,12/01/2018,True,False,False
synthetic/s7/0104,date,date,mock-b,mock-c,2018-01-12,2018-01-12,12/01/2018,12/01/2018,True,False,False
synthetic/s7/0104,date,date,mock-b,mock-d,2018-01-12,2018-01-12,12/01/2018,12/01/2018,True,False,False
synthetic/s7/0104,date,date,mock-c,mock-d,2018-01-12,2018-01-12,12/01/2018,12/01/2018,True,False,False
synthetic/s7/0104,phone,phone,mock-a,mock-b,54112742,54112742,05-411 2742,05-411 2742,True,False,False
synthetic/s7/0104,phone,phone,mock-a,mock-c,54112742,54112742,05-411 2742,05-411 2742,True,False,False
synthetic/s7/0104,phone,phone,mock-a,mock-d,54112742,54112742,05-411 2742,05-411 2742,True,False,False
synthetic/s7/0104,phone,phone,mock-b,mock-c,54112742,54112742,05-411 2742,05-411 2742,True,False,False
synthetic/s7/0104,phone,phone,mock-b,mock-d,54112742,54112742,05-411 2742,05-411 2742,True,False,False
synthetic/s7/0104,phone,phone,mock-c,mock-d,54112742,54112742,05-411 2742,05-411 2742,True,False,False
synthetic/s7/0104,tax,money,mock-a,mock-b,1.75,1.72,1.75,1.72,False,False,False
synthetic/s7/0104,tax,money,mock-a,mock-c,1.75,1.95,1.75,1.95,False,False,False
synthetic/s7/0104,tax,money,mock-a,mock-d,1.75,1.75,1.75,1.75,True,False,False
synthetic/s7/0104,tax,money,mock-b,mock-c,1.72,1.95,1.72,1.95,False,False,False
synthetic/s7/0104,tax,money,mock-b,mock-d,1.72,1.75,1.72,1.75,False,False,False
synthetic/s7/0104,tax,money,mock-c,mock-d,1.95,1.75,1.95,1.75,False,False,False
synthetic/s7/0104,total,money,mock-a,mock-b,30.95,30.95,30.95,30.95,True,False,False
synthetic/s7/0104,total,money,mock-a,mock-c,30.95,30.95,30.95,30.95,True,False,False
synthetic/s7/0104,total,money,mock-a,mock-d,30.95,30.95,30.95,30.95,True,False,False
synthetic/s7/0104,total,money,mock-b,mock-c,30.95,30.95,30.95,30.95,True,False,False
synthetic/s7/0104,total,money,mock-b,mock-d,30.95,30.95,30.95,30.95,True,False,False
synthetic/s7/0104,total,money,mock-c,mock-d,30.95,30.95,30.95,30.95,True,False,False
synthetic/s7/0105,address,address,mock-a,mock-b,no 31g and 33g jln setia indah x u13 x 40170 setia alam,no 31g and 33g jln setia indah x u13 x,"NO. 31G&33G, JALAN SETIA INDAH X, U13/X, 40170 SETIA ALAM","NO. 31G&33G, JALAN SETIA INDAH X, U13/X",False,False,False
synthetic/s7/0105,address,address,mock-a,mock-c,no 31g and 33g jln setia indah x u13 x 40170 setia alam,no 31g and 33g jln setia indah x u13 x 40170 setia alam,"NO. 31G&33G, JALAN SETIA INDAH X, U13/X, 40170 SETIA ALAM","NO. 31G&33G, JALAN SETIA INDAH X, U13/X, 40170 SETIA ALAM",True,False,False
synthetic/s7/0105,address,address,mock-a,mock-d,no 31g and 33g jln setia indah x u13 x 40170 setia alam,no 31g and 33g jln setia indah x u13 x 40170 setia alam,"NO. 31G&33G, JALAN SETIA INDAH X, U13/X, 40170 SETIA ALAM","NO. 31G&33G, JALAN SETIA INDAH X, U13/X, 40170 SETIA ALAM",True,False,False
synthetic/s7/0105,address,address,mock-b,mock-c,no 31g and 33g jln setia indah x u13 x,no 31g and 33g jln setia indah x u13 x 40170 setia alam,"NO. 31G&33G, JALAN SETIA INDAH X, U13/X","NO. 31G&33G, JALAN SETIA INDAH X, U13/X, 40170 SETIA ALAM",False,False,False
synthetic/s7/0105,address,address,mock-b,mock-d,no 31g and 33g jln setia indah x u13 x,no 31g and 33g jln setia indah x u13 x 40170 setia alam,"NO. 31G&33G, JALAN SETIA INDAH X, U13/X","NO. 31G&33G, JALAN SETIA INDAH X, U13/X, 40170 SETIA ALAM",False,False,False
synthetic/s7/0105,address,address,mock-c,mock-d,no 31g and 33g jln setia indah x u13 x 40170 setia alam,no 31g and 33g jln setia indah x u13 x 40170 setia alam,"NO. 31G&33G, JALAN SETIA INDAH X, U13/X, 40170 SETIA ALAM","NO. 31G&33G, JALAN SETIA INDAH X, U13/X, 40170 SETIA ALAM",True,False,False
synthetic/s7/0105,company,org,mock-a,mock-b,sanyu stationery shop,sanyu stationery shop,SANYU STATIONERY SHOP,SANYU STATIONERY SHOP,True,False,False
synthetic/s7/0105,company,org,mock-a,mock-c,sanyu stationery shop,sanyu stationery shop,SANYU STATIONERY SHOP,SANYU STATIONERY SHOP,True,False,False
synthetic/s7/0105,company,org,mock-a,mock-d,sanyu stationery shop,sanyu stationery shop,SANYU STATIONERY SHOP,SANYU STATIONERY SHOP,True,False,False
synthetic/s7/0105,company,org,mock-b,mock-c,sanyu stationery shop,sanyu stationery shop,SANYU STATIONERY SHOP,SANYU STATIONERY SHOP,True,False,False
synthetic/s7/0105,company,org,mock-b,mock-d,sanyu stationery shop,sanyu stationery shop,SANYU STATIONERY SHOP,SANYU STATIONERY SHOP,True,False,False
synthetic/s7/0105,company,org,mock-c,mock-d,sanyu stationery shop,sanyu stationery shop,SANYU STATIONERY SHOP,SANYU STATIONERY SHOP,True,False,False
synthetic/s7/0105,date,date,mock-a,mock-b,2019-07-08,2019-07-08,08/07/2019,08/07/2019,True,False,False
synthetic/s7/0105,date,date,mock-a,mock-c,2019-07-08,2019-07-08,08/07/2019,08/07/2019,True,False,False
synthetic/s7/0105,date,date,mock-a,mock-d,2019-07-08,2019-07-08,08/07/2019,08/07/2019,True,False,False
synthetic/s7/0105,date,date,mock-b,mock-c,2019-07-08,2019-07-08,08/07/2019,08/07/2019,True,False,False
synthetic/s7/0105,date,date,mock-b,mock-d,2019-07-08,2019-07-08,08/07/2019,08/07/2019,True,False,False
synthetic/s7/0105,date,date,mock-c,mock-d,2019-07-08,2019-07-08,08/07/2019,08/07/2019,True,False,False
synthetic/s7/0105,phone,phone,mock-a,mock-b,41144990,∅,04-114 4990,,False,False,True
synthetic/s7/0105,phone,phone,mock-a,mock-c,41144990,41144990,04-114 4990,04-114 4990,True,False,False
synthetic/s7/0105,phone,phone,mock-a,mock-d,41144990,41144990,04-114 4990,04-114 4990,True,False,False
synthetic/s7/0105,phone,phone,mock-b,mock-c,∅,41144990,,04-114 4990,False,False,True
synthetic/s7/0105,phone,phone,mock-b,mock-d,∅,41144990,,04-114 4990,False,False,True
synthetic/s7/0105,phone,phone,mock-c,mock-d,41144990,41144990,04-114 4990,04-114 4990,True,False,False
synthetic/s7/0105,tax,money,mock-a,mock-b,∅,5.30,,5.30,False,False,True
synthetic/s7/0105,tax,money,mock-a,mock-c,∅,∅,,,True,True,False
synthetic/s7/0105,tax,money,mock-a,mock-d,∅,∅,,,True,True,False
synthetic/s7/0105,tax,money,mock-b,mock-c,5.30,∅,5.30,,False,False,True
synthetic/s7/0105,tax,money,mock-b,mock-d,5.30,∅,5.30,,False,False,True
synthetic/s7/0105,tax,money,mock-c,mock-d,∅,∅,,,True,True,False
synthetic/s7/0105,total,money,mock-a,mock-b,3.10,5.50,3.10,5.50,False,False,False
synthetic/s7/0105,total,money,mock-a,mock-c,3.10,5.50,3.10,5.50,False,False,False
synthetic/s7/0105,total,money,mock-a,mock-d,3.10,5.50,3.10,5.50,False,False,False
synthetic/s7/0105,total,money,mock-b,mock-c,5.50,5.50,5.50,5.50,True,False,False
synthetic/s7/0105,total,money,mock-b,mock-d,5.50,5.50,5.50,5.50,True,False,False
synthetic/s7/0105,total,money,mock-c,mock-d,5.50,5.50,5.50,5.50,True,False,False
synthetic/s7/0106,address,address,mock-a,mock-b,lot p t 2811 jln angsana tmn mutiara rini,lot p t 2811 jln angsana tmn mutiara rini,"LOT P.T. 2811, JALAN ANGSANA, TAMAN MUTIARA RINI","LOT P.T. 2811, JALAN ANGSANA, TAMAN MUTIARA RINI",True,False,False
synthetic/s7/0106,address,address,mock-a,mock-c,lot p t 2811 jln angsana tmn mutiara rini,lot p t 2811 jln angsana tmn mutiara rini 81300 skudai,"LOT P.T. 2811, JALAN ANGSANA, TAMAN MUTIARA RINI","LOT P.T. 2811, JALAN ANGSANA, TAMAN MUTIARA RINI, 81300 SKUDAI",False,False,False
synthetic/s7/0106,address,address,mock-a,mock-d,lot p t 2811 jln angsana tmn mutiara rini,lot p t 2811 jln angsana tmn mutiara rini 81300 skudai,"LOT P.T. 2811, JALAN ANGSANA, TAMAN MUTIARA RINI","LOT P.T. 2811, JALAN ANGSANA, TAMAN MUTIARA RINI, 81300 SKUDAI",False,False,False
synthetic/s7/0106,address,address,mock-b,mock-c,lot p t 2811 jln angsana tmn mutiara rini,lot p t 2811 jln angsana tmn mutiara rini 81300 skudai,"LOT P.T. 2811, JALAN ANGSANA, TAMAN MUTIARA RINI","LOT P.T. 2811, JALAN ANGSANA, TAMAN MUTIARA RINI, 81300 SKUDAI",False,False,False
synthetic/s7/0106,address,address,mock-b,mock-d,lot p t 2811 jln angsana tmn mutiara rini,lot p t 2811 jln angsana tmn mutiara rini 81300 skudai,"LOT P.T. 2811, JALAN ANGSANA, TAMAN MUTIARA RINI","LOT P.T. 2811, JALAN ANGSANA, TAMAN MUTIARA RINI, 81300 SKUDAI",False,False,False
synthetic/s7/0106,address,address,mock-c,mock-d,lot p t 2811 jln angsana tmn mutiara rini 81300 skudai,lot p t 2811 jln angsana tmn mutiara rini 81300 skudai,"LOT P.T. 2811, JALAN ANGSANA, TAMAN MUTIARA RINI, 81300 SKUDAI","LOT P.T. 2811, JALAN ANGSANA, TAMAN MUTIARA RINI, 81300 SKUDAI",True,False,False
synthetic/s7/0106,company,org,mock-a,mock-b,99 speed mart s b,99 speed mart s b,99 SPEED MART S/B,99 SPEED MART S/B,True,False,False
synthetic/s7/0106,company,org,mock-a,mock-c,99 speed mart s b,99 speed mart s b,99 SPEED MART S/B,99 SPEED MART S/B,True,False,False
synthetic/s7/0106,company,org,mock-a,mock-d,99 speed mart s b,99 speed mart s b,99 SPEED MART S/B,99 SPEED MART S/B,True,False,False
synthetic/s7/0106,company,org,mock-b,mock-c,99 speed mart s b,99 speed mart s b,99 SPEED MART S/B,99 SPEED MART S/B,True,False,False
synthetic/s7/0106,company,org,mock-b,mock-d,99 speed mart s b,99 speed mart s b,99 SPEED MART S/B,99 SPEED MART S/B,True,False,False
synthetic/s7/0106,company,org,mock-c,mock-d,99 speed mart s b,99 speed mart s b,99 SPEED MART S/B,99 SPEED MART S/B,True,False,False
synthetic/s7/0106,date,date,mock-a,mock-b,2018-02-04,2018-02-04,04/02/2018,04/02/2018,True,False,False
synthetic/s7/0106,date,date,mock-a,mock-c,2018-02-04,2018-02-04,04/02/2018,04/02/2018,True,False,False
synthetic/s7/0106,date,date,mock-a,mock-d,2018-02-04,2018-02-04,04/02/2018,04/02/2018,True,False,False
synthetic/s7/0106,date,date,mock-b,mock-c,2018-02-04,2018-02-04,04/02/2018,04/02/2018,True,False,False
synthetic/s7/0106,date,date,mock-b,mock-d,2018-02-04,2018-02-04,04/02/2018,04/02/2018,True,False,False
synthetic/s7/0106,date,date,mock-c,mock-d,2018-02-04,2018-02-04,04/02/2018,04/02/2018,True,False,False
synthetic/s7/0106,phone,phone,mock-a,mock-b,96756739,96756739,19-675 6739,09-675 6739,True,False,False
synthetic/s7/0106,phone,phone,mock-a,mock-c,96756739,96756739,19-675 6739,09-675 6739,True,False,False
synthetic/s7/0106,phone,phone,mock-a,mock-d,96756739,∅,19-675 6739,,False,False,True
synthetic/s7/0106,phone,phone,mock-b,mock-c,96756739,96756739,09-675 6739,09-675 6739,True,False,False
synthetic/s7/0106,phone,phone,mock-b,mock-d,96756739,∅,09-675 6739,,False,False,True
synthetic/s7/0106,phone,phone,mock-c,mock-d,96756739,∅,09-675 6739,,False,False,True
synthetic/s7/0106,tax,money,mock-a,mock-b,∅,5.30,,5.30,False,False,True
synthetic/s7/0106,tax,money,mock-a,mock-c,∅,∅,,,True,True,False
synthetic/s7/0106,tax,money,mock-a,mock-d,∅,∅,,,True,True,False
synthetic/s7/0106,tax,money,mock-b,mock-c,5.30,∅,5.30,,False,False,True
synthetic/s7/0106,tax,money,mock-b,mock-d,5.30,∅,5.30,,False,False,True
synthetic/s7/0106,tax,money,mock-c,mock-d,∅,∅,,,True,True,False
synthetic/s7/0106,total,money,mock-a,mock-b,28.50,∅,28.50,,False,False,True
synthetic/s7/0106,total,money,mock-a,mock-c,28.50,28.50,28.50,28.50,True,False,False
synthetic/s7/0106,total,money,mock-a,mock-d,28.50,28.50,28.50,28.50,True,False,False
synthetic/s7/0106,total,money,mock-b,mock-c,∅,28.50,,28.50,False,False,True
synthetic/s7/0106,total,money,mock-b,mock-d,∅,28.50,,28.50,False,False,True
synthetic/s7/0106,total,money,mock-c,mock-d,28.50,28.50,28.50,28.50,True,False,False
synthetic/s7/0107,address,address,mock-a,mock-b,lot 276 jln banting 43800 dengkil selangor,lot 276 jln banting 43800 dengkil selangor,"LOT 276 JALAN BANTING, 43800 DENGKIL, SELANGOR","LOT 276 JALAN BANTING, 43800 DENGKIL, SELANGOR",True,False,False
synthetic/s7/0107,address,address,mock-a,mock-c,lot 276 jln banting 43800 dengkil selangor,lot 276 jln banting 43800 dengkil selangor,"LOT 276 JALAN BANTING, 43800 DENGKIL, SELANGOR","LOT 276 JALAN BANTING, 43800 DENGKIL, SELANGOR",True,False,False
synthetic/s7/0107,address,address,mock-a,mock-d,lot 276 jln banting 43800 dengkil selangor,lot 276 jln banting 43800 dengkil selangor,"LOT 276 JALAN BANTING, 43800 DENGKIL, SELANGOR","LOT 276 JALAN BANTING, 43800 DENGKIL, SELANGOR",True,False,False
synthetic/s7/0107,address,address,mock-b,mock-c,lot 276 jln banting 43800 dengkil selangor,lot 276 jln banting 43800 dengkil selangor,"LOT 276 JALAN BANTING, 43800 DENGKIL, SELANGOR","LOT 276 JALAN BANTING, 43800 DENGKIL, SELANGOR",True,False,False
synthetic/s7/0107,address,address,mock-b,mock-d,lot 276 jln banting 43800 dengkil selangor,lot 276 jln banting 43800 dengkil selangor,"LOT 276 JALAN BANTING, 43800 DENGKIL, SELANGOR","LOT 276 JALAN BANTING, 43800 DENGKIL, SELANGOR",True,False,False
synthetic/s7/0107,address,address,mock-c,mock-d,lot 276 jln banting 43800 dengkil selangor,lot 276 jln banting 43800 dengkil selangor,"LOT 276 JALAN BANTING, 43800 DENGKIL, SELANGOR","LOT 276 JALAN BANTING, 43800 DENGKIL, SELANGOR",True,False,False
synthetic/s7/0107,company,org,mock-a,mock-b,kedai papan yew chuan,kedai papan yew chuan,KEDAI PAPAN YEW CHUAN,KEDAI PAPAN YEW CHUAN,True,False,False
synthetic/s7/0107,company,org,mock-a,mock-c,kedai papan yew chuan,kedai papan yew chuan,KEDAI PAPAN YEW CHUAN,KEDAI PAPAN YEW CHUAN,True,False,False
synthetic/s7/0107,company,org,mock-a,mock-d,kedai papan yew chuan,kedai papan yew chuan,KEDAI PAPAN YEW CHUAN,KEDAI PAPAN YEW CHUAN,True,False,False
synthetic/s7/0107,company,org,mock-b,mock-c,kedai papan yew chuan,kedai papan yew chuan,KEDAI PAPAN YEW CHUAN,KEDAI PAPAN YEW CHUAN,True,False,False
synthetic/s7/0107,company,org,mock-b,mock-d,kedai papan yew chuan,kedai papan yew chuan,KEDAI PAPAN YEW CHUAN,KEDAI PAPAN YEW CHUAN,True,False,False
synthetic/s7/0107,company,org,mock-c,mock-d,kedai papan yew chuan,kedai papan yew chuan,KEDAI PAPAN YEW CHUAN,KEDAI PAPAN YEW CHUAN,True,False,False
synthetic/s7/0107,date,date,mock-a,mock-b,2019-10-15,2019-10-15,10/15/2019,15/10/2019,True,False,False
synthetic/s7/0107,date,date,mock-a,mock-c,2019-10-15,2019-10-15,10/15/2019,15/10/2019,True,False,False
synthetic/s7/0107,date,date,mock-a,mock-d,2019-10-15,2019-10-15,10/15/2019,15/10/2019,True,False,False
synthetic/s7/0107,date,date,mock-b,mock-c,2019-10-15,2019-10-15,15/10/2019,15/10/2019,True,False,False
synthetic/s7/0107,date,date,mock-b,mock-d,2019-10-15,2019-10-15,15/10/2019,15/10/2019,True,False,False
synthetic/s7/0107,date,date,mock-c,mock-d,2019-10-15,2019-10-15,15/10/2019,15/10/2019,True,False,False
synthetic/s7/0107,phone,phone,mock-a,mock-b,62904893,362904893,06-290 4893,36-290 4893,False,False,False
synthetic/s7/0107,phone,phone,mock-a,mock-c,62904893,62904893,06-290 4893,06-290 4893,True,False,False
synthetic/s7/0107,phone,phone,mock-a,mock-d,62904893,462904893,06-290 4893,46-290 4893,False,False,False
synthetic/s7/0107,phone,phone,mock-b,mock-c,362904893,62904893,36-290 4893,06-290 4893,False,False,False
synthetic/s7/0107,phone,phone,mock-b,mock-d,362904893,462904893,36-290 4893,46-290 4893,False,False,False
synthetic/s7/0107,phone,phone,mock-c,mock-d,62904893,462904893,06-290 4893,46-290 4893,False,False,False
synthetic/s7/0107,tax,money,mock-a,mock-b,0.23,0.26,0.23,0.26,False,False,False
synthetic/s7/0107,tax,money,mock-a,mock-c,0.23,0.23,0.23,0.23,True,False,False
synthetic/s7/0107,tax,money,mock-a,mock-d,0.23,0.23,0.23,0.23,True,False,False
synthetic/s7/0107,tax,money,mock-b,mock-c,0.26,0.23,0.26,0.23,False,False,False
synthetic/s7/0107,tax,money,mock-b,mock-d,0.26,0.23,0.26,0.23,False,False,False
synthetic/s7/0107,tax,money,mock-c,mock-d,0.23,0.23,0.23,0.23,True,False,False
synthetic/s7/0107,total,money,mock-a,mock-b,4.03,1.63,4.03,1.63,False,False,False
synthetic/s7/0107,total,money,mock-a,mock-c,4.03,4.03,4.03,4.03,True,False,False
synthetic/s7/0107,total,money,mock-a,mock-d,4.03,4.03,4.03,4.03,True,False,False
synthetic/s7/0107,total,money,mock-b,mock-c,1.63,4.03,1.63,4.03,False,False,False
synthetic/s7/0107,total,money,mock-b,mock-d,1.63,4.03,1.63,4.03,False,False,False
synthetic/s7/0107,total,money,mock-c,mock-d,4.03,4.03,4.03,4.03,True,False,False
synthetic/s7/0108,address,address,mock-a,mock-b,no 2 and 4 jln bayu 4 bdr seri alam 81750 masai,no 2 and 4 jln bayu 4 bdr seri alam 81750 masai johor,"NO 2 & 4, JALAN BAYU 4, BANDAR SERI ALAM, 81750 MASAI","NO 2 & 4, JALAN BAYU 4, BANDAR SERI ALAM, 81750 MASAI, JOHOR",False,False,False
synthetic/s7/0108,address,address,mock-a,mock-c,no 2 and 4 jln bayu 4 bdr seri alam 81750 masai,no 2 and 4 jln bayu 4 bdr seri alam 81750 masai johor,"NO 2 & 4, JALAN BAYU 4, BANDAR SERI ALAM, 81750 MASAI","NO 2 & 4, JALAN BAYU 4, BANDAR SERI ALAM, 81750 MASAI, JOHOR",False,False,False
synthetic/s7/0108,address,address,mock-a,mock-d,no 2 and 4 jln bayu 4 bdr seri alam 81750 masai,∅,"NO 2 & 4, JALAN BAYU 4, BANDAR SERI ALAM, 81750 MASAI",,False,False,True
synthetic/s7/0108,address,address,mock-b,mock-c,no 2 and 4 jln bayu 4 bdr seri alam 81750 masai johor,no 2 and 4 jln bayu 4 bdr seri alam 81750 masai johor,"NO 2 & 4, JALAN BAYU 4, BANDAR SERI ALAM, 81750 MASAI, JOHOR","NO 2 & 4, JALAN BAYU 4, BANDAR SERI ALAM, 81750 MASAI, JOHOR",True,False,False
synthetic/s7/0108,address,address,mock-b,mock-d,no 2 and 4 jln bayu 4 bdr seri alam 81750 masai johor,∅,"NO 2 & 4, JALAN BAYU 4, BANDAR SERI ALAM, 81750 MASAI, JOHOR",,False,False,True
synthetic/s7/0108,address,address,mock-c,mock-d,no 2 and 4 jln bayu 4 bdr seri alam 81750 masai johor,∅,"NO 2 & 4, JALAN BAYU 4, BANDAR SERI ALAM, 81750 MASAI, JOHOR",,False,False,True
synthetic/s7/0108,company,org,mock-a,mock-b,ojc marketing,ojc marketing,OJC MARKETING SDN BHD,OJC MARKETING SDN BHD,True,False,False
synthetic/s7/0108,company,org,mock-a,mock-c,ojc marketing,ojc marketing,OJC MARKETING SDN BHD,OJC MARKETING SDN BHD,True,False,False
synthetic/s7/0108,company,org,mock-a,mock-d,ojc marketing,ojc marketing,OJC MARKETING SDN BHD,OJC MARKETING SDN BHD,True,False,False
synthetic/s7/0108,company,org,mock-b,mock-c,ojc marketing,ojc marketing,OJC MARKETING SDN BHD,OJC MARKETING SDN BHD,True,False,False
synthetic/s7/0108,company,org,mock-b,mock-d,ojc marketing,ojc marketing,OJC MARKETING SDN BHD,OJC MARKETING SDN BHD,True,False,False
synthetic/s7/0108,company,org,mock-c,mock-d,ojc marketing,ojc marketing,OJC MARKETING SDN BHD,OJC MARKETING SDN BHD,True,False,False
synthetic/s7/0108,date,date,mock-a,mock-b,∅,2018-10-01,,01/10/2018,False,False,True
synthetic/s7/0108,date,date,mock-a,mock-c,∅,2018-10-01,,01/10/2018,False,False,True
synthetic/s7/0108,date,date,mock-a,mock-d,∅,2018-10-01,,01/10/2018,False,False,True
synthetic/s7/0108,date,date,mock-b,mock-c,2018-10-01,2018-10-01,01/10/2018,01/10/2018,True,False,False
synthetic/s7/0108,date,date,mock-b,mock-d,2018-10-01,2018-10-01,01/10/2018,01/10/2018,True,False,False
synthetic/s7/0108,date,date,mock-c,mock-d,2018-10-01,2018-10-01,01/10/2018,01/10/2018,True,False,False
synthetic/s7/0108,phone,phone,mock-a,mock-b,∅,∅,,,True,True,False
synthetic/s7/0108,phone,phone,mock-a,mock-c,∅,∅,,,True,True,False
synthetic/s7/0108,phone,phone,mock-a,mock-d,∅,∅,,,True,True,False
synthetic/s7/0108,phone,phone,mock-b,mock-c,∅,∅,,,True,True,False
synthetic/s7/0108,phone,phone,mock-b,mock-d,∅,∅,,,True,True,False
synthetic/s7/0108,phone,phone,mock-c,mock-d,∅,∅,,,True,True,False
synthetic/s7/0108,tax,money,mock-a,mock-b,2.06,2.06,2.06,2.06,True,False,False
synthetic/s7/0108,tax,money,mock-a,mock-c,2.06,1.46,2.06,1.46,False,False,False
synthetic/s7/0108,tax,money,mock-a,mock-d,2.06,2.06,2.06,2.06,True,False,False
synthetic/s7/0108,tax,money,mock-b,mock-c,2.06,1.46,2.06,1.46,False,False,False
synthetic/s7/0108,tax,money,mock-b,mock-d,2.06,2.06,2.06,2.06,True,False,False
synthetic/s7/0108,tax,money,mock-c,mock-d,1.46,2.06,1.46,2.06,False,False,False
synthetic/s7/0108,total,money,mock-a,mock-b,36.36,36.36,36.36,36.36,True,False,False
synthetic/s7/0108,total,money,mock-a,mock-c,36.36,36.36,36.36,36.36,True,False,False
synthetic/s7/0108,total,money,mock-a,mock-d,36.36,36.36,36.36,36.36,True,False,False
synthetic/s7/0108,total,money,mock-b,mock-c,36.36,36.36,36.36,36.36,True,False,False
synthetic/s7/0108,total,money,mock-b,mock-d,36.36,36.36,36.36,36.36,True,False,False
synthetic/s7/0108,total,money,mock-c,mock-d,36.36,36.36,36.36,36.36,True,False,False
synthetic/s7/0109,address,address,mock-a,mock-b,no 59 jln permas 9 5 bdr baru permas jaya 81750 johor bahru,no 59 jln permas 9 5 bdr baru permas jaya,"NO.59 JALAN PERMAS 9/5, BANDAR BARU PERMAS JAYA, 81750 JOHOR BAHRU","NO.59 JALAN PERMAS 9/5, BANDAR BARU PERMAS JAYA",False,False,False
synthetic/s7/0109,address,address,mock-a,mock-c,no 59 jln permas 9 5 bdr baru permas jaya 81750 johor bahru,no 59 jln permas 9 5 bdr baru permas jaya 81750 johor bahru,"NO.59 JALAN PERMAS 9/5, BANDAR BARU PERMAS JAYA, 81750 JOHOR BAHRU","NO.59 JALAN PERMAS 9/5, BANDAR BARU PERMAS JAYA, 81750 JOHOR BAHRU",True,False,False
synthetic/s7/0109,address,address,mock-a,mock-d,no 59 jln permas 9 5 bdr baru permas jaya 81750 johor bahru,no 59 jln permas 9 5 bdr baru permas jaya,"NO.59 JALAN PERMAS 9/5, BANDAR BARU PERMAS JAYA, 81750 JOHOR BAHRU","NO.59 JALAN PERMAS 9/5, BANDAR BARU PERMAS JAYA",False,False,False
synthetic/s7/0109,address,address,mock-b,mock-c,no 59 jln permas 9 5 bdr baru permas jaya,no 59 jln permas 9 5 bdr baru permas jaya 81750 johor bahru,"NO.59 JALAN PERMAS 9/5, BANDAR BARU PERMAS JAYA","NO.59 JALAN PERMAS 9/5, BANDAR BARU PERMAS JAYA, 81750 JOHOR BAHRU",False,False,False
synthetic/s7/0109,address,address,mock-b,mock-d,no 59 jln permas 9 5 bdr baru permas jaya,no 59 jln permas 9 5 bdr baru permas jaya,"NO.59 JALAN PERMAS 9/5, BANDAR BARU PERMAS JAYA","NO.59 JALAN PERMAS 9/5, BANDAR BARU PERMAS JAYA",True,False,False
synthetic/s7/0109,address,address,mock-c,mock-d,no 59 jln permas 9 5 bdr baru permas jaya 81750 johor bahru,no 59 jln permas 9 5 bdr baru permas jaya,"NO.59 JALAN PERMAS 9/5, BANDAR BARU PERMAS JAYA, 81750 JOHOR BAHRU","NO.59 JALAN PERMAS 9/5, BANDAR BARU PERMAS JAYA",False,False,False
synthetic/s7/0109,company,org,mock-a,mock-b,perniagaan zheng hui,perniagaan zheng hui,PERNIAGAAN ZHENG HUI,PERNIAGAAN ZHENG HUI,True,False,False
synthetic/s7/0109,company,org,mock-a,mock-c,perniagaan zheng hui,perniagaan zheng hui,PERNIAGAAN ZHENG HUI,PERNIAGAAN ZHENG HUI,True,False,False
synthetic/s7/0109,company,org,mock-a,mock-d,perniagaan zheng hui,perniagaan zheng hui,PERNIAGAAN ZHENG HUI,PERNIAGAAN ZHENG HUI,True,False,False
synthetic/s7/0109,company,org,mock-b,mock-c,perniagaan zheng hui,perniagaan zheng hui,PERNIAGAAN ZHENG HUI,PERNIAGAAN ZHENG HUI,True,False,False
synthetic/s7/0109,company,org,mock-b,mock-d,perniagaan zheng hui,perniagaan zheng hui,PERNIAGAAN ZHENG HUI,PERNIAGAAN ZHENG HUI,True,False,False
synthetic/s7/0109,company,org,mock-c,mock-d,perniagaan zheng hui,perniagaan zheng hui,PERNIAGAAN ZHENG HUI,PERNIAGAAN ZHENG HUI,True,False,False
synthetic/s7/0109,date,date,mock-a,mock-b,2018-10-27,2018-10-27,10/27/2018,27/10/2018,True,False,False
synthetic/s7/0109,date,date,mock-a,mock-c,2018-10-27,2018-10-27,10/27/2018,27/10/2018,True,False,False
synthetic/s7/0109,date,date,mock-a,mock-d,2018-10-27,2018-10-27,10/27/2018,27/10/2018,True,False,False
synthetic/s7/0109,date,date,mock-b,mock-c,2018-10-27,2018-10-27,27/10/2018,27/10/2018,True,False,False
synthetic/s7/0109,date,date,mock-b,mock-d,2018-10-27,2018-10-27,27/10/2018,27/10/2018,True,False,False
synthetic/s7/0109,date,date,mock-c,mock-d,2018-10-27,2018-10-27,27/10/2018,27/10/2018,True,False,False
synthetic/s7/0109,phone,phone,mock-a,mock-b,312345678,∅,03-1234 5678,,False,False,True
synthetic/s7/0109,phone,phone,mock-a,mock-c,312345678,∅,03-1234 5678,,False,False,True
synthetic/s7/0109,phone,phone,mock-a,mock-d,312345678,∅,03-1234 5678,,False,False,True
synthetic/s7/0109,phone,phone,mock-b,mock-c,∅,∅,,,True,True,False
synthetic/s7/0109,phone,phone,mock-b,mock-d,∅,∅,,,True,True,False
synthetic/s7/0109,phone,phone,mock-c,mock-d,∅,∅,,,True,True,False
synthetic/s7/0109,tax,money,mock-a,mock-b,∅,1.99,,1.99,False,False,True
synthetic/s7/0109,tax,money,mock-a,mock-c,∅,1.99,,1.99,False,False,True
synthetic/s7/0109,tax,money,mock-a,mock-d,∅,1.99,,1.99,False,False,True
synthetic/s7/0109,tax,money,mock-b,mock-c,1.99,1.99,1.99,1.99,True,False,False
synthetic/s7/0109,tax,money,mock-b,mock-d,1.99,1.99,1.99,1.99,True,False,False
synthetic/s7/0109,tax,money,mock-c,mock-d,1.99,1.99,1.99,1.99,True,False,False
synthetic/s7/0109,total,money,mock-a,mock-b,35.19,35.19,35.19,35.19,True,False,False
synthetic/s7/0109,total,money,mock-a,mock-c,35.19,35.19,35.19,35.19,True,False,False
synthetic/s7/0109,total,money,mock-a,mock-d,35.19,35.19,35.19,35.19,True,False,False
synthetic/s7/0109,total,money,mock-b,mock-c,35.19,35.19,35.19,35.19,True,False,False
synthetic/s7/0109,total,money,mock-b,mock-d,35.19,35.19,35.19,35.19,True,False,False
synthetic/s7/0109,total,money,mock-c,mock-d,35.19,35.19,35.19,35.19,True,False,False
synthetic/s7/0110,address,address,mock-a,mock-b,lot 3 jln pelabur 23 1 40300 shah alam selangor,lot 3 jln pelabur 23 1 40300 shah alam selangor,"LOT 3, JALAN PELABUR 23/1, 40300 SHAH ALAM, SELANGOR","LOT 3, JALAN PELABUR 23/1, 40300 SHAH ALAM, SELANGOR",True,False,False
synthetic/s7/0110,address,address,mock-a,mock-c,lot 3 jln pelabur 23 1 40300 shah alam selangor,lot 3 jln pelabur 23 1 40300 shah alam selangor,"LOT 3, JALAN PELABUR 23/1, 40300 SHAH ALAM, SELANGOR","LOT 3, JALAN PELABUR 23/1, 40300 SHAH ALAM, SELANGOR",True,False,False
synthetic/s7/0110,address,address,mock-a,mock-d,lot 3 jln pelabur 23 1 40300 shah alam selangor,lot 3 jln pelabur 23 1 40300 shah alam selangor,"LOT 3, JALAN PELABUR 23/1, 40300 SHAH ALAM, SELANGOR","LOT 3, JALAN PELABUR 23/1, 40300 SHAH ALAM, SELANGOR",True,False,False
synthetic/s7/0110,address,address,mock-b,mock-c,lot 3 jln pelabur 23 1 40300 shah alam selangor,lot 3 jln pelabur 23 1 40300 shah alam selangor,"LOT 3, JALAN PELABUR 23/1, 40300 SHAH ALAM, SELANGOR","LOT 3, JALAN PELABUR 23/1, 40300 SHAH ALAM, SELANGOR",True,False,False
synthetic/s7/0110,address,address,mock-b,mock-d,lot 3 jln pelabur 23 1 40300 shah alam selangor,lot 3 jln pelabur 23 1 40300 shah alam selangor,"LOT 3, JALAN PELABUR 23/1, 40300 SHAH ALAM, SELANGOR","LOT 3, JALAN PELABUR 23/1, 40300 SHAH ALAM, SELANGOR",True,False,False
synthetic/s7/0110,address,address,mock-c,mock-d,lot 3 jln pelabur 23 1 40300 shah alam selangor,lot 3 jln pelabur 23 1 40300 shah alam selangor,"LOT 3, JALAN PELABUR 23/1, 40300 SHAH ALAM, SELANGOR","LOT 3, JALAN PELABUR 23/1, 40300 SHAH ALAM, SELANGOR",True,False,False
synthetic/s7/0110,company,org,mock-a,mock-b,gardenia bakeries kl,gardenia bakeries kl,GARDENIA BAKERIES (KL) SDN BHD,GARDENIA BAKERIES (KL) SDN BHD,True,False,False
synthetic/s7/0110,company,org,mock-a,mock-c,gardenia bakeries kl,gardenia bakeries kl,GARDENIA BAKERIES (KL) SDN BHD,GARDENIA BAKERIES (KL) SDN BHD,True,False,False
synthetic/s7/0110,company,org,mock-a,mock-d,gardenia bakeries kl,gardenia bakeries kl,GARDENIA BAKERIES (KL) SDN BHD,GARDENIA BAKERIES (KL) SDN BHD,True,False,False
synthetic/s7/0110,company,org,mock-b,mock-c,gardenia bakeries kl,gardenia bakeries kl,GARDENIA BAKERIES (KL) SDN BHD,GARDENIA BAKERIES (KL) SDN BHD,True,False,False
synthetic/s7/0110,company,org,mock-b,mock-d,gardenia bakeries kl,gardenia bakeries kl,GARDENIA BAKERIES (KL) SDN BHD,GARDENIA BAKERIES (KL) SDN BHD,True,False,False
synthetic/s7/0110,company,org,mock-c,mock-d,gardenia bakeries kl,gardenia bakeries kl,GARDENIA BAKERIES (KL) SDN BHD,GARDENIA BAKERIES (KL) SDN BHD,True,False,False
synthetic/s7/0110,date,date,mock-a,mock-b,2019-07-01,2019-07-01,01/07/2019,01/07/2019,True,False,False
synthetic/s7/0110,date,date,mock-a,mock-c,2019-07-01,2019-07-01,01/07/2019,01/07/2019,True,False,False
synthetic/s7/0110,date,date,mock-a,mock-d,2019-07-01,2019-07-01,01/07/2019,01/07/2019,True,False,False
synthetic/s7/0110,date,date,mock-b,mock-c,2019-07-01,2019-07-01,01/07/2019,01/07/2019,True,False,False
synthetic/s7/0110,date,date,mock-b,mock-d,2019-07-01,2019-07-01,01/07/2019,01/07/2019,True,False,False
synthetic/s7/0110,date,date,mock-c,mock-d,2019-07-01,2019-07-01,01/07/2019,01/07/2019,True,False,False
synthetic/s7/0110,phone,phone,mock-a,mock-b,∅,∅,,,True,True,False
synthetic/s7/0110,phone,phone,mock-a,mock-c,∅,∅,,,True,True,False
synthetic/s7/0110,phone,phone,mock-a,mock-d,∅,∅,,,True,True,False
synthetic/s7/0110,phone,phone,mock-b,mock-c,∅,∅,,,True,True,False
synthetic/s7/0110,phone,phone,mock-b,mock-d,∅,∅,,,True,True,False
synthetic/s7/0110,phone,phone,mock-c,mock-d,∅,∅,,,True,True,False
synthetic/s7/0110,tax,money,mock-a,mock-b,3.33,3.33,3.33,3.33,True,False,False
synthetic/s7/0110,tax,money,mock-a,mock-c,3.33,3.33,3.33,3.33,True,False,False
synthetic/s7/0110,tax,money,mock-a,mock-d,3.33,3.33,3.33,3.33,True,False,False
synthetic/s7/0110,tax,money,mock-b,mock-c,3.33,3.33,3.33,3.33,True,False,False
synthetic/s7/0110,tax,money,mock-b,mock-d,3.33,3.33,3.33,3.33,True,False,False
synthetic/s7/0110,tax,money,mock-c,mock-d,3.33,3.33,3.33,3.33,True,False,False
synthetic/s7/0110,total,money,mock-a,mock-b,58.83,58.83,58.83,58.83,True,False,False
synthetic/s7/0110,total,money,mock-a,mock-c,58.83,58.83,58.83,58.83,True,False,False
synthetic/s7/0110,total,money,mock-a,mock-d,58.83,58.83,58.83,58.83,True,False,False
synthetic/s7/0110,total,money,mock-b,mock-c,58.83,58.83,58.83,58.83,True,False,False
synthetic/s7/0110,total,money,mock-b,mock-d,58.83,58.83,58.83,58.83,True,False,False
synthetic/s7/0110,total,money,mock-c,mock-d,58.83,58.83,58.83,58.83,True,False,False
synthetic/s7/0111,address,address,mock-a,mock-b,no 31g and 33g jln setia indah x u13 x 40170 setia alam,no 31g and 33g jln setia indah x u13 x 40170 setia alam,"NO. 31G&33G, JALAN SETIA INDAH X, U13/X, 40170 SETIA ALAM","NO. 31G&33G, JALAN SETIA INDAH X, U13/X, 40170 SETIA ALAM",True,False,False
synthetic/s7/0111,address,address,mock-a,mock-c,no 31g and 33g jln setia indah x u13 x 40170 setia alam,no 31g and 33g jln setia indah x u13 x 40170 setia alam,"NO. 31G&33G, JALAN SETIA INDAH X, U13/X, 40170 SETIA ALAM","NO. 31G&33G, JALAN SETIA INDAH X, U13/X, 40170 SETIA ALAM",True,False,False
synthetic/s7/0111,address,address,mock-a,mock-d,no 31g and 33g jln setia indah x u13 x 40170 setia alam,no 31g and 33g jln setia indah x u13 x 40170 setia alam,"NO. 31G&33G, JALAN SETIA INDAH X, U13/X, 40170 SETIA ALAM","NO. 31G&33G, JALAN SETIA INDAH X, U13/X, 40170 SETIA ALAM",True,False,False
synthetic/s7/0111,address,address,mock-b,mock-c,no 31g and 33g jln setia indah x u13 x 40170 setia alam,no 31g and 33g jln setia indah x u13 x 40170 setia alam,"NO. 31G&33G, JALAN SETIA INDAH X, U13/X, 40170 SETIA ALAM","NO. 31G&33G, JALAN SETIA INDAH X, U13/X, 40170 SETIA ALAM",True,False,False
synthetic/s7/0111,address,address,mock-b,mock-d,no 31g and 33g jln setia indah x u13 x 40170 setia alam,no 31g and 33g jln setia indah x u13 x 40170 setia alam,"NO. 31G&33G, JALAN SETIA INDAH X, U13/X, 40170 SETIA ALAM","NO. 31G&33G, JALAN SETIA INDAH X, U13/X, 40170 SETIA ALAM",True,False,False
synthetic/s7/0111,address,address,mock-c,mock-d,no 31g and 33g jln setia indah x u13 x 40170 setia alam,no 31g and 33g jln setia indah x u13 x 40170 setia alam,"NO. 31G&33G, JALAN SETIA INDAH X, U13/X, 40170 SETIA ALAM","NO. 31G&33G, JALAN SETIA INDAH X, U13/X, 40170 SETIA ALAM",True,False,False
synthetic/s7/0111,company,org,mock-a,mock-b,sanyu stationery shop,sanyu stationery shop,SANYU STATIONERY SHOP,SANYU STATIONERY SHOP,True,False,False
synthetic/s7/0111,company,org,mock-a,mock-c,sanyu stationery shop,sanyu stationery shop,SANYU STATIONERY SHOP,SANYU STATIONERY SHOP,True,False,False
synthetic/s7/0111,company,org,mock-a,mock-d,sanyu stationery shop,sanyu stationery shop,SANYU STATIONERY SHOP,SANYU STATIONERY SHOP,True,False,False
synthetic/s7/0111,company,org,mock-b,mock-c,sanyu stationery shop,sanyu stationery shop,SANYU STATIONERY SHOP,SANYU STATIONERY SHOP,True,False,False
synthetic/s7/0111,company,org,mock-b,mock-d,sanyu stationery shop,sanyu stationery shop,SANYU STATIONERY SHOP,SANYU STATIONERY SHOP,True,False,False
synthetic/s7/0111,company,org,mock-c,mock-d,sanyu stationery shop,sanyu stationery shop,SANYU STATIONERY SHOP,SANYU STATIONERY SHOP,True,False,False
synthetic/s7/0111,date,date,mock-a,mock-b,2019-02-02,2019-02-02,02/02/2019,02/02/2019,True,False,False
synthetic/s7/0111,date,date,mock-a,mock-c,2019-02-02,2019-02-02,02/02/2019,02/02/2019,True,False,False
synthetic/s7/0111,date,date,mock-a,mock-d,2019-02-02,2019-02-02,02/02/2019,02/02/2019,True,False,False
synthetic/s7/0111,date,date,mock-b,mock-c,2019-02-02,2019-02-02,02/02/2019,02/02/2019,True,False,False
synthetic/s7/0111,date,date,mock-b,mock-d,2019-02-02,2019-02-02,02/02/2019,02/02/2019,True,False,False
synthetic/s7/0111,date,date,mock-c,mock-d,2019-02-02,2019-02-02,02/02/2019,02/02/2019,True,False,False
synthetic/s7/0111,phone,phone,mock-a,mock-b,496355346,496355346,49-635 5346,49-635 5346,True,False,False
synthetic/s7/0111,phone,phone,mock-a,mock-c,496355346,496355346,49-635 5346,49-635 5346,True,False,False
synthetic/s7/0111,phone,phone,mock-a,mock-d,496355346,496355346,49-635 5346,49-635 5346,True,False,False
synthetic/s7/0111,phone,phone,mock-b,mock-c,496355346,496355346,49-635 5346,49-635 5346,True,False,False
synthetic/s7/0111,phone,phone,mock-b,mock-d,496355346,496355346,49-635 5346,49-635 5346,True,False,False
synthetic/s7/0111,phone,phone,mock-c,mock-d,496355346,496355346,49-635 5346,49-635 5346,True,False,False
synthetic/s7/0111,tax,money,mock-a,mock-b,∅,∅,,,True,True,False
synthetic/s7/0111,tax,money,mock-a,mock-c,∅,∅,,,True,True,False
synthetic/s7/0111,tax,money,mock-a,mock-d,∅,∅,,,True,True,False
synthetic/s7/0111,tax,money,mock-b,mock-c,∅,∅,,,True,True,False
synthetic/s7/0111,tax,money,mock-b,mock-d,∅,∅,,,True,True,False
synthetic/s7/0111,tax,money,mock-c,mock-d,∅,∅,,,True,True,False
synthetic/s7/0111,total,money,mock-a,mock-b,21.80,21.80,21.80,21.80,True,False,False
synthetic/s7/0111,total,money,mock-a,mock-c,21.80,21.80,21.80,21.80,True,False,False
synthetic/s7/0111,total,money,mock-a,mock-d,21.80,∅,21.80,,False,False,True
synthetic/s7/0111,total,money,mock-b,mock-c,21.80,21.80,21.80,21.80,True,False,False
synthetic/s7/0111,total,money,mock-b,mock-d,21.80,∅,21.80,,False,False,True
synthetic/s7/0111,total,money,mock-c,mock-d,21.80,∅,21.80,,False,False,True
synthetic/s7/0112,address,address,mock-a,mock-b,lot p t 2811 jln angsana tmn mutiara rini 81300 skudai,lot p t 2811 jln angsana tmn mutiara rini 81300 skudai,"LOT P.T. 2811, JALAN ANGSANA, TAMAN MUTIARA RINI, 81300 SKUDAI","LOT P.T. 2811, JALAN ANGSANA, TAMAN MUTIARA RINI, 81300 SKUDAI",True,False,False
synthetic/s7/0112,address,address,mock-a,mock-c,lot p t 2811 jln angsana tmn mutiara rini 81300 skudai,lot p t 2811 jln angsana tmn mutiara rini 81300 skudai,"LOT P.T. 2811, JALAN ANGSANA, TAMAN MUTIARA RINI, 81300 SKUDAI","LOT P.T. 2811, JALAN ANGSANA, TAMAN MUTIARA RINI, 81300 SKUDAI",True,False,False
synthetic/s7/0112,address,address,mock-a,mock-d,lot p t 2811 jln angsana tmn mutiara rini 81300 skudai,∅,"LOT P.T. 2811, JALAN ANGSANA, TAMAN MUTIARA RINI, 81300 SKUDAI",,False,False,True
synthetic/s7/0112,address,address,mock-b,mock-c,lot p t 2811 jln angsana tmn mutiara rini 81300 skudai,lot p t 2811 jln angsana tmn mutiara rini 81300 skudai,"LOT P.T. 2811, JALAN ANGSANA, TAMAN MUTIARA RINI, 81300 SKUDAI","LOT P.T. 2811, JALAN ANGSANA, TAMAN MUTIARA RINI, 81300 SKUDAI",True,False,False
synthetic/s7/0112,address,address,mock-b,mock-d,lot p t 2811 jln angsana tmn mutiara rini 81300 skudai,∅,"LOT P.T. 2811, JALAN ANGSANA, TAMAN MUTIARA RINI, 81300 SKUDAI",,False,False,True
synthetic/s7/0112,address,address,mock-c,mock-d,lot p t 2811 jln angsana tmn mutiara rini 81300 skudai,∅,"LOT P.T. 2811, JALAN ANGSANA, TAMAN MUTIARA RINI, 81300 SKUDAI",,False,False,True
synthetic/s7/0112,company,org,mock-a,mock-b,99 speed mart s b,99 speed mart s b,99 SPEED MART S/B,99 SPEED MART S/B,True,False,False
synthetic/s7/0112,company,org,mock-a,mock-c,99 speed mart s b,99 speed mart,99 SPEED MART S/B,99 SPEED MART,False,False,False
synthetic/s7/0112,company,org,mock-a,mock-d,99 speed mart s b,99 speed mart s b,99 SPEED MART S/B,99 SPEED MART S/B,True,False,False
synthetic/s7/0112,company,org,mock-b,mock-c,99 speed mart s b,99 speed mart,99 SPEED MART S/B,99 SPEED MART,False,False,False
synthetic/s7/0112,company,org,mock-b,mock-d,99 speed mart s b,99 speed mart s b,99 SPEED MART S/B,99 SPEED MART S/B,True,False,False
synthetic/s7/0112,company,org,mock-c,mock-d,99 speed mart,99 speed mart s b,99 SPEED MART,99 SPEED MART S/B,False,False,False
synthetic/s7/0112,date,date,mock-a,mock-b,2018-03-09,2018-03-09,09/03/2018,09/03/2018,True,False,False
synthetic/s7/0112,date,date,mock-a,mock-c,2018-03-09,2018-03-09,09/03/2018,09/03/2018,True,False,False
synthetic/s7/0112,date,date,mock-a,mock-d,2018-03-09,2018-03-09,09/03/2018,09/03/2018,True,False,False
synthetic/s7/0112,date,date,mock-b,mock-c,2018-03-09,2018-03-09,09/03/2018,09/03/2018,True,False,False
synthetic/s7/0112,date,date,mock-b,mock-d,2018-03-09,2018-03-09,09/03/2018,09/03/2018,True,False,False
synthetic/s7/0112,date,date,mock-c,mock-d,2018-03-09,2018-03-09,09/03/2018,09/03/2018,True,False,False
synthetic/s7/0112,phone,phone,mock-a,mock-b,48646355,48646355,04-864 6355,04-864 6355,True,False,False
synthetic/s7/0112,phone,phone,mock-a,mock-c,48646355,48646355,04-864 6355,04-864 6355,True,False,False
synthetic/s7/0112,phone,phone,mock-a,mock-d,48646355,48646355,04-864 6355,04-864 6355,True,False,False
synthetic/s7/0112,phone,phone,mock-b,mock-c,48646355,48646355,04-864 6355,04-864 6355,True,False,False
synthetic/s7/0112,phone,phone,mock-b,mock-d,48646355,48646355,04-864 6355,04-864 6355,True,False,False
synthetic/s7/0112,phone,phone,mock-c,mock-d,48646355,48646355,04-864 6355,04-864 6355,True,False,False
synthetic/s7/0112,tax,money,mock-a,mock-b,∅,10.00,,10.00,False,False,True
synthetic/s7/0112,tax,money,mock-a,mock-c,∅,∅,,,True,True,False
synthetic/s7/0112,tax,money,mock-a,mock-d,∅,∅,,,True,True,False
synthetic/s7/0112,tax,money,mock-b,mock-c,10.00,∅,10.00,,False,False,True
synthetic/s7/0112,tax,money,mock-b,mock-d,10.00,∅,10.00,,False,False,True
synthetic/s7/0112,tax,money,mock-c,mock-d,∅,∅,,,True,True,False
synthetic/s7/0112,total,money,mock-a,mock-b,19.40,17.00,19.40,17.00,False,False,False
synthetic/s7/0112,total,money,mock-a,mock-c,19.40,19.40,19.40,19.40,True,False,False
synthetic/s7/0112,total,money,mock-a,mock-d,19.40,19.40,19.40,19.40,True,False,False
synthetic/s7/0112,total,money,mock-b,mock-c,17.00,19.40,17.00,19.40,False,False,False
synthetic/s7/0112,total,money,mock-b,mock-d,17.00,19.40,17.00,19.40,False,False,False
synthetic/s7/0112,total,money,mock-c,mock-d,19.40,19.40,19.40,19.40,True,False,False
synthetic/s7/0113,address,address,mock-a,mock-b,lot 276 jln banting 43800 dengkil,lot 276 jln banting 43800 dengkil selangor,"LOT 276 JALAN BANTING, 43800 DENGKIL","LOT 276 JALAN BANTING, 43800 DENGKIL, SELANGOR",False,False,False
synthetic/s7/0113,address,address,mock-a,mock-c,lot 276 jln banting 43800 dengkil,lot 276 jln banting 43800 dengkil selangor,"LOT 276 JALAN BANTING, 43800 DENGKIL","LOT 276 JALAN BANTING, 43800 DENGKIL, SELANGOR",False,False,False
synthetic/s7/0113,address,address,mock-a,mock-d,lot 276 jln banting 43800 dengkil,lot 276 jln banting 43800 dengkil selangor,"LOT 276 JALAN BANTING, 43800 DENGKIL","LOT 276 JALAN BANTING, 43800 DENGKIL, SELANGOR",False,False,False
synthetic/s7/0113,address,address,mock-b,mock-c,lot 276 jln banting 43800 dengkil selangor,lot 276 jln banting 43800 dengkil selangor,"LOT 276 JALAN BANTING, 43800 DENGKIL, SELANGOR","LOT 276 JALAN BANTING, 43800 DENGKIL, SELANGOR",True,False,False
synthetic/s7/0113,address,address,mock-b,mock-d,lot 276 jln banting 43800 dengkil selangor,lot 276 jln banting 43800 dengkil selangor,"LOT 276 JALAN BANTING, 43800 DENGKIL, SELANGOR","LOT 276 JALAN BANTING, 43800 DENGKIL, SELANGOR",True,False,False
synthetic/s7/0113,address,address,mock-c,mock-d,lot 276 jln banting 43800 dengkil selangor,lot 276 jln banting 43800 dengkil selangor,"LOT 276 JALAN BANTING, 43800 DENGKIL, SELANGOR","LOT 276 JALAN BANTING, 43800 DENGKIL, SELANGOR",True,False,False
synthetic/s7/0113,company,org,mock-a,mock-b,kedai papan yew,kedai papan yew chuan,KEDAI PAPAN YEW,KEDAI PAPAN YEW CHUAN,False,False,False
synthetic/s7/0113,company,org,mock-a,mock-c,kedai papan yew,kedai papan yew chuan,KEDAI PAPAN YEW,KEDAI PAPAN YEW CHUAN,False,False,False
synthetic/s7/0113,company,org,mock-a,mock-d,kedai papan yew,∅,KEDAI PAPAN YEW,,False,False,True
synthetic/s7/0113,company,org,mock-b,mock-c,kedai papan yew chuan,kedai papan yew chuan,KEDAI PAPAN YEW CHUAN,KEDAI PAPAN YEW CHUAN,True,False,False
synthetic/s7/0113,company,org,mock-b,mock-d,kedai papan yew chuan,∅,KEDAI PAPAN YEW CHUAN,,False,False,True
synthetic/s7/0113,company,org,mock-c,mock-d,kedai papan yew chuan,∅,KEDAI PAPAN YEW CHUAN,,False,False,True
synthetic/s7/0113,date,date,mock-a,mock-b,2019-04-20,2019-04-20,20/04/2019,20/04/2019,True,False,False
synthetic/s7/0113,date,date,mock-a,mock-c,2019-04-20,2019-04-20,20/04/2019,20/04/2019,True,False,False
synthetic/s7/0113,date,date,mock-a,mock-d,2019-04-20,2019-04-20,20/04/2019,20/04/2019,True,False,False
synthetic/s7/0113,date,date,mock-b,mock-c,2019-04-20,2019-04-20,20/04/2019,20/04/2019,True,False,False
synthetic/s7/0113,date,date,mock-b,mock-d,2019-04-20,2019-04-20,20/04/2019,20/04/2019,True,False,False
synthetic/s7/0113,date,date,mock-c,mock-d,2019-04-20,2019-04-20,20/04/2019,20/04/2019,True,False,False
synthetic/s7/0113,phone,phone,mock-a,mock-b,583396042,83396042,58-339 6042,08-339 6042,False,False,False
synthetic/s7/0113,phone,phone,mock-a,mock-c,583396042,83396042,58-339 6042,08-339 6042,False,False,False
synthetic/s7/0113,phone,phone,mock-a,mock-d,583396042,83396042,58-339 6042,08-339 6042,False,False,False
synthetic/s7/0113,phone,phone,mock-b,mock-c,83396042,83396042,08-339 6042,08-339 6042,True,False,False
synthetic/s7/0113,phone,phone,mock-b,mock-d,83396042,83396042,08-339 6042,08-339 6042,True,False,False
synthetic/s7/0113,phone,phone,mock-c,mock-d,83396042,83396042,08-339 6042,08-339 6042,True,False,False
synthetic/s7/0113,tax,money,mock-a,mock-b,∅,∅,,,True,True,False
synthetic/s7/0113,tax,money,mock-a,mock-c,∅,∅,,,True,True,False
synthetic/s7/0113,tax,money,mock-a,mock-d,∅,∅,,,True,True,False
synthetic/s7/0113,tax,money,mock-b,mock-c,∅,∅,,,True,True,False
synthetic/s7/0113,tax,money,mock-b,mock-d,∅,∅,,,True,True,False
synthetic/s7/0113,tax,money,mock-c,mock-d,∅,∅,,,True,True,False
synthetic/s7/0113,total,money,mock-a,mock-b,34.20,∅,34.20,,False,False,True
synthetic/s7/0113,total,money,mock-a,mock-c,34.20,34.20,34.20,34.20,True,False,False
synthetic/s7/0113,total,money,mock-a,mock-d,34.20,34.20,34.20,34.20,True,False,False
synthetic/s7/0113,total,money,mock-b,mock-c,∅,34.20,,34.20,False,False,True
synthetic/s7/0113,total,money,mock-b,mock-d,∅,34.20,,34.20,False,False,True
synthetic/s7/0113,total,money,mock-c,mock-d,34.20,34.20,34.20,34.20,True,False,False
synthetic/s7/0114,address,address,mock-a,mock-b,no 2 and 4 jln bayu 4 bdr seri alam 81750 masai johor,no 2 and 4 jln bayu 4 bdr seri alam 81750 masai,"NO 2 & 4, JALAN BAYU 4, BANDAR SERI ALAM, 81750 MASAI, JOHOR","NO 2 & 4, JALAN BAYU 4, BANDAR SERI ALAM, 81750 MASAI",False,False,False
synthetic/s7/0114,address,address,mock-a,mock-c,no 2 and 4 jln bayu 4 bdr seri alam 81750 masai johor,no 2 and 4 jln bayu 4 bdr seri alam 81750 masai johor,"NO 2 & 4, JALAN BAYU 4, BANDAR SERI ALAM, 81750 MASAI, JOHOR","NO 2 & 4, JALAN BAYU 4, BANDAR SERI ALAM, 81750 MASAI, JOHOR",True,False,False
synthetic/s7/0114,address,address,mock-a,mock-d,no 2 and 4 jln bayu 4 bdr seri alam 81750 masai johor,no 2 and 4 jln bayu 4 bdr seri alam 81750 masai johor,"NO 2 & 4, JALAN BAYU 4, BANDAR SERI ALAM, 81750 MASAI, JOHOR","NO 2 & 4, JALAN BAYU 4, BANDAR SERI ALAM, 81750 MASAI, JOHOR",True,False,False
synthetic/s7/0114,address,address,mock-b,mock-c,no 2 and 4 jln bayu 4 bdr seri alam 81750 masai,no 2 and 4 jln bayu 4 bdr seri alam 81750 masai johor,"NO 2 & 4, JALAN BAYU 4, BANDAR SERI ALAM, 81750 MASAI","NO 2 & 4, JALAN BAYU 4, BANDAR SERI ALAM, 81750 MASAI, JOHOR",False,False,False
synthetic/s7/0114,address,address,mock-b,mock-d,no 2 and 4 jln bayu 4 bdr seri alam 81750 masai,no 2 and 4 jln bayu 4 bdr seri alam 81750 masai johor,"NO 2 & 4, JALAN BAYU 4, BANDAR SERI ALAM, 81750 MASAI","NO 2 & 4, JALAN BAYU 4, BANDAR SERI ALAM, 81750 MASAI, JOHOR",False,False,False
synthetic/s7/0114,address,address,mock-c,mock-d,no 2 and 4 jln bayu 4 bdr seri alam 81750 masai johor,no 2 and 4 jln bayu 4 bdr seri alam 81750 masai johor,"NO 2 & 4, JALAN BAYU 4, BANDAR SERI ALAM, 81750 MASAI, JOHOR","NO 2 & 4, JALAN BAYU 4, BANDAR SERI ALAM, 81750 MASAI, JOHOR",True,False,False
synthetic/s7/0114,company,org,mock-a,mock-b,ojc marketing,ojc marketing sdn,OJC MARKETING SDN BHD,OJC MARKETING SDN,False,False,False
synthetic/s7/0114,company,org,mock-a,mock-c,ojc marketing,ojc marketing,OJC MARKETING SDN BHD,OJC MARKETING SDN BHD,True,False,False
synthetic/s7/0114,company,org,mock-a,mock-d,ojc marketing,ojc marketing,OJC MARKETING SDN BHD,OJC MARKETING SDN BHD,True,False,False
synthetic/s7/0114,company,org,mock-b,mock-c,ojc marketing sdn,ojc marketing,OJC MARKETING SDN,OJC MARKETING SDN BHD,False,False,False
synthetic/s7/0114,company,org,mock-b,mock-d,ojc marketing sdn,ojc marketing,OJC MARKETING SDN,OJC MARKETING SDN BHD,False,False,False
synthetic/s7/0114,company,org,mock-c,mock-d,ojc marketing,ojc marketing,OJC MARKETING SDN BHD,OJC MARKETING SDN BHD,True,False,False
synthetic/s7/0114,date,date,mock-a,mock-b,2018-02-19,2018-02-19,19/02/2018,19/02/2018,True,False,False
synthetic/s7/0114,date,date,mock-a,mock-c,2018-02-19,2018-02-19,19/02/2018,02/19/2018,True,False,False
synthetic/s7/0114,date,date,mock-a,mock-d,2018-02-19,2018-02-19,19/02/2018,19/02/2018,True,False,False
synthetic/s7/0114,date,date,mock-b,mock-c,2018-02-19,2018-02-19,19/02/2018,02/19/2018,True,False,False
synthetic/s7/0114,date,date,mock-b,mock-d,2018-02-19,2018-02-19,19/02/2018,19/02/2018,True,False,False
synthetic/s7/0114,date,date,mock-c,mock-d,2018-02-19,2018-02-19,02/19/2018,19/02/2018,True,False,False
synthetic/s7/0114,phone,phone,mock-a,mock-b,∅,∅,,,True,True,False
synthetic/s7/0114,phone,phone,mock-a,mock-c,∅,∅,,,True,True,False
synthetic/s7/0114,phone,phone,mock-a,mock-d,∅,∅,,,True,True,False
synthetic/s7/0114,phone,phone,mock-b,mock-c,∅,∅,,,True,True,False
synthetic/s7/0114,phone,phone,mock-b,mock-d,∅,∅,,,True,True,False
synthetic/s7/0114,phone,phone,mock-c,mock-d,∅,∅,,,True,True,False
synthetic/s7/0114,tax,money,mock-a,mock-b,0.30,0.30,0.30,0.30,True,False,False
synthetic/s7/0114,tax,money,mock-a,mock-c,0.30,0.30,0.30,0.30,True,False,False
synthetic/s7/0114,tax,money,mock-a,mock-d,0.30,0.30,0.30,0.30,True,False,False
synthetic/s7/0114,tax,money,mock-b,mock-c,0.30,0.30,0.30,0.30,True,False,False
synthetic/s7/0114,tax,money,mock-b,mock-d,0.30,0.30,0.30,0.30,True,False,False
synthetic/s7/0114,tax,money,mock-c,mock-d,0.30,0.30,0.30,0.30,True,False,False
synthetic/s7/0114,total,money,mock-a,mock-b,6.68,6.68,6.68,6.68,True,False,False
synthetic/s7/0114,total,money,mock-a,mock-c,6.68,6.68,6.68,6.68,True,False,False
synthetic/s7/0114,total,money,mock-a,mock-d,6.68,6.68,6.68,6.68,True,False,False
synthetic/s7/0114,total,money,mock-b,mock-c,6.68,6.68,6.68,6.68,True,False,False
synthetic/s7/0114,total,money,mock-b,mock-d,6.68,6.68,6.68,6.68,True,False,False
synthetic/s7/0114,total,money,mock-c,mock-d,6.68,6.68,6.68,6.68,True,False,False
synthetic/s7/0115,address,address,mock-a,mock-b,no 59 jln permas 9 5 bdr baru permas jaya 81750 johor bahru,no 59 jln permas 9 5 bdr baru permas jaya 81750 johor bahru,"NO.59 JALAN PERMAS 9/5, BANDAR BARU PERMAS JAYA, 81750 JOHOR BAHRU","NO.59 JALAN PERMAS 9/5, BANDAR BARU PERMAS JAYA, 81750 JOHOR BAHRU",True,False,False
synthetic/s7/0115,address,address,mock-a,mock-c,no 59 jln permas 9 5 bdr baru permas jaya 81750 johor bahru,no 59 jln permas 9 5 bdr baru permas jaya 81750 johor bahru,"NO.59 JALAN PERMAS 9/5, BANDAR BARU PERMAS JAYA, 81750 JOHOR BAHRU","NO.59 JALAN PERMAS 9/5, BANDAR BARU PERMAS JAYA, 81750 JOHOR BAHRU",True,False,False
synthetic/s7/0115,address,address,mock-a,mock-d,no 59 jln permas 9 5 bdr baru permas jaya 81750 johor bahru,no 59 jln permas 9 5 bdr baru permas jaya 81750 johor bahru,"NO.59 JALAN PERMAS 9/5, BANDAR BARU PERMAS JAYA, 81750 JOHOR BAHRU","NO.59 JALAN PERMAS 9/5, BANDAR BARU PERMAS JAYA, 81750 JOHOR BAHRU",True,False,False
synthetic/s7/0115,address,address,mock-b,mock-c,no 59 jln permas 9 5 bdr baru permas jaya 81750 johor bahru,no 59 jln permas 9 5 bdr baru permas jaya 81750 johor bahru,"NO.59 JALAN PERMAS 9/5, BANDAR BARU PERMAS JAYA, 81750 JOHOR BAHRU","NO.59 JALAN PERMAS 9/5, BANDAR BARU PERMAS JAYA, 81750 JOHOR BAHRU",True,False,False
synthetic/s7/0115,address,address,mock-b,mock-d,no 59 jln permas 9 5 bdr baru permas jaya 81750 johor bahru,no 59 jln permas 9 5 bdr baru permas jaya 81750 johor bahru,"NO.59 JALAN PERMAS 9/5, BANDAR BARU PERMAS JAYA, 81750 JOHOR BAHRU","NO.59 JALAN PERMAS 9/5, BANDAR BARU PERMAS JAYA, 81750 JOHOR BAHRU",True,False,False
synthetic/s7/0115,address,address,mock-c,mock-d,no 59 jln permas 9 5 bdr baru permas jaya 81750 johor bahru,no 59 jln permas 9 5 bdr baru permas jaya 81750 johor bahru,"NO.59 JALAN PERMAS 9/5, BANDAR BARU PERMAS JAYA, 81750 JOHOR BAHRU","NO.59 JALAN PERMAS 9/5, BANDAR BARU PERMAS JAYA, 81750 JOHOR BAHRU",True,False,False
synthetic/s7/0115,company,org,mock-a,mock-b,perniagaan zheng hui,perniagaan zheng hui,PERNIAGAAN ZHENG HUI,PERNIAGAAN ZHENG HUI,True,False,False
synthetic/s7/0115,company,org,mock-a,mock-c,perniagaan zheng hui,perniagaan zheng hui,PERNIAGAAN ZHENG HUI,PERNIAGAAN ZHENG HUI,True,False,False
synthetic/s7/0115,company,org,mock-a,mock-d,perniagaan zheng hui,perniagaan zheng hui,PERNIAGAAN ZHENG HUI,PERNIAGAAN ZHENG HUI,True,False,False
synthetic/s7/0115,company,org,mock-b,mock-c,perniagaan zheng hui,perniagaan zheng hui,PERNIAGAAN ZHENG HUI,PERNIAGAAN ZHENG HUI,True,False,False
synthetic/s7/0115,company,org,mock-b,mock-d,perniagaan zheng hui,perniagaan zheng hui,PERNIAGAAN ZHENG HUI,PERNIAGAAN ZHENG HUI,True,False,False
synthetic/s7/0115,company,org,mock-c,mock-d,perniagaan zheng hui,perniagaan zheng hui,PERNIAGAAN ZHENG HUI,PERNIAGAAN ZHENG HUI,True,False,False
synthetic/s7/0115,date,date,mock-a,mock-b,∅,2018-01-23,,23/01/2018,False,False,True
synthetic/s7/0115,date,date,mock-a,mock-c,∅,2018-01-23,,23/01/2018,False,False,True
synthetic/s7/0115,date,date,mock-a,mock-d,∅,2018-01-23,,23/01/2018,False,False,True
synthetic/s7/0115,date,date,mock-b,mock-c,2018-01-23,2018-01-23,23/01/2018,23/01/2018,True,False,False
synthetic/s7/0115,date,date,mock-b,mock-d,2018-01-23,2018-01-23,23/01/2018,23/01/2018,True,False,False
synthetic/s7/0115,date,date,mock-c,mock-d,2018-01-23,2018-01-23,23/01/2018,23/01/2018,True,False,False
synthetic/s7/0115,phone,phone,mock-a,mock-b,312345678,312345678,03-1234 5678,03-1234 5678,True,False,False
synthetic/s7/0115,phone,phone,mock-a,mock-c,312345678,312345678,03-1234 5678,03-1234 5678,True,False,False
synthetic/s7/0115,phone,phone,mock-a,mock-d,312345678,312345678,03-1234 5678,03-1234 5678,True,False,False
synthetic/s7/0115,phone,phone,mock-b,mock-c,312345678,312345678,03-1234 5678,03-1234 5678,True,False,False
synthetic/s7/0115,phone,phone,mock-b,mock-d,312345678,312345678,03-1234 5678,03-1234 5678,True,False,False
synthetic/s7/0115,phone,phone,mock-c,mock-d,312345678,312345678,03-1234 5678,03-1234 5678,True,False,False
synthetic/s7/0115,tax,money,mock-a,mock-b,∅,∅,,,True,True,False
synthetic/s7/0115,tax,money,mock-a,mock-c,∅,∅,,,True,True,False
synthetic/s7/0115,tax,money,mock-a,mock-d,∅,∅,,,True,True,False
synthetic/s7/0115,tax,money,mock-b,mock-c,∅,∅,,,True,True,False
synthetic/s7/0115,tax,money,mock-b,mock-d,∅,∅,,,True,True,False
synthetic/s7/0115,tax,money,mock-c,mock-d,∅,∅,,,True,True,False
synthetic/s7/0115,total,money,mock-a,mock-b,2.30,2.30,2.30,2.30,True,False,False
synthetic/s7/0115,total,money,mock-a,mock-c,2.30,2.30,2.30,2.30,True,False,False
synthetic/s7/0115,total,money,mock-a,mock-d,2.30,2.30,2.30,2.30,True,False,False
synthetic/s7/0115,total,money,mock-b,mock-c,2.30,2.30,2.30,2.30,True,False,False
synthetic/s7/0115,total,money,mock-b,mock-d,2.30,2.30,2.30,2.30,True,False,False
synthetic/s7/0115,total,money,mock-c,mock-d,2.30,2.30,2.30,2.30,True,False,False
synthetic/s7/0116,address,address,mock-a,mock-b,lot 3 jln pelabur 23 1 40300 shah alam selangor,lot 3 jln pelabur 23 1 40300 shah alam,"LOT 3, JALAN PELABUR 23/1, 40300 SHAH ALAM, SELANGOR","LOT 3, JALAN PELABUR 23/1, 40300 SHAH ALAM",False,False,False
synthetic/s7/0116,address,address,mock-a,mock-c,lot 3 jln pelabur 23 1 40300 shah alam selangor,lot 3 jln pelabur 23 1 40300 shah alam selangor,"LOT 3, JALAN PELABUR 23/1, 40300 SHAH ALAM, SELANGOR","LOT 3, JALAN PELABUR 23/1, 40300 SHAH ALAM, SELANGOR",True,False,False
synthetic/s7/0116,address,address,mock-a,mock-d,lot 3 jln pelabur 23 1 40300 shah alam selangor,lot 3 jln pelabur 23 1 40300 shah alam,"LOT 3, JALAN PELABUR 23/1, 40300 SHAH ALAM, SELANGOR","LOT 3, JALAN PELABUR 23/1, 40300 SHAH ALAM",False,False,False
synthetic/s7/0116,address,address,mock-b,mock-c,lot 3 jln pelabur 23 1 40300 shah alam,lot 3 jln pelabur 23 1 40300 shah alam selangor,"LOT 3, JALAN PELABUR 23/1, 40300 SHAH ALAM","LOT 3, JALAN PELABUR 23/1, 40300 SHAH ALAM, SELANGOR",False,False,False
synthetic/s7/0116,address,address,mock-b,mock-d,lot 3 jln pelabur 23 1 40300 shah alam,lot 3 jln pelabur 23 1 40300 shah alam,"LOT 3, JALAN PELABUR 23/1, 40300 SHAH ALAM","LOT 3, JALAN PELABUR 23/1, 40300 SHAH ALAM",True,False,False
synthetic/s7/0116,address,address,mock-c,mock-d,lot 3 jln pelabur 23 1 40300 shah alam selangor,lot 3 jln pelabur 23 1 40300 shah alam,"LOT 3, JALAN PELABUR 23/1, 40300 SHAH ALAM, SELANGOR","LOT 3, JALAN PELABUR 23/1, 40300 SHAH ALAM",False,False,False
synthetic/s7/0116,company,org,mock-a,mock-b,gardenia bakeries kl sdn,gardenia bakeries kl sdn,GARDENIA BAKERIES (KL) SDN,GARDENIA BAKERIES (KL) SDN,True,False,False
synthetic/s7/0116,company,org,mock-a,mock-c,gardenia bakeries kl sdn,gardenia bakeries kl,GARDENIA BAKERIES (KL) SDN,GARDENIA BAKERIES (KL) SDN BHD,False,False,False
synthetic/s7/0116,company,org,mock-a,mock-d,gardenia bakeries kl sdn,gardenia bakeries kl,GARDENIA BAKERIES (KL) SDN,GARDENIA BAKERIES (KL) SDN BHD,False,False,False
synthetic/s7/0116,company,org,mock-b,mock-c,gardenia bakeries kl sdn,gardenia bakeries kl,GARDENIA BAKERIES (KL) SDN,GARDENIA BAKERIES (KL) SDN BHD,False,False,False
synthetic/s7/0116,company,org,mock-b,mock-d,gardenia bakeries kl sdn,gardenia bakeries kl,GARDENIA BAKERIES (KL) SDN,GARDENIA BAKERIES (KL) SDN BHD,False,False,False
synthetic/s7/0116,company,org,mock-c,mock-d,gardenia bakeries kl,gardenia bakeries kl,GARDENIA BAKERIES (KL) SDN BHD,GARDENIA BAKERIES (KL) SDN BHD,True,False,False
synthetic/s7/0116,date,date,mock-a,mock-b,2019-10-03,2019-10-03,03/10/2019,03/10/2019,True,False,False
synthetic/s7/0116,date,date,mock-a,mock-c,2019-10-03,2019-10-03,03/10/2019,03/10/2019,True,False,False
synthetic/s7/0116,date,date,mock-a,mock-d,2019-10-03,2019-10-03,03/10/2019,03/10/2019,True,False,False
synthetic/s7/0116,date,date,mock-b,mock-c,2019-10-03,2019-10-03,03/10/2019,03/10/2019,True,False,False
synthetic/s7/0116,date,date,mock-b,mock-d,2019-10-03,2019-10-03,03/10/2019,03/10/2019,True,False,False
synthetic/s7/0116,date,date,mock-c,mock-d,2019-10-03,2019-10-03,03/10/2019,03/10/2019,True,False,False
synthetic/s7/0116,phone,phone,mock-a,mock-b,∅,∅,,,True,True,False
synthetic/s7/0116,phone,phone,mock-a,mock-c,∅,∅,,,True,True,False
synthetic/s7/0116,phone,phone,mock-a,mock-d,∅,∅,,,True,True,False
synthetic/s7/0116,phone,phone,mock-b,mock-c,∅,∅,,,True,True,False
synthetic/s7/0116,phone,phone,mock-b,mock-d,∅,∅,,,True,True,False
synthetic/s7/0116,phone,phone,mock-c,mock-d,∅,∅,,,True,True,False
synthetic/s7/0116,tax,money,mock-a,mock-b,∅,∅,,,True,True,False
synthetic/s7/0116,tax,money,mock-a,mock-c,∅,∅,,,True,True,False
synthetic/s7/0116,tax,money,mock-a,mock-d,∅,∅,,,True,True,False
synthetic/s7/0116,tax,money,mock-b,mock-c,∅,∅,,,True,True,False
synthetic/s7/0116,tax,money,mock-b,mock-d,∅,∅,,,True,True,False
synthetic/s7/0116,tax,money,mock-c,mock-d,∅,∅,,,True,True,False
synthetic/s7/0116,total,money,mock-a,mock-b,34.30,34.30,34.30,34.30,True,False,False
synthetic/s7/0116,total,money,mock-a,mock-c,34.30,34.30,34.30,34.30,True,False,False
synthetic/s7/0116,total,money,mock-a,mock-d,34.30,34.30,34.30,34.30,True,False,False
synthetic/s7/0116,total,money,mock-b,mock-c,34.30,34.30,34.30,34.30,True,False,False
synthetic/s7/0116,total,money,mock-b,mock-d,34.30,34.30,34.30,34.30,True,False,False
synthetic/s7/0116,total,money,mock-c,mock-d,34.30,34.30,34.30,34.30,True,False,False
synthetic/s7/0117,address,address,mock-a,mock-b,no 31g and 33g jln setia indah x u13 x 40170 setia alam,no 31g and 33g jln setia indah x u13 x 40170 setia alam,"NO. 31G&33G, JALAN SETIA INDAH X, U13/X, 40170 SETIA ALAM","NO. 31G&33G, JALAN SETIA INDAH X, U13/X, 40170 SETIA ALAM",True,False,False
synthetic/s7/0117,address,address,mock-a,mock-c,no 31g and 33g jln setia indah x u13 x 40170 setia alam,no 31g and 33g jln setia indah x u13 x 40170 setia alam,"NO. 31G&33G, JALAN SETIA INDAH X, U13/X, 40170 SETIA ALAM","NO. 31G&33G, JALAN SETIA INDAH X, U13/X, 40170 SETIA ALAM",True,False,False
synthetic/s7/0117,address,address,mock-a,mock-d,no 31g and 33g jln setia indah x u13 x 40170 setia alam,no 31g and 33g jln setia indah x u13 x 40170 setia alam,"NO. 31G&33G, JALAN SETIA INDAH X, U13/X, 40170 SETIA ALAM","NO. 31G&33G, JALAN SETIA INDAH X, U13/X, 40170 SETIA ALAM",True,False,False
synthetic/s7/0117,address,address,mock-b,mock-c,no 31g and 33g jln setia indah x u13 x 40170 setia alam,no 31g and 33g jln setia indah x u13 x 40170 setia alam,"NO. 31G&33G, JALAN SETIA INDAH X, U13/X, 40170 SETIA ALAM","NO. 31G&33G, JALAN SETIA INDAH X, U13/X, 40170 SETIA ALAM",True,False,False
synthetic/s7/0117,address,address,mock-b,mock-d,no 31g and 33g jln setia indah x u13 x 40170 setia alam,no 31g and 33g jln setia indah x u13 x 40170 setia alam,"NO. 31G&33G, JALAN SETIA INDAH X, U13/X, 40170 SETIA ALAM","NO. 31G&33G, JALAN SETIA INDAH X, U13/X, 40170 SETIA ALAM",True,False,False
synthetic/s7/0117,address,address,mock-c,mock-d,no 31g and 33g jln setia indah x u13 x 40170 setia alam,no 31g and 33g jln setia indah x u13 x 40170 setia alam,"NO. 31G&33G, JALAN SETIA INDAH X, U13/X, 40170 SETIA ALAM","NO. 31G&33G, JALAN SETIA INDAH X, U13/X, 40170 SETIA ALAM",True,False,False
synthetic/s7/0117,company,org,mock-a,mock-b,sanyu stationery shop,stationery shop,SANYU STATIONERY SHOP,STATIONERY SHOP,False,False,False
synthetic/s7/0117,company,org,mock-a,mock-c,sanyu stationery shop,sanyu stationery shop,SANYU STATIONERY SHOP,SANYU STATIONERY SHOP,True,False,False
synthetic/s7/0117,company,org,mock-a,mock-d,sanyu stationery shop,sanyu stationery shop,SANYU STATIONERY SHOP,SANYU STATIONERY SHOP,True,False,False
synthetic/s7/0117,company,org,mock-b,mock-c,stationery shop,sanyu stationery shop,STATIONERY SHOP,SANYU STATIONERY SHOP,False,False,False
synthetic/s7/0117,company,org,mock-b,mock-d,stationery shop,sanyu stationery shop,STATIONERY SHOP,SANYU STATIONERY SHOP,False,False,False
synthetic/s7/0117,company,org,mock-c,mock-d,sanyu stationery shop,sanyu stationery shop,SANYU STATIONERY SHOP,SANYU STATIONERY SHOP,True,False,False
synthetic/s7/0117,date,date,mock-a,mock-b,2018-04-07,2018-04-07,07/04/2018,07/04/2018,True,False,False
synthetic/s7/0117,date,date,mock-a,mock-c,2018-04-07,2018-04-07,07/04/2018,07/04/2018,True,False,False
synthetic/s7/0117,date,date,mock-a,mock-d,2018-04-07,2018-04-07,07/04/2018,07/04/2018,True,False,False
synthetic/s7/0117,date,date,mock-b,mock-c,2018-04-07,2018-04-07,07/04/2018,07/04/2018,True,False,False
synthetic/s7/0117,date,date,mock-b,mock-d,2018-04-07,2018-04-07,07/04/2018,07/04/2018,True,False,False
synthetic/s7/0117,date,date,mock-c,mock-d,2018-04-07,2018-04-07,07/04/2018,07/04/2018,True,False,False
synthetic/s7/0117,phone,phone,mock-a,mock-b,312345678,312345678,03-1234 5678,03-1234 5678,True,False,False
synthetic/s7/0117,phone,phone,mock-a,mock-c,312345678,312345678,03-1234 5678,03-1234 5678,True,False,False
synthetic/s7/0117,phone,phone,mock-a,mock-d,312345678,312345678,03-1234 5678,03-1234 5678,True,False,False
synthetic/s7/0117,phone,phone,mock-b,mock-c,312345678,312345678,03-1234 5678,03-1234 5678,True,False,False
synthetic/s7/0117,phone,phone,mock-b,mock-d,312345678,312345678,03-1234 5678,03-1234 5678,True,False,False
synthetic/s7/0117,phone,phone,mock-c,mock-d,312345678,312345678,03-1234 5678,03-1234 5678,True,False,False
synthetic/s7/0117,tax,money,mock-a,mock-b,∅,∅,,,True,True,False
synthetic/s7/0117,tax,money,mock-a,mock-c,∅,∅,,,True,True,False
synthetic/s7/0117,tax,money,mock-a,mock-d,∅,∅,,,True,True,False
synthetic/s7/0117,tax,money,mock-b,mock-c,∅,∅,,,True,True,False
synthetic/s7/0117,tax,money,mock-b,mock-d,∅,∅,,,True,True,False
synthetic/s7/0117,tax,money,mock-c,mock-d,∅,∅,,,True,True,False
synthetic/s7/0117,total,money,mock-a,mock-b,1.50,1.50,1.50,1.50,True,False,False
synthetic/s7/0117,total,money,mock-a,mock-c,1.50,1.50,1.50,1.50,True,False,False
synthetic/s7/0117,total,money,mock-a,mock-d,1.50,1.50,1.50,1.50,True,False,False
synthetic/s7/0117,total,money,mock-b,mock-c,1.50,1.50,1.50,1.50,True,False,False
synthetic/s7/0117,total,money,mock-b,mock-d,1.50,1.50,1.50,1.50,True,False,False
synthetic/s7/0117,total,money,mock-c,mock-d,1.50,1.50,1.50,1.50,True,False,False
synthetic/s7/0118,address,address,mock-a,mock-b,lot p t 2811 jln angsana tmn mutiara rini 81300 skudai,lot p t 2811 jln angsana tmn mutiara rini 81300 skudai,"LOT P.T. 2811, JALAN ANGSANA, TAMAN MUTIARA RINI, 81300 SKUDAI","LOT P.T. 2811, JALAN ANGSANA, TAMAN MUTIARA RINI, 81300 SKUDAI",True,False,False
synthetic/s7/0118,address,address,mock-a,mock-c,lot p t 2811 jln angsana tmn mutiara rini 81300 skudai,lot p t 2811 jln angsana tmn mutiara rini 81300 skudai,"LOT P.T. 2811, JALAN ANGSANA, TAMAN MUTIARA RINI, 81300 SKUDAI","LOT P.T. 2811, JALAN ANGSANA, TAMAN MUTIARA RINI, 81300 SKUDAI",True,False,False
synthetic/s7/0118,address,address,mock-a,mock-d,lot p t 2811 jln angsana tmn mutiara rini 81300 skudai,lot p t 2811 jln angsana tmn mutiara rini 81300 skudai,"LOT P.T. 2811, JALAN ANGSANA, TAMAN MUTIARA RINI, 81300 SKUDAI","LOT P.T. 2811, JALAN ANGSANA, TAMAN MUTIARA RINI, 81300 SKUDAI",True,False,False
synthetic/s7/0118,address,address,mock-b,mock-c,lot p t 2811 jln angsana tmn mutiara rini 81300 skudai,lot p t 2811 jln angsana tmn mutiara rini 81300 skudai,"LOT P.T. 2811, JALAN ANGSANA, TAMAN MUTIARA RINI, 81300 SKUDAI","LOT P.T. 2811, JALAN ANGSANA, TAMAN MUTIARA RINI, 81300 SKUDAI",True,False,False
synthetic/s7/0118,address,address,mock-b,mock-d,lot p t 2811 jln angsana tmn mutiara rini 81300 skudai,lot p t 2811 jln angsana tmn mutiara rini 81300 skudai,"LOT P.T. 2811, JALAN ANGSANA, TAMAN MUTIARA RINI, 81300 SKUDAI","LOT P.T. 2811, JALAN ANGSANA, TAMAN MUTIARA RINI, 81300 SKUDAI",True,False,False
synthetic/s7/0118,address,address,mock-c,mock-d,lot p t 2811 jln angsana tmn mutiara rini 81300 skudai,lot p t 2811 jln angsana tmn mutiara rini 81300 skudai,"LOT P.T. 2811, JALAN ANGSANA, TAMAN MUTIARA RINI, 81300 SKUDAI","LOT P.T. 2811, JALAN ANGSANA, TAMAN MUTIARA RINI, 81300 SKUDAI",True,False,False
synthetic/s7/0118,company,org,mock-a,mock-b,99 speed mart s b,99 speed mart s b,99 SPEED MART S/B,99 SPEED MART S/B,True,False,False
synthetic/s7/0118,company,org,mock-a,mock-c,99 speed mart s b,99 speed mart s b,99 SPEED MART S/B,99 SPEED MART S/B,True,False,False
synthetic/s7/0118,company,org,mock-a,mock-d,99 speed mart s b,∅,99 SPEED MART S/B,,False,False,True
synthetic/s7/0118,company,org,mock-b,mock-c,99 speed mart s b,99 speed mart s b,99 SPEED MART S/B,99 SPEED MART S/B,True,False,False
synthetic/s7/0118,company,org,mock-b,mock-d,99 speed mart s b,∅,99 SPEED MART S/B,,False,False,True
synthetic/s7/0118,company,org,mock-c,mock-d,99 speed mart s b,∅,99 SPEED MART S/B,,False,False,True
synthetic/s7/0118,date,date,mock-a,mock-b,2019-05-21,2019-05-21,21/05/2019,21/05/2019,True,False,False
synthetic/s7/0118,date,date,mock-a,mock-c,2019-05-21,2019-05-21,21/05/2019,21/05/2019,True,False,False
synthetic/s7/0118,date,date,mock-a,mock-d,2019-05-21,2019-05-21,21/05/2019,05/21/2019,True,False,False
synthetic/s7/0118,date,date,mock-b,mock-c,2019-05-21,2019-05-21,21/05/2019,21/05/2019,True,False,False
synthetic/s7/0118,date,date,mock-b,mock-d,2019-05-21,2019-05-21,21/05/2019,05/21/2019,True,False,False
synthetic/s7/0118,date,date,mock-c,mock-d,2019-05-21,2019-05-21,21/05/2019,05/21/2019,True,False,False
synthetic/s7/0118,phone,phone,mock-a,mock-b,∅,∅,,,True,True,False
synthetic/s7/0118,phone,phone,mock-a,mock-c,∅,∅,,,True,True,False
synthetic/s7/0118,phone,phone,mock-a,mock-d,∅,∅,,,True,True,False
synthetic/s7/0118,phone,phone,mock-b,mock-c,∅,∅,,,True,True,False
synthetic/s7/0118,phone,phone,mock-b,mock-d,∅,∅,,,True,True,False
synthetic/s7/0118,phone,phone,mock-c,mock-d,∅,∅,,,True,True,False
synthetic/s7/0118,tax,money,mock-a,mock-b,0.14,0.14,0.14,0.14,True,False,False
synthetic/s7/0118,tax,money,mock-a,mock-c,0.14,0.14,0.14,0.14,True,False,False
synthetic/s7/0118,tax,money,mock-a,mock-d,0.14,0.14,0.14,0.14,True,False,False
synthetic/s7/0118,tax,money,mock-b,mock-c,0.14,0.14,0.14,0.14,True,False,False
synthetic/s7/0118,tax,money,mock-b,mock-d,0.14,0.14,0.14,0.14,True,False,False
synthetic/s7/0118,tax,money,mock-c,mock-d,0.14,0.14,0.14,0.14,True,False,False
synthetic/s7/0118,total,money,mock-a,mock-b,2.94,∅,2.94,,False,False,True
synthetic/s7/0118,total,money,mock-a,mock-c,2.94,2.44,2.94,2.44,False,False,False
synthetic/s7/0118,total,money,mock-a,mock-d,2.94,2.44,2.94,2.44,False,False,False
synthetic/s7/0118,total,money,mock-b,mock-c,∅,2.44,,2.44,False,False,True
synthetic/s7/0118,total,money,mock-b,mock-d,∅,2.44,,2.44,False,False,True
synthetic/s7/0118,total,money,mock-c,mock-d,2.44,2.44,2.44,2.44,True,False,False
synthetic/s7/0119,address,address,mock-a,mock-b,lot 276 jln banting 43800 dengkil selangor,lot 276 jln banting 43800 dengkil,"LOT 276 JALAN BANTING, 43800 DENGKIL, SELANGOR","LOT 276 JALAN BANTING, 43800 DENGKIL",False,False,False
synthetic/s7/0119,address,address,mock-a,mock-c,lot 276 jln banting 43800 dengkil selangor,lot 276 jln banting 43800 dengkil selangor,"LOT 276 JALAN BANTING, 43800 DENGKIL, SELANGOR","LOT 276 JALAN BANTING, 43800 DENGKIL, SELANGOR",True,False,False
synthetic/s7/0119,address,address,mock-a,mock-d,lot 276 jln banting 43800 dengkil selangor,lot 276 jln banting 43800 dengkil selangor,"LOT 276 JALAN BANTING, 43800 DENGKIL, SELANGOR","LOT 276 JALAN BANTING, 43800 DENGKIL, SELANGOR",True,False,False
synthetic/s7/0119,address,address,mock-b,mock-c,lot 276 jln banting 43800 dengkil,lot 276 jln banting 43800 dengkil selangor,"LOT 276 JALAN BANTING, 43800 DENGKIL","LOT 276 JALAN BANTING, 43800 DENGKIL, SELANGOR",False,False,False
synthetic/s7/0119,address,address,mock-b,mock-d,lot 276 jln banting 43800 dengkil,lot 276 jln banting 43800 dengkil selangor,"LOT 276 JALAN BANTING, 43800 DENGKIL","LOT 276 JALAN BANTING, 43800 DENGKIL, SELANGOR",False,False,False
synthetic/s7/0119,address,address,mock-c,mock-d,lot 276 jln banting 43800 dengkil selangor,lot 276 jln banting 43800 dengkil selangor,"LOT 276 JALAN BANTING, 43800 DENGKIL, SELANGOR","LOT 276 JALAN BANTING, 43800 DENGKIL, SELANGOR",True,False,False
synthetic/s7/0119,company,org,mock-a,mock-b,kedai papan yew chuan,kedai papan yew chuan,KEDAI PAPAN YEW CHUAN,KEDAI PAPAN YEW CHUAN,True,False,False
synthetic/s7/0119,company,org,mock-a,mock-c,kedai papan yew chuan,kedai papan yew chuan,KEDAI PAPAN YEW CHUAN,KEDAI PAPAN YEW CHUAN,True,False,False
synthetic/s7/0119,company,org,mock-a,mock-d,kedai papan yew chuan,kedai papan yew chuan,KEDAI PAPAN YEW CHUAN,KEDAI PAPAN YEW CHUAN,True,False,False
synthetic/s7/0119,company,org,mock-b,mock-c,kedai papan yew chuan,kedai papan yew chuan,KEDAI PAPAN YEW CHUAN,KEDAI PAPAN YEW CHUAN,True,False,False
synthetic/s7/0119,company,org,mock-b,mock-d,kedai papan yew chuan,kedai papan yew chuan,KEDAI PAPAN YEW CHUAN,KEDAI PAPAN YEW CHUAN,True,False,False
synthetic/s7/0119,company,org,mock-c,mock-d,kedai papan yew chuan,kedai papan yew chuan,KEDAI PAPAN YEW CHUAN,KEDAI PAPAN YEW CHUAN,True,False,False
synthetic/s7/0119,date,date,mock-a,mock-b,2019-07-11,2019-07-11,11/07/2019,11/07/2019,True,False,False
synthetic/s7/0119,date,date,mock-a,mock-c,2019-07-11,2019-07-11,11/07/2019,11/07/2019,True,False,False
synthetic/s7/0119,date,date,mock-a,mock-d,2019-07-11,2019-11-07,11/07/2019,07/11/2019,False,False,False
synthetic/s7/0119,date,date,mock-b,mock-c,2019-07-11,2019-07-11,11/07/2019,11/07/2019,True,False,False
synthetic/s7/0119,date,date,mock-b,mock-d,2019-07-11,2019-11-07,11/07/2019,07/11/2019,False,False,False
synthetic/s7/0119,date,date,mock-c,mock-d,2019-07-11,2019-11-07,11/07/2019,07/11/2019,False,False,False
synthetic/s7/0119,phone,phone,mock-a,mock-b,88787029,88787029,08-878 7029,08-878 7029,True,False,False
synthetic/s7/0119,phone,phone,mock-a,mock-c,88787029,88787029,08-878 7029,08-878 7029,True,False,False
synthetic/s7/0119,phone,phone,mock-a,mock-d,88787029,88787029,08-878 7029,08-878 7029,True,False,False
synthetic/s7/0119,phone,phone,mock-b,mock-c,88787029,88787029,08-878 7029,08-878 7029,True,False,False
synthetic/s7/0119,phone,phone,mock-b,mock-d,88787029,88787029,08-878 7029,08-878 7029,True,False,False
synthetic/s7/0119,phone,phone,mock-c,mock-d,88787029,88787029,08-878 7029,08-878 7029,True,False,False
synthetic/s7/0119,tax,money,mock-a,mock-b,1.08,1.08,1.08,1.08,True,False,False
synthetic/s7/0119,tax,money,mock-a,mock-c,1.08,1.08,1.08,1.08,True,False,False
synthetic/s7/0119,tax,money,mock-a,mock-d,1.08,1.08,1.08,1.08,True,False,False
synthetic/s7/0119,tax,money,mock-b,mock-c,1.08,1.08,1.08,1.08,True,False,False
synthetic/s7/0119,tax,money,mock-b,mock-d,1.08,1.08,1.08,1.08,True,False,False
synthetic/s7/0119,tax,money,mock-c,mock-d,1.08,1.08,1.08,1.08,True,False,False
synthetic/s7/0119,total,money,mock-a,mock-b,19.08,89.08,19.08,89.08,False,False,False
synthetic/s7/0119,total,money,mock-a,mock-c,19.08,19.08,19.08,19.08,True,False,False
synthetic/s7/0119,total,money,mock-a,mock-d,19.08,19.08,19.08,19.08,True,False,False
synthetic/s7/0119,total,money,mock-b,mock-c,89.08,19.08,89.08,19.08,False,False,False
synthetic/s7/0119,total,money,mock-b,mock-d,89.08,19.08,89.08,19.08,False,False,False
synthetic/s7/0119,total,money,mock-c,mock-d,19.08,19.08,19.08,19.08,True,False,False
synthetic/s7/0120,address,address,mock-a,mock-b,no 2 and 4 jln bayu 4 bdr seri alam 81750 masai johor,no 2 and 4 jln bayu 4 bdr seri alam 81750 masai johor,"NO 2 & 4, JALAN BAYU 4, BANDAR SERI ALAM, 81750 MASAI, JOHOR","NO 2 & 4, JALAN BAYU 4, BANDAR SERI ALAM, 81750 MASAI, JOHOR",True,False,False
synthetic/s7/0120,address,address,mock-a,mock-c,no 2 and 4 jln bayu 4 bdr seri alam 81750 masai johor,no 2 and 4 jln bayu 4 bdr seri alam 81750 masai johor,"NO 2 & 4, JALAN BAYU 4, BANDAR SERI ALAM, 81750 MASAI, JOHOR","NO 2 & 4, JALAN BAYU 4, BANDAR SERI ALAM, 81750 MASAI, JOHOR",True,False,False
synthetic/s7/0120,address,address,mock-a,mock-d,no 2 and 4 jln bayu 4 bdr seri alam 81750 masai johor,no 2 and 4 jln bayu 4 bdr seri alam 81750 masai johor,"NO 2 & 4, JALAN BAYU 4, BANDAR SERI ALAM, 81750 MASAI, JOHOR","NO 2 & 4, JALAN BAYU 4, BANDAR SERI ALAM, 81750 MASAI, JOHOR",True,False,False
synthetic/s7/0120,address,address,mock-b,mock-c,no 2 and 4 jln bayu 4 bdr seri alam 81750 masai johor,no 2 and 4 jln bayu 4 bdr seri alam 81750 masai johor,"NO 2 & 4, JALAN BAYU 4, BANDAR SERI ALAM, 81750 MASAI, JOHOR","NO 2 & 4, JALAN BAYU 4, BANDAR SERI ALAM, 81750 MASAI, JOHOR",True,False,False
synthetic/s7/0120,address,address,mock-b,mock-d,no 2 and 4 jln bayu 4 bdr seri alam 81750 masai johor,no 2 and 4 jln bayu 4 bdr seri alam 81750 masai johor,"NO 2 & 4, JALAN BAYU 4, BANDAR SERI ALAM, 81750 MASAI, JOHOR","NO 2 & 4, JALAN BAYU 4, BANDAR SERI ALAM, 81750 MASAI, JOHOR",True,False,False
synthetic/s7/0120,address,address,mock-c,mock-d,no 2 and 4 jln bayu 4 bdr seri alam 81750 masai johor,no 2 and 4 jln bayu 4 bdr seri alam 81750 masai johor,"NO 2 & 4, JALAN BAYU 4, BANDAR SERI ALAM, 81750 MASAI, JOHOR","NO 2 & 4, JALAN BAYU 4, BANDAR SERI ALAM, 81750 MASAI, JOHOR",True,False,False
synthetic/s7/0120,company,org,mock-a,mock-b,ojc marketing,marketing,OJC MARKETING SDN BHD,MARKETING SDN BHD,False,False,False
synthetic/s7/0120,company,org,mock-a,mock-c,ojc marketing,ojc marketing,OJC MARKETING SDN BHD,OJC MARKETING SDN BHD,True,False,False
synthetic/s7/0120,company,org,mock-a,mock-d,ojc marketing,ojc marketing,OJC MARKETING SDN BHD,OJC MARKETING SDN BHD,True,False,False
synthetic/s7/0120,company,org,mock-b,mock-c,marketing,ojc marketing,MARKETING SDN BHD,OJC MARKETING SDN BHD,False,False,False
synthetic/s7/0120,company,org,mock-b,mock-d,marketing,ojc marketing,MARKETING SDN BHD,OJC MARKETING SDN BHD,False,False,False
synthetic/s7/0120,company,org,mock-c,mock-d,ojc marketing,ojc marketing,OJC MARKETING SDN BHD,OJC MARKETING SDN BHD,True,False,False
synthetic/s7/0120,date,date,mock-a,mock-b,2019-08-17,2019-08-17,17/08/2019,17/08/2019,True,False,False
synthetic/s7/0120,date,date,mock-a,mock-c,2019-08-17,2019-08-17,17/08/2019,17/08/2019,True,False,False
synthetic/s7/0120,date,date,mock-a,mock-d,2019-08-17,2019-08-17,17/08/2019,17/08/2019,True,False,False
synthetic/s7/0120,date,date,mock-b,mock-c,2019-08-17,2019-08-17,17/08/2019,17/08/2019,True,False,False
synthetic/s7/0120,date,date,mock-b,mock-d,2019-08-17,2019-08-17,17/08/2019,17/08/2019,True,False,False
synthetic/s7/0120,date,date,mock-c,mock-d,2019-08-17,2019-08-17,17/08/2019,17/08/2019,True,False,False
synthetic/s7/0120,phone,phone,mock-a,mock-b,34558683,34558683,03-455 8683,03-455 8683,True,False,False
synthetic/s7/0120,phone,phone,mock-a,mock-c,34558683,34558683,03-455 8683,03-455 8683,True,False,False
synthetic/s7/0120,phone,phone,mock-a,mock-d,34558683,34558683,03-455 8683,03-455 8683,True,False,False
synthetic/s7/0120,phone,phone,mock-b,mock-c,34558683,34558683,03-455 8683,03-455 8683,True,False,False
synthetic/s7/0120,phone,phone,mock-b,mock-d,34558683,34558683,03-455 8683,03-455 8683,True,False,False
synthetic/s7/0120,phone,phone,mock-c,mock-d,34558683,34558683,03-455 8683,03-455 8683,True,False,False
synthetic/s7/0120,tax,money,mock-a,mock-b,1.28,1.28,1.28,1.28,True,False,False
synthetic/s7/0120,tax,money,mock-a,mock-c,1.28,1.28,1.28,1.28,True,False,False
synthetic/s7/0120,tax,money,mock-a,mock-d,1.28,1.28,1.28,1.28,True,False,False
synthetic/s7/0120,tax,money,mock-b,mock-c,1.28,1.28,1.28,1.28,True,False,False
synthetic/s7/0120,tax,money,mock-b,mock-d,1.28,1.28,1.28,1.28,True,False,False
synthetic/s7/0120,tax,money,mock-c,mock-d,1.28,1.28,1.28,1.28,True,False,False
synthetic/s7/0120,total,money,mock-a,mock-b,22.68,22.68,22.68,22.68,True,False,False
synthetic/s7/0120,total,money,mock-a,mock-c,22.68,22.68,22.68,22.68,True,False,False
synthetic/s7/0120,total,money,mock-a,mock-d,22.68,42.68,22.68,42.68,False,False,False
synthetic/s7/0120,total,money,mock-b,mock-c,22.68,22.68,22.68,22.68,True,False,False
synthetic/s7/0120,total,money,mock-b,mock-d,22.68,42.68,22.68,42.68,False,False,False
synthetic/s7/0120,total,money,mock-c,mock-d,22.68,42.68,22.68,42.68,False,False,False
synthetic/s7/0121,address,address,mock-a,mock-b,∅,∅,,,True,True,False
synthetic/s7/0121,address,address,mock-a,mock-c,∅,no 59 jln permas 9 5 bdr baru permas jaya 81750 johor bahru,,"NO.59 JALAN PERMAS 9/5, BANDAR BARU PERMAS JAYA, 81750 JOHOR BAHRU",False,False,True
synthetic/s7/0121,address,address,mock-a,mock-d,∅,no 59 jln permas 9 5 bdr baru permas jaya 81750 johor bahru,,"NO.59 JALAN PERMAS 9/5, BANDAR BARU PERMAS JAYA, 81750 JOHOR BAHRU",False,False,True
synthetic/s7/0121,address,address,mock-b,mock-c,∅,no 59 jln permas 9 5 bdr baru permas jaya 81750 johor bahru,,"NO.59 JALAN PERMAS 9/5, BANDAR BARU PERMAS JAYA, 81750 JOHOR BAHRU",False,False,True
synthetic/s7/0121,address,address,mock-b,mock-d,∅,no 59 jln permas 9 5 bdr baru permas jaya 81750 johor bahru,,"NO.59 JALAN PERMAS 9/5, BANDAR BARU PERMAS JAYA, 81750 JOHOR BAHRU",False,False,True
synthetic/s7/0121,address,address,mock-c,mock-d,no 59 jln permas 9 5 bdr baru permas jaya 81750 johor bahru,no 59 jln permas 9 5 bdr baru permas jaya 81750 johor bahru,"NO.59 JALAN PERMAS 9/5, BANDAR BARU PERMAS JAYA, 81750 JOHOR BAHRU","NO.59 JALAN PERMAS 9/5, BANDAR BARU PERMAS JAYA, 81750 JOHOR BAHRU",True,False,False
synthetic/s7/0121,company,org,mock-a,mock-b,zheng hui,perniagaan zheng hui,ZHENG HUI,PERNIAGAAN ZHENG HUI,False,False,False
synthetic/s7/0121,company,org,mock-a,mock-c,zheng hui,zheng hui,ZHENG HUI,ZHENG HUI,True,False,False
synthetic/s7/0121,company,org,mock-a,mock-d,zheng hui,perniagaan zheng hui,ZHENG HUI,PERNIAGAAN ZHENG HUI,False,False,False
synthetic/s7/0121,company,org,mock-b,mock-c,perniagaan zheng hui,zheng hui,PERNIAGAAN ZHENG HUI,ZHENG HUI,False,False,False
synthetic/s7/0121,company,org,mock-b,mock-d,perniagaan zheng hui,perniagaan zheng hui,PERNIAGAAN ZHENG HUI,PERNIAGAAN ZHENG HUI,True,False,False
synthetic/s7/0121,company,org,mock-c,mock-d,zheng hui,perniagaan zheng hui,ZHENG HUI,PERNIAGAAN ZHENG HUI,False,False,False
synthetic/s7/0121,date,date,mock-a,mock-b,∅,2018-04-19,,04/19/2018,False,False,True
synthetic/s7/0121,date,date,mock-a,mock-c,∅,2018-04-19,,19/04/2018,False,False,True
synthetic/s7/0121,date,date,mock-a,mock-d,∅,2018-04-19,,19/04/2018,False,False,True
synthetic/s7/0121,date,date,mock-b,mock-c,2018-04-19,2018-04-19,04/19/2018,19/04/2018,True,False,False
synthetic/s7/0121,date,date,mock-b,mock-d,2018-04-19,2018-04-19,04/19/2018,19/04/2018,True,False,False
synthetic/s7/0121,date,date,mock-c,mock-d,2018-04-19,2018-04-19,19/04/2018,19/04/2018,True,False,False
synthetic/s7/0121,phone,phone,mock-a,mock-b,91551071,91551071,09-155 1071,09-155 1071,True,False,False
synthetic/s7/0121,phone,phone,mock-a,mock-c,91551071,91551071,09-155 1071,09-155 1071,True,False,False
synthetic/s7/0121,phone,phone,mock-a,mock-d,91551071,91551071,09-155 1071,09-155 1071,True,False,False
synthetic/s7/0121,phone,phone,mock-b,mock-c,91551071,91551071,09-155 1071,09-155 1071,True,False,False
synthetic/s7/0121,phone,phone,mock-b,mock-d,91551071,91551071,09-155 1071,09-155 1071,True,False,False
synthetic/s7/0121,phone,phone,mock-c,mock-d,91551071,91551071,09-155 1071,09-155 1071,True,False,False
synthetic/s7/0121,tax,money,mock-a,mock-b,5.42,∅,5.42,,False,False,True
synthetic/s7/0121,tax,money,mock-a,mock-c,5.42,0.42,5.42,0.42,False,False,False
synthetic/s7/0121,tax,money,mock-a,mock-d,5.42,0.42,5.42,0.42,False,False,False
synthetic/s7/0121,tax,money,mock-b,mock-c,∅,0.42,,0.42,False,False,True
synthetic/s7/0121,tax,money,mock-b,mock-d,∅,0.42,,0.42,False,False,True
synthetic/s7/0121,tax,money,mock-c,mock-d,0.42,0.42,0.42,0.42,True,False,False
synthetic/s7/0121,total,money,mock-a,mock-b,7.42,7.42,7.42,7.42,True,False,False
synthetic/s7/0121,total,money,mock-a,mock-c,7.42,7.42,7.42,7.42,True,False,False
synthetic/s7/0121,total,money,mock-a,mock-d,7.42,7.42,7.42,7.42,True,False,False
synthetic/s7/0121,total,money,mock-b,mock-c,7.42,7.42,7.42,7.42,True,False,False
synthetic/s7/0121,total,money,mock-b,mock-d,7.42,7.42,7.42,7.42,True,False,False
synthetic/s7/0121,total,money,mock-c,mock-d,7.42,7.42,7.42,7.42,True,False,False
synthetic/s7/0122,address,address,mock-a,mock-b,lot 3 jln pelabur 23 1 40300 shah alam selangor,lot 3 jln pelabur 23 1 40300 shah alam selangor,"LOT 3, JALAN PELABUR 23/1, 40300 SHAH ALAM, SELANGOR","LOT 3, JALAN PELABUR 23/1, 40300 SHAH ALAM, SELANGOR",True,False,False
synthetic/s7/0122,address,address,mock-a,mock-c,lot 3 jln pelabur 23 1 40300 shah alam selangor,lot 3 jln pelabur 23 1 40300 shah alam selangor,"LOT 3, JALAN PELABUR 23/1, 40300 SHAH ALAM, SELANGOR","LOT 3, JALAN PELABUR 23/1, 40300 SHAH ALAM, SELANGOR",True,False,False
synthetic/s7/0122,address,address,mock-a,mock-d,lot 3 jln pelabur 23 1 40300 shah alam selangor,lot 3 jln pelabur 23 1 40300 shah alam selangor,"LOT 3, JALAN PELABUR 23/1, 40300 SHAH ALAM, SELANGOR","LOT 3, JALAN PELABUR 23/1, 40300 SHAH ALAM, SELANGOR",True,False,False
synthetic/s7/0122,address,address,mock-b,mock-c,lot 3 jln pelabur 23 1 40300 shah alam selangor,lot 3 jln pelabur 23 1 40300 shah alam selangor,"LOT 3, JALAN PELABUR 23/1, 40300 SHAH ALAM, SELANGOR","LOT 3, JALAN PELABUR 23/1, 40300 SHAH ALAM, SELANGOR",True,False,False
synthetic/s7/0122,address,address,mock-b,mock-d,lot 3 jln pelabur 23 1 40300 shah alam selangor,lot 3 jln pelabur 23 1 40300 shah alam selangor,"LOT 3, JALAN PELABUR 23/1, 40300 SHAH ALAM, SELANGOR","LOT 3, JALAN PELABUR 23/1, 40300 SHAH ALAM, SELANGOR",True,False,False
synthetic/s7/0122,address,address,mock-c,mock-d,lot 3 jln pelabur 23 1 40300 shah alam selangor,lot 3 jln pelabur 23 1 40300 shah alam selangor,"LOT 3, JALAN PELABUR 23/1, 40300 SHAH ALAM, SELANGOR","LOT 3, JALAN PELABUR 23/1, 40300 SHAH ALAM, SELANGOR",True,False,False
synthetic/s7/0122,company,org,mock-a,mock-b,gardenia bakeries kl,gardenia bakeries kl,GARDENIA BAKERIES (KL) SDN BHD,GARDENIA BAKERIES (KL) SDN BHD,True,False,False
synthetic/s7/0122,company,org,mock-a,mock-c,gardenia bakeries kl,gardenia bakeries kl,GARDENIA BAKERIES (KL) SDN BHD,GARDENIA BAKERIES (KL) SDN BHD,True,False,False
synthetic/s7/0122,company,org,mock-a,mock-d,gardenia bakeries kl,gardenia bakeries kl sdn,GARDENIA BAKERIES (KL) SDN BHD,GARDENIA BAKERIES (KL) SDN,False,False,False
synthetic/s7/0122,company,org,mock-b,mock-c,gardenia bakeries kl,gardenia bakeries kl,GARDENIA BAKERIES (KL) SDN BHD,GARDENIA BAKERIES (KL) SDN BHD,True,False,False
synthetic/s7/0122,company,org,mock-b,mock-d,gardenia bakeries kl,gardenia bakeries kl sdn,GARDENIA BAKERIES (KL) SDN BHD,GARDENIA BAKERIES (KL) SDN,False,False,False
synthetic/s7/0122,company,org,mock-c,mock-d,gardenia bakeries kl,gardenia bakeries kl sdn,GARDENIA BAKERIES (KL) SDN BHD,GARDENIA BAKERIES (KL) SDN,False,False,False
synthetic/s7/0122,date,date,mock-a,mock-b,2018-12-16,2018-12-16,16/12/2018,16/12/2018,True,False,False
synthetic/s7/0122,date,date,mock-a,mock-c,2018-12-16,2018-12-16,16/12/2018,16/12/2018,True,False,False
synthetic/s7/0122,date,date,mock-a,mock-d,2018-12-16,2018-12-16,16/12/2018,12/16/2018,True,False,False
synthetic/s7/0122,date,date,mock-b,mock-c,2018-12-16,2018-12-16,16/12/2018,16/12/2018,True,False,False
synthetic/s7/0122,date,date,mock-b,mock-d,2018-12-16,2018-12-16,16/12/2018,12/16/2018,True,False,False
synthetic/s7/0122,date,date,mock-c,mock-d,2018-12-16,2018-12-16,16/12/2018,12/16/2018,True,False,False
synthetic/s7/0122,phone,phone,mock-a,mock-b,93194793,93194793,09-319 4793,09-319 4793,True,False,False
synthetic/s7/0122,phone,phone,mock-a,mock-c,93194793,93194793,09-319 4793,09-319 4793,True,False,False
synthetic/s7/0122,phone,phone,mock-a,mock-d,93194793,93194793,09-319 4793,09-319 4793,True,False,False
synthetic/s7/0122,phone,phone,mock-b,mock-c,93194793,93194793,09-319 4793,09-319 4793,True,False,False
synthetic/s7/0122,phone,phone,mock-b,mock-d,93194793,93194793,09-319 4793,09-319 4793,True,False,False
synthetic/s7/0122,phone,phone,mock-c,mock-d,93194793,93194793,09-319 4793,09-319 4793,True,False,False
synthetic/s7/0122,tax,money,mock-a,mock-b,∅,∅,,,True,True,False
synthetic/s7/0122,tax,money,mock-a,mock-c,∅,∅,,,True,True,False
synthetic/s7/0122,tax,money,mock-a,mock-d,∅,∅,,,True,True,False
synthetic/s7/0122,tax,money,mock-b,mock-c,∅,∅,,,True,True,False
synthetic/s7/0122,tax,money,mock-b,mock-d,∅,∅,,,True,True,False
synthetic/s7/0122,tax,money,mock-c,mock-d,∅,∅,,,True,True,False
synthetic/s7/0122,total,money,mock-a,mock-b,48.20,48.20,48.20,48.20,True,False,False
synthetic/s7/0122,total,money,mock-a,mock-c,48.20,48.20,48.20,48.20,True,False,False
synthetic/s7/0122,total,money,mock-a,mock-d,48.20,48.20,48.20,48.20,True,False,False
synthetic/s7/0122,total,money,mock-b,mock-c,48.20,48.20,48.20,48.20,True,False,False
synthetic/s7/0122,total,money,mock-b,mock-d,48.20,48.20,48.20,48.20,True,False,False
synthetic/s7/0122,total,money,mock-c,mock-d,48.20,48.20,48.20,48.20,True,False,False
synthetic/s7/0123,address,address,mock-a,mock-b,no 31g and 33g jln setia indah x u13 x 40170 setia alam,no 31g and 33g jln setia indah x u13 x,"NO. 31G&33G, JALAN SETIA INDAH X, U13/X, 40170 SETIA ALAM","NO. 31G&33G, JALAN SETIA INDAH X, U13/X",False,False,False
synthetic/s7/0123,address,address,mock-a,mock-c,no 31g and 33g jln setia indah x u13 x 40170 setia alam,no 31g and 33g jln setia indah x u13 x,"NO. 31G&33G, JALAN SETIA INDAH X, U13/X, 40170 SETIA ALAM","NO. 31G&33G, JALAN SETIA INDAH X, U13/X",False,False,False
synthetic/s7/0123,address,address,mock-a,mock-d,no 31g and 33g jln setia indah x u13 x 40170 setia alam,no 31g and 33g jln setia indah x u13 x 40170 setia alam,"NO. 31G&33G, JALAN SETIA INDAH X, U13/X, 40170 SETIA ALAM","NO. 31G&33G, JALAN SETIA INDAH X, U13/X, 40170 SETIA ALAM",True,False,False
synthetic/s7/0123,address,address,mock-b,mock-c,no 31g and 33g jln setia indah x u13 x,no 31g and 33g jln setia indah x u13 x,"NO. 31G&33G, JALAN SETIA INDAH X, U13/X","NO. 31G&33G, JALAN SETIA INDAH X, U13/X",True,False,False
synthetic/s7/0123,address,address,mock-b,mock-d,no 31g and 33g jln setia indah x u13 x,no 31g and 33g jln setia indah x u13 x 40170 setia alam,"NO. 31G&33G, JALAN SETIA INDAH X, U13/X","NO. 31G&33G, JALAN SETIA INDAH X, U13/X, 40170 SETIA ALAM",False,False,False
synthetic/s7/0123,address,address,mock-c,mock-d,no 31g and 33g jln setia indah x u13 x,no 31g and 33g jln setia indah x u13 x 40170 setia alam,"NO. 31G&33G, JALAN SETIA INDAH X, U13/X","NO. 31G&33G, JALAN SETIA INDAH X, U13/X, 40170 SETIA ALAM",False,False,False
synthetic/s7/0123,company,org,mock-a,mock-b,sanyu stationery shop,sanyu stationery shop,SANYU STATIONERY SHOP,SANYU STATIONERY SHOP,True,False,False
synthetic/s7/0123,company,org,mock-a,mock-c,sanyu stationery shop,sanyu stationery,SANYU STATIONERY SHOP,SANYU STATIONERY,False,False,False
synthetic/s7/0123,company,org,mock-a,mock-d,sanyu stationery shop,sanyu stationery shop,SANYU STATIONERY SHOP,SANYU STATIONERY SHOP,True,False,False
synthetic/s7/0123,company,org,mock-b,mock-c,sanyu stationery shop,sanyu stationery,SANYU STATIONERY SHOP,SANYU STATIONERY,False,False,False
synthetic/s7/0123,company,org,mock-b,mock-d,sanyu stationery shop,sanyu stationery shop,SANYU STATIONERY SHOP,SANYU STATIONERY SHOP,True,False,False
synthetic/s7/0123,company,org,mock-c,mock-d,sanyu stationery,sanyu stationery shop,SANYU STATIONERY,SANYU STATIONERY SHOP,False,False,False
synthetic/s7/0123,date,date,mock-a,mock-b,2019-02-21,2019-02-21,02/21/2019,21/02/2019,True,False,False
synthetic/s7/0123,date,date,mock-a,mock-c,2019-02-21,2019-02-21,02/21/2019,02/21/2019,True,False,False
synthetic/s7/0123,date,date,mock-a,mock-d,2019-02-21,2019-02-21,02/21/2019,21/02/2019,True,False,False
synthetic/s7/0123,date,date,mock-b,mock-c,2019-02-21,2019-02-21,21/02/2019,02/21/2019,True,False,False
synthetic/s7/0123,date,date,mock-b,mock-d,2019-02-21,2019-02-21,21/02/2019,21/02/2019,True,False,False
synthetic/s7/0123,date,date,mock-c,mock-d,2019-02-21,2019-02-21,02/21/2019,21/02/2019,True,False,False
synthetic/s7/0123,phone,phone,mock-a,mock-b,68632411,∅,06-863 2411,,False,False,True
synthetic/s7/0123,phone,phone,mock-a,mock-c,68632411,968632411,06-863 2411,96-863 2411,False,False,False
synthetic/s7/0123,phone,phone,mock-a,mock-d,68632411,68632411,06-863 2411,16-863 2411,True,False,False
synthetic/s7/0123,phone,phone,mock-b,mock-c,∅,968632411,,96-863 2411,False,False,True
synthetic/s7/0123,phone,phone,mock-b,mock-d,∅,68632411,,16-863 2411,False,False,True
synthetic/s7/0123,phone,phone,mock-c,mock-d,968632411,68632411,96-863 2411,16-863 2411,False,False,False
synthetic/s7/0123,tax,money,mock-a,mock-b,∅,1.08,,1.08,False,False,True
synthetic/s7/0123,tax,money,mock-a,mock-c,∅,1.08,,1.08,False,False,True
synthetic/s7/0123,tax,money,mock-a,mock-d,∅,1.88,,1.88,False,False,True
synthetic/s7/0123,tax,money,mock-b,mock-c,1.08,1.08,1.08,1.08,True,False,False
synthetic/s7/0123,tax,money,mock-b,mock-d,1.08,1.88,1.08,1.88,False,False,False
synthetic/s7/0123,tax,money,mock-c,mock-d,1.08,1.88,1.08,1.88,False,False,False
synthetic/s7/0123,total,money,mock-a,mock-b,19.08,19.08,19.08,19.08,True,False,False
synthetic/s7/0123,total,money,mock-a,mock-c,19.08,19.08,19.08,19.08,True,False,False
synthetic/s7/0123,total,money,mock-a,mock-d,19.08,19.08,19.08,19.08,True,False,False
synthetic/s7/0123,total,money,mock-b,mock-c,19.08,19.08,19.08,19.08,True,False,False
synthetic/s7/0123,total,money,mock-b,mock-d,19.08,19.08,19.08,19.08,True,False,False
synthetic/s7/0123,total,money,mock-c,mock-d,19.08,19.08,19.08,19.08,True,False,False
synthetic/s7/0124,address,address,mock-a,mock-b,lot p t 2811 jln angsana tmn mutiara rini 81300 skudai,lot p t 2811 jln angsana tmn mutiara rini 81300 skudai,"LOT P.T. 2811, JALAN ANGSANA, TAMAN MUTIARA RINI, 81300 SKUDAI","LOT P.T. 2811, JALAN ANGSANA, TAMAN MUTIARA RINI, 81300 SKUDAI",True,False,False
synthetic/s7/0124,address,address,mock-a,mock-c,lot p t 2811 jln angsana tmn mutiara rini 81300 skudai,lot p t 2811 jln angsana tmn mutiara rini 81300 skudai,"LOT P.T. 2811, JALAN ANGSANA, TAMAN MUTIARA RINI, 81300 SKUDAI","LOT P.T. 2811, JALAN ANGSANA, TAMAN MUTIARA RINI, 81300 SKUDAI",True,False,False
synthetic/s7/0124,address,address,mock-a,mock-d,lot p t 2811 jln angsana tmn mutiara rini 81300 skudai,lot p t 2811 jln angsana tmn mutiara rini 81300 skudai,"LOT P.T. 2811, JALAN ANGSANA, TAMAN MUTIARA RINI, 81300 SKUDAI","LOT P.T. 2811, JALAN ANGSANA, TAMAN MUTIARA RINI, 81300 SKUDAI",True,False,False
synthetic/s7/0124,address,address,mock-b,mock-c,lot p t 2811 jln angsana tmn mutiara rini 81300 skudai,lot p t 2811 jln angsana tmn mutiara rini 81300 skudai,"LOT P.T. 2811, JALAN ANGSANA, TAMAN MUTIARA RINI, 81300 SKUDAI","LOT P.T. 2811, JALAN ANGSANA, TAMAN MUTIARA RINI, 81300 SKUDAI",True,False,False
synthetic/s7/0124,address,address,mock-b,mock-d,lot p t 2811 jln angsana tmn mutiara rini 81300 skudai,lot p t 2811 jln angsana tmn mutiara rini 81300 skudai,"LOT P.T. 2811, JALAN ANGSANA, TAMAN MUTIARA RINI, 81300 SKUDAI","LOT P.T. 2811, JALAN ANGSANA, TAMAN MUTIARA RINI, 81300 SKUDAI",True,False,False
synthetic/s7/0124,address,address,mock-c,mock-d,lot p t 2811 jln angsana tmn mutiara rini 81300 skudai,lot p t 2811 jln angsana tmn mutiara rini 81300 skudai,"LOT P.T. 2811, JALAN ANGSANA, TAMAN MUTIARA RINI, 81300 SKUDAI","LOT P.T. 2811, JALAN ANGSANA, TAMAN MUTIARA RINI, 81300 SKUDAI",True,False,False
synthetic/s7/0124,company,org,mock-a,mock-b,99 speed mart s b,99 speed mart s b,99 SPEED MART S/B,99 SPEED MART S/B,True,False,False
synthetic/s7/0124,company,org,mock-a,mock-c,99 speed mart s b,99 speed mart s b,99 SPEED MART S/B,99 SPEED MART S/B,True,False,False
synthetic/s7/0124,company,org,mock-a,mock-d,99 speed mart s b,99 speed mart s b,99 SPEED MART S/B,99 SPEED MART S/B,True,False,False
synthetic/s7/0124,company,org,mock-b,mock-c,99 speed mart s b,99 speed mart s b,99 SPEED MART S/B,99 SPEED MART S/B,True,False,False
synthetic/s7/0124,company,org,mock-b,mock-d,99 speed mart s b,99 speed mart s b,99 SPEED MART S/B,99 SPEED MART S/B,True,False,False
synthetic/s7/0124,company,org,mock-c,mock-d,99 speed mart s b,99 speed mart s b,99 SPEED MART S/B,99 SPEED MART S/B,True,False,False
synthetic/s7/0124,date,date,mock-a,mock-b,2019-04-12,2019-12-04,12/04/2019,04/12/2019,False,False,False
synthetic/s7/0124,date,date,mock-a,mock-c,2019-04-12,2019-04-12,12/04/2019,12/04/2019,True,False,False
synthetic/s7/0124,date,date,mock-a,mock-d,2019-04-12,2019-12-04,12/04/2019,04/12/2019,False,False,False
synthetic/s7/0124,date,date,mock-b,mock-c,2019-12-04,2019-04-12,04/12/2019,12/04/2019,False,False,False
synthetic/s7/0124,date,date,mock-b,mock-d,2019-12-04,2019-12-04,04/12/2019,04/12/2019,True,False,False
synthetic/s7/0124,date,date,mock-c,mock-d,2019-04-12,2019-12-04,12/04/2019,04/12/2019,False,False,False
synthetic/s7/0124,phone,phone,mock-a,mock-b,∅,∅,,,True,True,False
synthetic/s7/0124,phone,phone,mock-a,mock-c,∅,∅,,,True,True,False
synthetic/s7/0124,phone,phone,mock-a,mock-d,∅,∅,,,True,True,False
synthetic/s7/0124,phone,phone,mock-b,mock-c,∅,∅,,,True,True,False
synthetic/s7/0124,phone,phone,mock-b,mock-d,∅,∅,,,True,True,False
synthetic/s7/0124,phone,phone,mock-c,mock-d,∅,∅,,,True,True,False
synthetic/s7/0124,tax,money,mock-a,mock-b,2.96,1.96,2.96,1.96,False,False,False
synthetic/s7/0124,tax,money,mock-a,mock-c,2.96,1.16,2.96,1.16,False,False,False
synthetic/s7/0124,tax,money,mock-a,mock-d,2.96,1.96,2.96,1.96,False,False,False
synthetic/s7/0124,tax,money,mock-b,mock-c,1.96,1.16,1.96,1.16,False,False,False
synthetic/s7/0124,tax,money,mock-b,mock-d,1.96,1.96,1.96,1.96,True,False,False
synthetic/s7/0124,tax,money,mock-c,mock-d,1.16,1.96,1.16,1.96,False,False,False
synthetic/s7/0124,total,money,mock-a,mock-b,34.66,34.26,34.66,34.26,False,False,False
synthetic/s7/0124,total,money,mock-a,mock-c,34.66,34.66,34.66,34.66,True,False,False
synthetic/s7/0124,total,money,mock-a,mock-d,34.66,34.66,34.66,34.66,True,False,False
synthetic/s7/0124,total,money,mock-b,mock-c,34.26,34.66,34.26,34.66,False,False,False
synthetic/s7/0124,total,money,mock-b,mock-d,34.26,34.66,34.26,34.66,False,False,False
synthetic/s7/0124,total,money,mock-c,mock-d,34.66,34.66,34.66,34.66,True,False,False
synthetic/s7/0125,address,address,mock-a,mock-b,lot 276 jln banting 43800 dengkil selangor,lot 276 jln banting 43800 dengkil,"LOT 276 JALAN BANTING, 43800 DENGKIL, SELANGOR","LOT 276 JALAN BANTING, 43800 DENGKIL",False,False,False
synthetic/s7/0125,address,address,mock-a,mock-c,lot 276 jln banting 43800 dengkil selangor,lot 276 jln banting 43800 dengkil selangor,"LOT 276 JALAN BANTING, 43800 DENGKIL, SELANGOR","LOT 276 JALAN BANTING, 43800 DENGKIL, SELANGOR",True,False,False
synthetic/s7/0125,address,address,mock-a,mock-d,lot 276 jln banting 43800 dengkil selangor,lot 276 jln banting 43800 dengkil selangor,"LOT 276 JALAN BANTING, 43800 DENGKIL, SELANGOR","LOT 276 JALAN BANTING, 43800 DENGKIL, SELANGOR",True,False,False
synthetic/s7/0125,address,address,mock-b,mock-c,lot 276 jln banting 43800 dengkil,lot 276 jln banting 43800 dengkil selangor,"LOT 276 JALAN BANTING, 43800 DENGKIL","LOT 276 JALAN BANTING, 43800 DENGKIL, SELANGOR",False,False,False
synthetic/s7/0125,address,address,mock-b,mock-d,lot 276 jln banting 43800 dengkil,lot 276 jln banting 43800 dengkil selangor,"LOT 276 JALAN BANTING, 43800 DENGKIL","LOT 276 JALAN BANTING, 43800 DENGKIL, SELANGOR",False,False,False
synthetic/s7/0125,address,address,mock-c,mock-d,lot 276 jln banting 43800 dengkil selangor,lot 276 jln banting 43800 dengkil selangor,"LOT 276 JALAN BANTING, 43800 DENGKIL, SELANGOR","LOT 276 JALAN BANTING, 43800 DENGKIL, SELANGOR",True,False,False
synthetic/s7/0125,company,org,mock-a,mock-b,kedai papan yew chuan,papan yew chuan,KEDAI PAPAN YEW CHUAN,PAPAN YEW CHUAN,False,False,False
synthetic/s7/0125,company,org,mock-a,mock-c,kedai papan yew chuan,kedai papan yew chuan,KEDAI PAPAN YEW CHUAN,KEDAI PAPAN YEW CHUAN,True,False,False
synthetic/s7/0125,company,org,mock-a,mock-d,kedai papan yew chuan,kedai papan yew chuan,KEDAI PAPAN YEW CHUAN,KEDAI PAPAN YEW CHUAN,True,False,False
synthetic/s7/0125,company,org,mock-b,mock-c,papan yew chuan,kedai papan yew chuan,PAPAN YEW CHUAN,KEDAI PAPAN YEW CHUAN,False,False,False
synthetic/s7/0125,company,org,mock-b,mock-d,papan yew chuan,kedai papan yew chuan,PAPAN YEW CHUAN,KEDAI PAPAN YEW CHUAN,False,False,False
synthetic/s7/0125,company,org,mock-c,mock-d,kedai papan yew chuan,kedai papan yew chuan,KEDAI PAPAN YEW CHUAN,KEDAI PAPAN YEW CHUAN,True,False,False
synthetic/s7/0125,date,date,mock-a,mock-b,2018-05-09,2018-09-05,09/05/2018,05/09/2018,False,False,False
synthetic/s7/0125,date,date,mock-a,mock-c,2018-05-09,2018-09-05,09/05/2018,05/09/2018,False,False,False
synthetic/s7/0125,date,date,mock-a,mock-d,2018-05-09,2018-09-05,09/05/2018,05/09/2018,False,False,False
synthetic/s7/0125,date,date,mock-b,mock-c,2018-09-05,2018-09-05,05/09/2018,05/09/2018,True,False,False
synthetic/s7/0125,date,date,mock-b,mock-d,2018-09-05,2018-09-05,05/09/2018,05/09/2018,True,False,False
synthetic/s7/0125,date,date,mock-c,mock-d,2018-09-05,2018-09-05,05/09/2018,05/09/2018,True,False,False
synthetic/s7/0125,phone,phone,mock-a,mock-b,78596297,578596297,07-859 6297,57-859 6297,False,False,False
synthetic/s7/0125,phone,phone,mock-a,mock-c,78596297,78596297,07-859 6297,07-859 6297,True,False,False
synthetic/s7/0125,phone,phone,mock-a,mock-d,78596297,78596297,07-859 6297,07-859 6297,True,False,False
synthetic/s7/0125,phone,phone,mock-b,mock-c,578596297,78596297,57-859 6297,07-859 6297,False,False,False
synthetic/s7/0125,phone,phone,mock-b,mock-d,578596297,78596297,57-859 6297,07-859 6297,False,False,False
synthetic/s7/0125,phone,phone,mock-c,mock-d,78596297,78596297,07-859 6297,07-859 6297,True,False,False
synthetic/s7/0125,tax,money,mock-a,mock-b,∅,∅,,,True,True,False
synthetic/s7/0125,tax,money,mock-a,mock-c,∅,5.30,,5.30,False,False,True
synthetic/s7/0125,tax,money,mock-a,mock-d,∅,∅,,,True,True,False
synthetic/s7/0125,tax,money,mock-b,mock-c,∅,5.30,,5.30,False,False,True
synthetic/s7/0125,tax,money,mock-b,mock-d,∅,∅,,,True,True,False
synthetic/s7/0125,tax,money,mock-c,mock-d,5.30,∅,5.30,,False,False,True
synthetic/s7/0125,total,money,mock-a,mock-b,37.40,37.40,37.40,37.40,True,False,False
synthetic/s7/0125,total,money,mock-a,mock-c,37.40,37.40,37.40,37.40,True,False,False
synthetic/s7/0125,total,money,mock-a,mock-d,37.40,37.40,37.40,37.40,True,False,False
synthetic/s7/0125,total,money,mock-b,mock-c,37.40,37.40,37.40,37.40,True,False,False
synthetic/s7/0125,total,money,mock-b,mock-d,37.40,37.40,37.40,37.40,True,False,False
synthetic/s7/0125,total,money,mock-c,mock-d,37.40,37.40,37.40,37.40,True,False,False
synthetic/s7/0126,address,address,mock-a,mock-b,no 2 and 4 jln bayu 4 bdr seri alam 81750 masai johor,no 2 and 4 jln bayu 4 bdr seri alam 81750 masai johor,"NO 2 & 4, JALAN BAYU 4, BANDAR SERI ALAM, 81750 MASAI, JOHOR","NO 2 & 4, JALAN BAYU 4, BANDAR SERI ALAM, 81750 MASAI, JOHOR",True,False,False
synthetic/s7/0126,address,address,mock-a,mock-c,no 2 and 4 jln bayu 4 bdr seri alam 81750 masai johor,no 2 and 4 jln bayu 4 bdr seri alam 81750 masai johor,"NO 2 & 4, JALAN BAYU 4, BANDAR SERI ALAM, 81750 MASAI, JOHOR","NO 2 & 4, JALAN BAYU 4, BANDAR SERI ALAM, 81750 MASAI, JOHOR",True,False,False
synthetic/s7/0126,address,address,mock-a,mock-d,no 2 and 4 jln bayu 4 bdr seri alam 81750 masai johor,no 2 and 4 jln bayu 4 bdr seri alam 81750 masai johor,"NO 2 & 4, JALAN BAYU 4, BANDAR SERI ALAM, 81750 MASAI, JOHOR","NO 2 & 4, JALAN BAYU 4, BANDAR SERI ALAM, 81750 MASAI, JOHOR",True,False,False
synthetic/s7/0126,address,address,mock-b,mock-c,no 2 and 4 jln bayu 4 bdr seri alam 81750 masai johor,no 2 and 4 jln bayu 4 bdr seri alam 81750 masai johor,"NO 2 & 4, JALAN BAYU 4, BANDAR SERI ALAM, 81750 MASAI, JOHOR","NO 2 & 4, JALAN BAYU 4, BANDAR SERI ALAM, 81750 MASAI, JOHOR",True,False,False
synthetic/s7/0126,address,address,mock-b,mock-d,no 2 and 4 jln bayu 4 bdr seri alam 81750 masai johor,no 2 and 4 jln bayu 4 bdr seri alam 81750 masai johor,"NO 2 & 4, JALAN BAYU 4, BANDAR SERI ALAM, 81750 MASAI, JOHOR","NO 2 & 4, JALAN BAYU 4, BANDAR SERI ALAM, 81750 MASAI, JOHOR",True,False,False
synthetic/s7/0126,address,address,mock-c,mock-d,no 2 and 4 jln bayu 4 bdr seri alam 81750 masai johor,no 2 and 4 jln bayu 4 bdr seri alam 81750 masai johor,"NO 2 & 4, JALAN BAYU 4, BANDAR SERI ALAM, 81750 MASAI, JOHOR","NO 2 & 4, JALAN BAYU 4, BANDAR SERI ALAM, 81750 MASAI, JOHOR",True,False,False
synthetic/s7/0126,company,org,mock-a,mock-b,ojc marketing,marketing,OJC MARKETING SDN BHD,MARKETING SDN BHD,False,False,False
synthetic/s7/0126,company,org,mock-a,mock-c,ojc marketing,∅,OJC MARKETING SDN BHD,,False,False,True
synthetic/s7/0126,company,org,mock-a,mock-d,ojc marketing,ojc marketing sdn,OJC MARKETING SDN BHD,OJC MARKETING SDN,False,False,False
synthetic/s7/0126,company,org,mock-b,mock-c,marketing,∅,MARKETING SDN BHD,,False,False,True
synthetic/s7/0126,company,org,mock-b,mock-d,marketing,ojc marketing sdn,MARKETING SDN BHD,OJC MARKETING SDN,False,False,False
synthetic/s7/0126,company,org,mock-c,mock-d,∅,ojc marketing sdn,,OJC MARKETING SDN,False,False,True
synthetic/s7/0126,date,date,mock-a,mock-b,2018-05-23,2018-05-23,23/05/2018,23/05/2018,True,False,False
synthetic/s7/0126,date,date,mock-a,mock-c,2018-05-23,2018-05-23,23/05/2018,23/05/2018,True,False,False
synthetic/s7/0126,date,date,mock-a,mock-d,2018-05-23,2018-05-23,23/05/2018,23/05/2018,True,False,False
synthetic/s7/0126,date,date,mock-b,mock-c,2018-05-23,2018-05-23,23/05/2018,23/05/2018,True,False,False
synthetic/s7/0126,date,date,mock-b,mock-d,2018-05-23,2018-05-23,23/05/2018,23/05/2018,True,False,False
synthetic/s7/0126,date,date,mock-c,mock-d,2018-05-23,2018-05-23,23/05/2018,23/05/2018,True,False,False
synthetic/s7/0126,phone,phone,mock-a,mock-b,∅,∅,,,True,True,False
synthetic/s7/0126,phone,phone,mock-a,mock-c,∅,∅,,,True,True,False
synthetic/s7/0126,phone,phone,mock-a,mock-d,∅,∅,,,True,True,False
synthetic/s7/0126,phone,phone,mock-b,mock-c,∅,∅,,,True,True,False
synthetic/s7/0126,phone,phone,mock-b,mock-d,∅,∅,,,True,True,False
synthetic/s7/0126,phone,phone,mock-c,mock-d,∅,∅,,,True,True,False
synthetic/s7/0126,tax,money,mock-a,mock-b,10.00,10.00,10.00,10.00,True,False,False
synthetic/s7/0126,tax,money,mock-a,mock-c,10.00,∅,10.00,,False,False,True
synthetic/s7/0126,tax,money,mock-a,mock-d,10.00,∅,10.00,,False,False,True
synthetic/s7/0126,tax,money,mock-b,mock-c,10.00,∅,10.00,,False,False,True
synthetic/s7/0126,tax,money,mock-b,mock-d,10.00,∅,10.00,,False,False,True
synthetic/s7/0126,tax,money,mock-c,mock-d,∅,∅,,,True,True,False
synthetic/s7/0126,total,money,mock-a,mock-b,21.20,21.20,21.20,21.20,True,False,False
synthetic/s7/0126,total,money,mock-a,mock-c,21.20,21.20,21.20,21.20,True,False,False
synthetic/s7/0126,total,money,mock-a,mock-d,21.20,21.20,21.20,21.20,True,False,False
synthetic/s7/0126,total,money,mock-b,mock-c,21.20,21.20,21.20,21.20,True,False,False
synthetic/s7/0126,total,money,mock-b,mock-d,21.20,21.20,21.20,21.20,True,False,False
synthetic/s7/0126,total,money,mock-c,mock-d,21.20,21.20,21.20,21.20,True,False,False
synthetic/s7/0127,address,address,mock-a,mock-b,∅,no 59 jln permas 9 5 bdr baru permas jaya,,"NO.59 JALAN PERMAS 9/5, BANDAR BARU PERMAS JAYA",False,False,True
synthetic/s7/0127,address,address,mock-a,mock-c,∅,no 59 jln permas 9 5 bdr baru permas jaya 81750 johor bahru,,"NO.59 JALAN PERMAS 9/5, BANDAR BARU PERMAS JAYA, 81750 JOHOR BAHRU",False,False,True
synthetic/s7/0127,address,address,mock-a,mock-d,∅,no 59 jln permas 9 5 bdr baru permas jaya 81750 johor bahru,,"NO.59 JALAN PERMAS 9/5, BANDAR BARU PERMAS JAYA, 81750 JOHOR BAHRU",False,False,True
synthetic/s7/0127,address,address,mock-b,mock-c,no 59 jln permas 9 5 bdr baru permas jaya,no 59 jln permas 9 5 bdr baru permas jaya 81750 johor bahru,"NO.59 JALAN PERMAS 9/5, BANDAR BARU PERMAS JAYA","NO.59 JALAN PERMAS 9/5, BANDAR BARU PERMAS JAYA, 81750 JOHOR BAHRU",False,False,False
synthetic/s7/0127,address,address,mock-b,mock-d,no 59 jln permas 9 5 bdr baru permas jaya,no 59 jln permas 9 5 bdr baru permas jaya 81750 johor bahru,"NO.59 JALAN PERMAS 9/5, BANDAR BARU PERMAS JAYA","NO.59 JALAN PERMAS 9/5, BANDAR BARU PERMAS JAYA, 81750 JOHOR BAHRU",False,False,False
synthetic/s7/0127,address,address,mock-c,mock-d,no 59 jln permas 9 5 bdr baru permas jaya 81750 johor bahru,no 59 jln permas 9 5 bdr baru permas jaya 81750 johor bahru,"NO.59 JALAN PERMAS 9/5, BANDAR BARU PERMAS JAYA, 81750 JOHOR BAHRU","NO.59 JALAN PERMAS 9/5, BANDAR BARU PERMAS JAYA, 81750 JOHOR BAHRU",True,False,False
synthetic/s7/0127,company,org,mock-a,mock-b,perniagaan zheng,perniagaan zheng hui,PERNIAGAAN ZHENG,PERNIAGAAN ZHENG HUI,False,False,False
synthetic/s7/0127,company,org,mock-a,mock-c,perniagaan zheng,perniagaan zheng hui,PERNIAGAAN ZHENG,PERNIAGAAN ZHENG HUI,False,False,False
synthetic/s7/0127,company,org,mock-a,mock-d,perniagaan zheng,zheng hui,PERNIAGAAN ZHENG,ZHENG HUI,False,False,False
synthetic/s7/0127,company,org,mock-b,mock-c,perniagaan zheng hui,perniagaan zheng hui,PERNIAGAAN ZHENG HUI,PERNIAGAAN ZHENG HUI,True,False,False
synthetic/s7/0127,company,org,mock-b,mock-d,perniagaan zheng hui,zheng hui,PERNIAGAAN ZHENG HUI,ZHENG HUI,False,False,False
synthetic/s7/0127,company,org,mock-c,mock-d,perniagaan zheng hui,zheng hui,PERNIAGAAN ZHENG HUI,ZHENG HUI,False,False,False
synthetic/s7/0127,date,date,mock-a,mock-b,2018-12-10,2018-12-10,10/12/2018,10/12/2018,True,False,False
synthetic/s7/0127,date,date,mock-a,mock-c,2018-12-10,∅,10/12/2018,,False,False,True
synthetic/s7/0127,date,date,mock-a,mock-d,2018-12-10,2018-12-10,10/12/2018,10/12/2018,True,False,False
synthetic/s7/0127,date,date,mock-b,mock-c,2018-12-10,∅,10/12/2018,,False,False,True
synthetic/s7/0127,date,date,mock-b,mock-d,2018-12-10,2018-12-10,10/12/2018,10/12/2018,True,False,False
synthetic/s7/0127,date,date,mock-c,mock-d,∅,2018-12-10,,10/12/2018,False,False,True
synthetic/s7/0127,phone,phone,mock-a,mock-b,43416375,43416375,04-341 6375,04-341 6375,True,False,False
synthetic/s7/0127,phone,phone,mock-a,mock-c,43416375,643416375,04-341 6375,64-341 6375,False,False,False
synthetic/s7/0127,phone,phone,mock-a,mock-d,43416375,43416375,04-341 6375,04-341 6375,True,False,False
synthetic/s7/0127,phone,phone,mock-b,mock-c,43416375,643416375,04-341 6375,64-341 6375,False,False,False
synthetic/s7/0127,phone,phone,mock-b,mock-d,43416375,43416375,04-341 6375,04-341 6375,True,False,False
synthetic/s7/0127,phone,phone,mock-c,mock-d,643416375,43416375,64-341 6375,04-341 6375,False,False,False
synthetic/s7/0127,tax,money,mock-a,mock-b,1.27,1.27,1.27,1.27,True,False,False
synthetic/s7/0127,tax,money,mock-a,mock-c,1.27,1.27,1.27,1.27,True,False,False
synthetic/s7/0127,tax,money,mock-a,mock-d,1.27,1.27,1.27,1.27,True,False,False
synthetic/s7/0127,tax,money,mock-b,mock-c,1.27,1.27,1.27,1.27,True,False,False
synthetic/s7/0127,tax,money,mock-b,mock-d,1.27,1.27,1.27,1.27,True,False,False
synthetic/s7/0127,tax,money,mock-c,mock-d,1.27,1.27,1.27,1.27,True,False,False
synthetic/s7/0127,total,money,mock-a,mock-b,22.47,22.47,22.47,22.47,True,False,False
synthetic/s7/0127,total,money,mock-a,mock-c,22.47,22.47,22.47,22.47,True,False,False
synthetic/s7/0127,total,money,mock-a,mock-d,22.47,22.47,22.47,22.47,True,False,False
synthetic/s7/0127,total,money,mock-b,mock-c,22.47,22.47,22.47,22.47,True,False,False
synthetic/s7/0127,total,money,mock-b,mock-d,22.47,22.47,22.47,22.47,True,False,False
synthetic/s7/0127,total,money,mock-c,mock-d,22.47,22.47,22.47,22.47,True,False,False
synthetic/s7/0128,address,address,mock-a,mock-b,lot 3 jln pelabur 23 1 40300 shah alam selangor,lot 3 jln pelabur 23 1 40300 shah alam selangor,"LOT 3, JALAN PELABUR 23/1, 40300 SHAH ALAM, SELANGOR","LOT 3, JALAN PELABUR 23/1, 40300 SHAH ALAM, SELANGOR",True,False,False
synthetic/s7/0128,address,address,mock-a,mock-c,lot 3 jln pelabur 23 1 40300 shah alam selangor,lot 3 jln pelabur 23 1 40300 shah alam selangor,"LOT 3, JALAN PELABUR 23/1, 40300 SHAH ALAM, SELANGOR","LOT 3, JALAN PELABUR 23/1, 40300 SHAH ALAM, SELANGOR",True,False,False
synthetic/s7/0128,address,address,mock-a,mock-d,lot 3 jln pelabur 23 1 40300 shah alam selangor,lot 3 jln pelabur 23 1 40300 shah alam selangor,"LOT 3, JALAN PELABUR 23/1, 40300 SHAH ALAM, SELANGOR","LOT 3, JALAN PELABUR 23/1, 40300 SHAH ALAM, SELANGOR",True,False,False
synthetic/s7/0128,address,address,mock-b,mock-c,lot 3 jln pelabur 23 1 40300 shah alam selangor,lot 3 jln pelabur 23 1 40300 shah alam selangor,"LOT 3, JALAN PELABUR 23/1, 40300 SHAH ALAM, SELANGOR","LOT 3, JALAN PELABUR 23/1, 40300 SHAH ALAM, SELANGOR",True,False,False
synthetic/s7/0128,address,address,mock-b,mock-d,lot 3 jln pelabur 23 1 40300 shah alam selangor,lot 3 jln pelabur 23 1 40300 shah alam selangor,"LOT 3, JALAN PELABUR 23/1, 40300 SHAH ALAM, SELANGOR","LOT 3, JALAN PELABUR 23/1, 40300 SHAH ALAM, SELANGOR",True,False,False
synthetic/s7/0128,address,address,mock-c,mock-d,lot 3 jln pelabur 23 1 40300 shah alam selangor,lot 3 jln pelabur 23 1 40300 shah alam selangor,"LOT 3, JALAN PELABUR 23/1, 40300 SHAH ALAM, SELANGOR","LOT 3, JALAN PELABUR 23/1, 40300 SHAH ALAM, SELANGOR",True,False,False
synthetic/s7/0128,company,org,mock-a,mock-b,∅,∅,,,True,True,False
synthetic/s7/0128,company,org,mock-a,mock-c,∅,gardenia bakeries kl sdn,,GARDENIA BAKERIES (KL) SDN,False,False,True
synthetic/s7/0128,company,org,mock-a,mock-d,∅,gardenia bakeries kl,,GARDENIA BAKERIES (KL) SDN BHD,False,False,True
synthetic/s7/0128,company,org,mock-b,mock-c,∅,gardenia bakeries kl sdn,,GARDENIA BAKERIES (KL) SDN,False,False,True
synthetic/s7/0128,company,org,mock-b,mock-d,∅,gardenia bakeries kl,,GARDENIA BAKERIES (KL) SDN BHD,False,False,True
synthetic/s7/0128,company,org,mock-c,mock-d,gardenia bakeries kl sdn,gardenia bakeries kl,GARDENIA BAKERIES (KL) SDN,GARDENIA BAKERIES (KL) SDN BHD,False,False,False
synthetic/s7/0128,date,date,mock-a,mock-b,2018-11-06,2018-11-06,06/11/2018,06/11/2018,True,False,False
synthetic/s7/0128,date,date,mock-a,mock-c,2018-11-06,2018-11-06,06/11/2018,06/11/2018,True,False,False
synthetic/s7/0128,date,date,mock-a,mock-d,2018-11-06,2018-11-06,06/11/2018,06/11/2018,True,False,False
synthetic/s7/0128,date,date,mock-b,mock-c,2018-11-06,2018-11-06,06/11/2018,06/11/2018,True,False,False
synthetic/s7/0128,date,date,mock-b,mock-d,2018-11-06,2018-11-06,06/11/2018,06/11/2018,True,False,False
synthetic/s7/0128,date,date,mock-c,mock-d,2018-11-06,2018-11-06,06/11/2018,06/11/2018,True,False,False
synthetic/s7/0128,phone,phone,mock-a,mock-b,∅,∅,,,True,True,False
synthetic/s7/0128,phone,phone,mock-a,mock-c,∅,∅,,,True,True,False
synthetic/s7/0128,phone,phone,mock-a,mock-d,∅,∅,,,True,True,False
synthetic/s7/0128,phone,phone,mock-b,mock-c,∅,∅,,,True,True,False
synthetic/s7/0128,phone,phone,mock-b,mock-d,∅,∅,,,True,True,False
synthetic/s7/0128,phone,phone,mock-c,mock-d,∅,∅,,,True,True,False
synthetic/s7/0128,tax,money,mock-a,mock-b,0.00,0.00,0.00,0.00,True,False,False
synthetic/s7/0128,tax,money,mock-a,mock-c,0.00,0.00,0.00,0.00,True,False,False
synthetic/s7/0128,tax,money,mock-a,mock-d,0.00,0.00,0.00,0.00,True,False,False
synthetic/s7/0128,tax,money,mock-b,mock-c,0.00,0.00,0.00,0.00,True,False,False
synthetic/s7/0128,tax,money,mock-b,mock-d,0.00,0.00,0.00,0.00,True,False,False
synthetic/s7/0128,tax,money,mock-c,mock-d,0.00,0.00,0.00,0.00,True,False,False
synthetic/s7/0128,total,money,mock-a,mock-b,34.30,34.30,34.30,34.30,True,False,False
synthetic/s7/0128,total,money,mock-a,mock-c,34.30,34.30,34.30,34.30,True,False,False
synthetic/s7/0128,total,money,mock-a,mock-d,34.30,34.30,34.30,34.30,True,False,False
synthetic/s7/0128,total,money,mock-b,mock-c,34.30,34.30,34.30,34.30,True,False,False
synthetic/s7/0128,total,money,mock-b,mock-d,34.30,34.30,34.30,34.30,True,False,False
synthetic/s7/0128,total,money,mock-c,mock-d,34.30,34.30,34.30,34.30,True,False,False
synthetic/s7/0129,address,address,mock-a,mock-b,no 31g and 33g jln setia indah x u13 x 40170 setia alam,no 31g and 33g jln setia indah x u13 x 40170 setia alam,"NO. 31G&33G, JALAN SETIA INDAH X, U13/X, 40170 SETIA ALAM","NO. 31G&33G, JALAN SETIA INDAH X, U13/X, 40170 SETIA ALAM",True,False,False
synthetic/s7/0129,address,address,mock-a,mock-c,no 31g and 33g jln setia indah x u13 x 40170 setia alam,no 31g and 33g jln setia indah x u13 x 40170 setia alam,"NO. 31G&33G, JALAN SETIA INDAH X, U13/X, 40170 SETIA ALAM","NO. 31G&33G, JALAN SETIA INDAH X, U13/X, 40170 SETIA ALAM",True,False,False
synthetic/s7/0129,address,address,mock-a,mock-d,no 31g and 33g jln setia indah x u13 x 40170 setia alam,no 31g and 33g jln setia indah x u13 x 40170 setia alam,"NO. 31G&33G, JALAN SETIA INDAH X, U13/X, 40170 SETIA ALAM","NO. 31G&33G, JALAN SETIA INDAH X, U13/X, 40170 SETIA ALAM",True,False,False
synthetic/s7/0129,address,address,mock-b,mock-c,no 31g and 33g jln setia indah x u13 x 40170 setia alam,no 31g and 33g jln setia indah x u13 x 40170 setia alam,"NO. 31G&33G, JALAN SETIA INDAH X, U13/X, 40170 SETIA ALAM","NO. 31G&33G, JALAN SETIA INDAH X, U13/X, 40170 SETIA ALAM",True,False,False
synthetic/s7/0129,address,address,mock-b,mock-d,no 31g and 33g jln setia indah x u13 x 40170 setia alam,no 31g and 33g jln setia indah x u13 x 40170 setia alam,"NO. 31G&33G, JALAN SETIA INDAH X, U13/X, 40170 SETIA ALAM","NO. 31G&33G, JALAN SETIA INDAH X, U13/X, 40170 SETIA ALAM",True,False,False
synthetic/s7/0129,address,address,mock-c,mock-d,no 31g and 33g jln setia indah x u13 x 40170 setia alam,no 31g and 33g jln setia indah x u13 x 40170 setia alam,"NO. 31G&33G, JALAN SETIA INDAH X, U13/X, 40170 SETIA ALAM","NO. 31G&33G, JALAN SETIA INDAH X, U13/X, 40170 SETIA ALAM",True,False,False
synthetic/s7/0129,company,org,mock-a,mock-b,sanyu stationery,sanyu stationery,SANYU STATIONERY,SANYU STATIONERY,True,False,False
synthetic/s7/0129,company,org,mock-a,mock-c,sanyu stationery,sanyu stationery,SANYU STATIONERY,SANYU STATIONERY,True,False,False
synthetic/s7/0129,company,org,mock-a,mock-d,sanyu stationery,sanyu stationery,SANYU STATIONERY,SANYU STATIONERY,True,False,False
synthetic/s7/0129,company,org,mock-b,mock-c,sanyu stationery,sanyu stationery,SANYU STATIONERY,SANYU STATIONERY,True,False,False
synthetic/s7/0129,company,org,mock-b,mock-d,sanyu stationery,sanyu stationery,SANYU STATIONERY,SANYU STATIONERY,True,False,False
synthetic/s7/0129,company,org,mock-c,mock-d,sanyu stationery,sanyu stationery,SANYU STATIONERY,SANYU STATIONERY,True,False,False
synthetic/s7/0129,date,date,mock-a,mock-b,2018-04-09,2018-09-04,09/04/2018,04/09/2018,False,False,False
synthetic/s7/0129,date,date,mock-a,mock-c,2018-04-09,2018-04-09,09/04/2018,09/04/2018,True,False,False
synthetic/s7/0129,date,date,mock-a,mock-d,2018-04-09,∅,09/04/2018,,False,False,True
synthetic/s7/0129,date,date,mock-b,mock-c,2018-09-04,2018-04-09,04/09/2018,09/04/2018,False,False,False
synthetic/s7/0129,date,date,mock-b,mock-d,2018-09-04,∅,04/09/2018,,False,False,True
synthetic/s7/0129,date,date,mock-c,mock-d,2018-04-09,∅,09/04/2018,,False,False,True
synthetic/s7/0129,phone,phone,mock-a,mock-b,31127537,31127537,03-112 7537,03-112 7537,True,False,False
synthetic/s7/0129,phone,phone,mock-a,mock-c,31127537,31127537,03-112 7537,03-112 7537,True,False,False
synthetic/s7/0129,phone,phone,mock-a,mock-d,31127537,31127537,03-112 7537,03-112 7537,True,False,False
synthetic/s7/0129,phone,phone,mock-b,mock-c,31127537,31127537,03-112 7537,03-112 7537,True,False,False
synthetic/s7/0129,phone,phone,mock-b,mock-d,31127537,31127537,03-112 7537,03-112 7537,True,False,False
synthetic/s7/0129,phone,phone,mock-c,mock-d,31127537,31127537,03-112 7537,03-112 7537,True,False,False
synthetic/s7/0129,tax,money,mock-a,mock-b,4.39,0.39,4.39,0.39,False,False,False
synthetic/s7/0129,tax,money,mock-a,mock-c,4.39,0.39,4.39,0.39,False,False,False
synthetic/s7/0129,tax,money,mock-a,mock-d,4.39,0.39,4.39,0.39,False,False,False
synthetic/s7/0129,tax,money,mock-b,mock-c,0.39,0.39,0.39,0.39,True,False,False
synthetic/s7/0129,tax,money,mock-b,mock-d,0.39,0.39,0.39,0.39,True,False,False
synthetic/s7/0129,tax,money,mock-c,mock-d,0.39,0.39,0.39,0.39,True,False,False
synthetic/s7/0129,total,money,mock-a,mock-b,6.89,6.89,6.89,6.89,True,False,False
synthetic/s7/0129,total,money,mock-a,mock-c,6.89,6.89,6.89,6.89,True,False,False
synthetic/s7/0129,total,money,mock-a,mock-d,6.89,6.89,6.89,6.89,True,False,False
synthetic/s7/0129,total,money,mock-b,mock-c,6.89,6.89,6.89,6.89,True,False,False
synthetic/s7/0129,total,money,mock-b,mock-d,6.89,6.89,6.89,6.89,True,False,False
synthetic/s7/0129,total,money,mock-c,mock-d,6.89,6.89,6.89,6.89,True,False,False
synthetic/s7/0130,address,address,mock-a,mock-b,lot p t 2811 jln angsana tmn mutiara rini 81300 skudai,lot p t 2811 jln angsana tmn mutiara rini,"LOT P.T. 2811, JALAN ANGSANA, TAMAN MUTIARA RINI, 81300 SKUDAI","LOT P.T. 2811, JALAN ANGSANA, TAMAN MUTIARA RINI",False,False,False
synthetic/s7/0130,address,address,mock-a,mock-c,lot p t 2811 jln angsana tmn mutiara rini 81300 skudai,lot p t 2811 jln angsana tmn mutiara rini 81300 skudai,"LOT P.T. 2811, JALAN ANGSANA, TAMAN MUTIARA RINI, 81300 SKUDAI","LOT P.T. 2811, JALAN ANGSANA, TAMAN MUTIARA RINI, 81300 SKUDAI",True,False,False
synthetic/s7/0130,address,address,mock-a,mock-d,lot p t 2811 jln angsana tmn mutiara rini 81300 skudai,lot p t 2811 jln angsana tmn mutiara rini 81300 skudai,"LOT P.T. 2811, JALAN ANGSANA, TAMAN MUTIARA RINI, 81300 SKUDAI","LOT P.T. 2811, JALAN ANGSANA, TAMAN MUTIARA RINI, 81300 SKUDAI",True,False,False
synthetic/s7/0130,address,address,mock-b,mock-c,lot p t 2811 jln angsana tmn mutiara rini,lot p t 2811 jln angsana tmn mutiara rini 81300 skudai,"LOT P.T. 2811, JALAN ANGSANA, TAMAN MUTIARA RINI","LOT P.T. 2811, JALAN ANGSANA, TAMAN MUTIARA RINI, 81300 SKUDAI",False,False,False
synthetic/s7/0130,address,address,mock-b,mock-d,lot p t 2811 jln angsana tmn mutiara rini,lot p t 2811 jln angsana tmn mutiara rini 81300 skudai,"LOT P.T. 2811, JALAN ANGSANA, TAMAN MUTIARA RINI","LOT P.T. 2811, JALAN ANGSANA, TAMAN MUTIARA RINI, 81300 SKUDAI",False,False,False
synthetic/s7/0130,address,address,mock-c,mock-d,lot p t 2811 jln angsana tmn mutiara rini 81300 skudai,lot p t 2811 jln angsana tmn mutiara rini 81300 skudai,"LOT P.T. 2811, JALAN ANGSANA, TAMAN MUTIARA RINI, 81300 SKUDAI","LOT P.T. 2811, JALAN ANGSANA, TAMAN MUTIARA RINI, 81300 SKUDAI",True,False,False
synthetic/s7/0130,company,org,mock-a,mock-b,99 speed mart s b,99 speed mart s b,99 SPEED MART S/B,99 SPEED MART S/B,True,False,False
synthetic/s7/0130,company,org,mock-a,mock-c,99 speed mart s b,99 speed mart s b,99 SPEED MART S/B,99 SPEED MART S/B,True,False,False
synthetic/s7/0130,company,org,mock-a,mock-d,99 speed mart s b,99 speed mart s b,99 SPEED MART S/B,99 SPEED MART S/B,True,False,False
synthetic/s7/0130,company,org,mock-b,mock-c,99 speed mart s b,99 speed mart s b,99 SPEED MART S/B,99 SPEED MART S/B,True,False,False
synthetic/s7/0130,company,org,mock-b,mock-d,99 speed mart s b,99 speed mart s b,99 SPEED MART S/B,99 SPEED MART S/B,True,False,False
synthetic/s7/0130,company,org,mock-c,mock-d,99 speed mart s b,99 speed mart s b,99 SPEED MART S/B,99 SPEED MART S/B,True,False,False
synthetic/s7/0130,date,date,mock-a,mock-b,2019-11-17,2019-11-17,17/11/2019,17/11/2019,True,False,False
synthetic/s7/0130,date,date,mock-a,mock-c,2019-11-17,2019-11-17,17/11/2019,17/11/2019,True,False,False
synthetic/s7/0130,date,date,mock-a,mock-d,2019-11-17,2019-11-17,17/11/2019,17/11/2019,True,False,False
synthetic/s7/0130,date,date,mock-b,mock-c,2019-11-17,2019-11-17,17/11/2019,17/11/2019,True,False,False
synthetic/s7/0130,date,date,mock-b,mock-d,2019-11-17,2019-11-17,17/11/2019,17/11/2019,True,False,False
synthetic/s7/0130,date,date,mock-c,mock-d,2019-11-17,2019-11-17,17/11/2019,17/11/2019,True,False,False
synthetic/s7/0130,phone,phone,mock-a,mock-b,49738045,49738045,04-973 8045,04-973 8045,True,False,False
synthetic/s7/0130,phone,phone,mock-a,mock-c,49738045,249738045,04-973 8045,24-973 8045,False,False,False
synthetic/s7/0130,phone,phone,mock-a,mock-d,49738045,49738045,04-973 8045,04-973 8045,True,False,False
synthetic/s7/0130,phone,phone,mock-b,mock-c,49738045,249738045,04-973 8045,24-973 8045,False,False,False
synthetic/s7/0130,phone,phone,mock-b,mock-d,49738045,49738045,04-973 8045,04-973 8045,True,False,False
synthetic/s7/0130,phone,phone,mock-c,mock-d,249738045,49738045,24-973 8045,04-973 8045,False,False,False
synthetic/s7/0130,tax,money,mock-a,mock-b,∅,∅,,,True,True,False
synthetic/s7/0130,tax,money,mock-a,mock-c,∅,∅,,,True,True,False
synthetic/s7/0130,tax,money,mock-a,mock-d,∅,∅,,,True,True,False
synthetic/s7/0130,tax,money,mock-b,mock-c,∅,∅,,,True,True,False
synthetic/s7/0130,tax,money,mock-b,mock-d,∅,∅,,,True,True,False
synthetic/s7/0130,tax,money,mock-c,mock-d,∅,∅,,,True,True,False
synthetic/s7/0130,total,money,mock-a,mock-b,23.20,23.20,23.20,23.20,True,False,False
synthetic/s7/0130,total,money,mock-a,mock-c,23.20,23.20,23.20,23.20,True,False,False
synthetic/s7/0130,total,money,mock-a,mock-d,23.20,23.20,23.20,23.20,True,False,False
synthetic/s7/0130,total,money,mock-b,mock-c,23.20,23.20,23.20,23.20,True,False,False
synthetic/s7/0130,total,money,mock-b,mock-d,23.20,23.20,23.20,23.20,True,False,False
synthetic/s7/0130,total,money,mock-c,mock-d,23.20,23.20,23.20,23.20,True,False,False
synthetic/s7/0131,address,address,mock-a,mock-b,lot 276 jln banting 43800 dengkil selangor,lot 276 jln banting 43800 dengkil selangor,"LOT 276 JALAN BANTING, 43800 DENGKIL, SELANGOR","LOT 276 JALAN BANTING, 43800 DENGKIL, SELANGOR",True,False,False
synthetic/s7/0131,address,address,mock-a,mock-c,lot 276 jln banting 43800 dengkil selangor,lot 276 jln banting 43800 dengkil selangor,"LOT 276 JALAN BANTING, 43800 DENGKIL, SELANGOR","LOT 276 JALAN BANTING, 43800 DENGKIL, SELANGOR",True,False,False
synthetic/s7/0131,address,address,mock-a,mock-d,lot 276 jln banting 43800 dengkil selangor,lot 276 jln banting 43800 dengkil selangor,"LOT 276 JALAN BANTING, 43800 DENGKIL, SELANGOR","LOT 276 JALAN BANTING, 43800 DENGKIL, SELANGOR",True,False,False
synthetic/s7/0131,address,address,mock-b,mock-c,lot 276 jln banting 43800 dengkil selangor,lot 276 jln banting 43800 dengkil selangor,"LOT 276 JALAN BANTING, 43800 DENGKIL, SELANGOR","LOT 276 JALAN BANTING, 43800 DENGKIL, SELANGOR",True,False,False
synthetic/s7/0131,address,address,mock-b,mock-d,lot 276 jln banting 43800 dengkil selangor,lot 276 jln banting 43800 dengkil selangor,"LOT 276 JALAN BANTING, 43800 DENGKIL, SELANGOR","LOT 276 JALAN BANTING, 43800 DENGKIL, SELANGOR",True,False,False
synthetic/s7/0131,address,address,mock-c,mock-d,lot 276 jln banting 43800 dengkil selangor,lot 276 jln banting 43800 dengkil selangor,"LOT 276 JALAN BANTING, 43800 DENGKIL, SELANGOR","LOT 276 JALAN BANTING, 43800 DENGKIL, SELANGOR",True,False,False
synthetic/s7/0131,company,org,mock-a,mock-b,kedai papan yew chuan,kedai papan yew chuan,KEDAI PAPAN YEW CHUAN,KEDAI PAPAN YEW CHUAN,True,False,False
synthetic/s7/0131,company,org,mock-a,mock-c,kedai papan yew chuan,papan yew chuan,KEDAI PAPAN YEW CHUAN,PAPAN YEW CHUAN,False,False,False
synthetic/s7/0131,company,org,mock-a,mock-d,kedai papan yew chuan,kedai papan yew chuan,KEDAI PAPAN YEW CHUAN,KEDAI PAPAN YEW CHUAN,True,False,False
synthetic/s7/0131,company,org,mock-b,mock-c,kedai papan yew chuan,papan yew chuan,KEDAI PAPAN YEW CHUAN,PAPAN YEW CHUAN,False,False,False
synthetic/s7/0131,company,org,mock-b,mock-d,kedai papan yew chuan,kedai papan yew chuan,KEDAI PAPAN YEW CHUAN,KEDAI PAPAN YEW CHUAN,True,False,False
synthetic/s7/0131,company,org,mock-c,mock-d,papan yew chuan,kedai papan yew chuan,PAPAN YEW CHUAN,KEDAI PAPAN YEW CHUAN,False,False,False
synthetic/s7/0131,date,date,mock-a,mock-b,2019-11-24,2019-11-24,24/11/2019,11/24/2019,True,False,False
synthetic/s7/0131,date,date,mock-a,mock-c,2019-11-24,2019-11-24,24/11/2019,24/11/2019,True,False,False
synthetic/s7/0131,date,date,mock-a,mock-d,2019-11-24,2019-11-24,24/11/2019,24/11/2019,True,False,False
synthetic/s7/0131,date,date,mock-b,mock-c,2019-11-24,2019-11-24,11/24/2019,24/11/2019,True,False,False
synthetic/s7/0131,date,date,mock-b,mock-d,2019-11-24,2019-11-24,11/24/2019,24/11/2019,True,False,False
synthetic/s7/0131,date,date,mock-c,mock-d,2019-11-24,2019-11-24,24/11/2019,24/11/2019,True,False,False
synthetic/s7/0131,phone,phone,mock-a,mock-b,64205256,64205256,06-420 5256,06-420 5256,True,False,False
synthetic/s7/0131,phone,phone,mock-a,mock-c,64205256,64205256,06-420 5256,06-420 5256,True,False,False
synthetic/s7/0131,phone,phone,mock-a,mock-d,64205256,∅,06-420 5256,,False,False,True
synthetic/s7/0131,phone,phone,mock-b,mock-c,64205256,64205256,06-420 5256,06-420 5256,True,False,False
synthetic/s7/0131,phone,phone,mock-b,mock-d,64205256,∅,06-420 5256,,False,False,True
synthetic/s7/0131,phone,phone,mock-c,mock-d,64205256,∅,06-420 5256,,False,False,True
synthetic/s7/0131,tax,money,mock-a,mock-b,1.27,1.27,1.27,1.27,True,False,False
synthetic/s7/0131,tax,money,mock-a,mock-c,1.27,4.27,1.27,4.27,False,False,False
synthetic/s7/0131,tax,money,mock-a,mock-d,1.27,1.27,1.27,1.27,True,False,False
synthetic/s7/0131,tax,money,mock-b,mock-c,1.27,4.27,1.27,4.27,False,False,False
synthetic/s7/0131,tax,money,mock-b,mock-d,1.27,1.27,1.27,1.27,True,False,False
synthetic/s7/0131,tax,money,mock-c,mock-d,4.27,1.27,4.27,1.27,False,False,False
synthetic/s7/0131,total,money,mock-a,mock-b,62.47,62.47,62.47,62.47,True,False,False
synthetic/s7/0131,total,money,mock-a,mock-c,62.47,62.47,62.47,62.47,True,False,False
synthetic/s7/0131,total,money,mock-a,mock-d,62.47,62.47,62.47,62.47,True,False,False
synthetic/s7/0131,total,money,mock-b,mock-c,62.47,62.47,62.47,62.47,True,False,False
synthetic/s7/0131,total,money,mock-b,mock-d,62.47,62.47,62.47,62.47,True,False,False
synthetic/s7/0131,total,money,mock-c,mock-d,62.47,62.47,62.47,62.47,True,False,False
synthetic/s7/0132,address,address,mock-a,mock-b,no 2 and 4 jln bayu 4 bdr seri alam 81750 masai,no 2 and 4 jln bayu 4 bdr seri alam 81750 masai johor,"NO 2 & 4, JALAN BAYU 4, BANDAR SERI ALAM, 81750 MASAI","NO 2 & 4, JALAN BAYU 4, BANDAR SERI ALAM, 81750 MASAI, JOHOR",False,False,False
synthetic/s7/0132,address,address,mock-a,mock-c,no 2 and 4 jln bayu 4 bdr seri alam 81750 masai,no 2 and 4 jln bayu 4 bdr seri alam 81750 masai johor,"NO 2 & 4, JALAN BAYU 4, BANDAR SERI ALAM, 81750 MASAI","NO 2 & 4, JALAN BAYU 4, BANDAR SERI ALAM, 81750 MASAI, JOHOR",False,False,False
synthetic/s7/0132,address,address,mock-a,mock-d,no 2 and 4 jln bayu 4 bdr seri alam 81750 masai,no 2 and 4 jln bayu 4 bdr seri alam 81750 masai,"NO 2 & 4, JALAN BAYU 4, BANDAR SERI ALAM, 81750 MASAI","NO 2 & 4, JALAN BAYU 4, BANDAR SERI ALAM, 81750 MASAI",True,False,False
synthetic/s7/0132,address,address,mock-b,mock-c,no 2 and 4 jln bayu 4 bdr seri alam 81750 masai johor,no 2 and 4 jln bayu 4 bdr seri alam 81750 masai johor,"NO 2 & 4, JALAN BAYU 4, BANDAR SERI ALAM, 81750 MASAI, JOHOR","NO 2 & 4, JALAN BAYU 4, BANDAR SERI ALAM, 81750 MASAI, JOHOR",True,False,False
synthetic/s7/0132,address,address,mock-b,mock-d,no 2 and 4 jln bayu 4 bdr seri alam 81750 masai johor,no 2 and 4 jln bayu 4 bdr seri alam 81750 masai,"NO 2 & 4, JALAN BAYU 4, BANDAR SERI ALAM, 81750 MASAI, JOHOR","NO 2 & 4, JALAN BAYU 4, BANDAR SERI ALAM, 81750 MASAI",False,False,False
synthetic/s7/0132,address,address,mock-c,mock-d,no 2 and 4 jln bayu 4 bdr seri alam 81750 masai johor,no 2 and 4 jln bayu 4 bdr seri alam 81750 masai,"NO 2 & 4, JALAN BAYU 4, BANDAR SERI ALAM, 81750 MASAI, JOHOR","NO 2 & 4, JALAN BAYU 4, BANDAR SERI ALAM, 81750 MASAI",False,False,False
synthetic/s7/0132,company,org,mock-a,mock-b,ojc marketing,ojc marketing,OJC MARKETING SDN BHD,OJC MARKETING SDN BHD,True,False,False
synthetic/s7/0132,company,org,mock-a,mock-c,ojc marketing,ojc marketing,OJC MARKETING SDN BHD,OJC MARKETING SDN BHD,True,False,False
synthetic/s7/0132,company,org,mock-a,mock-d,ojc marketing,ojc marketing,OJC MARKETING SDN BHD,OJC MARKETING SDN BHD,True,False,False
synthetic/s7/0132,company,org,mock-b,mock-c,ojc marketing,ojc marketing,OJC MARKETING SDN BHD,OJC MARKETING SDN BHD,True,False,False
synthetic/s7/0132,company,org,mock-b,mock-d,ojc marketing,ojc marketing,OJC MARKETING SDN BHD,OJC MARKETING SDN BHD,True,False,False
synthetic/s7/0132,company,org,mock-c,mock-d,ojc marketing,ojc marketing,OJC MARKETING SDN BHD,OJC MARKETING SDN BHD,True,False,False
synthetic/s7/0132,date,date,mock-a,mock-b,2019-04-14,2019-04-14,04/14/2019,04/14/2019,True,False,False
synthetic/s7/0132,date,date,mock-a,mock-c,2019-04-14,2019-04-14,04/14/2019,14/04/2019,True,False,False
synthetic/s7/0132,date,date,mock-a,mock-d,2019-04-14,2019-04-14,04/14/2019,14/04/2019,True,False,False
synthetic/s7/0132,date,date,mock-b,mock-c,2019-04-14,2019-04-14,04/14/2019,14/04/2019,True,False,False
synthetic/s7/0132,date,date,mock-b,mock-d,2019-04-14,2019-04-14,04/14/2019,14/04/2019,True,False,False
synthetic/s7/0132,date,date,mock-c,mock-d,2019-04-14,2019-04-14,14/04/2019,14/04/2019,True,False,False
synthetic/s7/0132,phone,phone,mock-a,mock-b,879797706,879797706,87-979 7706,87-979 7706,True,False,False
synthetic/s7/0132,phone,phone,mock-a,mock-c,879797706,879797706,87-979 7706,87-979 7706,True,False,False
synthetic/s7/0132,phone,phone,mock-a,mock-d,879797706,879797706,87-979 7706,87-979 7706,True,False,False
synthetic/s7/0132,phone,phone,mock-b,mock-c,879797706,879797706,87-979 7706,87-979 7706,True,False,False
synthetic/s7/0132,phone,phone,mock-b,mock-d,879797706,879797706,87-979 7706,87-979 7706,True,False,False
synthetic/s7/0132,phone,phone,mock-c,mock-d,879797706,879797706,87-979 7706,87-979 7706,True,False,False
synthetic/s7/0132,tax,money,mock-a,mock-b,1.67,1.61,1.67,1.61,False,False,False
synthetic/s7/0132,tax,money,mock-a,mock-c,1.67,1.67,1.67,1.67,True,False,False
synthetic/s7/0132,tax,money,mock-a,mock-d,1.67,1.67,1.67,1.67,True,False,False
synthetic/s7/0132,tax,money,mock-b,mock-c,1.61,1.67,1.61,1.67,False,False,False
synthetic/s7/0132,tax,money,mock-b,mock-d,1.61,1.67,1.61,1.67,False,False,False
synthetic/s7/0132,tax,money,mock-c,mock-d,1.67,1.67,1.67,1.67,True,False,False
synthetic/s7/0132,total,money,mock-a,mock-b,29.57,39.57,29.57,39.57,False,False,False
synthetic/s7/0132,total,money,mock-a,mock-c,29.57,29.57,29.57,29.57,True,False,False
synthetic/s7/0132,total,money,mock-a,mock-d,29.57,29.57,29.57,29.57,True,False,False
synthetic/s7/0132,total,money,mock-b,mock-c,39.57,29.57,39.57,29.57,False,False,False
synthetic/s7/0132,total,money,mock-b,mock-d,39.57,29.57,39.57,29.57,False,False,False
synthetic/s7/0132,total,money,mock-c,mock-d,29.57,29.57,29.57,29.57,True,False,False
synthetic/s7/0133,address,address,mock-a,mock-b,no 59 jln permas 9 5 bdr baru permas jaya 81750 johor bahru,no 59 jln permas 9 5 bdr baru permas jaya 81750 johor bahru,"NO.59 JALAN PERMAS 9/5, BANDAR BARU PERMAS JAYA, 81750 JOHOR BAHRU","NO.59 JALAN PERMAS 9/5, BANDAR BARU PERMAS JAYA, 81750 JOHOR BAHRU",True,False,False
synthetic/s7/0133,address,address,mock-a,mock-c,no 59 jln permas 9 5 bdr baru permas jaya 81750 johor bahru,no 59 jln permas 9 5 bdr baru permas jaya 81750 johor bahru,"NO.59 JALAN PERMAS 9/5, BANDAR BARU PERMAS JAYA, 81750 JOHOR BAHRU","NO.59 JALAN PERMAS 9/5, BANDAR BARU PERMAS JAYA, 81750 JOHOR BAHRU",True,False,False
synthetic/s7/0133,address,address,mock-a,mock-d,no 59 jln permas 9 5 bdr baru permas jaya 81750 johor bahru,no 59 jln permas 9 5 bdr baru permas jaya 81750 johor bahru,"NO.59 JALAN PERMAS 9/5, BANDAR BARU PERMAS JAYA, 81750 JOHOR BAHRU","NO.59 JALAN PERMAS 9/5, BANDAR BARU PERMAS JAYA, 81750 JOHOR BAHRU",True,False,False
synthetic/s7/0133,address,address,mock-b,mock-c,no 59 jln permas 9 5 bdr baru permas jaya 81750 johor bahru,no 59 jln permas 9 5 bdr baru permas jaya 81750 johor bahru,"NO.59 JALAN PERMAS 9/5, BANDAR BARU PERMAS JAYA, 81750 JOHOR BAHRU","NO.59 JALAN PERMAS 9/5, BANDAR BARU PERMAS JAYA, 81750 JOHOR BAHRU",True,False,False
synthetic/s7/0133,address,address,mock-b,mock-d,no 59 jln permas 9 5 bdr baru permas jaya 81750 johor bahru,no 59 jln permas 9 5 bdr baru permas jaya 81750 johor bahru,"NO.59 JALAN PERMAS 9/5, BANDAR BARU PERMAS JAYA, 81750 JOHOR BAHRU","NO.59 JALAN PERMAS 9/5, BANDAR BARU PERMAS JAYA, 81750 JOHOR BAHRU",True,False,False
synthetic/s7/0133,address,address,mock-c,mock-d,no 59 jln permas 9 5 bdr baru permas jaya 81750 johor bahru,no 59 jln permas 9 5 bdr baru permas jaya 81750 johor bahru,"NO.59 JALAN PERMAS 9/5, BANDAR BARU PERMAS JAYA, 81750 JOHOR BAHRU","NO.59 JALAN PERMAS 9/5, BANDAR BARU PERMAS JAYA, 81750 JOHOR BAHRU",True,False,False
synthetic/s7/0133,company,org,mock-a,mock-b,perniagaan zheng hui,perniagaan zheng hui,PERNIAGAAN ZHENG HUI,PERNIAGAAN ZHENG HUI,True,False,False
synthetic/s7/0133,company,org,mock-a,mock-c,perniagaan zheng hui,∅,PERNIAGAAN ZHENG HUI,,False,False,True
synthetic/s7/0133,company,org,mock-a,mock-d,perniagaan zheng hui,perniagaan zheng hui,PERNIAGAAN ZHENG HUI,PERNIAGAAN ZHENG HUI,True,False,False
synthetic/s7/0133,company,org,mock-b,mock-c,perniagaan zheng hui,∅,PERNIAGAAN ZHENG HUI,,False,False,True
synthetic/s7/0133,company,org,mock-b,mock-d,perniagaan zheng hui,perniagaan zheng hui,PERNIAGAAN ZHENG HUI,PERNIAGAAN ZHENG HUI,True,False,False
synthetic/s7/0133,company,org,mock-c,mock-d,∅,perniagaan zheng hui,,PERNIAGAAN ZHENG HUI,False,False,True
synthetic/s7/0133,date,date,mock-a,mock-b,2019-03-28,2019-03-28,03/28/2019,28/03/2019,True,False,False
synthetic/s7/0133,date,date,mock-a,mock-c,2019-03-28,2019-03-28,03/28/2019,28/03/2019,True,False,False
synthetic/s7/0133,date,date,mock-a,mock-d,2019-03-28,2019-03-28,03/28/2019,28/03/2019,True,False,False
synthetic/s7/0133,date,date,mock-b,mock-c,2019-03-28,2019-03-28,28/03/2019,28/03/2019,True,False,False
synthetic/s7/0133,date,date,mock-b,mock-d,2019-03-28,2019-03-28,28/03/2019,28/03/2019,True,False,False
synthetic/s7/0133,date,date,mock-c,mock-d,2019-03-28,2019-03-28,28/03/2019,28/03/2019,True,False,False
synthetic/s7/0133,phone,phone,mock-a,mock-b,∅,∅,,,True,True,False
synthetic/s7/0133,phone,phone,mock-a,mock-c,∅,∅,,,True,True,False
synthetic/s7/0133,phone,phone,mock-a,mock-d,∅,∅,,,True,True,False
synthetic/s7/0133,phone,phone,mock-b,mock-c,∅,∅,,,True,True,False
synthetic/s7/0133,phone,phone,mock-b,mock-d,∅,∅,,,True,True,False
synthetic/s7/0133,phone,phone,mock-c,mock-d,∅,∅,,,True,True,False
synthetic/s7/0133,tax,money,mock-a,mock-b,∅,∅,,,True,True,False
synthetic/s7/0133,tax,money,mock-a,mock-c,∅,∅,,,True,True,False
synthetic/s7/0133,tax,money,mock-a,mock-d,∅,∅,,,True,True,False
synthetic/s7/0133,tax,money,mock-b,mock-c,∅,∅,,,True,True,False
synthetic/s7/0133,tax,money,mock-b,mock-d,∅,∅,,,True,True,False
synthetic/s7/0133,tax,money,mock-c,mock-d,∅,∅,,,True,True,False
synthetic/s7/0133,total,money,mock-a,mock-b,21.40,21.40,21.40,21.40,True,False,False
synthetic/s7/0133,total,money,mock-a,mock-c,21.40,21.40,21.40,21.40,True,False,False
synthetic/s7/0133,total,money,mock-a,mock-d,21.40,20.20,21.40,20.20,False,False,False
synthetic/s7/0133,total,money,mock-b,mock-c,21.40,21.40,21.40,21.40,True,False,False
synthetic/s7/0133,total,money,mock-b,mock-d,21.40,20.20,21.40,20.20,False,False,False
synthetic/s7/0133,total,money,mock-c,mock-d,21.40,20.20,21.40,20.20,False,False,False
synthetic/s7/0134,address,address,mock-a,mock-b,lot 3 jln pelabur 23 1 40300 shah alam selangor,lot 3 jln pelabur 23 1 40300 shah alam selangor,"LOT 3, JALAN PELABUR 23/1, 40300 SHAH ALAM, SELANGOR","LOT 3, JALAN PELABUR 23/1, 40300 SHAH ALAM, SELANGOR",True,False,False
synthetic/s7/0134,address,address,mock-a,mock-c,lot 3 jln pelabur 23 1 40300 shah alam selangor,lot 3 jln pelabur 23 1 40300 shah alam selangor,"LOT 3, JALAN PELABUR 23/1, 40300 SHAH ALAM, SELANGOR","LOT 3, JALAN PELABUR 23/1, 40300 SHAH ALAM, SELANGOR",True,False,False
synthetic/s7/0134,address,address,mock-a,mock-d,lot 3 jln pelabur 23 1 40300 shah alam selangor,lot 3 jln pelabur 23 1 40300 shah alam selangor,"LOT 3, JALAN PELABUR 23/1, 40300 SHAH ALAM, SELANGOR","LOT 3, JALAN PELABUR 23/1, 40300 SHAH ALAM, SELANGOR",True,False,False
synthetic/s7/0134,address,address,mock-b,mock-c,lot 3 jln pelabur 23 1 40300 shah alam selangor,lot 3 jln pelabur 23 1 40300 shah alam selangor,"LOT 3, JALAN PELABUR 23/1, 40300 SHAH ALAM, SELANGOR","LOT 3, JALAN PELABUR 23/1, 40300 SHAH ALAM, SELANGOR",True,False,False
synthetic/s7/0134,address,address,mock-b,mock-d,lot 3 jln pelabur 23 1 40300 shah alam selangor,lot 3 jln pelabur 23 1 40300 shah alam selangor,"LOT 3, JALAN PELABUR 23/1, 40300 SHAH ALAM, SELANGOR","LOT 3, JALAN PELABUR 23/1, 40300 SHAH ALAM, SELANGOR",True,False,False
synthetic/s7/0134,address,address,mock-c,mock-d,lot 3 jln pelabur 23 1 40300 shah alam selangor,lot 3 jln pelabur 23 1 40300 shah alam selangor,"LOT 3, JALAN PELABUR 23/1, 40300 SHAH ALAM, SELANGOR","LOT 3, JALAN PELABUR 23/1, 40300 SHAH ALAM, SELANGOR",True,False,False
synthetic/s7/0134,company,org,mock-a,mock-b,gardenia bakeries kl,gardenia bakeries kl,GARDENIA BAKERIES (KL) SDN BHD,GARDENIA BAKERIES (KL) SDN BHD,True,False,False
synthetic/s7/0134,company,org,mock-a,mock-c,gardenia bakeries kl,gardenia bakeries kl,GARDENIA BAKERIES (KL) SDN BHD,GARDENIA BAKERIES (KL) SDN BHD,True,False,False
synthetic/s7/0134,company,org,mock-a,mock-d,gardenia bakeries kl,gardenia bakeries kl,GARDENIA BAKERIES (KL) SDN BHD,GARDENIA BAKERIES (KL) SDN BHD,True,False,False
synthetic/s7/0134,company,org,mock-b,mock-c,gardenia bakeries kl,gardenia bakeries kl,GARDENIA BAKERIES (KL) SDN BHD,GARDENIA BAKERIES (KL) SDN BHD,True,False,False
synthetic/s7/0134,company,org,mock-b,mock-d,gardenia bakeries kl,gardenia bakeries kl,GARDENIA BAKERIES (KL) SDN BHD,GARDENIA BAKERIES (KL) SDN BHD,True,False,False
synthetic/s7/0134,company,org,mock-c,mock-d,gardenia bakeries kl,gardenia bakeries kl,GARDENIA BAKERIES (KL) SDN BHD,GARDENIA BAKERIES (KL) SDN BHD,True,False,False
synthetic/s7/0134,date,date,mock-a,mock-b,2018-04-18,2018-04-18,18/04/2018,18/04/2018,True,False,False
synthetic/s7/0134,date,date,mock-a,mock-c,2018-04-18,2018-04-18,18/04/2018,18/04/2018,True,False,False
synthetic/s7/0134,date,date,mock-a,mock-d,2018-04-18,2018-04-18,18/04/2018,04/18/2018,True,False,False
synthetic/s7/0134,date,date,mock-b,mock-c,2018-04-18,2018-04-18,18/04/2018,18/04/2018,True,False,False
synthetic/s7/0134,date,date,mock-b,mock-d,2018-04-18,2018-04-18,18/04/2018,04/18/2018,True,False,False
synthetic/s7/0134,date,date,mock-c,mock-d,2018-04-18,2018-04-18,18/04/2018,04/18/2018,True,False,False
synthetic/s7/0134,phone,phone,mock-a,mock-b,48348794,48348794,04-834 8794,04-834 8794,True,False,False
synthetic/s7/0134,phone,phone,mock-a,mock-c,48348794,48348794,04-834 8794,04-834 8794,True,False,False
synthetic/s7/0134,phone,phone,mock-a,mock-d,48348794,48348794,04-834 8794,04-834 8794,True,False,False
synthetic/s7/0134,phone,phone,mock-b,mock-c,48348794,48348794,04-834 8794,04-834 8794,True,False,False
synthetic/s7/0134,phone,phone,mock-b,mock-d,48348794,48348794,04-834 8794,04-834 8794,True,False,False
synthetic/s7/0134,phone,phone,mock-c,mock-d,48348794,48348794,04-834 8794,04-834 8794,True,False,False
synthetic/s7/0134,tax,money,mock-a,mock-b,∅,∅,,,True,True,False
synthetic/s7/0134,tax,money,mock-a,mock-c,∅,∅,,,True,True,False
synthetic/s7/0134,tax,money,mock-a,mock-d,∅,∅,,,True,True,False
synthetic/s7/0134,tax,money,mock-b,mock-c,∅,∅,,,True,True,False
synthetic/s7/0134,tax,money,mock-b,mock-d,∅,∅,,,True,True,False
synthetic/s7/0134,tax,money,mock-c,mock-d,∅,∅,,,True,True,False
synthetic/s7/0134,total,money,mock-a,mock-b,19.50,19.50,19.50,19.50,True,False,False
synthetic/s7/0134,total,money,mock-a,mock-c,19.50,19.50,19.50,19.50,True,False,False
synthetic/s7/0134,total,money,mock-a,mock-d,19.50,19.50,19.50,19.50,True,False,False
synthetic/s7/0134,total,money,mock-b,mock-c,19.50,19.50,19.50,19.50,True,False,False
synthetic/s7/0134,total,money,mock-b,mock-d,19.50,19.50,19.50,19.50,True,False,False
synthetic/s7/0134,total,money,mock-c,mock-d,19.50,19.50,19.50,19.50,True,False,False
synthetic/s7/0135,address,address,mock-a,mock-b,no 31g and 33g jln setia indah x u13 x 40170 setia alam,∅,"NO. 31G&33G, JALAN SETIA INDAH X, U13/X, 40170 SETIA ALAM",,False,False,True
synthetic/s7/0135,address,address,mock-a,mock-c,no 31g and 33g jln setia indah x u13 x 40170 setia alam,no 31g and 33g jln setia indah x u13 x 40170 setia alam,"NO. 31G&33G, JALAN SETIA INDAH X, U13/X, 40170 SETIA ALAM","NO. 31G&33G, JALAN SETIA INDAH X, U13/X, 40170 SETIA ALAM",True,False,False
synthetic/s7/0135,address,address,mock-a,mock-d,no 31g and 33g jln setia indah x u13 x 40170 setia alam,no 31g and 33g jln setia indah x u13 x 40170 setia alam,"NO. 31G&33G, JALAN SETIA INDAH X, U13/X, 40170 SETIA ALAM","NO. 31G&33G, JALAN SETIA INDAH X, U13/X, 40170 SETIA ALAM",True,False,False
synthetic/s7/0135,address,address,mock-b,mock-c,∅,no 31g and 33g jln setia indah x u13 x 40170 setia alam,,"NO. 31G&33G, JALAN SETIA INDAH X, U13/X, 40170 SETIA ALAM",False,False,True
synthetic/s7/0135,address,address,mock-b,mock-d,∅,no 31g and 33g jln setia indah x u13 x 40170 setia alam,,"NO. 31G&33G, JALAN SETIA INDAH X, U13/X, 40170 SETIA ALAM",False,False,True
synthetic/s7/0135,address,address,mock-c,mock-d,no 31g and 33g jln setia indah x u13 x 40170 setia alam,no 31g and 33g jln setia indah x u13 x 40170 setia alam,"NO. 31G&33G, JALAN SETIA INDAH X, U13/X, 40170 SETIA ALAM","NO. 31G&33G, JALAN SETIA INDAH X, U13/X, 40170 SETIA ALAM",True,False,False
synthetic/s7/0135,company,org,mock-a,mock-b,sanyu stationery shop,sanyu stationery shop,SANYU STATIONERY SHOP,SANYU STATIONERY SHOP,True,False,False
synthetic/s7/0135,company,org,mock-a,mock-c,sanyu stationery shop,sanyu stationery shop,SANYU STATIONERY SHOP,SANYU STATIONERY SHOP,True,False,False
synthetic/s7/0135,company,org,mock-a,mock-d,sanyu stationery shop,∅,SANYU STATIONERY SHOP,,False,False,True
synthetic/s7/0135,company,org,mock-b,mock-c,sanyu stationery shop,sanyu stationery shop,SANYU STATIONERY SHOP,SANYU STATIONERY SHOP,True,False,False
synthetic/s7/0135,company,org,mock-b,mock-d,sanyu stationery shop,∅,SANYU STATIONERY SHOP,,False,False,True
synthetic/s7/0135,company,org,mock-c,mock-d,sanyu stationery shop,∅,SANYU STATIONERY SHOP,,False,False,True
synthetic/s7/0135,date,date,mock-a,mock-b,2019-06-26,2019-06-26,26/06/2019,26/06/2019,True,False,False
synthetic/s7/0135,date,date,mock-a,mock-c,2019-06-26,2019-06-26,26/06/2019,26/06/2019,True,False,False
synthetic/s7/0135,date,date,mock-a,mock-d,2019-06-26,2019-06-26,26/06/2019,26/06/2019,True,False,False
synthetic/s7/0135,date,date,mock-b,mock-c,2019-06-26,2019-06-26,26/06/2019,26/06/2019,True,False,False
synthetic/s7/0135,date,date,mock-b,mock-d,2019-06-26,2019-06-26,26/06/2019,26/06/2019,True,False,False
synthetic/s7/0135,date,date,mock-c,mock-d,2019-06-26,2019-06-26,26/06/2019,26/06/2019,True,False,False
synthetic/s7/0135,phone,phone,mock-a,mock-b,∅,∅,,,True,True,False
synthetic/s7/0135,phone,phone,mock-a,mock-c,∅,∅,,,True,True,False
synthetic/s7/0135,phone,phone,mock-a,mock-d,∅,∅,,,True,True,False
synthetic/s7/0135,phone,phone,mock-b,mock-c,∅,∅,,,True,True,False
synthetic/s7/0135,phone,phone,mock-b,mock-d,∅,∅,,,True,True,False
synthetic/s7/0135,phone,phone,mock-c,mock-d,∅,∅,,,True,True,False
synthetic/s7/0135,tax,money,mock-a,mock-b,∅,3.43,,3.43,False,False,True
synthetic/s7/0135,tax,money,mock-a,mock-c,∅,3.43,,3.43,False,False,True
synthetic/s7/0135,tax,money,mock-a,mock-d,∅,3.43,,3.43,False,False,True
synthetic/s7/0135,tax,money,mock-b,mock-c,3.43,3.43,3.43,3.43,True,False,False
synthetic/s7/0135,tax,money,mock-b,mock-d,3.43,3.43,3.43,3.43,True,False,False
synthetic/s7/0135,tax,money,mock-c,mock-d,3.43,3.43,3.43,3.43,True,False,False
synthetic/s7/0135,total,money,mock-a,mock-b,60.53,60.53,60.53,60.53,True,False,False
synthetic/s7/0135,total,money,mock-a,mock-c,60.53,∅,60.53,,False,False,True
synthetic/s7/0135,total,money,mock-a,mock-d,60.53,60.53,60.53,60.53,True,False,False
synthetic/s7/0135,total,money,mock-b,mock-c,60.53,∅,60.53,,False,False,True
synthetic/s7/0135,total,money,mock-b,mock-d,60.53,60.53,60.53,60.53,True,False,False
synthetic/s7/0135,total,money,mock-c,mock-d,∅,60.53,,60.53,False,False,True
synthetic/s7/0136,address,address,mock-a,mock-b,lot p t 2811 jln angsana tmn mutiara rini 81300 skudai,lot p t 2811 jln angsana tmn mutiara rini 81300 skudai,"LOT P.T. 2811, JALAN ANGSANA, TAMAN MUTIARA RINI, 81300 SKUDAI","LOT P.T. 2811, JALAN ANGSANA, TAMAN MUTIARA RINI, 81300 SKUDAI",True,False,False
synthetic/s7/0136,address,address,mock-a,mock-c,lot p t 2811 jln angsana tmn mutiara rini 81300 skudai,lot p t 2811 jln angsana tmn mutiara rini 81300 skudai,"LOT P.T. 2811, JALAN ANGSANA, TAMAN MUTIARA RINI, 81300 SKUDAI","LOT P.T. 2811, JALAN ANGSANA, TAMAN MUTIARA RINI, 81300 SKUDAI",True,False,False
synthetic/s7/0136,address,address,mock-a,mock-d,lot p t 2811 jln angsana tmn mutiara rini 81300 skudai,lot p t 2811 jln angsana tmn mutiara rini 81300 skudai,"LOT P.T. 2811, JALAN ANGSANA, TAMAN MUTIARA RINI, 81300 SKUDAI","LOT P.T. 2811, JALAN ANGSANA, TAMAN MUTIARA RINI, 81300 SKUDAI",True,False,False
synthetic/s7/0136,address,address,mock-b,mock-c,lot p t 2811 jln angsana tmn mutiara rini 81300 skudai,lot p t 2811 jln angsana tmn mutiara rini 81300 skudai,"LOT P.T. 2811, JALAN ANGSANA, TAMAN MUTIARA RINI, 81300 SKUDAI","LOT P.T. 2811, JALAN ANGSANA, TAMAN MUTIARA RINI, 81300 SKUDAI",True,False,False
synthetic/s7/0136,address,address,mock-b,mock-d,lot p t 2811 jln angsana tmn mutiara rini 81300 skudai,lot p t 2811 jln angsana tmn mutiara rini 81300 skudai,"LOT P.T. 2811, JALAN ANGSANA, TAMAN MUTIARA RINI, 81300 SKUDAI","LOT P.T. 2811, JALAN ANGSANA, TAMAN MUTIARA RINI, 81300 SKUDAI",True,False,False
synthetic/s7/0136,address,address,mock-c,mock-d,lot p t 2811 jln angsana tmn mutiara rini 81300 skudai,lot p t 2811 jln angsana tmn mutiara rini 81300 skudai,"LOT P.T. 2811, JALAN ANGSANA, TAMAN MUTIARA RINI, 81300 SKUDAI","LOT P.T. 2811, JALAN ANGSANA, TAMAN MUTIARA RINI, 81300 SKUDAI",True,False,False
synthetic/s7/0136,company,org,mock-a,mock-b,99 speed mart s b,99 speed mart s b,99 SPEED MART S/B,99 SPEED MART S/B,True,False,False
synthetic/s7/0136,company,org,mock-a,mock-c,99 speed mart s b,99 speed mart s b,99 SPEED MART S/B,99 SPEED MART S/B,True,False,False
synthetic/s7/0136,company,org,mock-a,mock-d,99 speed mart s b,99 speed mart s b,99 SPEED MART S/B,99 SPEED MART S/B,True,False,False
synthetic/s7/0136,company,org,mock-b,mock-c,99 speed mart s b,99 speed mart s b,99 SPEED MART S/B,99 SPEED MART S/B,True,False,False
synthetic/s7/0136,company,org,mock-b,mock-d,99 speed mart s b,99 speed mart s b,99 SPEED MART S/B,99 SPEED MART S/B,True,False,False
synthetic/s7/0136,company,org,mock-c,mock-d,99 speed mart s b,99 speed mart s b,99 SPEED MART S/B,99 SPEED MART S/B,True,False,False
synthetic/s7/0136,date,date,mock-a,mock-b,2018-11-12,2018-12-11,12/11/2018,11/12/2018,False,False,False
synthetic/s7/0136,date,date,mock-a,mock-c,2018-11-12,2018-11-12,12/11/2018,12/11/2018,True,False,False
synthetic/s7/0136,date,date,mock-a,mock-d,2018-11-12,2018-11-12,12/11/2018,12/11/2018,True,False,False
synthetic/s7/0136,date,date,mock-b,mock-c,2018-12-11,2018-11-12,11/12/2018,12/11/2018,False,False,False
synthetic/s7/0136,date,date,mock-b,mock-d,2018-12-11,2018-11-12,11/12/2018,12/11/2018,False,False,False
synthetic/s7/0136,date,date,mock-c,mock-d,2018-11-12,2018-11-12,12/11/2018,12/11/2018,True,False,False
synthetic/s7/0136,phone,phone,mock-a,mock-b,67436769,767436769,06-743 6769,76-743 6769,False,False,False
synthetic/s7/0136,phone,phone,mock-a,mock-c,67436769,67436769,06-743 6769,06-743 6769,True,False,False
synthetic/s7/0136,phone,phone,mock-a,mock-d,67436769,∅,06-743 6769,,False,False,True
synthetic/s7/0136,phone,phone,mock-b,mock-c,767436769,67436769,76-743 6769,06-743 6769,False,False,False
synthetic/s7/0136,phone,phone,mock-b,mock-d,767436769,∅,76-743 6769,,False,False,True
synthetic/s7/0136,phone,phone,mock-c,mock-d,67436769,∅,06-743 6769,,False,False,True
synthetic/s7/0136,tax,money,mock-a,mock-b,1.87,1.87,1.87,1.87,True,False,False
synthetic/s7/0136,tax,money,mock-a,mock-c,1.87,1.87,1.87,1.87,True,False,False
synthetic/s7/0136,tax,money,mock-a,mock-d,1.87,1.87,1.87,1.87,True,False,False
synthetic/s7/0136,tax,money,mock-b,mock-c,1.87,1.87,1.87,1.87,True,False,False
synthetic/s7/0136,tax,money,mock-b,mock-d,1.87,1.87,1.87,1.87,True,False,False
synthetic/s7/0136,tax,money,mock-c,mock-d,1.87,1.87,1.87,1.87,True,False,False
synthetic/s7/0136,total,money,mock-a,mock-b,32.97,32.97,32.97,32.97,True,False,False
synthetic/s7/0136,total,money,mock-a,mock-c,32.97,32.97,32.97,32.97,True,False,False
synthetic/s7/0136,total,money,mock-a,mock-d,32.97,32.97,32.97,32.97,True,False,False
synthetic/s7/0136,total,money,mock-b,mock-c,32.97,32.97,32.97,32.97,True,False,False
synthetic/s7/0136,total,money,mock-b,mock-d,32.97,32.97,32.97,32.97,True,False,False
synthetic/s7/0136,total,money,mock-c,mock-d,32.97,32.97,32.97,32.97,True,False,False
synthetic/s7/0137,address,address,mock-a,mock-b,lot 276 jln banting 43800 dengkil,lot 276 jln banting 43800 dengkil,"LOT 276 JALAN BANTING, 43800 DENGKIL","LOT 276 JALAN BANTING, 43800 DENGKIL",True,False,False
synthetic/s7/0137,address,address,mock-a,mock-c,lot 276 jln banting 43800 dengkil,lot 276 jln banting 43800 dengkil selangor,"LOT 276 JALAN BANTING, 43800 DENGKIL","LOT 276 JALAN BANTING, 43800 DENGKIL, SELANGOR",False,False,False
synthetic/s7/0137,address,address,mock-a,mock-d,lot 276 jln banting 43800 dengkil,lot 276 jln banting 43800 dengkil selangor,"LOT 276 JALAN BANTING, 43800 DENGKIL","LOT 276 JALAN BANTING, 43800 DENGKIL, SELANGOR",False,False,False
synthetic/s7/0137,address,address,mock-b,mock-c,lot 276 jln banting 43800 dengkil,lot 276 jln banting 43800 dengkil selangor,"LOT 276 JALAN BANTING, 43800 DENGKIL","LOT 276 JALAN BANTING, 43800 DENGKIL, SELANGOR",False,False,False
synthetic/s7/0137,address,address,mock-b,mock-d,lot 276 jln banting 43800 dengkil,lot 276 jln banting 43800 dengkil selangor,"LOT 276 JALAN BANTING, 43800 DENGKIL","LOT 276 JALAN BANTING, 43800 DENGKIL, SELANGOR",False,False,False
synthetic/s7/0137,address,address,mock-c,mock-d,lot 276 jln banting 43800 dengkil selangor,lot 276 jln banting 43800 dengkil selangor,"LOT 276 JALAN BANTING, 43800 DENGKIL, SELANGOR","LOT 276 JALAN BANTING, 43800 DENGKIL, SELANGOR",True,False,False
synthetic/s7/0137,company,org,mock-a,mock-b,kedai papan yew,kedai papan yew chuan,KEDAI PAPAN YEW,KEDAI PAPAN YEW CHUAN,False,False,False
synthetic/s7/0137,company,org,mock-a,mock-c,kedai papan yew,kedai papan yew chuan,KEDAI PAPAN YEW,KEDAI PAPAN YEW CHUAN,False,False,False
synthetic/s7/0137,company,org,mock-a,mock-d,kedai papan yew,kedai papan yew chuan,KEDAI PAPAN YEW,KEDAI PAPAN YEW CHUAN,False,False,False
synthetic/s7/0137,company,org,mock-b,mock-c,kedai papan yew chuan,kedai papan yew chuan,KEDAI PAPAN YEW CHUAN,KEDAI PAPAN YEW CHUAN,True,False,False
synthetic/s7/0137,company,org,mock-b,mock-d,kedai papan yew chuan,kedai papan yew chuan,KEDAI PAPAN YEW CHUAN,KEDAI PAPAN YEW CHUAN,True,False,False
synthetic/s7/0137,company,org,mock-c,mock-d,kedai papan yew chuan,kedai papan yew chuan,KEDAI PAPAN YEW CHUAN,KEDAI PAPAN YEW CHUAN,True,False,False
synthetic/s7/0137,date,date,mock-a,mock-b,2019-05-08,2019-05-08,08/05/2019,08/05/2019,True,False,False
synthetic/s7/0137,date,date,mock-a,mock-c,2019-05-08,2019-08-05,08/05/2019,05/08/2019,False,False,False
synthetic/s7/0137,date,date,mock-a,mock-d,2019-05-08,2019-08-05,08/05/2019,05/08/2019,False,False,False
synthetic/s7/0137,date,date,mock-b,mock-c,2019-05-08,2019-08-05,08/05/2019,05/08/2019,False,False,False
synthetic/s7/0137,date,date,mock-b,mock-d,2019-05-08,2019-08-05,08/05/2019,05/08/2019,False,False,False
synthetic/s7/0137,date,date,mock-c,mock-d,2019-08-05,2019-08-05,05/08/2019,05/08/2019,True,False,False
synthetic/s7/0137,phone,phone,mock-a,mock-b,91704164,91704164,09-170 4164,09-170 4164,True,False,False
synthetic/s7/0137,phone,phone,mock-a,mock-c,91704164,91704164,09-170 4164,09-170 4164,True,False,False
synthetic/s7/0137,phone,phone,mock-a,mock-d,91704164,491704164,09-170 4164,49-170 4164,False,False,False
synthetic/s7/0137,phone,phone,mock-b,mock-c,91704164,91704164,09-170 4164,09-170 4164,True,False,False
synthetic/s7/0137,phone,phone,mock-b,mock-d,91704164,491704164,09-170 4164,49-170 4164,False,False,False
synthetic/s7/0137,phone,phone,mock-c,mock-d,91704164,491704164,09-170 4164,49-170 4164,False,False,False
synthetic/s7/0137,tax,money,mock-a,mock-b,1.48,1.48,1.48,1.48,True,False,False
synthetic/s7/0137,tax,money,mock-a,mock-c,1.48,1.48,1.48,1.48,True,False,False
synthetic/s7/0137,tax,money,mock-a,mock-d,1.48,1.48,1.48,1.48,True,False,False
synthetic/s7/0137,tax,money,mock-b,mock-c,1.48,1.48,1.48,1.48,True,False,False
synthetic/s7/0137,tax,money,mock-b,mock-d,1.48,1.48,1.48,1.48,True,False,False
synthetic/s7/0137,tax,money,mock-c,mock-d,1.48,1.48,1.48,1.48,True,False,False
synthetic/s7/0137,total,money,mock-a,mock-b,26.08,26.08,26.08,26.08,True,False,False
synthetic/s7/0137,total,money,mock-a,mock-c,26.08,26.08,26.08,26.08,True,False,False
synthetic/s7/0137,total,money,mock-a,mock-d,26.08,26.08,26.08,26.08,True,False,False
synthetic/s7/0137,total,money,mock-b,mock-c,26.08,26.08,26.08,26.08,True,False,False
synthetic/s7/0137,total,money,mock-b,mock-d,26.08,26.08,26.08,26.08,True,False,False
synthetic/s7/0137,total,money,mock-c,mock-d,26.08,26.08,26.08,26.08,True,False,False
synthetic/s7/0138,address,address,mock-a,mock-b,no 2 and 4 jln bayu 4 bdr seri alam 81750 masai,no 2 and 4 jln bayu 4 bdr seri alam 81750 masai johor,"NO 2 & 4, JALAN BAYU 4, BANDAR SERI ALAM, 81750 MASAI","NO 2 & 4, JALAN BAYU 4, BANDAR SERI ALAM, 81750 MASAI, JOHOR",False,False,False
synthetic/s7/0138,address,address,mock-a,mock-c,no 2 and 4 jln bayu 4 bdr seri alam 81750 masai,no 2 and 4 jln bayu 4 bdr seri alam 81750 masai johor,"NO 2 & 4, JALAN BAYU 4, BANDAR SERI ALAM, 81750 MASAI","NO 2 & 4, JALAN BAYU 4, BANDAR SERI ALAM, 81750 MASAI, JOHOR",False,False,False
synthetic/s7/0138,address,address,mock-a,mock-d,no 2 and 4 jln bayu 4 bdr seri alam 81750 masai,no 2 and 4 jln bayu 4 bdr seri alam 81750 masai johor,"NO 2 & 4, JALAN BAYU 4, BANDAR SERI ALAM, 81750 MASAI","NO 2 & 4, JALAN BAYU 4, BANDAR SERI ALAM, 81750 MASAI, JOHOR",False,False,False
synthetic/s7/0138,address,address,mock-b,mock-c,no 2 and 4 jln bayu 4 bdr seri alam 81750 masai johor,no 2 and 4 jln bayu 4 bdr seri alam 81750 masai johor,"NO 2 & 4, JALAN BAYU 4, BANDAR SERI ALAM, 81750 MASAI, JOHOR","NO 2 & 4, JALAN BAYU 4, BANDAR SERI ALAM, 81750 MASAI, JOHOR",True,False,False
synthetic/s7/0138,address,address,mock-b,mock-d,no 2 and 4 jln bayu 4 bdr seri alam 81750 masai johor,no 2 and 4 jln bayu 4 bdr seri alam 81750 masai johor,"NO 2 & 4, JALAN BAYU 4, BANDAR SERI ALAM, 81750 MASAI, JOHOR","NO 2 & 4, JALAN BAYU 4, BANDAR SERI ALAM, 81750 MASAI, JOHOR",True,False,False
synthetic/s7/0138,address,address,mock-c,mock-d,no 2 and 4 jln bayu 4 bdr seri alam 81750 masai johor,no 2 and 4 jln bayu 4 bdr seri alam 81750 masai johor,"NO 2 & 4, JALAN BAYU 4, BANDAR SERI ALAM, 81750 MASAI, JOHOR","NO 2 & 4, JALAN BAYU 4, BANDAR SERI ALAM, 81750 MASAI, JOHOR",True,False,False
synthetic/s7/0138,company,org,mock-a,mock-b,ojc marketing sdn,ojc marketing,OJC MARKETING SDN,OJC MARKETING SDN BHD,False,False,False
synthetic/s7/0138,company,org,mock-a,mock-c,ojc marketing sdn,ojc marketing,OJC MARKETING SDN,OJC MARKETING SDN BHD,False,False,False
synthetic/s7/0138,company,org,mock-a,mock-d,ojc marketing sdn,ojc marketing,OJC MARKETING SDN,OJC MARKETING SDN BHD,False,False,False
synthetic/s7/0138,company,org,mock-b,mock-c,ojc marketing,ojc marketing,OJC MARKETING SDN BHD,OJC MARKETING SDN BHD,True,False,False
synthetic/s7/0138,company,org,mock-b,mock-d,ojc marketing,ojc marketing,OJC MARKETING SDN BHD,OJC MARKETING SDN BHD,True,False,False
synthetic/s7/0138,company,org,mock-c,mock-d,ojc marketing,ojc marketing,OJC MARKETING SDN BHD,OJC MARKETING SDN BHD,True,False,False
synthetic/s7/0138,date,date,mock-a,mock-b,2018-04-24,2018-04-24,24/04/2018,24/04/2018,True,False,False
synthetic/s7/0138,date,date,mock-a,mock-c,2018-04-24,2018-04-24,24/04/2018,24/04/2018,True,False,False
synthetic/s7/0138,date,date,mock-a,mock-d,2018-04-24,2018-04-24,24/04/2018,24/04/2018,True,False,False
synthetic/s7/0138,date,date,mock-b,mock-c,2018-04-24,2018-04-24,24/04/2018,24/04/2018,True,False,False
synthetic/s7/0138,date,date,mock-b,mock-d,2018-04-24,2018-04-24,24/04/2018,24/04/2018,True,False,False
synthetic/s7/0138,date,date,mock-c,mock-d,2018-04-24,2018-04-24,24/04/2018,24/04/2018,True,False,False
synthetic/s7/0138,phone,phone,mock-a,mock-b,∅,∅,,,True,True,False
synthetic/s7/0138,phone,phone,mock-a,mock-c,∅,∅,,,True,True,False
synthetic/s7/0138,phone,phone,mock-a,mock-d,∅,∅,,,True,True,False
synthetic/s7/0138,phone,phone,mock-b,mock-c,∅,∅,,,True,True,False
synthetic/s7/0138,phone,phone,mock-b,mock-d,∅,∅,,,True,True,False
synthetic/s7/0138,phone,phone,mock-c,mock-d,∅,∅,,,True,True,False
synthetic/s7/0138,tax,money,mock-a,mock-b,∅,∅,,,True,True,False
synthetic/s7/0138,tax,money,mock-a,mock-c,∅,∅,,,True,True,False
synthetic/s7/0138,tax,money,mock-a,mock-d,∅,∅,,,True,True,False
synthetic/s7/0138,tax,money,mock-b,mock-c,∅,∅,,,True,True,False
synthetic/s7/0138,tax,money,mock-b,mock-d,∅,∅,,,True,True,False
synthetic/s7/0138,tax,money,mock-c,mock-d,∅,∅,,,True,True,False
synthetic/s7/0138,total,money,mock-a,mock-b,∅,26.90,,26.90,False,False,True
synthetic/s7/0138,total,money,mock-a,mock-c,∅,26.90,,26.90,False,False,True
synthetic/s7/0138,total,money,mock-a,mock-d,∅,26.90,,26.90,False,False,True
synthetic/s7/0138,total,money,mock-b,mock-c,26.90,26.90,26.90,26.90,True,False,False
synthetic/s7/0138,total,money,mock-b,mock-d,26.90,26.90,26.90,26.90,True,False,False
synthetic/s7/0138,total,money,mock-c,mock-d,26.90,26.90,26.90,26.90,True,False,False
synthetic/s7/0139,address,address,mock-a,mock-b,no 59 jln permas 9 5 bdr baru permas jaya 81750 johor bahru,no 59 jln permas 9 5 bdr baru permas jaya,"NO.59 JALAN PERMAS 9/5, BANDAR BARU PERMAS JAYA, 81750 JOHOR BAHRU","NO.59 JALAN PERMAS 9/5, BANDAR BARU PERMAS JAYA",False,False,False
synthetic/s7/0139,address,address,mock-a,mock-c,no 59 jln permas 9 5 bdr baru permas jaya 81750 johor bahru,no 59 jln permas 9 5 bdr baru permas jaya,"NO.59 JALAN PERMAS 9/5, BANDAR BARU PERMAS JAYA, 81750 JOHOR BAHRU","NO.59 JALAN PERMAS 9/5, BANDAR BARU PERMAS JAYA",False,False,False
synthetic/s7/0139,address,address,mock-a,mock-d,no 59 jln permas 9 5 bdr baru permas jaya 81750 johor bahru,no 59 jln permas 9 5 bdr baru permas jaya 81750 johor bahru,"NO.59 JALAN PERMAS 9/5, BANDAR BARU PERMAS JAYA, 81750 JOHOR BAHRU","NO.59 JALAN PERMAS 9/5, BANDAR BARU PERMAS JAYA, 81750 JOHOR BAHRU",True,False,False
synthetic/s7/0139,address,address,mock-b,mock-c,no 59 jln permas 9 5 bdr baru permas jaya,no 59 jln permas 9 5 bdr baru permas jaya,"NO.59 JALAN PERMAS 9/5, BANDAR BARU PERMAS JAYA","NO.59 JALAN PERMAS 9/5, BANDAR BARU PERMAS JAYA",True,False,False
synthetic/s7/0139,address,address,mock-b,mock-d,no 59 jln permas 9 5 bdr baru permas jaya,no 59 jln permas 9 5 bdr baru permas jaya 81750 johor bahru,"NO.59 JALAN PERMAS 9/5, BANDAR BARU PERMAS JAYA","NO.59 JALAN PERMAS 9/5, BANDAR BARU PERMAS JAYA, 81750 JOHOR BAHRU",False,False,False
synthetic/s7/0139,address,address,mock-c,mock-d,no 59 jln permas 9 5 bdr baru permas jaya,no 59 jln permas 9 5 bdr baru permas jaya 81750 johor bahru,"NO.59 JALAN PERMAS 9/5, BANDAR BARU PERMAS JAYA","NO.59 JALAN PERMAS 9/5, BANDAR BARU PERMAS JAYA, 81750 JOHOR BAHRU",False,False,False
synthetic/s7/0139,company,org,mock-a,mock-b,∅,perniagaan zheng,,PERNIAGAAN ZHENG,False,False,True
synthetic/s7/0139,company,org,mock-a,mock-c,∅,perniagaan zheng hui,,PERNIAGAAN ZHENG HUI,False,False,True
synthetic/s7/0139,company,org,mock-a,mock-d,∅,perniagaan zheng hui,,PERNIAGAAN ZHENG HUI,False,False,True
synthetic/s7/0139,company,org,mock-b,mock-c,perniagaan zheng,perniagaan zheng hui,PERNIAGAAN ZHENG,PERNIAGAAN ZHENG HUI,False,False,False
synthetic/s7/0139,company,org,mock-b,mock-d,perniagaan zheng,perniagaan zheng hui,PERNIAGAAN ZHENG,PERNIAGAAN ZHENG HUI,False,False,False
synthetic/s7/0139,company,org,mock-c,mock-d,perniagaan zheng hui,perniagaan zheng hui,PERNIAGAAN ZHENG HUI,PERNIAGAAN ZHENG HUI,True,False,False
synthetic/s7/0139,date,date,mock-a,mock-b,2019-12-09,2019-12-09,09/12/2019,09/12/2019,True,False,False
synthetic/s7/0139,date,date,mock-a,mock-c,2019-12-09,2019-12-09,09/12/2019,09/12/2019,True,False,False
synthetic/s7/0139,date,date,mock-a,mock-d,2019-12-09,2019-12-09,09/12/2019,09/12/2019,True,False,False
synthetic/s7/0139,date,date,mock-b,mock-c,2019-12-09,2019-12-09,09/12/2019,09/12/2019,True,False,False
synthetic/s7/0139,date,date,mock-b,mock-d,2019-12-09,2019-12-09,09/12/2019,09/12/2019,True,False,False
synthetic/s7/0139,date,date,mock-c,mock-d,2019-12-09,2019-12-09,09/12/2019,09/12/2019,True,False,False
synthetic/s7/0139,phone,phone,mock-a,mock-b,312345678,312345678,03-1234 5678,03-1234 5678,True,False,False
synthetic/s7/0139,phone,phone,mock-a,mock-c,312345678,312345678,03-1234 5678,03-1234 5678,True,False,False
synthetic/s7/0139,phone,phone,mock-a,mock-d,312345678,∅,03-1234 5678,,False,False,True
synthetic/s7/0139,phone,phone,mock-b,mock-c,312345678,312345678,03-1234 5678,03-1234 5678,True,False,False
synthetic/s7/0139,phone,phone,mock-b,mock-d,312345678,∅,03-1234 5678,,False,False,True
synthetic/s7/0139,phone,phone,mock-c,mock-d,312345678,∅,03-1234 5678,,False,False,True
synthetic/s7/0139,tax,money,mock-a,mock-b,3.14,3.14,3.14,3.14,True,False,False
synthetic/s7/0139,tax,money,mock-a,mock-c,3.14,3.14,3.14,3.14,True,False,False
synthetic/s7/0139,tax,money,mock-a,mock-d,3.14,3.14,3.14,3.14,True,False,False
synthetic/s7/0139,tax,money,mock-b,mock-c,3.14,3.14,3.14,3.14,True,False,False
synthetic/s7/0139,tax,money,mock-b,mock-d,3.14,3.14,3.14,3.14,True,False,False
synthetic/s7/0139,tax,money,mock-c,mock-d,3.14,3.14,3.14,3.14,True,False,False
synthetic/s7/0139,total,money,mock-a,mock-b,55.44,∅,55.44,,False,False,True
synthetic/s7/0139,total,money,mock-a,mock-c,55.44,55.44,55.44,55.44,True,False,False
synthetic/s7/0139,total,money,mock-a,mock-d,55.44,55.49,55.44,55.49,False,False,False
synthetic/s7/0139,total,money,mock-b,mock-c,∅,55.44,,55.44,False,False,True
synthetic/s7/0139,total,money,mock-b,mock-d,∅,55.49,,55.49,False,False,True
synthetic/s7/0139,total,money,mock-c,mock-d,55.44,55.49,55.44,55.49,False,False,False
synthetic/s7/0140,address,address,mock-a,mock-b,lot 3 jln pelabur 23 1 40300 shah alam,lot 3 jln pelabur 23 1 40300 shah alam selangor,"LOT 3, JALAN PELABUR 23/1, 40300 SHAH ALAM","LOT 3, JALAN PELABUR 23/1, 40300 SHAH ALAM, SELANGOR",False,False,False
synthetic/s7/0140,address,address,mock-a,mock-c,lot 3 jln pelabur 23 1 40300 shah alam,lot 3 jln pelabur 23 1 40300 shah alam selangor,"LOT 3, JALAN PELABUR 23/1, 40300 SHAH ALAM","LOT 3, JALAN PELABUR 23/1, 40300 SHAH ALAM, SELANGOR",False,False,False
synthetic/s7/0140,address,address,mock-a,mock-d,lot 3 jln pelabur 23 1 40300 shah alam,lot 3 jln pelabur 23 1 40300 shah alam selangor,"LOT 3, JALAN PELABUR 23/1, 40300 SHAH ALAM","LOT 3, JALAN PELABUR 23/1, 40300 SHAH ALAM, SELANGOR",False,False,False
synthetic/s7/0140,address,address,mock-b,mock-c,lot 3 jln pelabur 23 1 40300 shah alam selangor,lot 3 jln pelabur 23 1 40300 shah alam selangor,"LOT 3, JALAN PELABUR 23/1, 40300 SHAH ALAM, SELANGOR","LOT 3, JALAN PELABUR 23/1, 40300 SHAH ALAM, SELANGOR",True,False,False
synthetic/s7/0140,address,address,mock-b,mock-d,lot 3 jln pelabur 23 1 40300 shah alam selangor,lot 3 jln pelabur 23 1 40300 shah alam selangor,"LOT 3, JALAN PELABUR 23/1, 40300 SHAH ALAM, SELANGOR","LOT 3, JALAN PELABUR 23/1, 40300 SHAH ALAM, SELANGOR",True,False,False
synthetic/s7/0140,address,address,mock-c,mock-d,lot 3 jln pelabur 23 1 40300 shah alam selangor,lot 3 jln pelabur 23 1 40300 shah alam selangor,"LOT 3, JALAN PELABUR 23/1, 40300 SHAH ALAM, SELANGOR","LOT 3, JALAN PELABUR 23/1, 40300 SHAH ALAM, SELANGOR",True,False,False
synthetic/s7/0140,company,org,mock-a,mock-b,bakeries kl,bakeries kl,BAKERIES (KL) SDN BHD,BAKERIES (KL) SDN BHD,True,False,False
synthetic/s7/0140,company,org,mock-a,mock-c,bakeries kl,bakeries kl,BAKERIES (KL) SDN BHD,BAKERIES (KL) SDN BHD,True,False,False
synthetic/s7/0140,company,org,mock-a,mock-d,bakeries kl,gardenia bakeries kl,BAKERIES (KL) SDN BHD,GARDENIA BAKERIES (KL) SDN BHD,False,False,False
synthetic/s7/0140,company,org,mock-b,mock-c,bakeries kl,bakeries kl,BAKERIES (KL) SDN BHD,BAKERIES (KL) SDN BHD,True,False,False
synthetic/s7/0140,company,org,mock-b,mock-d,bakeries kl,gardenia bakeries kl,BAKERIES (KL) SDN BHD,GARDENIA BAKERIES (KL) SDN BHD,False,False,False
synthetic/s7/0140,company,org,mock-c,mock-d,bakeries kl,gardenia bakeries kl,BAKERIES (KL) SDN BHD,GARDENIA BAKERIES (KL) SDN BHD,False,False,False
synthetic/s7/0140,date,date,mock-a,mock-b,2019-05-21,2019-05-21,21/05/2019,21/05/2019,True,False,False
synthetic/s7/0140,date,date,mock-a,mock-c,2019-05-21,2019-05-21,21/05/2019,21/05/2019,True,False,False
synthetic/s7/0140,date,date,mock-a,mock-d,2019-05-21,2019-05-21,21/05/2019,21/05/2019,True,False,False
synthetic/s7/0140,date,date,mock-b,mock-c,2019-05-21,2019-05-21,21/05/2019,21/05/2019,True,False,False
synthetic/s7/0140,date,date,mock-b,mock-d,2019-05-21,2019-05-21,21/05/2019,21/05/2019,True,False,False
synthetic/s7/0140,date,date,mock-c,mock-d,2019-05-21,2019-05-21,21/05/2019,21/05/2019,True,False,False
synthetic/s7/0140,phone,phone,mock-a,mock-b,59747309,∅,05-974 7309,,False,False,True
synthetic/s7/0140,phone,phone,mock-a,mock-c,59747309,59747309,05-974 7309,05-974 7309,True,False,False
synthetic/s7/0140,phone,phone,mock-a,mock-d,59747309,59747309,05-974 7309,05-974 7309,True,False,False
synthetic/s7/0140,phone,phone,mock-b,mock-c,∅,59747309,,05-974 7309,False,False,True
synthetic/s7/0140,phone,phone,mock-b,mock-d,∅,59747309,,05-974 7309,False,False,True
synthetic/s7/0140,phone,phone,mock-c,mock-d,59747309,59747309,05-974 7309,05-974 7309,True,False,False
synthetic/s7/0140,tax,money,mock-a,mock-b,∅,∅,,,True,True,False
synthetic/s7/0140,tax,money,mock-a,mock-c,∅,∅,,,True,True,False
synthetic/s7/0140,tax,money,mock-a,mock-d,∅,∅,,,True,True,False
synthetic/s7/0140,tax,money,mock-b,mock-c,∅,∅,,,True,True,False
synthetic/s7/0140,tax,money,mock-b,mock-d,∅,∅,,,True,True,False
synthetic/s7/0140,tax,money,mock-c,mock-d,∅,∅,,,True,True,False
synthetic/s7/0140,total,money,mock-a,mock-b,16.00,16.00,16.00,16.00,True,False,False
synthetic/s7/0140,total,money,mock-a,mock-c,16.00,16.00,16.00,16.00,True,False,False
synthetic/s7/0140,total,money,mock-a,mock-d,16.00,16.00,16.00,16.00,True,False,False
synthetic/s7/0140,total,money,mock-b,mock-c,16.00,16.00,16.00,16.00,True,False,False
synthetic/s7/0140,total,money,mock-b,mock-d,16.00,16.00,16.00,16.00,True,False,False
synthetic/s7/0140,total,money,mock-c,mock-d,16.00,16.00,16.00,16.00,True,False,False
synthetic/s7/0141,address,address,mock-a,mock-b,no 31g and 33g jln setia indah x u13 x 40170 setia alam,no 31g and 33g jln setia indah x u13 x,"NO. 31G&33G, JALAN SETIA INDAH X, U13/X, 40170 SETIA ALAM","NO. 31G&33G, JALAN SETIA INDAH X, U13/X",False,False,False
synthetic/s7/0141,address,address,mock-a,mock-c,no 31g and 33g jln setia indah x u13 x 40170 setia alam,no 31g and 33g jln setia indah x u13 x 40170 setia alam,"NO. 31G&33G, JALAN SETIA INDAH X, U13/X, 40170 SETIA ALAM","NO. 31G&33G, JALAN SETIA INDAH X, U13/X, 40170 SETIA ALAM",True,False,False
synthetic/s7/0141,address,address,mock-a,mock-d,no 31g and 33g jln setia indah x u13 x 40170 setia alam,no 31g and 33g jln setia indah x u13 x 40170 setia alam,"NO. 31G&33G, JALAN SETIA INDAH X, U13/X, 40170 SETIA ALAM","NO. 31G&33G, JALAN SETIA INDAH X, U13/X, 40170 SETIA ALAM",True,False,False
synthetic/s7/0141,address,address,mock-b,mock-c,no 31g and 33g jln setia indah x u13 x,no 31g and 33g jln setia indah x u13 x 40170 setia alam,"NO. 31G&33G, JALAN SETIA INDAH X, U13/X","NO. 31G&33G, JALAN SETIA INDAH X, U13/X, 40170 SETIA ALAM",False,False,False
synthetic/s7/0141,address,address,mock-b,mock-d,no 31g and 33g jln setia indah x u13 x,no 31g and 33g jln setia indah x u13 x 40170 setia alam,"NO. 31G&33G, JALAN SETIA INDAH X, U13/X","NO. 31G&33G, JALAN SETIA INDAH X, U13/X, 40170 SETIA ALAM",False,False,False
synthetic/s7/0141,address,address,mock-c,mock-d,no 31g and 33g jln setia indah x u13 x 40170 setia alam,no 31g and 33g jln setia indah x u13 x 40170 setia alam,"NO. 31G&33G, JALAN SETIA INDAH X, U13/X, 40170 SETIA ALAM","NO. 31G&33G, JALAN SETIA INDAH X, U13/X, 40170 SETIA ALAM",True,False,False
synthetic/s7/0141,company,org,mock-a,mock-b,∅,stationery shop,,STATIONERY SHOP,False,False,True
synthetic/s7/0141,company,org,mock-a,mock-c,∅,sanyu stationery shop,,SANYU STATIONERY SHOP,False,False,True
synthetic/s7/0141,company,org,mock-a,mock-d,∅,sanyu stationery shop,,SANYU STATIONERY SHOP,False,False,True
synthetic/s7/0141,company,org,mock-b,mock-c,stationery shop,sanyu stationery shop,STATIONERY SHOP,SANYU STATIONERY SHOP,False,False,False
synthetic/s7/0141,company,org,mock-b,mock-d,stationery shop,sanyu stationery shop,STATIONERY SHOP,SANYU STATIONERY SHOP,False,False,False
synthetic/s7/0141,company,org,mock-c,mock-d,sanyu stationery shop,sanyu stationery shop,SANYU STATIONERY SHOP,SANYU STATIONERY SHOP,True,False,False
synthetic/s7/0141,date,date,mock-a,mock-b,2019-03-11,2019-11-03,11/03/2019,03/11/2019,False,False,False
synthetic/s7/0141,date,date,mock-a,mock-c,2019-03-11,2019-03-11,11/03/2019,11/03/2019,True,False,False
synthetic/s7/0141,date,date,mock-a,mock-d,2019-03-11,2019-03-11,11/03/2019,11/03/2019,True,False,False
synthetic/s7/0141,date,date,mock-b,mock-c,2019-11-03,2019-03-11,03/11/2019,11/03/2019,False,False,False
synthetic/s7/0141,date,date,mock-b,mock-d,2019-11-03,2019-03-11,03/11/2019,11/03/2019,False,False,False
synthetic/s7/0141,date,date,mock-c,mock-d,2019-03-11,2019-03-11,11/03/2019,11/03/2019,True,False,False
synthetic/s7/0141,phone,phone,mock-a,mock-b,53562663,53562663,05-356 2663,05-356 2663,True,False,False
synthetic/s7/0141,phone,phone,mock-a,mock-c,53562663,53562663,05-356 2663,05-356 2663,True,False,False
synthetic/s7/0141,phone,phone,mock-a,mock-d,53562663,53562663,05-356 2663,05-356 2663,True,False,False
synthetic/s7/0141,phone,phone,mock-b,mock-c,53562663,53562663,05-356 2663,05-356 2663,True,False,False
synthetic/s7/0141,phone,phone,mock-b,mock-d,53562663,53562663,05-356 2663,05-356 2663,True,False,False
synthetic/s7/0141,phone,phone,mock-c,mock-d,53562663,53562663,05-356 2663,05-356 2663,True,False,False
synthetic/s7/0141,tax,money,mock-a,mock-b,0.09,0.07,0.09,0.07,False,False,False
synthetic/s7/0141,tax,money,mock-a,mock-c,0.09,0.09,0.09,0.09,True,False,False
synthetic/s7/0141,tax,money,mock-a,mock-d,0.09,∅,0.09,,False,False,True
synthetic/s7/0141,tax,money,mock-b,mock-c,0.07,0.09,0.07,0.09,False,False,False
synthetic/s7/0141,tax,money,mock-b,mock-d,0.07,∅,0.07,,False,False,True
synthetic/s7/0141,tax,money,mock-c,mock-d,0.09,∅,0.09,,False,False,True
synthetic/s7/0141,total,money,mock-a,mock-b,1.59,1.59,1.59,1.59,True,False,False
synthetic/s7/0141,total,money,mock-a,mock-c,1.59,1.59,1.59,1.59,True,False,False
synthetic/s7/0141,total,money,mock-a,mock-d,1.59,0.99,1.59,0.99,False,False,False
synthetic/s7/0141,total,money,mock-b,mock-c,1.59,1.59,1.59,1.59,True,False,False
synthetic/s7/0141,total,money,mock-b,mock-d,1.59,0.99,1.59,0.99,False,False,False
synthetic/s7/0141,total,money,mock-c,mock-d,1.59,0.99,1.59,0.99,False,False,False
synthetic/s7/0142,address,address,mock-a,mock-b,lot p t 2811 jln angsana tmn mutiara rini 81300 skudai,lot p t 2811 jln angsana tmn mutiara rini 81300 skudai,"LOT P.T. 2811, JALAN ANGSANA, TAMAN MUTIARA RINI, 81300 SKUDAI","LOT P.T. 2811, JALAN ANGSANA, TAMAN MUTIARA RINI, 81300 SKUDAI",True,False,False
synthetic/s7/0142,address,address,mock-a,mock-c,lot p t 2811 jln angsana tmn mutiara rini 81300 skudai,lot p t 2811 jln angsana tmn mutiara rini 81300 skudai,"LOT P.T. 2811, JALAN ANGSANA, TAMAN MUTIARA RINI, 81300 SKUDAI","LOT P.T. 2811, JALAN ANGSANA, TAMAN MUTIARA RINI, 81300 SKUDAI",True,False,False
synthetic/s7/0142,address,address,mock-a,mock-d,lot p t 2811 jln angsana tmn mutiara rini 81300 skudai,lot p t 2811 jln angsana tmn mutiara rini 81300 skudai,"LOT P.T. 2811, JALAN ANGSANA, TAMAN MUTIARA RINI, 81300 SKUDAI","LOT P.T. 2811, JALAN ANGSANA, TAMAN MUTIARA RINI, 81300 SKUDAI",True,False,False
synthetic/s7/0142,address,address,mock-b,mock-c,lot p t 2811 jln angsana tmn mutiara rini 81300 skudai,lot p t 2811 jln angsana tmn mutiara rini 81300 skudai,"LOT P.T. 2811, JALAN ANGSANA, TAMAN MUTIARA RINI, 81300 SKUDAI","LOT P.T. 2811, JALAN ANGSANA, TAMAN MUTIARA RINI, 81300 SKUDAI",True,False,False
synthetic/s7/0142,address,address,mock-b,mock-d,lot p t 2811 jln angsana tmn mutiara rini 81300 skudai,lot p t 2811 jln angsana tmn mutiara rini 81300 skudai,"LOT P.T. 2811, JALAN ANGSANA, TAMAN MUTIARA RINI, 81300 SKUDAI","LOT P.T. 2811, JALAN ANGSANA, TAMAN MUTIARA RINI, 81300 SKUDAI",True,False,False
synthetic/s7/0142,address,address,mock-c,mock-d,lot p t 2811 jln angsana tmn mutiara rini 81300 skudai,lot p t 2811 jln angsana tmn mutiara rini 81300 skudai,"LOT P.T. 2811, JALAN ANGSANA, TAMAN MUTIARA RINI, 81300 SKUDAI","LOT P.T. 2811, JALAN ANGSANA, TAMAN MUTIARA RINI, 81300 SKUDAI",True,False,False
synthetic/s7/0142,company,org,mock-a,mock-b,99 speed mart s b,99 speed mart s b,99 SPEED MART S/B,99 SPEED MART S/B,True,False,False
synthetic/s7/0142,company,org,mock-a,mock-c,99 speed mart s b,99 speed mart,99 SPEED MART S/B,99 SPEED MART,False,False,False
synthetic/s7/0142,company,org,mock-a,mock-d,99 speed mart s b,99 speed mart s b,99 SPEED MART S/B,99 SPEED MART S/B,True,False,False
synthetic/s7/0142,company,org,mock-b,mock-c,99 speed mart s b,99 speed mart,99 SPEED MART S/B,99 SPEED MART,False,False,False
synthetic/s7/0142,company,org,mock-b,mock-d,99 speed mart s b,99 speed mart s b,99 SPEED MART S/B,99 SPEED MART S/B,True,False,False
synthetic/s7/0142,company,org,mock-c,mock-d,99 speed mart,99 speed mart s b,99 SPEED MART,99 SPEED MART S/B,False,False,False
synthetic/s7/0142,date,date,mock-a,mock-b,2019-08-06,2019-06-08,06/08/2019,08/06/2019,False,False,False
synthetic/s7/0142,date,date,mock-a,mock-c,2019-08-06,2019-08-06,06/08/2019,06/08/2019,True,False,False
synthetic/s7/0142,date,date,mock-a,mock-d,2019-08-06,2019-08-06,06/08/2019,06/08/2019,True,False,False
synthetic/s7/0142,date,date,mock-b,mock-c,2019-06-08,2019-08-06,08/06/2019,06/08/2019,False,False,False
synthetic/s7/0142,date,date,mock-b,mock-d,2019-06-08,2019-08-06,08/06/2019,06/08/2019,False,False,False
synthetic/s7/0142,date,date,mock-c,mock-d,2019-08-06,2019-08-06,06/08/2019,06/08/2019,True,False,False
synthetic/s7/0142,phone,phone,mock-a,mock-b,87222481,87222481,08-722 2481,08-722 2481,True,False,False
synthetic/s7/0142,phone,phone,mock-a,mock-c,87222481,87222481,08-722 2481,08-722 2481,True,False,False
synthetic/s7/0142,phone,phone,mock-a,mock-d,87222481,87222481,08-722 2481,08-722 2481,True,False,False
synthetic/s7/0142,phone,phone,mock-b,mock-c,87222481,87222481,08-722 2481,08-722 2481,True,False,False
synthetic/s7/0142,phone,phone,mock-b,mock-d,87222481,87222481,08-722 2481,08-722 2481,True,False,False
synthetic/s7/0142,phone,phone,mock-c,mock-d,87222481,87222481,08-722 2481,08-722 2481,True,False,False
synthetic/s7/0142,tax,money,mock-a,mock-b,∅,∅,,,True,True,False
synthetic/s7/0142,tax,money,mock-a,mock-c,∅,∅,,,True,True,False
synthetic/s7/0142,tax,money,mock-a,mock-d,∅,∅,,,True,True,False
synthetic/s7/0142,tax,money,mock-b,mock-c,∅,∅,,,True,True,False
synthetic/s7/0142,tax,money,mock-b,mock-d,∅,∅,,,True,True,False
synthetic/s7/0142,tax,money,mock-c,mock-d,∅,∅,,,True,True,False
synthetic/s7/0142,total,money,mock-a,mock-b,8.00,8.00,8.00,8.00,True,False,False
synthetic/s7/0142,total,money,mock-a,mock-c,8.00,8.00,8.00,8.00,True,False,False
synthetic/s7/0142,total,money,mock-a,mock-d,8.00,8.00,8.00,8.00,True,False,False
synthetic/s7/0142,total,money,mock-b,mock-c,8.00,8.00,8.00,8.00,True,False,False
synthetic/s7/0142,total,money,mock-b,mock-d,8.00,8.00,8.00,8.00,True,False,False
synthetic/s7/0142,total,money,mock-c,mock-d,8.00,8.00,8.00,8.00,True,False,False
synthetic/s7/0143,address,address,mock-a,mock-b,lot 276 jln banting 43800 dengkil selangor,∅,"LOT 276 JALAN BANTING, 43800 DENGKIL, SELANGOR",,False,False,True
synthetic/s7/0143,address,address,mock-a,mock-c,lot 276 jln banting 43800 dengkil selangor,lot 276 jln banting 43800 dengkil selangor,"LOT 276 JALAN BANTING, 43800 DENGKIL, SELANGOR","LOT 276 JALAN BANTING, 43800 DENGKIL, SELANGOR",True,False,False
synthetic/s7/0143,address,address,mock-a,mock-d,lot 276 jln banting 43800 dengkil selangor,lot 276 jln banting 43800 dengkil selangor,"LOT 276 JALAN BANTING, 43800 DENGKIL, SELANGOR","LOT 276 JALAN BANTING, 43800 DENGKIL, SELANGOR",True,False,False
synthetic/s7/0143,address,address,mock-b,mock-c,∅,lot 276 jln banting 43800 dengkil selangor,,"LOT 276 JALAN BANTING, 43800 DENGKIL, SELANGOR",False,False,True
synthetic/s7/0143,address,address,mock-b,mock-d,∅,lot 276 jln banting 43800 dengkil selangor,,"LOT 276 JALAN BANTING, 43800 DENGKIL, SELANGOR",False,False,True
synthetic/s7/0143,address,address,mock-c,mock-d,lot 276 jln banting 43800 dengkil selangor,lot 276 jln banting 43800 dengkil selangor,"LOT 276 JALAN BANTING, 43800 DENGKIL, SELANGOR","LOT 276 JALAN BANTING, 43800 DENGKIL, SELANGOR",True,False,False
synthetic/s7/0143,company,org,mock-a,mock-b,kedai papan yew chuan,kedai papan yew chuan,KEDAI PAPAN YEW CHUAN,KEDAI PAPAN YEW CHUAN,True,False,False
synthetic/s7/0143,company,org,mock-a,mock-c,kedai papan yew chuan,kedai papan yew chuan,KEDAI PAPAN YEW CHUAN,KEDAI PAPAN YEW CHUAN,True,False,False
synthetic/s7/0143,company,org,mock-a,mock-d,kedai papan yew chuan,kedai papan yew chuan,KEDAI PAPAN YEW CHUAN,KEDAI PAPAN YEW CHUAN,True,False,False
synthetic/s7/0143,company,org,mock-b,mock-c,kedai papan yew chuan,kedai papan yew chuan,KEDAI PAPAN YEW CHUAN,KEDAI PAPAN YEW CHUAN,True,False,False
synthetic/s7/0143,company,org,mock-b,mock-d,kedai papan yew chuan,kedai papan yew chuan,KEDAI PAPAN YEW CHUAN,KEDAI PAPAN YEW CHUAN,True,False,False
synthetic/s7/0143,company,org,mock-c,mock-d,kedai papan yew chuan,kedai papan yew chuan,KEDAI PAPAN YEW CHUAN,KEDAI PAPAN YEW CHUAN,True,False,False
synthetic/s7/0143,date,date,mock-a,mock-b,∅,2018-05-27,,27/05/2018,False,False,True
synthetic/s7/0143,date,date,mock-a,mock-c,∅,2018-05-27,,27/05/2018,False,False,True
synthetic/s7/0143,date,date,mock-a,mock-d,∅,2018-05-27,,27/05/2018,False,False,True
synthetic/s7/0143,date,date,mock-b,mock-c,2018-05-27,2018-05-27,27/05/2018,27/05/2018,True,False,False
synthetic/s7/0143,date,date,mock-b,mock-d,2018-05-27,2018-05-27,27/05/2018,27/05/2018,True,False,False
synthetic/s7/0143,date,date,mock-c,mock-d,2018-05-27,2018-05-27,27/05/2018,27/05/2018,True,False,False
synthetic/s7/0143,phone,phone,mock-a,mock-b,33707865,33707865,03-370 7865,03-370 7865,True,False,False
synthetic/s7/0143,phone,phone,mock-a,mock-c,33707865,33707865,03-370 7865,03-370 7865,True,False,False
synthetic/s7/0143,phone,phone,mock-a,mock-d,33707865,33707865,03-370 7865,03-370 7865,True,False,False
synthetic/s7/0143,phone,phone,mock-b,mock-c,33707865,33707865,03-370 7865,03-370 7865,True,False,False
synthetic/s7/0143,phone,phone,mock-b,mock-d,33707865,33707865,03-370 7865,03-370 7865,True,False,False
synthetic/s7/0143,phone,phone,mock-c,mock-d,33707865,33707865,03-370 7865,03-370 7865,True,False,False
synthetic/s7/0143,tax,money,mock-a,mock-b,10.00,∅,10.00,,False,False,True
synthetic/s7/0143,tax,money,mock-a,mock-c,10.00,∅,10.00,,False,False,True
synthetic/s7/0143,tax,money,mock-a,mock-d,10.00,∅,10.00,,False,False,True
synthetic/s7/0143,tax,money,mock-b,mock-c,∅,∅,,,True,True,False
synthetic/s7/0143,tax,money,mock-b,mock-d,∅,∅,,,True,True,False
synthetic/s7/0143,tax,money,mock-c,mock-d,∅,∅,,,True,True,False
synthetic/s7/0143,total,money,mock-a,mock-b,16.00,16.00,16.00,16.00,True,False,False
synthetic/s7/0143,total,money,mock-a,mock-c,16.00,16.00,16.00,16.00,True,False,False
synthetic/s7/0143,total,money,mock-a,mock-d,16.00,16.00,16.00,16.00,True,False,False
synthetic/s7/0143,total,money,mock-b,mock-c,16.00,16.00,16.00,16.00,True,False,False
synthetic/s7/0143,total,money,mock-b,mock-d,16.00,16.00,16.00,16.00,True,False,False
synthetic/s7/0143,total,money,mock-c,mock-d,16.00,16.00,16.00,16.00,True,False,False
synthetic/s7/0144,address,address,mock-a,mock-b,no 2 and 4 jln bayu 4 bdr seri alam 81750 masai johor,no 2 and 4 jln bayu 4 bdr seri alam 81750 masai johor,"NO 2 & 4, JALAN BAYU 4, BANDAR SERI ALAM, 81750 MASAI, JOHOR","NO 2 & 4, JALAN BAYU 4, BANDAR SERI ALAM, 81750 MASAI, JOHOR",True,False,False
synthetic/s7/0144,address,address,mock-a,mock-c,no 2 and 4 jln bayu 4 bdr seri alam 81750 masai johor,no 2 and 4 jln bayu 4 bdr seri alam 81750 masai johor,"NO 2 & 4, JALAN BAYU 4, BANDAR SERI ALAM, 81750 MASAI, JOHOR","NO 2 & 4, JALAN BAYU 4, BANDAR SERI ALAM, 81750 MASAI, JOHOR",True,False,False
synthetic/s7/0144,address,address,mock-a,mock-d,no 2 and 4 jln bayu 4 bdr seri alam 81750 masai johor,no 2 and 4 jln bayu 4 bdr seri alam 81750 masai johor,"NO 2 & 4, JALAN BAYU 4, BANDAR SERI ALAM, 81750 MASAI, JOHOR","NO 2 & 4, JALAN BAYU 4, BANDAR SERI ALAM, 81750 MASAI, JOHOR",True,False,False
synthetic/s7/0144,address,address,mock-b,mock-c,no 2 and 4 jln bayu 4 bdr seri alam 81750 masai johor,no 2 and 4 jln bayu 4 bdr seri alam 81750 masai johor,"NO 2 & 4, JALAN BAYU 4, BANDAR SERI ALAM, 81750 MASAI, JOHOR","NO 2 & 4, JALAN BAYU 4, BANDAR SERI ALAM, 81750 MASAI, JOHOR",True,False,False
synthetic/s7/0144,address,address,mock-b,mock-d,no 2 and 4 jln bayu 4 bdr seri alam 81750 masai johor,no 2 and 4 jln bayu 4 bdr seri alam 81750 masai johor,"NO 2 & 4, JALAN BAYU 4, BANDAR SERI ALAM, 81750 MASAI, JOHOR","NO 2 & 4, JALAN BAYU 4, BANDAR SERI ALAM, 81750 MASAI, JOHOR",True,False,False
synthetic/s7/0144,address,address,mock-c,mock-d,no 2 and 4 jln bayu 4 bdr seri alam 81750 masai johor,no 2 and 4 jln bayu 4 bdr seri alam 81750 masai johor,"NO 2 & 4, JALAN BAYU 4, BANDAR SERI ALAM, 81750 MASAI, JOHOR","NO 2 & 4, JALAN BAYU 4, BANDAR SERI ALAM, 81750 MASAI, JOHOR",True,False,False
synthetic/s7/0144,company,org,mock-a,mock-b,∅,ojc marketing,,OJC MARKETING SDN BHD,False,False,True
synthetic/s7/0144,company,org,mock-a,mock-c,∅,ojc marketing,,OJC MARKETING SDN BHD,False,False,True
synthetic/s7/0144,company,org,mock-a,mock-d,∅,ojc marketing,,OJC MARKETING SDN BHD,False,False,True
synthetic/s7/0144,company,org,mock-b,mock-c,ojc marketing,ojc marketing,OJC MARKETING SDN BHD,OJC MARKETING SDN BHD,True,False,False
synthetic/s7/0144,company,org,mock-b,mock-d,ojc marketing,ojc marketing,OJC MARKETING SDN BHD,OJC MARKETING SDN BHD,True,False,False
synthetic/s7/0144,company,org,mock-c,mock-d,ojc marketing,ojc marketing,OJC MARKETING SDN BHD,OJC MARKETING SDN BHD,True,False,False
synthetic/s7/0144,date,date,mock-a,mock-b,2018-09-16,2018-09-16,16/09/2018,16/09/2018,True,False,False
synthetic/s7/0144,date,date,mock-a,mock-c,2018-09-16,2018-09-16,16/09/2018,09/16/2018,True,False,False
synthetic/s7/0144,date,date,mock-a,mock-d,2018-09-16,2018-09-16,16/09/2018,16/09/2018,True,False,False
synthetic/s7/0144,date,date,mock-b,mock-c,2018-09-16,2018-09-16,16/09/2018,09/16/2018,True,False,False
synthetic/s7/0144,date,date,mock-b,mock-d,2018-09-16,2018-09-16,16/09/2018,16/09/2018,True,False,False
synthetic/s7/0144,date,date,mock-c,mock-d,2018-09-16,2018-09-16,09/16/2018,16/09/2018,True,False,False
synthetic/s7/0144,phone,phone,mock-a,mock-b,79831108,79831108,07-983 1108,07-983 1108,True,False,False
synthetic/s7/0144,phone,phone,mock-a,mock-c,79831108,79831108,07-983 1108,07-983 1108,True,False,False
synthetic/s7/0144,phone,phone,mock-a,mock-d,79831108,79831108,07-983 1108,07-983 1108,True,False,False
synthetic/s7/0144,phone,phone,mock-b,mock-c,79831108,79831108,07-983 1108,07-983 1108,True,False,False
synthetic/s7/0144,phone,phone,mock-b,mock-d,79831108,79831108,07-983 1108,07-983 1108,True,False,False
synthetic/s7/0144,phone,phone,mock-c,mock-d,79831108,79831108,07-983 1108,07-983 1108,True,False,False
synthetic/s7/0144,tax,money,mock-a,mock-b,2.33,2.33,2.33,2.33,True,False,False
synthetic/s7/0144,tax,money,mock-a,mock-c,2.33,2.33,2.33,2.33,True,False,False
synthetic/s7/0144,tax,money,mock-a,mock-d,2.33,2.33,2.33,2.33,True,False,False
synthetic/s7/0144,tax,money,mock-b,mock-c,2.33,2.33,2.33,2.33,True,False,False
synthetic/s7/0144,tax,money,mock-b,mock-d,2.33,2.33,2.33,2.33,True,False,False
synthetic/s7/0144,tax,money,mock-c,mock-d,2.33,2.33,2.33,2.33,True,False,False
synthetic/s7/0144,total,money,mock-a,mock-b,41.23,41.23,41.23,41.23,True,False,False
synthetic/s7/0144,total,money,mock-a,mock-c,41.23,41.23,41.23,41.23,True,False,False
synthetic/s7/0144,total,money,mock-a,mock-d,41.23,41.23,41.23,41.23,True,False,False
synthetic/s7/0144,total,money,mock-b,mock-c,41.23,41.23,41.23,41.23,True,False,False
synthetic/s7/0144,total,money,mock-b,mock-d,41.23,41.23,41.23,41.23,True,False,False
synthetic/s7/0144,total,money,mock-c,mock-d,41.23,41.23,41.23,41.23,True,False,False
synthetic/s7/0145,address,address,mock-a,mock-b,no 59 jln permas 9 5 bdr baru permas jaya,∅,"NO.59 JALAN PERMAS 9/5, BANDAR BARU PERMAS JAYA",,False,False,True
synthetic/s7/0145,address,address,mock-a,mock-c,no 59 jln permas 9 5 bdr baru permas jaya,no 59 jln permas 9 5 bdr baru permas jaya 81750 johor bahru,"NO.59 JALAN PERMAS 9/5, BANDAR BARU PERMAS JAYA","NO.59 JALAN PERMAS 9/5, BANDAR BARU PERMAS JAYA, 81750 JOHOR BAHRU",False,False,False
synthetic/s7/0145,address,address,mock-a,mock-d,no 59 jln permas 9 5 bdr baru permas jaya,no 59 jln permas 9 5 bdr baru permas jaya 81750 johor bahru,"NO.59 JALAN PERMAS 9/5, BANDAR BARU PERMAS JAYA","NO.59 JALAN PERMAS 9/5, BANDAR BARU PERMAS JAYA, 81750 JOHOR BAHRU",False,False,False
synthetic/s7/0145,address,address,mock-b,mock-c,∅,no 59 jln permas 9 5 bdr baru permas jaya 81750 johor bahru,,"NO.59 JALAN PERMAS 9/5, BANDAR BARU PERMAS JAYA, 81750 JOHOR BAHRU",False,False,True
synthetic/s7/0145,address,address,mock-b,mock-d,∅,no 59 jln permas 9 5 bdr baru permas jaya 81750 johor bahru,,"NO.59 JALAN PERMAS 9/5, BANDAR BARU PERMAS JAYA, 81750 JOHOR BAHRU",False,False,True
synthetic/s7/0145,address,address,mock-c,mock-d,no 59 jln permas 9 5 bdr baru permas jaya 81750 johor bahru,no 59 jln permas 9 5 bdr baru permas jaya 81750 johor bahru,"NO.59 JALAN PERMAS 9/5, BANDAR BARU PERMAS JAYA, 81750 JOHOR BAHRU","NO.59 JALAN PERMAS 9/5, BANDAR BARU PERMAS JAYA, 81750 JOHOR BAHRU",True,False,False
synthetic/s7/0145,company,org,mock-a,mock-b,perniagaan zheng hui,perniagaan zheng hui,PERNIAGAAN ZHENG HUI,PERNIAGAAN ZHENG HUI,True,False,False
synthetic/s7/0145,company,org,mock-a,mock-c,perniagaan zheng hui,perniagaan zheng hui,PERNIAGAAN ZHENG HUI,PERNIAGAAN ZHENG HUI,True,False,False
synthetic/s7/0145,company,org,mock-a,mock-d,perniagaan zheng hui,perniagaan zheng hui,PERNIAGAAN ZHENG HUI,PERNIAGAAN ZHENG HUI,True,False,False
synthetic/s7/0145,company,org,mock-b,mock-c,perniagaan zheng hui,perniagaan zheng hui,PERNIAGAAN ZHENG HUI,PERNIAGAAN ZHENG HUI,True,False,False
synthetic/s7/0145,company,org,mock-b,mock-d,perniagaan zheng hui,perniagaan zheng hui,PERNIAGAAN ZHENG HUI,PERNIAGAAN ZHENG HUI,True,False,False
synthetic/s7/0145,company,org,mock-c,mock-d,perniagaan zheng hui,perniagaan zheng hui,PERNIAGAAN ZHENG HUI,PERNIAGAAN ZHENG HUI,True,False,False
synthetic/s7/0145,date,date,mock-a,mock-b,2019-10-23,∅,10/23/2019,,False,False,True
synthetic/s7/0145,date,date,mock-a,mock-c,2019-10-23,2019-10-23,10/23/2019,23/10/2019,True,False,False
synthetic/s7/0145,date,date,mock-a,mock-d,2019-10-23,2019-10-23,10/23/2019,23/10/2019,True,False,False
synthetic/s7/0145,date,date,mock-b,mock-c,∅,2019-10-23,,23/10/2019,False,False,True
synthetic/s7/0145,date,date,mock-b,mock-d,∅,2019-10-23,,23/10/2019,False,False,True
synthetic/s7/0145,date,date,mock-c,mock-d,2019-10-23,2019-10-23,23/10/2019,23/10/2019,True,False,False
synthetic/s7/0145,phone,phone,mock-a,mock-b,∅,∅,,,True,True,False
synthetic/s7/0145,phone,phone,mock-a,mock-c,∅,∅,,,True,True,False
synthetic/s7/0145,phone,phone,mock-a,mock-d,∅,∅,,,True,True,False
synthetic/s7/0145,phone,phone,mock-b,mock-c,∅,∅,,,True,True,False
synthetic/s7/0145,phone,phone,mock-b,mock-d,∅,∅,,,True,True,False
synthetic/s7/0145,phone,phone,mock-c,mock-d,∅,∅,,,True,True,False
synthetic/s7/0145,tax,money,mock-a,mock-b,0.62,0.62,0.62,0.62,True,False,False
synthetic/s7/0145,tax,money,mock-a,mock-c,0.62,0.62,0.62,0.62,True,False,False
synthetic/s7/0145,tax,money,mock-a,mock-d,0.62,0.62,0.62,0.62,True,False,False
synthetic/s7/0145,tax,money,mock-b,mock-c,0.62,0.62,0.62,0.62,True,False,False
synthetic/s7/0145,tax,money,mock-b,mock-d,0.62,0.62,0.62,0.62,True,False,False
synthetic/s7/0145,tax,money,mock-c,mock-d,0.62,0.62,0.62,0.62,True,False,False
synthetic/s7/0145,total,money,mock-a,mock-b,10.92,10.92,10.92,10.92,True,False,False
synthetic/s7/0145,total,money,mock-a,mock-c,10.92,10.92,10.92,10.92,True,False,False
synthetic/s7/0145,total,money,mock-a,mock-d,10.92,10.92,10.92,10.92,True,False,False
synthetic/s7/0145,total,money,mock-b,mock-c,10.92,10.92,10.92,10.92,True,False,False
synthetic/s7/0145,total,money,mock-b,mock-d,10.92,10.92,10.92,10.92,True,False,False
synthetic/s7/0145,total,money,mock-c,mock-d,10.92,10.92,10.92,10.92,True,False,False
synthetic/s7/0146,address,address,mock-a,mock-b,lot 3 jln pelabur 23 1 40300 shah alam selangor,lot 3 jln pelabur 23 1 40300 shah alam selangor,"LOT 3, JALAN PELABUR 23/1, 40300 SHAH ALAM, SELANGOR","LOT 3, JALAN PELABUR 23/1, 40300 SHAH ALAM, SELANGOR",True,False,False
synthetic/s7/0146,address,address,mock-a,mock-c,lot 3 jln pelabur 23 1 40300 shah alam selangor,lot 3 jln pelabur 23 1 40300 shah alam selangor,"LOT 3, JALAN PELABUR 23/1, 40300 SHAH ALAM, SELANGOR","LOT 3, JALAN PELABUR 23/1, 40300 SHAH ALAM, SELANGOR",True,False,False
synthetic/s7/0146,address,address,mock-a,mock-d,lot 3 jln pelabur 23 1 40300 shah alam selangor,lot 3 jln pelabur 23 1 40300 shah alam selangor,"LOT 3, JALAN PELABUR 23/1, 40300 SHAH ALAM, SELANGOR","LOT 3, JALAN PELABUR 23/1, 40300 SHAH ALAM, SELANGOR",True,False,False
synthetic/s7/0146,address,address,mock-b,mock-c,lot 3 jln pelabur 23 1 40300 shah alam selangor,lot 3 jln pelabur 23 1 40300 shah alam selangor,"LOT 3, JALAN PELABUR 23/1, 40300 SHAH ALAM, SELANGOR","LOT 3, JALAN PELABUR 23/1, 40300 SHAH ALAM, SELANGOR",True,False,False
synthetic/s7/0146,address,address,mock-b,mock-d,lot 3 jln pelabur 23 1 40300 shah alam selangor,lot 3 jln pelabur 23 1 40300 shah alam selangor,"LOT 3, JALAN PELABUR 23/1, 40300 SHAH ALAM, SELANGOR","LOT 3, JALAN PELABUR 23/1, 40300 SHAH ALAM, SELANGOR",True,False,False
synthetic/s7/0146,address,address,mock-c,mock-d,lot 3 jln pelabur 23 1 40300 shah alam selangor,lot 3 jln pelabur 23 1 40300 shah alam selangor,"LOT 3, JALAN PELABUR 23/1, 40300 SHAH ALAM, SELANGOR","LOT 3, JALAN PELABUR 23/1, 40300 SHAH ALAM, SELANGOR",True,False,False
synthetic/s7/0146,company,org,mock-a,mock-b,gardenia bakeries kl,gardenia bakeries kl,GARDENIA BAKERIES (KL) SDN BHD,GARDENIA BAKERIES (KL) SDN BHD,True,False,False
synthetic/s7/0146,company,org,mock-a,mock-c,gardenia bakeries kl,gardenia bakeries kl,GARDENIA BAKERIES (KL) SDN BHD,GARDENIA BAKERIES (KL) SDN BHD,True,False,False
synthetic/s7/0146,company,org,mock-a,mock-d,gardenia bakeries kl,gardenia bakeries kl,GARDENIA BAKERIES (KL) SDN BHD,GARDENIA BAKERIES (KL) SDN BHD,True,False,False
synthetic/s7/0146,company,org,mock-b,mock-c,gardenia bakeries kl,gardenia bakeries kl,GARDENIA BAKERIES (KL) SDN BHD,GARDENIA BAKERIES (KL) SDN BHD,True,False,False
synthetic/s7/0146,company,org,mock-b,mock-d,gardenia bakeries kl,gardenia bakeries kl,GARDENIA BAKERIES (KL) SDN BHD,GARDENIA BAKERIES (KL) SDN BHD,True,False,False
synthetic/s7/0146,company,org,mock-c,mock-d,gardenia bakeries kl,gardenia bakeries kl,GARDENIA BAKERIES (KL) SDN BHD,GARDENIA BAKERIES (KL) SDN BHD,True,False,False
synthetic/s7/0146,date,date,mock-a,mock-b,2018-11-12,2018-11-12,12/11/2018,12/11/2018,True,False,False
synthetic/s7/0146,date,date,mock-a,mock-c,2018-11-12,2018-11-12,12/11/2018,12/11/2018,True,False,False
synthetic/s7/0146,date,date,mock-a,mock-d,2018-11-12,2018-11-12,12/11/2018,12/11/2018,True,False,False
synthetic/s7/0146,date,date,mock-b,mock-c,2018-11-12,2018-11-12,12/11/2018,12/11/2018,True,False,False
synthetic/s7/0146,date,date,mock-b,mock-d,2018-11-12,2018-11-12,12/11/2018,12/11/2018,True,False,False
synthetic/s7/0146,date,date,mock-c,mock-d,2018-11-12,2018-11-12,12/11/2018,12/11/2018,True,False,False
synthetic/s7/0146,phone,phone,mock-a,mock-b,∅,∅,,,True,True,False
synthetic/s7/0146,phone,phone,mock-a,mock-c,∅,∅,,,True,True,False
synthetic/s7/0146,phone,phone,mock-a,mock-d,∅,∅,,,True,True,False
synthetic/s7/0146,phone,phone,mock-b,mock-c,∅,∅,,,True,True,False
synthetic/s7/0146,phone,phone,mock-b,mock-d,∅,∅,,,True,True,False
synthetic/s7/0146,phone,phone,mock-c,mock-d,∅,∅,,,True,True,False
synthetic/s7/0146,tax,money,mock-a,mock-b,∅,∅,,,True,True,False
synthetic/s7/0146,tax,money,mock-a,mock-c,∅,∅,,,True,True,False
synthetic/s7/0146,tax,money,mock-a,mock-d,∅,∅,,,True,True,False
synthetic/s7/0146,tax,money,mock-b,mock-c,∅,∅,,,True,True,False
synthetic/s7/0146,tax,money,mock-b,mock-d,∅,∅,,,True,True,False
synthetic/s7/0146,tax,money,mock-c,mock-d,∅,∅,,,True,True,False
synthetic/s7/0146,total,money,mock-a,mock-b,1.50,∅,1.50,,False,False,True
synthetic/s7/0146,total,money,mock-a,mock-c,1.50,1.50,1.50,1.50,True,False,False
synthetic/s7/0146,total,money,mock-a,mock-d,1.50,1.50,1.50,1.50,True,False,False
synthetic/s7/0146,total,money,mock-b,mock-c,∅,1.50,,1.50,False,False,True
synthetic/s7/0146,total,money,mock-b,mock-d,∅,1.50,,1.50,False,False,True
synthetic/s7/0146,total,money,mock-c,mock-d,1.50,1.50,1.50,1.50,True,False,False
synthetic/s7/0147,address,address,mock-a,mock-b,no 31g and 33g jln setia indah x u13 x 40170 setia alam,no 31g and 33g jln setia indah x u13 x 40170 setia alam,"NO. 31G&33G, JALAN SETIA INDAH X, U13/X, 40170 SETIA ALAM","NO. 31G&33G, JALAN SETIA INDAH X, U13/X, 40170 SETIA ALAM",True,False,False
synthetic/s7/0147,address,address,mock-a,mock-c,no 31g and 33g jln setia indah x u13 x 40170 setia alam,no 31g and 33g jln setia indah x u13 x 40170 setia alam,"NO. 31G&33G, JALAN SETIA INDAH X, U13/X, 40170 SETIA ALAM","NO. 31G&33G, JALAN SETIA INDAH X, U13/X, 40170 SETIA ALAM",True,False,False
synthetic/s7/0147,address,address,mock-a,mock-d,no 31g and 33g jln setia indah x u13 x 40170 setia alam,no 31g and 33g jln setia indah x u13 x 40170 setia alam,"NO. 31G&33G, JALAN SETIA INDAH X, U13/X, 40170 SETIA ALAM","NO. 31G&33G, JALAN SETIA INDAH X, U13/X, 40170 SETIA ALAM",True,False,False
synthetic/s7/0147,address,address,mock-b,mock-c,no 31g and 33g jln setia indah x u13 x 40170 setia alam,no 31g and 33g jln setia indah x u13 x 40170 setia alam,"NO. 31G&33G, JALAN SETIA INDAH X, U13/X, 40170 SETIA ALAM","NO. 31G&33G, JALAN SETIA INDAH X, U13/X, 40170 SETIA ALAM",True,False,False
synthetic/s7/0147,address,address,mock-b,mock-d,no 31g and 33g jln setia indah x u13 x 40170 setia alam,no 31g and 33g jln setia indah x u13 x 40170 setia alam,"NO. 31G&33G, JALAN SETIA INDAH X, U13/X, 40170 SETIA ALAM","NO. 31G&33G, JALAN SETIA INDAH X, U13/X, 40170 SETIA ALAM",True,False,False
synthetic/s7/0147,address,address,mock-c,mock-d,no 31g and 33g jln setia indah x u13 x 40170 setia alam,no 31g and 33g jln setia indah x u13 x 40170 setia alam,"NO. 31G&33G, JALAN SETIA INDAH X, U13/X, 40170 SETIA ALAM","NO. 31G&33G, JALAN SETIA INDAH X, U13/X, 40170 SETIA ALAM",True,False,False
synthetic/s7/0147,company,org,mock-a,mock-b,sanyu stationery shop,∅,SANYU STATIONERY SHOP,,False,False,True
synthetic/s7/0147,company,org,mock-a,mock-c,sanyu stationery shop,sanyu stationery shop,SANYU STATIONERY SHOP,SANYU STATIONERY SHOP,True,False,False
synthetic/s7/0147,company,org,mock-a,mock-d,sanyu stationery shop,sanyu stationery shop,SANYU STATIONERY SHOP,SANYU STATIONERY SHOP,True,False,False
synthetic/s7/0147,company,org,mock-b,mock-c,∅,sanyu stationery shop,,SANYU STATIONERY SHOP,False,False,True
synthetic/s7/0147,company,org,mock-b,mock-d,∅,sanyu stationery shop,,SANYU STATIONERY SHOP,False,False,True
synthetic/s7/0147,company,org,mock-c,mock-d,sanyu stationery shop,sanyu stationery shop,SANYU STATIONERY SHOP,SANYU STATIONERY SHOP,True,False,False
synthetic/s7/0147,date,date,mock-a,mock-b,2018-08-16,2018-08-16,16/08/2018,08/16/2018,True,False,False
synthetic/s7/0147,date,date,mock-a,mock-c,2018-08-16,∅,16/08/2018,,False,False,True
synthetic/s7/0147,date,date,mock-a,mock-d,2018-08-16,2018-08-16,16/08/2018,16/08/2018,True,False,False
synthetic/s7/0147,date,date,mock-b,mock-c,2018-08-16,∅,08/16/2018,,False,False,True
synthetic/s7/0147,date,date,mock-b,mock-d,2018-08-16,2018-08-16,08/16/2018,16/08/2018,True,False,False
synthetic/s7/0147,date,date,mock-c,mock-d,∅,2018-08-16,,16/08/2018,False,False,True
synthetic/s7/0147,phone,phone,mock-a,mock-b,∅,∅,,,True,True,False
synthetic/s7/0147,phone,phone,mock-a,mock-c,∅,∅,,,True,True,False
synthetic/s7/0147,phone,phone,mock-a,mock-d,∅,∅,,,True,True,False
synthetic/s7/0147,phone,phone,mock-b,mock-c,∅,∅,,,True,True,False
synthetic/s7/0147,phone,phone,mock-b,mock-d,∅,∅,,,True,True,False
synthetic/s7/0147,phone,phone,mock-c,mock-d,∅,∅,,,True,True,False
synthetic/s7/0147,tax,money,mock-a,mock-b,∅,∅,,,True,True,False
synthetic/s7/0147,tax,money,mock-a,mock-c,∅,∅,,,True,True,False
synthetic/s7/0147,tax,money,mock-a,mock-d,∅,∅,,,True,True,False
synthetic/s7/0147,tax,money,mock-b,mock-c,∅,∅,,,True,True,False
synthetic/s7/0147,tax,money,mock-b,mock-d,∅,∅,,,True,True,False
synthetic/s7/0147,tax,money,mock-c,mock-d,∅,∅,,,True,True,False
synthetic/s7/0147,total,money,mock-a,mock-b,3.20,3.20,3.20,3.20,True,False,False
synthetic/s7/0147,total,money,mock-a,mock-c,3.20,3.20,3.20,3.20,True,False,False
synthetic/s7/0147,total,money,mock-a,mock-d,3.20,3.20,3.20,3.20,True,False,False
synthetic/s7/0147,total,money,mock-b,mock-c,3.20,3.20,3.20,3.20,True,False,False
synthetic/s7/0147,total,money,mock-b,mock-d,3.20,3.20,3.20,3.20,True,False,False
synthetic/s7/0147,total,money,mock-c,mock-d,3.20,3.20,3.20,3.20,True,False,False
synthetic/s7/0148,address,address,mock-a,mock-b,lot p t 2811 jln angsana tmn mutiara rini 81300 skudai,lot p t 2811 jln angsana tmn mutiara rini 81300 skudai,"LOT P.T. 2811, JALAN ANGSANA, TAMAN MUTIARA RINI, 81300 SKUDAI","LOT P.T. 2811, JALAN ANGSANA, TAMAN MUTIARA RINI, 81300 SKUDAI",True,False,False
synthetic/s7/0148,address,address,mock-a,mock-c,lot p t 2811 jln angsana tmn mutiara rini 81300 skudai,lot p t 2811 jln angsana tmn mutiara rini 81300 skudai,"LOT P.T. 2811, JALAN ANGSANA, TAMAN MUTIARA RINI, 81300 SKUDAI","LOT P.T. 2811, JALAN ANGSANA, TAMAN MUTIARA RINI, 81300 SKUDAI",True,False,False
synthetic/s7/0148,address,address,mock-a,mock-d,lot p t 2811 jln angsana tmn mutiara rini 81300 skudai,lot p t 2811 jln angsana tmn mutiara rini 81300 skudai,"LOT P.T. 2811, JALAN ANGSANA, TAMAN MUTIARA RINI, 81300 SKUDAI","LOT P.T. 2811, JALAN ANGSANA, TAMAN MUTIARA RINI, 81300 SKUDAI",True,False,False
synthetic/s7/0148,address,address,mock-b,mock-c,lot p t 2811 jln angsana tmn mutiara rini 81300 skudai,lot p t 2811 jln angsana tmn mutiara rini 81300 skudai,"LOT P.T. 2811, JALAN ANGSANA, TAMAN MUTIARA RINI, 81300 SKUDAI","LOT P.T. 2811, JALAN ANGSANA, TAMAN MUTIARA RINI, 81300 SKUDAI",True,False,False
synthetic/s7/0148,address,address,mock-b,mock-d,lot p t 2811 jln angsana tmn mutiara rini 81300 skudai,lot p t 2811 jln angsana tmn mutiara rini 81300 skudai,"LOT P.T. 2811, JALAN ANGSANA, TAMAN MUTIARA RINI, 81300 SKUDAI","LOT P.T. 2811, JALAN ANGSANA, TAMAN MUTIARA RINI, 81300 SKUDAI",True,False,False
synthetic/s7/0148,address,address,mock-c,mock-d,lot p t 2811 jln angsana tmn mutiara rini 81300 skudai,lot p t 2811 jln angsana tmn mutiara rini 81300 skudai,"LOT P.T. 2811, JALAN ANGSANA, TAMAN MUTIARA RINI, 81300 SKUDAI","LOT P.T. 2811, JALAN ANGSANA, TAMAN MUTIARA RINI, 81300 SKUDAI",True,False,False
synthetic/s7/0148,company,org,mock-a,mock-b,99 speed mart s b,99 speed mart,99 SPEED MART S/B,99 SPEED MART,False,False,False
synthetic/s7/0148,company,org,mock-a,mock-c,99 speed mart s b,99 speed mart,99 SPEED MART S/B,99 SPEED MART,False,False,False
synthetic/s7/0148,company,org,mock-a,mock-d,99 speed mart s b,99 speed mart s b,99 SPEED MART S/B,99 SPEED MART S/B,True,False,False
synthetic/s7/0148,company,org,mock-b,mock-c,99 speed mart,99 speed mart,99 SPEED MART,99 SPEED MART,True,False,False
synthetic/s7/0148,company,org,mock-b,mock-d,99 speed mart,99 speed mart s b,99 SPEED MART,99 SPEED MART S/B,False,False,False
synthetic/s7/0148,company,org,mock-c,mock-d,99 speed mart,99 speed mart s b,99 SPEED MART,99 SPEED MART S/B,False,False,False
synthetic/s7/0148,date,date,mock-a,mock-b,2019-06-12,2019-06-12,12/06/2019,12/06/2019,True,False,False
synthetic/s7/0148,date,date,mock-a,mock-c,2019-06-12,2019-06-12,12/06/2019,12/06/2019,True,False,False
synthetic/s7/0148,date,date,mock-a,mock-d,2019-06-12,2019-06-12,12/06/2019,12/06/2019,True,False,False
synthetic/s7/0148,date,date,mock-b,mock-c,2019-06-12,2019-06-12,12/06/2019,12/06/2019,True,False,False
synthetic/s7/0148,date,date,mock-b,mock-d,2019-06-12,2019-06-12,12/06/2019,12/06/2019,True,False,False
synthetic/s7/0148,date,date,mock-c,mock-d,2019-06-12,2019-06-12,12/06/2019,12/06/2019,True,False,False
synthetic/s7/0148,phone,phone,mock-a,mock-b,39465737,39465737,03-946 5737,03-946 5737,True,False,False
synthetic/s7/0148,phone,phone,mock-a,mock-c,39465737,239465737,03-946 5737,23-946 5737,False,False,False
synthetic/s7/0148,phone,phone,mock-a,mock-d,39465737,39465737,03-946 5737,03-946 5737,True,False,False
synthetic/s7/0148,phone,phone,mock-b,mock-c,39465737,239465737,03-946 5737,23-946 5737,False,False,False
synthetic/s7/0148,phone,phone,mock-b,mock-d,39465737,39465737,03-946 5737,03-946 5737,True,False,False
synthetic/s7/0148,phone,phone,mock-c,mock-d,239465737,39465737,23-946 5737,03-946 5737,False,False,False
synthetic/s7/0148,tax,money,mock-a,mock-b,0.58,0.58,0.58,0.58,True,False,False
synthetic/s7/0148,tax,money,mock-a,mock-c,0.58,∅,0.58,,False,False,True
synthetic/s7/0148,tax,money,mock-a,mock-d,0.58,0.58,0.58,0.58,True,False,False
synthetic/s7/0148,tax,money,mock-b,mock-c,0.58,∅,0.58,,False,False,True
synthetic/s7/0148,tax,money,mock-b,mock-d,0.58,0.58,0.58,0.58,True,False,False
synthetic/s7/0148,tax,money,mock-c,mock-d,∅,0.58,,0.58,False,False,True
synthetic/s7/0148,total,money,mock-a,mock-b,10.28,9.08,10.28,9.08,False,False,False
synthetic/s7/0148,total,money,mock-a,mock-c,10.28,10.28,10.28,10.28,True,False,False
synthetic/s7/0148,total,money,mock-a,mock-d,10.28,10.28,10.28,10.28,True,False,False
synthetic/s7/0148,total,money,mock-b,mock-c,9.08,10.28,9.08,10.28,False,False,False
synthetic/s7/0148,total,money,mock-b,mock-d,9.08,10.28,9.08,10.28,False,False,False
synthetic/s7/0148,total,money,mock-c,mock-d,10.28,10.28,10.28,10.28,True,False,False
synthetic/s7/0149,address,address,mock-a,mock-b,lot 276 jln banting 43800 dengkil selangor,lot 276 jln banting 43800 dengkil selangor,"LOT 276 JALAN BANTING, 43800 DENGKIL, SELANGOR","LOT 276 JALAN BANTING, 43800 DENGKIL, SELANGOR",True,False,False
synthetic/s7/0149,address,address,mock-a,mock-c,lot 276 jln banting 43800 dengkil selangor,lot 276 jln banting 43800 dengkil selangor,"LOT 276 JALAN BANTING, 43800 DENGKIL, SELANGOR","LOT 276 JALAN BANTING, 43800 DENGKIL, SELANGOR",True,False,False
synthetic/s7/0149,address,address,mock-a,mock-d,lot 276 jln banting 43800 dengkil selangor,lot 276 jln banting 43800 dengkil selangor,"LOT 276 JALAN BANTING, 43800 DENGKIL, SELANGOR","LOT 276 JALAN BANTING, 43800 DENGKIL, SELANGOR",True,False,False
synthetic/s7/0149,address,address,mock-b,mock-c,lot 276 jln banting 43800 dengkil selangor,lot 276 jln banting 43800 dengkil selangor,"LOT 276 JALAN BANTING, 43800 DENGKIL, SELANGOR","LOT 276 JALAN BANTING, 43800 DENGKIL, SELANGOR",True,False,False
synthetic/s7/0149,address,address,mock-b,mock-d,lot 276 jln banting 43800 dengkil selangor,lot 276 jln banting 43800 dengkil selangor,"LOT 276 JALAN BANTING, 43800 DENGKIL, SELANGOR","LOT 276 JALAN BANTING, 43800 DENGKIL, SELANGOR",True,False,False
synthetic/s7/0149,address,address,mock-c,mock-d,lot 276 jln banting 43800 dengkil selangor,lot 276 jln banting 43800 dengkil selangor,"LOT 276 JALAN BANTING, 43800 DENGKIL, SELANGOR","LOT 276 JALAN BANTING, 43800 DENGKIL, SELANGOR",True,False,False
synthetic/s7/0149,company,org,mock-a,mock-b,kedai papan yew chuan,kedai papan yew chuan,KEDAI PAPAN YEW CHUAN,KEDAI PAPAN YEW CHUAN,True,False,False
synthetic/s7/0149,company,org,mock-a,mock-c,kedai papan yew chuan,kedai papan yew chuan,KEDAI PAPAN YEW CHUAN,KEDAI PAPAN YEW CHUAN,True,False,False
synthetic/s7/0149,company,org,mock-a,mock-d,kedai papan yew chuan,kedai papan yew,KEDAI PAPAN YEW CHUAN,KEDAI PAPAN YEW,False,False,False
synthetic/s7/0149,company,org,mock-b,mock-c,kedai papan yew chuan,kedai papan yew chuan,KEDAI PAPAN YEW CHUAN,KEDAI PAPAN YEW CHUAN,True,False,False
synthetic/s7/0149,company,org,mock-b,mock-d,kedai papan yew chuan,kedai papan yew,KEDAI PAPAN YEW CHUAN,KEDAI PAPAN YEW,False,False,False
synthetic/s7/0149,company,org,mock-c,mock-d,kedai papan yew chuan,kedai papan yew,KEDAI PAPAN YEW CHUAN,KEDAI PAPAN YEW,False,False,False
synthetic/s7/0149,date,date,mock-a,mock-b,2019-06-13,2019-06-13,13/06/2019,13/06/2019,True,False,False
synthetic/s7/0149,date,date,mock-a,mock-c,2019-06-13,2019-06-13,13/06/2019,13/06/2019,True,False,False
synthetic/s7/0149,date,date,mock-a,mock-d,2019-06-13,2019-06-13,13/06/2019,13/06/2019,True,False,False
synthetic/s7/0149,date,date,mock-b,mock-c,2019-06-13,2019-06-13,13/06/2019,13/06/2019,True,False,False
synthetic/s7/0149,date,date,mock-b,mock-d,2019-06-13,2019-06-13,13/06/2019,13/06/2019,True,False,False
synthetic/s7/0149,date,date,mock-c,mock-d,2019-06-13,2019-06-13,13/06/2019,13/06/2019,True,False,False
synthetic/s7/0149,phone,phone,mock-a,mock-b,58305902,58305902,05-830 5902,05-830 5902,True,False,False
synthetic/s7/0149,phone,phone,mock-a,mock-c,58305902,58305902,05-830 5902,05-830 5902,True,False,False
synthetic/s7/0149,phone,phone,mock-a,mock-d,58305902,58305902,05-830 5902,05-830 5902,True,False,False
synthetic/s7/0149,phone,phone,mock-b,mock-c,58305902,58305902,05-830 5902,05-830 5902,True,False,False
synthetic/s7/0149,phone,phone,mock-b,mock-d,58305902,58305902,05-830 5902,05-830 5902,True,False,False
synthetic/s7/0149,phone,phone,mock-c,mock-d,58305902,58305902,05-830 5902,05-830 5902,True,False,False
synthetic/s7/0149,tax,money,mock-a,mock-b,∅,∅,,,True,True,False
synthetic/s7/0149,tax,money,mock-a,mock-c,∅,∅,,,True,True,False
synthetic/s7/0149,tax,money,mock-a,mock-d,∅,∅,,,True,True,False
synthetic/s7/0149,tax,money,mock-b,mock-c,∅,∅,,,True,True,False
synthetic/s7/0149,tax,money,mock-b,mock-d,∅,∅,,,True,True,False
synthetic/s7/0149,tax,money,mock-c,mock-d,∅,∅,,,True,True,False
synthetic/s7/0149,total,money,mock-a,mock-b,26.00,26.00,26.00,26.00,True,False,False
synthetic/s7/0149,total,money,mock-a,mock-c,26.00,26.00,26.00,26.00,True,False,False
synthetic/s7/0149,total,money,mock-a,mock-d,26.00,26.00,26.00,26.00,True,False,False
synthetic/s7/0149,total,money,mock-b,mock-c,26.00,26.00,26.00,26.00,True,False,False
synthetic/s7/0149,total,money,mock-b,mock-d,26.00,26.00,26.00,26.00,True,False,False
synthetic/s7/0149,total,money,mock-c,mock-d,26.00,26.00,26.00,26.00,True,False,False
synthetic/s7/0150,address,address,mock-a,mock-b,no 2 and 4 jln bayu 4 bdr seri alam 81750 masai,no 2 and 4 jln bayu 4 bdr seri alam 81750 masai johor,"NO 2 & 4, JALAN BAYU 4, BANDAR SERI ALAM, 81750 MASAI","NO 2 & 4, JALAN BAYU 4, BANDAR SERI ALAM, 81750 MASAI, JOHOR",False,False,False
synthetic/s7/0150,address,address,mock-a,mock-c,no 2 and 4 jln bayu 4 bdr seri alam 81750 masai,no 2 and 4 jln bayu 4 bdr seri alam 81750 masai johor,"NO 2 & 4, JALAN BAYU 4, BANDAR SERI ALAM, 81750 MASAI","NO 2 & 4, JALAN BAYU 4, BANDAR SERI ALAM, 81750 MASAI, JOHOR",False,False,False
synthetic/s7/0150,address,address,mock-a,mock-d,no 2 and 4 jln bayu 4 bdr seri alam 81750 masai,no 2 and 4 jln bayu 4 bdr seri alam 81750 masai johor,"NO 2 & 4, JALAN BAYU 4, BANDAR SERI ALAM, 81750 MASAI","NO 2 & 4, JALAN BAYU 4, BANDAR SERI ALAM, 81750 MASAI, JOHOR",False,False,False
synthetic/s7/0150,address,address,mock-b,mock-c,no 2 and 4 jln bayu 4 bdr seri alam 81750 masai johor,no 2 and 4 jln bayu 4 bdr seri alam 81750 masai johor,"NO 2 & 4, JALAN BAYU 4, BANDAR SERI ALAM, 81750 MASAI, JOHOR","NO 2 & 4, JALAN BAYU 4, BANDAR SERI ALAM, 81750 MASAI, JOHOR",True,False,False
synthetic/s7/0150,address,address,mock-b,mock-d,no 2 and 4 jln bayu 4 bdr seri alam 81750 masai johor,no 2 and 4 jln bayu 4 bdr seri alam 81750 masai johor,"NO 2 & 4, JALAN BAYU 4, BANDAR SERI ALAM, 81750 MASAI, JOHOR","NO 2 & 4, JALAN BAYU 4, BANDAR SERI ALAM, 81750 MASAI, JOHOR",True,False,False
synthetic/s7/0150,address,address,mock-c,mock-d,no 2 and 4 jln bayu 4 bdr seri alam 81750 masai johor,no 2 and 4 jln bayu 4 bdr seri alam 81750 masai johor,"NO 2 & 4, JALAN BAYU 4, BANDAR SERI ALAM, 81750 MASAI, JOHOR","NO 2 & 4, JALAN BAYU 4, BANDAR SERI ALAM, 81750 MASAI, JOHOR",True,False,False
synthetic/s7/0150,company,org,mock-a,mock-b,ojc marketing sdn,ojc marketing,OJC MARKETING SDN,OJC MARKETING SDN BHD,False,False,False
synthetic/s7/0150,company,org,mock-a,mock-c,ojc marketing sdn,ojc marketing,OJC MARKETING SDN,OJC MARKETING SDN BHD,False,False,False
synthetic/s7/0150,company,org,mock-a,mock-d,ojc marketing sdn,ojc marketing,OJC MARKETING SDN,OJC MARKETING SDN BHD,False,False,False
synthetic/s7/0150,company,org,mock-b,mock-c,ojc marketing,ojc marketing,OJC MARKETING SDN BHD,OJC MARKETING SDN BHD,True,False,False
synthetic/s7/0150,company,org,mock-b,mock-d,ojc marketing,ojc marketing,OJC MARKETING SDN BHD,OJC MARKETING SDN BHD,True,False,False
synthetic/s7/0150,company,org,mock-c,mock-d,ojc marketing,ojc marketing,OJC MARKETING SDN BHD,OJC MARKETING SDN BHD,True,False,False
synthetic/s7/0150,date,date,mock-a,mock-b,2019-01-03,2019-01-03,03/01/2019,03/01/2019,True,False,False
synthetic/s7/0150,date,date,mock-a,mock-c,2019-01-03,2019-03-01,03/01/2019,01/03/2019,False,False,False
synthetic/s7/0150,date,date,mock-a,mock-d,2019-01-03,2019-01-03,03/01/2019,03/01/2019,True,False,False
synthetic/s7/0150,date,date,mock-b,mock-c,2019-01-03,2019-03-01,03/01/2019,01/03/2019,False,False,False
synthetic/s7/0150,date,date,mock-b,mock-d,2019-01-03,2019-01-03,03/01/2019,03/01/2019,True,False,False
synthetic/s7/0150,date,date,mock-c,mock-d,2019-03-01,2019-01-03,01/03/2019,03/01/2019,False,False,False
synthetic/s7/0150,phone,phone,mock-a,mock-b,67231985,∅,06-723 1985,,False,False,True
synthetic/s7/0150,phone,phone,mock-a,mock-c,67231985,67231985,06-723 1985,06-723 1985,True,False,False
synthetic/s7/0150,phone,phone,mock-a,mock-d,67231985,67231985,06-723 1985,06-723 1985,True,False,False
synthetic/s7/0150,phone,phone,mock-b,mock-c,∅,67231985,,06-723 1985,False,False,True
synthetic/s7/0150,phone,phone,mock-b,mock-d,∅,67231985,,06-723 1985,False,False,True
synthetic/s7/0150,phone,phone,mock-c,mock-d,67231985,67231985,06-723 1985,06-723 1985,True,False,False
synthetic/s7/0150,tax,money,mock-a,mock-b,0.71,0.71,0.71,0.71,True,False,False
synthetic/s7/0150,tax,money,mock-a,mock-c,0.71,0.71,0.71,0.71,True,False,False
synthetic/s7/0150,tax,money,mock-a,mock-d,0.71,0.71,0.71,0.71,True,False,False
synthetic/s7/0150,tax,money,mock-b,mock-c,0.71,0.71,0.71,0.71,True,False,False
synthetic/s7/0150,tax,money,mock-b,mock-d,0.71,0.71,0.71,0.71,True,False,False
synthetic/s7/0150,tax,money,mock-c,mock-d,0.71,0.71,0.71,0.71,True,False,False
synthetic/s7/0150,total,money,mock-a,mock-b,12.51,52.51,12.51,52.51,False,False,False
synthetic/s7/0150,total,money,mock-a,mock-c,12.51,12.51,12.51,12.51,True,False,False
synthetic/s7/0150,total,money,mock-a,mock-d,12.51,12.51,12.51,12.51,True,False,False
synthetic/s7/0150,total,money,mock-b,mock-c,52.51,12.51,52.51,12.51,False,False,False
synthetic/s7/0150,total,money,mock-b,mock-d,52.51,12.51,52.51,12.51,False,False,False
synthetic/s7/0150,total,money,mock-c,mock-d,12.51,12.51,12.51,12.51,True,False,False
synthetic/s7/0151,address,address,mock-a,mock-b,no 59 jln permas 9 5 bdr baru permas jaya 81750 johor bahru,∅,"NO.59 JALAN PERMAS 9/5, BANDAR BARU PERMAS JAYA, 81750 JOHOR BAHRU",,False,False,True
synthetic/s7/0151,address,address,mock-a,mock-c,no 59 jln permas 9 5 bdr baru permas jaya 81750 johor bahru,no 59 jln permas 9 5 bdr baru permas jaya 81750 johor bahru,"NO.59 JALAN PERMAS 9/5, BANDAR BARU PERMAS JAYA, 81750 JOHOR BAHRU","NO.59 JALAN PERMAS 9/5, BANDAR BARU PERMAS JAYA, 81750 JOHOR BAHRU",True,False,False
synthetic/s7/0151,address,address,mock-a,mock-d,no 59 jln permas 9 5 bdr baru permas jaya 81750 johor bahru,no 59 jln permas 9 5 bdr baru permas jaya 81750 johor bahru,"NO.59 JALAN PERMAS 9/5, BANDAR BARU PERMAS JAYA, 81750 JOHOR BAHRU","NO.59 JALAN PERMAS 9/5, BANDAR BARU PERMAS JAYA, 81750 JOHOR BAHRU",True,False,False
synthetic/s7/0151,address,address,mock-b,mock-c,∅,no 59 jln permas 9 5 bdr baru permas jaya 81750 johor bahru,,"NO.59 JALAN PERMAS 9/5, BANDAR BARU PERMAS JAYA, 81750 JOHOR BAHRU",False,False,True
synthetic/s7/0151,address,address,mock-b,mock-d,∅,no 59 jln permas 9 5 bdr baru permas jaya 81750 johor bahru,,"NO.59 JALAN PERMAS 9/5, BANDAR BARU PERMAS JAYA, 81750 JOHOR BAHRU",False,False,True
synthetic/s7/0151,address,address,mock-c,mock-d,no 59 jln permas 9 5 bdr baru permas jaya 81750 johor bahru,no 59 jln permas 9 5 bdr baru permas jaya 81750 johor bahru,"NO.59 JALAN PERMAS 9/5, BANDAR BARU PERMAS JAYA, 81750 JOHOR BAHRU","NO.59 JALAN PERMAS 9/5, BANDAR BARU PERMAS JAYA, 81750 JOHOR BAHRU",True,False,False
synthetic/s7/0151,company,org,mock-a,mock-b,zheng hui,perniagaan zheng hui,ZHENG HUI,PERNIAGAAN ZHENG HUI,False,False,False
synthetic/s7/0151,company,org,mock-a,mock-c,zheng hui,perniagaan zheng hui,ZHENG HUI,PERNIAGAAN ZHENG HUI,False,False,False
synthetic/s7/0151,company,org,mock-a,mock-d,zheng hui,perniagaan zheng hui,ZHENG HUI,PERNIAGAAN ZHENG HUI,False,False,False
synthetic/s7/0151,company,org,mock-b,mock-c,perniagaan zheng hui,perniagaan zheng hui,PERNIAGAAN ZHENG HUI,PERNIAGAAN ZHENG HUI,True,False,False
synthetic/s7/0151,company,org,mock-b,mock-d,perniagaan zheng hui,perniagaan zheng hui,PERNIAGAAN ZHENG HUI,PERNIAGAAN ZHENG HUI,True,False,False
synthetic/s7/0151,company,org,mock-c,mock-d,perniagaan zheng hui,perniagaan zheng hui,PERNIAGAAN ZHENG HUI,PERNIAGAAN ZHENG HUI,True,False,False
synthetic/s7/0151,date,date,mock-a,mock-b,2018-10-13,2018-10-13,10/13/2018,13/10/2018,True,False,False
synthetic/s7/0151,date,date,mock-a,mock-c,2018-10-13,2018-10-13,10/13/2018,13/10/2018,True,False,False
synthetic/s7/0151,date,date,mock-a,mock-d,2018-10-13,2018-10-13,10/13/2018,13/10/2018,True,False,False
synthetic/s7/0151,date,date,mock-b,mock-c,2018-10-13,2018-10-13,13/10/2018,13/10/2018,True,False,False
synthetic/s7/0151,date,date,mock-b,mock-d,2018-10-13,2018-10-13,13/10/2018,13/10/2018,True,False,False
synthetic/s7/0151,date,date,mock-c,mock-d,2018-10-13,2018-10-13,13/10/2018,13/10/2018,True,False,False
synthetic/s7/0151,phone,phone,mock-a,mock-b,∅,312345678,,03-1234 5678,False,False,True
synthetic/s7/0151,phone,phone,mock-a,mock-c,∅,∅,,,True,True,False
synthetic/s7/0151,phone,phone,mock-a,mock-d,∅,∅,,,True,True,False
synthetic/s7/0151,phone,phone,mock-b,mock-c,312345678,∅,03-1234 5678,,False,False,True
synthetic/s7/0151,phone,phone,mock-b,mock-d,312345678,∅,03-1234 5678,,False,False,True
synthetic/s7/0151,phone,phone,mock-c,mock-d,∅,∅,,,True,True,False
synthetic/s7/0151,tax,money,mock-a,mock-b,0.19,0.19,0.19,0.19,True,False,False
synthetic/s7/0151,tax,money,mock-a,mock-c,0.19,0.19,0.19,0.19,True,False,False
synthetic/s7/0151,tax,money,mock-a,mock-d,0.19,0.69,0.19,0.69,False,False,False
synthetic/s7/0151,tax,money,mock-b,mock-c,0.19,0.19,0.19,0.19,True,False,False
synthetic/s7/0151,tax,money,mock-b,mock-d,0.19,0.69,0.19,0.69,False,False,False
synthetic/s7/0151,tax,money,mock-c,mock-d,0.19,0.69,0.19,0.69,False,False,False
synthetic/s7/0151,total,money,mock-a,mock-b,3.39,∅,3.39,,False,False,True
synthetic/s7/0151,total,money,mock-a,mock-c,3.39,3.39,3.39,3.39,True,False,False
synthetic/s7/0151,total,money,mock-a,mock-d,3.39,3.39,3.39,3.39,True,False,False
synthetic/s7/0151,total,money,mock-b,mock-c,∅,3.39,,3.39,False,False,True
synthetic/s7/0151,total,money,mock-b,mock-d,∅,3.39,,3.39,False,False,True
synthetic/s7/0151,total,money,mock-c,mock-d,3.39,3.39,3.39,3.39,True,False,False
synthetic/s7/0152,address,address,mock-a,mock-b,lot 3 jln pelabur 23 1 40300 shah alam,lot 3 jln pelabur 23 1 40300 shah alam selangor,"LOT 3, JALAN PELABUR 23/1, 40300 SHAH ALAM","LOT 3, JALAN PELABUR 23/1, 40300 SHAH ALAM, SELANGOR",False,False,False
synthetic/s7/0152,address,address,mock-a,mock-c,lot 3 jln pelabur 23 1 40300 shah alam,lot 3 jln pelabur 23 1 40300 shah alam,"LOT 3, JALAN PELABUR 23/1, 40300 SHAH ALAM","LOT 3, JALAN PELABUR 23/1, 40300 SHAH ALAM",True,False,False
synthetic/s7/0152,address,address,mock-a,mock-d,lot 3 jln pelabur 23 1 40300 shah alam,lot 3 jln pelabur 23 1 40300 shah alam selangor,"LOT 3, JALAN PELABUR 23/1, 40300 SHAH ALAM","LOT 3, JALAN PELABUR 23/1, 40300 SHAH ALAM, SELANGOR",False,False,False
synthetic/s7/0152,address,address,mock-b,mock-c,lot 3 jln pelabur 23 1 40300 shah alam selangor,lot 3 jln pelabur 23 1 40300 shah alam,"LOT 3, JALAN PELABUR 23/1, 40300 SHAH ALAM, SELANGOR","LOT 3, JALAN PELABUR 23/1, 40300 SHAH ALAM",False,False,False
synthetic/s7/0152,address,address,mock-b,mock-d,lot 3 jln pelabur 23 1 40300 shah alam selangor,lot 3 jln pelabur 23 1 40300 shah alam selangor,"LOT 3, JALAN PELABUR 23/1, 40300 SHAH ALAM, SELANGOR","LOT 3, JALAN PELABUR 23/1, 40300 SHAH ALAM, SELANGOR",True,False,False
synthetic/s7/0152,address,address,mock-c,mock-d,lot 3 jln pelabur 23 1 40300 shah alam,lot 3 jln pelabur 23 1 40300 shah alam selangor,"LOT 3, JALAN PELABUR 23/1, 40300 SHAH ALAM","LOT 3, JALAN PELABUR 23/1, 40300 SHAH ALAM, SELANGOR",False,False,False
synthetic/s7/0152,company,org,mock-a,mock-b,gardenia bakeries kl,gardenia bakeries kl,GARDENIA BAKERIES (KL) SDN BHD,GARDENIA BAKERIES (KL) SDN BHD,True,False,False
synthetic/s7/0152,company,org,mock-a,mock-c,gardenia bakeries kl,gardenia bakeries kl,GARDENIA BAKERIES (KL) SDN BHD,GARDENIA BAKERIES (KL) SDN BHD,True,False,False
synthetic/s7/0152,company,org,mock-a,mock-d,gardenia bakeries kl,gardenia bakeries kl,GARDENIA BAKERIES (KL) SDN BHD,GARDENIA BAKERIES (KL) SDN BHD,True,False,False
synthetic/s7/0152,company,org,mock-b,mock-c,gardenia bakeries kl,gardenia bakeries kl,GARDENIA BAKERIES (KL) SDN BHD,GARDENIA BAKERIES (KL) SDN BHD,True,False,False
synthetic/s7/0152,company,org,mock-b,mock-d,gardenia bakeries kl,gardenia bakeries kl,GARDENIA BAKERIES (KL) SDN BHD,GARDENIA BAKERIES (KL) SDN BHD,True,False,False
synthetic/s7/0152,company,org,mock-c,mock-d,gardenia bakeries kl,gardenia bakeries kl,GARDENIA BAKERIES (KL) SDN BHD,GARDENIA BAKERIES (KL) SDN BHD,True,False,False
synthetic/s7/0152,date,date,mock-a,mock-b,2018-11-04,2018-11-04,04/11/2018,04/11/2018,True,False,False
synthetic/s7/0152,date,date,mock-a,mock-c,2018-11-04,2018-11-04,04/11/2018,04/11/2018,True,False,False
synthetic/s7/0152,date,date,mock-a,mock-d,2018-11-04,2018-11-04,04/11/2018,04/11/2018,True,False,False
synthetic/s7/0152,date,date,mock-b,mock-c,2018-11-04,2018-11-04,04/11/2018,04/11/2018,True,False,False
synthetic/s7/0152,date,date,mock-b,mock-d,2018-11-04,2018-11-04,04/11/2018,04/11/2018,True,False,False
synthetic/s7/0152,date,date,mock-c,mock-d,2018-11-04,2018-11-04,04/11/2018,04/11/2018,True,False,False
synthetic/s7/0152,phone,phone,mock-a,mock-b,∅,∅,,,True,True,False
synthetic/s7/0152,phone,phone,mock-a,mock-c,∅,∅,,,True,True,False
synthetic/s7/0152,phone,phone,mock-a,mock-d,∅,∅,,,True,True,False
synthetic/s7/0152,phone,phone,mock-b,mock-c,∅,∅,,,True,True,False
synthetic/s7/0152,phone,phone,mock-b,mock-d,∅,∅,,,True,True,False
synthetic/s7/0152,phone,phone,mock-c,mock-d,∅,∅,,,True,True,False
synthetic/s7/0152,tax,money,mock-a,mock-b,∅,∅,,,True,True,False
synthetic/s7/0152,tax,money,mock-a,mock-c,∅,∅,,,True,True,False
synthetic/s7/0152,tax,money,mock-a,mock-d,∅,∅,,,True,True,False
synthetic/s7/0152,tax,money,mock-b,mock-c,∅,∅,,,True,True,False
synthetic/s7/0152,tax,money,mock-b,mock-d,∅,∅,,,True,True,False
synthetic/s7/0152,tax,money,mock-c,mock-d,∅,∅,,,True,True,False
synthetic/s7/0152,total,money,mock-a,mock-b,21.40,21.40,21.40,21.40,True,False,False
synthetic/s7/0152,total,money,mock-a,mock-c,21.40,21.40,21.40,21.40,True,False,False
synthetic/s7/0152,total,money,mock-a,mock-d,21.40,21.40,21.40,21.40,True,False,False
synthetic/s7/0152,total,money,mock-b,mock-c,21.40,21.40,21.40,21.40,True,False,False
synthetic/s7/0152,total,money,mock-b,mock-d,21.40,21.40,21.40,21.40,True,False,False
synthetic/s7/0152,total,money,mock-c,mock-d,21.40,21.40,21.40,21.40,True,False,False
synthetic/s7/0153,address,address,mock-a,mock-b,∅,no 31g and 33g jln setia indah x u13 x 40170 setia alam,,"NO. 31G&33G, JALAN SETIA INDAH X, U13/X, 40170 SETIA ALAM",False,False,True
synthetic/s7/0153,address,address,mock-a,mock-c,∅,no 31g and 33g jln setia indah x u13 x 40170 setia alam,,"NO. 31G&33G, JALAN SETIA INDAH X, U13/X, 40170 SETIA ALAM",False,False,True
synthetic/s7/0153,address,address,mock-a,mock-d,∅,no 31g and 33g jln setia indah x u13 x 40170 setia alam,,"NO. 31G&33G, JALAN SETIA INDAH X, U13/X, 40170 SETIA ALAM",False,False,True
synthetic/s7/0153,address,address,mock-b,mock-c,no 31g and 33g jln setia indah x u13 x 40170 setia alam,no 31g and 33g jln setia indah x u13 x 40170 setia alam,"NO. 31G&33G, JALAN SETIA INDAH X, U13/X, 40170 SETIA ALAM","NO. 31G&33G, JALAN SETIA INDAH X, U13/X, 40170 SETIA ALAM",True,False,False
synthetic/s7/0153,address,address,mock-b,mock-d,no 31g and 33g jln setia indah x u13 x 40170 setia alam,no 31g and 33g jln setia indah x u13 x 40170 setia alam,"NO. 31G&33G, JALAN SETIA INDAH X, U13/X, 40170 SETIA ALAM","NO. 31G&33G, JALAN SETIA INDAH X, U13/X, 40170 SETIA ALAM",True,False,False
synthetic/s7/0153,address,address,mock-c,mock-d,no 31g and 33g jln setia indah x u13 x 40170 setia alam,no 31g and 33g jln setia indah x u13 x 40170 setia alam,"NO. 31G&33G, JALAN SETIA INDAH X, U13/X, 40170 SETIA ALAM","NO. 31G&33G, JALAN SETIA INDAH X, U13/X, 40170 SETIA ALAM",True,False,False
synthetic/s7/0153,company,org,mock-a,mock-b,sanyu stationery shop,sanyu stationery shop,SANYU STATIONERY SHOP,SANYU STATIONERY SHOP,True,False,False
synthetic/s7/0153,company,org,mock-a,mock-c,sanyu stationery shop,sanyu stationery shop,SANYU STATIONERY SHOP,SANYU STATIONERY SHOP,True,False,False
synthetic/s7/0153,company,org,mock-a,mock-d,sanyu stationery shop,sanyu stationery shop,SANYU STATIONERY SHOP,SANYU STATIONERY SHOP,True,False,False
synthetic/s7/0153,company,org,mock-b,mock-c,sanyu stationery shop,sanyu stationery shop,SANYU STATIONERY SHOP,SANYU STATIONERY SHOP,True,False,False
synthetic/s7/0153,company,org,mock-b,mock-d,sanyu stationery shop,sanyu stationery shop,SANYU STATIONERY SHOP,SANYU STATIONERY SHOP,True,False,False
synthetic/s7/0153,company,org,mock-c,mock-d,sanyu stationery shop,sanyu stationery shop,SANYU STATIONERY SHOP,SANYU STATIONERY SHOP,True,False,False
synthetic/s7/0153,date,date,mock-a,mock-b,2019-03-28,2019-03-28,28/03/2019,28/03/2019,True,False,False
synthetic/s7/0153,date,date,mock-a,mock-c,2019-03-28,2019-03-28,28/03/2019,28/03/2019,True,False,False
synthetic/s7/0153,date,date,mock-a,mock-d,2019-03-28,2019-03-28,28/03/2019,28/03/2019,True,False,False
synthetic/s7/0153,date,date,mock-b,mock-c,2019-03-28,2019-03-28,28/03/2019,28/03/2019,True,False,False
synthetic/s7/0153,date,date,mock-b,mock-d,2019-03-28,2019-03-28,28/03/2019,28/03/2019,True,False,False
synthetic/s7/0153,date,date,mock-c,mock-d,2019-03-28,2019-03-28,28/03/2019,28/03/2019,True,False,False
synthetic/s7/0153,phone,phone,mock-a,mock-b,77571894,277571894,07-757 1894,27-757 1894,False,False,False
synthetic/s7/0153,phone,phone,mock-a,mock-c,77571894,77571894,07-757 1894,07-757 1894,True,False,False
synthetic/s7/0153,phone,phone,mock-a,mock-d,77571894,77571894,07-757 1894,07-757 1894,True,False,False
synthetic/s7/0153,phone,phone,mock-b,mock-c,277571894,77571894,27-757 1894,07-757 1894,False,False,False
synthetic/s7/0153,phone,phone,mock-b,mock-d,277571894,77571894,27-757 1894,07-757 1894,False,False,False
synthetic/s7/0153,phone,phone,mock-c,mock-d,77571894,77571894,07-757 1894,07-757 1894,True,False,False
synthetic/s7/0153,tax,money,mock-a,mock-b,1.36,1.36,1.36,1.36,True,False,False
synthetic/s7/0153,tax,money,mock-a,mock-c,1.36,1.36,1.36,1.36,True,False,False
synthetic/s7/0153,tax,money,mock-a,mock-d,1.36,1.36,1.36,1.36,True,False,False
synthetic/s7/0153,tax,money,mock-b,mock-c,1.36,1.36,1.36,1.36,True,False,False
synthetic/s7/0153,tax,money,mock-b,mock-d,1.36,1.36,1.36,1.36,True,False,False
synthetic/s7/0153,tax,money,mock-c,mock-d,1.36,1.36,1.36,1.36,True,False,False
synthetic/s7/0153,total,money,mock-a,mock-b,23.96,∅,23.96,,False,False,True
synthetic/s7/0153,total,money,mock-a,mock-c,23.96,23.96,23.96,23.96,True,False,False
synthetic/s7/0153,total,money,mock-a,mock-d,23.96,23.96,23.96,23.96,True,False,False
synthetic/s7/0153,total,money,mock-b,mock-c,∅,23.96,,23.96,False,False,True
synthetic/s7/0153,total,money,mock-b,mock-d,∅,23.96,,23.96,False,False,True
synthetic/s7/0153,total,money,mock-c,mock-d,23.96,23.96,23.96,23.96,True,False,False
synthetic/s7/0154,address,address,mock-a,mock-b,lot p t 2811 jln angsana tmn mutiara rini,lot p t 2811 jln angsana tmn mutiara rini 81300 skudai,"LOT P.T. 2811, JALAN ANGSANA, TAMAN MUTIARA RINI","LOT P.T. 2811, JALAN ANGSANA, TAMAN MUTIARA RINI, 81300 SKUDAI",False,False,False
synthetic/s7/0154,address,address,mock-a,mock-c,lot p t 2811 jln angsana tmn mutiara rini,lot p t 2811 jln angsana tmn mutiara rini 81300 skudai,"LOT P.T. 2811, JALAN ANGSANA, TAMAN MUTIARA RINI","LOT P.T. 2811, JALAN ANGSANA, TAMAN MUTIARA RINI, 81300 SKUDAI",False,False,False
synthetic/s7/0154,address,address,mock-a,mock-d,lot p t 2811 jln angsana tmn mutiara rini,lot p t 2811 jln angsana tmn mutiara rini 81300 skudai,"LOT P.T. 2811, JALAN ANGSANA, TAMAN MUTIARA RINI","LOT P.T. 2811, JALAN ANGSANA, TAMAN MUTIARA RINI, 81300 SKUDAI",False,False,False
synthetic/s7/0154,address,address,mock-b,mock-c,lot p t 2811 jln angsana tmn mutiara rini 81300 skudai,lot p t 2811 jln angsana tmn mutiara rini 81300 skudai,"LOT P.T. 2811, JALAN ANGSANA, TAMAN MUTIARA RINI, 81300 SKUDAI","LOT P.T. 2811, JALAN ANGSANA, TAMAN MUTIARA RINI, 81300 SKUDAI",True,False,False
synthetic/s7/0154,address,address,mock-b,mock-d,lot p t 2811 jln angsana tmn mutiara rini 81300 skudai,lot p t 2811 jln angsana tmn mutiara rini 81300 skudai,"LOT P.T. 2811, JALAN ANGSANA, TAMAN MUTIARA RINI, 81300 SKUDAI","LOT P.T. 2811, JALAN ANGSANA, TAMAN MUTIARA RINI, 81300 SKUDAI",True,False,False
synthetic/s7/0154,address,address,mock-c,mock-d,lot p t 2811 jln angsana tmn mutiara rini 81300 skudai,lot p t 2811 jln angsana tmn mutiara rini 81300 skudai,"LOT P.T. 2811, JALAN ANGSANA, TAMAN MUTIARA RINI, 81300 SKUDAI","LOT P.T. 2811, JALAN ANGSANA, TAMAN MUTIARA RINI, 81300 SKUDAI",True,False,False
synthetic/s7/0154,company,org,mock-a,mock-b,99 speed mart s b,99 speed mart s b,99 SPEED MART S/B,99 SPEED MART S/B,True,False,False
synthetic/s7/0154,company,org,mock-a,mock-c,99 speed mart s b,99 speed mart s b,99 SPEED MART S/B,99 SPEED MART S/B,True,False,False
synthetic/s7/0154,company,org,mock-a,mock-d,99 speed mart s b,99 speed mart s b,99 SPEED MART S/B,99 SPEED MART S/B,True,False,False
synthetic/s7/0154,company,org,mock-b,mock-c,99 speed mart s b,99 speed mart s b,99 SPEED MART S/B,99 SPEED MART S/B,True,False,False
synthetic/s7/0154,company,org,mock-b,mock-d,99 speed mart s b,99 speed mart s b,99 SPEED MART S/B,99 SPEED MART S/B,True,False,False
synthetic/s7/0154,company,org,mock-c,mock-d,99 speed mart s b,99 speed mart s b,99 SPEED MART S/B,99 SPEED MART S/B,True,False,False
synthetic/s7/0154,date,date,mock-a,mock-b,2019-02-02,∅,02/02/2019,,False,False,True
synthetic/s7/0154,date,date,mock-a,mock-c,2019-02-02,2019-02-02,02/02/2019,02/02/2019,True,False,False
synthetic/s7/0154,date,date,mock-a,mock-d,2019-02-02,∅,02/02/2019,,False,False,True
synthetic/s7/0154,date,date,mock-b,mock-c,∅,2019-02-02,,02/02/2019,False,False,True
synthetic/s7/0154,date,date,mock-b,mock-d,∅,∅,,,True,True,False
synthetic/s7/0154,date,date,mock-c,mock-d,2019-02-02,∅,02/02/2019,,False,False,True
synthetic/s7/0154,phone,phone,mock-a,mock-b,∅,∅,,,True,True,False
synthetic/s7/0154,phone,phone,mock-a,mock-c,∅,∅,,,True,True,False
synthetic/s7/0154,phone,phone,mock-a,mock-d,∅,∅,,,True,True,False
synthetic/s7/0154,phone,phone,mock-b,mock-c,∅,∅,,,True,True,False
synthetic/s7/0154,phone,phone,mock-b,mock-d,∅,∅,,,True,True,False
synthetic/s7/0154,phone,phone,mock-c,mock-d,∅,∅,,,True,True,False
synthetic/s7/0154,tax,money,mock-a,mock-b,∅,∅,,,True,True,False
synthetic/s7/0154,tax,money,mock-a,mock-c,∅,∅,,,True,True,False
synthetic/s7/0154,tax,money,mock-a,mock-d,∅,∅,,,True,True,False
synthetic/s7/0154,tax,money,mock-b,mock-c,∅,∅,,,True,True,False
synthetic/s7/0154,tax,money,mock-b,mock-d,∅,∅,,,True,True,False
synthetic/s7/0154,tax,money,mock-c,mock-d,∅,∅,,,True,True,False
synthetic/s7/0154,total,money,mock-a,mock-b,30.90,30.90,30.90,30.90,True,False,False
synthetic/s7/0154,total,money,mock-a,mock-c,30.90,30.90,30.90,30.90,True,False,False
synthetic/s7/0154,total,money,mock-a,mock-d,30.90,31.90,30.90,31.90,False,False,False
synthetic/s7/0154,total,money,mock-b,mock-c,30.90,30.90,30.90,30.90,True,False,False
synthetic/s7/0154,total,money,mock-b,mock-d,30.90,31.90,30.90,31.90,False,False,False
synthetic/s7/0154,total,money,mock-c,mock-d,30.90,31.90,30.90,31.90,False,False,False
synthetic/s7/0155,address,address,mock-a,mock-b,lot 276 jln banting 43800 dengkil selangor,lot 276 jln banting 43800 dengkil selangor,"LOT 276 JALAN BANTING, 43800 DENGKIL, SELANGOR","LOT 276 JALAN BANTING, 43800 DENGKIL, SELANGOR",True,False,False
synthetic/s7/0155,address,address,mock-a,mock-c,lot 276 jln banting 43800 dengkil selangor,lot 276 jln banting 43800 dengkil selangor,"LOT 276 JALAN BANTING, 43800 DENGKIL, SELANGOR","LOT 276 JALAN BANTING, 43800 DENGKIL, SELANGOR",True,False,False
synthetic/s7/0155,address,address,mock-a,mock-d,lot 276 jln banting 43800 dengkil selangor,lot 276 jln banting 43800 dengkil selangor,"LOT 276 JALAN BANTING, 43800 DENGKIL, SELANGOR","LOT 276 JALAN BANTING, 43800 DENGKIL, SELANGOR",True,False,False
synthetic/s7/0155,address,address,mock-b,mock-c,lot 276 jln banting 43800 dengkil selangor,lot 276 jln banting 43800 dengkil selangor,"LOT 276 JALAN BANTING, 43800 DENGKIL, SELANGOR","LOT 276 JALAN BANTING, 43800 DENGKIL, SELANGOR",True,False,False
synthetic/s7/0155,address,address,mock-b,mock-d,lot 276 jln banting 43800 dengkil selangor,lot 276 jln banting 43800 dengkil selangor,"LOT 276 JALAN BANTING, 43800 DENGKIL, SELANGOR","LOT 276 JALAN BANTING, 43800 DENGKIL, SELANGOR",True,False,False
synthetic/s7/0155,address,address,mock-c,mock-d,lot 276 jln banting 43800 dengkil selangor,lot 276 jln banting 43800 dengkil selangor,"LOT 276 JALAN BANTING, 43800 DENGKIL, SELANGOR","LOT 276 JALAN BANTING, 43800 DENGKIL, SELANGOR",True,False,False
synthetic/s7/0155,company,org,mock-a,mock-b,kedai papan yew chuan,kedai papan yew chuan,KEDAI PAPAN YEW CHUAN,KEDAI PAPAN YEW CHUAN,True,False,False
synthetic/s7/0155,company,org,mock-a,mock-c,kedai papan yew chuan,papan yew chuan,KEDAI PAPAN YEW CHUAN,PAPAN YEW CHUAN,False,False,False
synthetic/s7/0155,company,org,mock-a,mock-d,kedai papan yew chuan,kedai papan yew chuan,KEDAI PAPAN YEW CHUAN,KEDAI PAPAN YEW CHUAN,True,False,False
synthetic/s7/0155,company,org,mock-b,mock-c,kedai papan yew chuan,papan yew chuan,KEDAI PAPAN YEW CHUAN,PAPAN YEW CHUAN,False,False,False
synthetic/s7/0155,company,org,mock-b,mock-d,kedai papan yew chuan,kedai papan yew chuan,KEDAI PAPAN YEW CHUAN,KEDAI PAPAN YEW CHUAN,True,False,False
synthetic/s7/0155,company,org,mock-c,mock-d,papan yew chuan,kedai papan yew chuan,PAPAN YEW CHUAN,KEDAI PAPAN YEW CHUAN,False,False,False
synthetic/s7/0155,date,date,mock-a,mock-b,2018-07-25,2018-07-25,07/25/2018,25/07/2018,True,False,False
synthetic/s7/0155,date,date,mock-a,mock-c,2018-07-25,2018-07-25,07/25/2018,25/07/2018,True,False,False
synthetic/s7/0155,date,date,mock-a,mock-d,2018-07-25,2018-07-25,07/25/2018,25/07/2018,True,False,False
synthetic/s7/0155,date,date,mock-b,mock-c,2018-07-25,2018-07-25,25/07/2018,25/07/2018,True,False,False
synthetic/s7/0155,date,date,mock-b,mock-d,2018-07-25,2018-07-25,25/07/2018,25/07/2018,True,False,False
synthetic/s7/0155,date,date,mock-c,mock-d,2018-07-25,2018-07-25,25/07/2018,25/07/2018,True,False,False
synthetic/s7/0155,phone,phone,mock-a,mock-b,35371078,∅,13-537 1078,,False,False,True
synthetic/s7/0155,phone,phone,mock-a,mock-c,35371078,35371078,13-537 1078,03-537 1078,True,False,False
synthetic/s7/0155,phone,phone,mock-a,mock-d,35371078,35371078,13-537 1078,03-537 1078,True,False,False
synthetic/s7/0155,phone,phone,mock-b,mock-c,∅,35371078,,03-537 1078,False,False,True
synthetic/s7/0155,phone,phone,mock-b,mock-d,∅,35371078,,03-537 1078,False,False,True
synthetic/s7/0155,phone,phone,mock-c,mock-d,35371078,35371078,03-537 1078,03-537 1078,True,False,False
synthetic/s7/0155,tax,money,mock-a,mock-b,0.29,0.29,0.29,0.29,True,False,False
synthetic/s7/0155,tax,money,mock-a,mock-c,0.29,0.29,0.29,0.29,True,False,False
synthetic/s7/0155,tax,money,mock-a,mock-d,0.29,0.29,0.29,0.29,True,False,False
synthetic/s7/0155,tax,money,mock-b,mock-c,0.29,0.29,0.29,0.29,True,False,False
synthetic/s7/0155,tax,money,mock-b,mock-d,0.29,0.29,0.29,0.29,True,False,False
synthetic/s7/0155,tax,money,mock-c,mock-d,0.29,0.29,0.29,0.29,True,False,False
synthetic/s7/0155,total,money,mock-a,mock-b,5.09,5.03,5.09,5.03,False,False,False
synthetic/s7/0155,total,money,mock-a,mock-c,5.09,5.09,5.09,5.09,True,False,False
synthetic/s7/0155,total,money,mock-a,mock-d,5.09,∅,5.09,,False,False,True
synthetic/s7/0155,total,money,mock-b,mock-c,5.03,5.09,5.03,5.09,False,False,False
synthetic/s7/0155,total,money,mock-b,mock-d,5.03,∅,5.03,,False,False,True
synthetic/s7/0155,total,money,mock-c,mock-d,5.09,∅,5.09,,False,False,True
synthetic/s7/0156,address,address,mock-a,mock-b,no 2 and 4 jln bayu 4 bdr seri alam 81750 masai johor,no 2 and 4 jln bayu 4 bdr seri alam 81750 masai johor,"NO 2 & 4, JALAN BAYU 4, BANDAR SERI ALAM, 81750 MASAI, JOHOR","NO 2 & 4, JALAN BAYU 4, BANDAR SERI ALAM, 81750 MASAI, JOHOR",True,False,False
synthetic/s7/0156,address,address,mock-a,mock-c,no 2 and 4 jln bayu 4 bdr seri alam 81750 masai johor,no 2 and 4 jln bayu 4 bdr seri alam 81750 masai,"NO 2 & 4, JALAN BAYU 4, BANDAR SERI ALAM, 81750 MASAI, JOHOR","NO 2 & 4, JALAN BAYU 4, BANDAR SERI ALAM, 81750 MASAI",False,False,False
synthetic/s7/0156,address,address,mock-a,mock-d,no 2 and 4 jln bayu 4 bdr seri alam 81750 masai johor,no 2 and 4 jln bayu 4 bdr seri alam 81750 masai johor,"NO 2 & 4, JALAN BAYU 4, BANDAR SERI ALAM, 81750 MASAI, JOHOR","NO 2 & 4, JALAN BAYU 4, BANDAR SERI ALAM, 81750 MASAI, JOHOR",True,False,False
synthetic/s7/0156,address,address,mock-b,mock-c,no 2 and 4 jln bayu 4 bdr seri alam 81750 masai johor,no 2 and 4 jln bayu 4 bdr seri alam 81750 masai,"NO 2 & 4, JALAN BAYU 4, BANDAR SERI ALAM, 81750 MASAI, JOHOR","NO 2 & 4, JALAN BAYU 4, BANDAR SERI ALAM, 81750 MASAI",False,False,False
synthetic/s7/0156,address,address,mock-b,mock-d,no 2 and 4 jln bayu 4 bdr seri alam 81750 masai johor,no 2 and 4 jln bayu 4 bdr seri alam 81750 masai johor,"NO 2 & 4, JALAN BAYU 4, BANDAR SERI ALAM, 81750 MASAI, JOHOR","NO 2 & 4, JALAN BAYU 4, BANDAR SERI ALAM, 81750 MASAI, JOHOR",True,False,False
synthetic/s7/0156,address,address,mock-c,mock-d,no 2 and 4 jln bayu 4 bdr seri alam 81750 masai,no 2 and 4 jln bayu 4 bdr seri alam 81750 masai johor,"NO 2 & 4, JALAN BAYU 4, BANDAR SERI ALAM, 81750 MASAI","NO 2 & 4, JALAN BAYU 4, BANDAR SERI ALAM, 81750 MASAI, JOHOR",False,False,False
synthetic/s7/0156,company,org,mock-a,mock-b,marketing,marketing,MARKETING SDN BHD,MARKETING SDN BHD,True,False,False
synthetic/s7/0156,company,org,mock-a,mock-c,marketing,marketing,MARKETING SDN BHD,MARKETING SDN BHD,True,False,False
synthetic/s7/0156,company,org,mock-a,mock-d,marketing,marketing,MARKETING SDN BHD,MARKETING SDN BHD,True,False,False
synthetic/s7/0156,company,org,mock-b,mock-c,marketing,marketing,MARKETING SDN BHD,MARKETING SDN BHD,True,False,False
synthetic/s7/0156,company,org,mock-b,mock-d,marketing,marketing,MARKETING SDN BHD,MARKETING SDN BHD,True,False,False
synthetic/s7/0156,company,org,mock-c,mock-d,marketing,marketing,MARKETING SDN BHD,MARKETING SDN BHD,True,False,False
synthetic/s7/0156,date,date,mock-a,mock-b,2018-02-04,2018-02-04,04/02/2018,04/02/2018,True,False,False
synthetic/s7/0156,date,date,mock-a,mock-c,2018-02-04,2018-04-02,04/02/2018,02/04/2018,False,False,False
synthetic/s7/0156,date,date,mock-a,mock-d,2018-02-04,2018-02-04,04/02/2018,04/02/2018,True,False,False
synthetic/s7/0156,date,date,mock-b,mock-c,2018-02-04,2018-04-02,04/02/2018,02/04/2018,False,False,False
synthetic/s7/0156,date,date,mock-b,mock-d,2018-02-04,2018-02-04,04/02/2018,04/02/2018,True,False,False
synthetic/s7/0156,date,date,mock-c,mock-d,2018-04-02,2018-02-04,02/04/2018,04/02/2018,False,False,False
synthetic/s7/0156,phone,phone,mock-a,mock-b,73488385,73488385,07-348 8385,07-348 8385,True,False,False
synthetic/s7/0156,phone,phone,mock-a,mock-c,73488385,73488385,07-348 8385,07-348 8385,True,False,False
synthetic/s7/0156,phone,phone,mock-a,mock-d,73488385,73488385,07-348 8385,07-348 8385,True,False,False
synthetic/s7/0156,phone,phone,mock-b,mock-c,73488385,73488385,07-348 8385,07-348 8385,True,False,False
synthetic/s7/0156,phone,phone,mock-b,mock-d,73488385,73488385,07-348 8385,07-348 8385,True,False,False
synthetic/s7/0156,phone,phone,mock-c,mock-d,73488385,73488385,07-348 8385,07-348 8385,True,False,False
synthetic/s7/0156,tax,money,mock-a,mock-b,0.14,0.14,0.14,0.14,True,False,False
synthetic/s7/0156,tax,money,mock-a,mock-c,0.14,0.14,0.14,0.14,True,False,False
synthetic/s7/0156,tax,money,mock-a,mock-d,0.14,0.14,0.14,0.14,True,False,False
synthetic/s7/0156,tax,money,mock-b,mock-c,0.14,0.14,0.14,0.14,True,False,False
synthetic/s7/0156,tax,money,mock-b,mock-d,0.14,0.14,0.14,0.14,True,False,False
synthetic/s7/0156,tax,money,mock-c,mock-d,0.14,0.14,0.14,0.14,True,False,False
synthetic/s7/0156,total,money,mock-a,mock-b,1.24,1.24,1.24,1.24,True,False,False
synthetic/s7/0156,total,money,mock-a,mock-c,1.24,1.24,1.24,1.24,True,False,False
synthetic/s7/0156,total,money,mock-a,mock-d,1.24,1.24,1.24,1.24,True,False,False
synthetic/s7/0156,total,money,mock-b,mock-c,1.24,1.24,1.24,1.24,True,False,False
synthetic/s7/0156,total,money,mock-b,mock-d,1.24,1.24,1.24,1.24,True,False,False
synthetic/s7/0156,total,money,mock-c,mock-d,1.24,1.24,1.24,1.24,True,False,False
synthetic/s7/0157,address,address,mock-a,mock-b,no 59 jln permas 9 5 bdr baru permas jaya 81750 johor bahru,no 59 jln permas 9 5 bdr baru permas jaya 81750 johor bahru,"NO.59 JALAN PERMAS 9/5, BANDAR BARU PERMAS JAYA, 81750 JOHOR BAHRU","NO.59 JALAN PERMAS 9/5, BANDAR BARU PERMAS JAYA, 81750 JOHOR BAHRU",True,False,False
synthetic/s7/0157,address,address,mock-a,mock-c,no 59 jln permas 9 5 bdr baru permas jaya 81750 johor bahru,no 59 jln permas 9 5 bdr baru permas jaya 81750 johor bahru,"NO.59 JALAN PERMAS 9/5, BANDAR BARU PERMAS JAYA, 81750 JOHOR BAHRU","NO.59 JALAN PERMAS 9/5, BANDAR BARU PERMAS JAYA, 81750 JOHOR BAHRU",True,False,False
synthetic/s7/0157,address,address,mock-a,mock-d,no 59 jln permas 9 5 bdr baru permas jaya 81750 johor bahru,no 59 jln permas 9 5 bdr baru permas jaya 81750 johor bahru,"NO.59 JALAN PERMAS 9/5, BANDAR BARU PERMAS JAYA, 81750 JOHOR BAHRU","NO.59 JALAN PERMAS 9/5, BANDAR BARU PERMAS JAYA, 81750 JOHOR BAHRU",True,False,False
synthetic/s7/0157,address,address,mock-b,mock-c,no 59 jln permas 9 5 bdr baru permas jaya 81750 johor bahru,no 59 jln permas 9 5 bdr baru permas jaya 81750 johor bahru,"NO.59 JALAN PERMAS 9/5, BANDAR BARU PERMAS JAYA, 81750 JOHOR BAHRU","NO.59 JALAN PERMAS 9/5, BANDAR BARU PERMAS JAYA, 81750 JOHOR BAHRU",True,False,False
synthetic/s7/0157,address,address,mock-b,mock-d,no 59 jln permas 9 5 bdr baru permas jaya 81750 johor bahru,no 59 jln permas 9 5 bdr baru permas jaya 81750 johor bahru,"NO.59 JALAN PERMAS 9/5, BANDAR BARU PERMAS JAYA, 81750 JOHOR BAHRU","NO.59 JALAN PERMAS 9/5, BANDAR BARU PERMAS JAYA, 81750 JOHOR BAHRU",True,False,False
synthetic/s7/0157,address,address,mock-c,mock-d,no 59 jln permas 9 5 bdr baru permas jaya 81750 johor bahru,no 59 jln permas 9 5 bdr baru permas jaya 81750 johor bahru,"NO.59 JALAN PERMAS 9/5, BANDAR BARU PERMAS JAYA, 81750 JOHOR BAHRU","NO.59 JALAN PERMAS 9/5, BANDAR BARU PERMAS JAYA, 81750 JOHOR BAHRU",True,False,False
synthetic/s7/0157,company,org,mock-a,mock-b,perniagaan zheng hui,perniagaan zheng hui,PERNIAGAAN ZHENG HUI,PERNIAGAAN ZHENG HUI,True,False,False
synthetic/s7/0157,company,org,mock-a,mock-c,perniagaan zheng hui,perniagaan zheng hui,PERNIAGAAN ZHENG HUI,PERNIAGAAN ZHENG HUI,True,False,False
synthetic/s7/0157,company,org,mock-a,mock-d,perniagaan zheng hui,perniagaan zheng hui,PERNIAGAAN ZHENG HUI,PERNIAGAAN ZHENG HUI,True,False,False
synthetic/s7/0157,company,org,mock-b,mock-c,perniagaan zheng hui,perniagaan zheng hui,PERNIAGAAN ZHENG HUI,PERNIAGAAN ZHENG HUI,True,False,False
synthetic/s7/0157,company,org,mock-b,mock-d,perniagaan zheng hui,perniagaan zheng hui,PERNIAGAAN ZHENG HUI,PERNIAGAAN ZHENG HUI,True,False,False
synthetic/s7/0157,company,org,mock-c,mock-d,perniagaan zheng hui,perniagaan zheng hui,PERNIAGAAN ZHENG HUI,PERNIAGAAN ZHENG HUI,True,False,False
synthetic/s7/0157,date,date,mock-a,mock-b,2018-06-02,2018-06-02,02/06/2018,02/06/2018,True,False,False
synthetic/s7/0157,date,date,mock-a,mock-c,2018-06-02,2018-06-02,02/06/2018,02/06/2018,True,False,False
synthetic/s7/0157,date,date,mock-a,mock-d,2018-06-02,2018-06-02,02/06/2018,02/06/2018,True,False,False
synthetic/s7/0157,date,date,mock-b,mock-c,2018-06-02,2018-06-02,02/06/2018,02/06/2018,True,False,False
synthetic/s7/0157,date,date,mock-b,mock-d,2018-06-02,2018-06-02,02/06/2018,02/06/2018,True,False,False
synthetic/s7/0157,date,date,mock-c,mock-d,2018-06-02,2018-06-02,02/06/2018,02/06/2018,True,False,False
synthetic/s7/0157,phone,phone,mock-a,mock-b,∅,∅,,,True,True,False
synthetic/s7/0157,phone,phone,mock-a,mock-c,∅,∅,,,True,True,False
synthetic/s7/0157,phone,phone,mock-a,mock-d,∅,∅,,,True,True,False
synthetic/s7/0157,phone,phone,mock-b,mock-c,∅,∅,,,True,True,False
synthetic/s7/0157,phone,phone,mock-b,mock-d,∅,∅,,,True,True,False
synthetic/s7/0157,phone,phone,mock-c,mock-d,∅,∅,,,True,True,False
synthetic/s7/0157,tax,money,mock-a,mock-b,∅,∅,,,True,True,False
synthetic/s7/0157,tax,money,mock-a,mock-c,∅,∅,,,True,True,False
synthetic/s7/0157,tax,money,mock-a,mock-d,∅,∅,,,True,True,False
synthetic/s7/0157,tax,money,mock-b,mock-c,∅,∅,,,True,True,False
synthetic/s7/0157,tax,money,mock-b,mock-d,∅,∅,,,True,True,False
synthetic/s7/0157,tax,money,mock-c,mock-d,∅,∅,,,True,True,False
synthetic/s7/0157,total,money,mock-a,mock-b,6.50,6.50,6.50,6.50,True,False,False
synthetic/s7/0157,total,money,mock-a,mock-c,6.50,6.50,6.50,6.50,True,False,False
synthetic/s7/0157,total,money,mock-a,mock-d,6.50,6.50,6.50,6.50,True,False,False
synthetic/s7/0157,total,money,mock-b,mock-c,6.50,6.50,6.50,6.50,True,False,False
synthetic/s7/0157,total,money,mock-b,mock-d,6.50,6.50,6.50,6.50,True,False,False
synthetic/s7/0157,total,money,mock-c,mock-d,6.50,6.50,6.50,6.50,True,False,False
synthetic/s7/0158,address,address,mock-a,mock-b,lot 3 jln pelabur 23 1 40300 shah alam selangor,lot 3 jln pelabur 23 1 40300 shah alam selangor,"LOT 3, JALAN PELABUR 23/1, 40300 SHAH ALAM, SELANGOR","LOT 3, JALAN PELABUR 23/1, 40300 SHAH ALAM, SELANGOR",True,False,False
synthetic/s7/0158,address,address,mock-a,mock-c,lot 3 jln pelabur 23 1 40300 shah alam selangor,lot 3 jln pelabur 23 1 40300 shah alam,"LOT 3, JALAN PELABUR 23/1, 40300 SHAH ALAM, SELANGOR","LOT 3, JALAN PELABUR 23/1, 40300 SHAH ALAM",False,False,False
synthetic/s7/0158,address,address,mock-a,mock-d,lot 3 jln pelabur 23 1 40300 shah alam selangor,lot 3 jln pelabur 23 1 40300 shah alam selangor,"LOT 3, JALAN PELABUR 23/1, 40300 SHAH ALAM, SELANGOR","LOT 3, JALAN PELABUR 23/1, 40300 SHAH ALAM, SELANGOR",True,False,False
synthetic/s7/0158,address,address,mock-b,mock-c,lot 3 jln pelabur 23 1 40300 shah alam selangor,lot 3 jln pelabur 23 1 40300 shah alam,"LOT 3, JALAN PELABUR 23/1, 40300 SHAH ALAM, SELANGOR","LOT 3, JALAN PELABUR 23/1, 40300 SHAH ALAM",False,False,False
synthetic/s7/0158,address,address,mock-b,mock-d,lot 3 jln pelabur 23 1 40300 shah alam selangor,lot 3 jln pelabur 23 1 40300 shah alam selangor,"LOT 3, JALAN PELABUR 23/1, 40300 SHAH ALAM, SELANGOR","LOT 3, JALAN PELABUR 23/1, 40300 SHAH ALAM, SELANGOR",True,False,False
synthetic/s7/0158,address,address,mock-c,mock-d,lot 3 jln pelabur 23 1 40300 shah alam,lot 3 jln pelabur 23 1 40300 shah alam selangor,"LOT 3, JALAN PELABUR 23/1, 40300 SHAH ALAM","LOT 3, JALAN PELABUR 23/1, 40300 SHAH ALAM, SELANGOR",False,False,False
synthetic/s7/0158,company,org,mock-a,mock-b,gardenia bakeries kl,bakeries kl,GARDENIA BAKERIES (KL) SDN BHD,BAKERIES (KL) SDN BHD,False,False,False
synthetic/s7/0158,company,org,mock-a,mock-c,gardenia bakeries kl,gardenia bakeries kl,GARDENIA BAKERIES (KL) SDN BHD,GARDENIA BAKERIES (KL) SDN BHD,True,False,False
synthetic/s7/0158,company,org,mock-a,mock-d,gardenia bakeries kl,gardenia bakeries kl,GARDENIA BAKERIES (KL) SDN BHD,GARDENIA BAKERIES (KL) SDN BHD,True,False,False
synthetic/s7/0158,company,org,mock-b,mock-c,bakeries kl,gardenia bakeries kl,BAKERIES (KL) SDN BHD,GARDENIA BAKERIES (KL) SDN BHD,False,False,False
synthetic/s7/0158,company,org,mock-b,mock-d,bakeries kl,gardenia bakeries kl,BAKERIES (KL) SDN BHD,GARDENIA BAKERIES (KL) SDN BHD,False,False,False
synthetic/s7/0158,company,org,mock-c,mock-d,gardenia bakeries kl,gardenia bakeries kl,GARDENIA BAKERIES (KL) SDN BHD,GARDENIA BAKERIES (KL) SDN BHD,True,False,False
synthetic/s7/0158,date,date,mock-a,mock-b,2018-02-12,2018-12-02,12/02/2018,02/12/2018,False,False,False
synthetic/s7/0158,date,date,mock-a,mock-c,2018-02-12,2018-12-02,12/02/2018,02/12/2018,False,False,False
synthetic/s7/0158,date,date,mock-a,mock-d,2018-02-12,2018-12-02,12/02/2018,02/12/2018,False,False,False
synthetic/s7/0158,date,date,mock-b,mock-c,2018-12-02,2018-12-02,02/12/2018,02/12/2018,True,False,False
synthetic/s7/0158,date,date,mock-b,mock-d,2018-12-02,2018-12-02,02/12/2018,02/12/2018,True,False,False
synthetic/s7/0158,date,date,mock-c,mock-d,2018-12-02,2018-12-02,02/12/2018,02/12/2018,True,False,False
synthetic/s7/0158,phone,phone,mock-a,mock-b,∅,∅,,,True,True,False
synthetic/s7/0158,phone,phone,mock-a,mock-c,∅,∅,,,True,True,False
synthetic/s7/0158,phone,phone,mock-a,mock-d,∅,∅,,,True,True,False
synthetic/s7/0158,phone,phone,mock-b,mock-c,∅,∅,,,True,True,False
synthetic/s7/0158,phone,phone,mock-b,mock-d,∅,∅,,,True,True,False
synthetic/s7/0158,phone,phone,mock-c,mock-d,∅,∅,,,True,True,False
synthetic/s7/0158,tax,money,mock-a,mock-b,0.09,0.09,0.09,0.09,True,False,False
synthetic/s7/0158,tax,money,mock-a,mock-c,0.09,0.19,0.09,0.19,False,False,False
synthetic/s7/0158,tax,money,mock-a,mock-d,0.09,0.09,0.09,0.09,True,False,False
synthetic/s7/0158,tax,money,mock-b,mock-c,0.09,0.19,0.09,0.19,False,False,False
synthetic/s7/0158,tax,money,mock-b,mock-d,0.09,0.09,0.09,0.09,True,False,False
synthetic/s7/0158,tax,money,mock-c,mock-d,0.19,0.09,0.19,0.09,False,False,False
synthetic/s7/0158,total,money,mock-a,mock-b,1.59,1.59,1.59,1.59,True,False,False
synthetic/s7/0158,total,money,mock-a,mock-c,1.59,1.59,1.59,1.59,True,False,False
synthetic/s7/0158,total,money,mock-a,mock-d,1.59,1.59,1.59,1.59,True,False,False
synthetic/s7/0158,total,money,mock-b,mock-c,1.59,1.59,1.59,1.59,True,False,False
synthetic/s7/0158,total,money,mock-b,mock-d,1.59,1.59,1.59,1.59,True,False,False
synthetic/s7/0158,total,money,mock-c,mock-d,1.59,1.59,1.59,1.59,True,False,False
synthetic/s7/0159,address,address,mock-a,mock-b,no 31g and 33g jln setia indah x u13 x 40170 setia alam,no 31g and 33g jln setia indah x u13 x 40170 setia alam,"NO. 31G&33G, JALAN SETIA INDAH X, U13/X, 40170 SETIA ALAM","NO. 31G&33G, JALAN SETIA INDAH X, U13/X, 40170 SETIA ALAM",True,False,False
synthetic/s7/0159,address,address,mock-a,mock-c,no 31g and 33g jln setia indah x u13 x 40170 setia alam,no 31g and 33g jln setia indah x u13 x 40170 setia alam,"NO. 31G&33G, JALAN SETIA INDAH X, U13/X, 40170 SETIA ALAM","NO. 31G&33G, JALAN SETIA INDAH X, U13/X, 40170 SETIA ALAM",True,False,False
synthetic/s7/0159,address,address,mock-a,mock-d,no 31g and 33g jln setia indah x u13 x 40170 setia alam,no 31g and 33g jln setia indah x u13 x 40170 setia alam,"NO. 31G&33G, JALAN SETIA INDAH X, U13/X, 40170 SETIA ALAM","NO. 31G&33G, JALAN SETIA INDAH X, U13/X, 40170 SETIA ALAM",True,False,False
synthetic/s7/0159,address,address,mock-b,mock-c,no 31g and 33g jln setia indah x u13 x 40170 setia alam,no 31g and 33g jln setia indah x u13 x 40170 setia alam,"NO. 31G&33G, JALAN SETIA INDAH X, U13/X, 40170 SETIA ALAM","NO. 31G&33G, JALAN SETIA INDAH X, U13/X, 40170 SETIA ALAM",True,False,False
synthetic/s7/0159,address,address,mock-b,mock-d,no 31g and 33g jln setia indah x u13 x 40170 setia alam,no 31g and 33g jln setia indah x u13 x 40170 setia alam,"NO. 31G&33G, JALAN SETIA INDAH X, U13/X, 40170 SETIA ALAM","NO. 31G&33G, JALAN SETIA INDAH X, U13/X, 40170 SETIA ALAM",True,False,False
synthetic/s7/0159,address,address,mock-c,mock-d,no 31g and 33g jln setia indah x u13 x 40170 setia alam,no 31g and 33g jln setia indah x u13 x 40170 setia alam,"NO. 31G&33G, JALAN SETIA INDAH X, U13/X, 40170 SETIA ALAM","NO. 31G&33G, JALAN SETIA INDAH X, U13/X, 40170 SETIA ALAM",True,False,False
synthetic/s7/0159,company,org,mock-a,mock-b,sanyu stationery,sanyu stationery,SANYU STATIONERY,SANYU STATIONERY,True,False,False
synthetic/s7/0159,company,org,mock-a,mock-c,sanyu stationery,sanyu stationery shop,SANYU STATIONERY,SANYU STATIONERY SHOP,False,False,False
synthetic/s7/0159,company,org,mock-a,mock-d,sanyu stationery,sanyu stationery shop,SANYU STATIONERY,SANYU STATIONERY SHOP,False,False,False
synthetic/s7/0159,company,org,mock-b,mock-c,sanyu stationery,sanyu stationery shop,SANYU STATIONERY,SANYU STATIONERY SHOP,False,False,False
synthetic/s7/0159,company,org,mock-b,mock-d,sanyu stationery,sanyu stationery shop,SANYU STATIONERY,SANYU STATIONERY SHOP,False,False,False
synthetic/s7/0159,company,org,mock-c,mock-d,sanyu stationery shop,sanyu stationery shop,SANYU STATIONERY SHOP,SANYU STATIONERY SHOP,True,False,False
synthetic/s7/0159,date,date,mock-a,mock-b,2018-05-10,2018-05-10,10/05/2018,10/05/2018,True,False,False
synthetic/s7/0159,date,date,mock-a,mock-c,2018-05-10,2018-05-10,10/05/2018,10/05/2018,True,False,False
synthetic/s7/0159,date,date,mock-a,mock-d,2018-05-10,2018-05-10,10/05/2018,10/05/2018,True,False,False
synthetic/s7/0159,date,date,mock-b,mock-c,2018-05-10,2018-05-10,10/05/2018,10/05/2018,True,False,False
synthetic/s7/0159,date,date,mock-b,mock-d,2018-05-10,2018-05-10,10/05/2018,10/05/2018,True,False,False
synthetic/s7/0159,date,date,mock-c,mock-d,2018-05-10,2018-05-10,10/05/2018,10/05/2018,True,False,False
synthetic/s7/0159,phone,phone,mock-a,mock-b,42482912,42482912,04-248 2912,04-248 2912,True,False,False
synthetic/s7/0159,phone,phone,mock-a,mock-c,42482912,42482912,04-248 2912,04-248 2912,True,False,False
synthetic/s7/0159,phone,phone,mock-a,mock-d,42482912,42482912,04-248 2912,04-248 2912,True,False,False
synthetic/s7/0159,phone,phone,mock-b,mock-c,42482912,42482912,04-248 2912,04-248 2912,True,False,False
synthetic/s7/0159,phone,phone,mock-b,mock-d,42482912,42482912,04-248 2912,04-248 2912,True,False,False
synthetic/s7/0159,phone,phone,mock-c,mock-d,42482912,42482912,04-248 2912,04-248 2912,True,False,False
synthetic/s7/0159,tax,money,mock-a,mock-b,∅,∅,,,True,True,False
synthetic/s7/0159,tax,money,mock-a,mock-c,∅,∅,,,True,True,False
synthetic/s7/0159,tax,money,mock-a,mock-d,∅,∅,,,True,True,False
synthetic/s7/0159,tax,money,mock-b,mock-c,∅,∅,,,True,True,False
synthetic/s7/0159,tax,money,mock-b,mock-d,∅,∅,,,True,True,False
synthetic/s7/0159,tax,money,mock-c,mock-d,∅,∅,,,True,True,False
synthetic/s7/0159,total,money,mock-a,mock-b,31.70,34.70,31.70,34.70,False,False,False
synthetic/s7/0159,total,money,mock-a,mock-c,31.70,34.70,31.70,34.70,False,False,False
synthetic/s7/0159,total,money,mock-a,mock-d,31.70,31.70,31.70,31.70,True,False,False
synthetic/s7/0159,total,money,mock-b,mock-c,34.70,34.70,34.70,34.70,True,False,False
synthetic/s7/0159,total,money,mock-b,mock-d,34.70,31.70,34.70,31.70,False,False,False
synthetic/s7/0159,total,money,mock-c,mock-d,34.70,31.70,34.70,31.70,False,False,False
synthetic/s7/0160,address,address,mock-a,mock-b,lot p t 2811 jln angsana tmn mutiara rini 81300 skudai,lot p t 2811 jln angsana tmn mutiara rini 81300 skudai,"LOT P.T. 2811, JALAN ANGSANA, TAMAN MUTIARA RINI, 81300 SKUDAI","LOT P.T. 2811, JALAN ANGSANA, TAMAN MUTIARA RINI, 81300 SKUDAI",True,False,False
synthetic/s7/0160,address,address,mock-a,mock-c,lot p t 2811 jln angsana tmn mutiara rini 81300 skudai,lot p t 2811 jln angsana tmn mutiara rini 81300 skudai,"LOT P.T. 2811, JALAN ANGSANA, TAMAN MUTIARA RINI, 81300 SKUDAI","LOT P.T. 2811, JALAN ANGSANA, TAMAN MUTIARA RINI, 81300 SKUDAI",True,False,False
synthetic/s7/0160,address,address,mock-a,mock-d,lot p t 2811 jln angsana tmn mutiara rini 81300 skudai,lot p t 2811 jln angsana tmn mutiara rini 81300 skudai,"LOT P.T. 2811, JALAN ANGSANA, TAMAN MUTIARA RINI, 81300 SKUDAI","LOT P.T. 2811, JALAN ANGSANA, TAMAN MUTIARA RINI, 81300 SKUDAI",True,False,False
synthetic/s7/0160,address,address,mock-b,mock-c,lot p t 2811 jln angsana tmn mutiara rini 81300 skudai,lot p t 2811 jln angsana tmn mutiara rini 81300 skudai,"LOT P.T. 2811, JALAN ANGSANA, TAMAN MUTIARA RINI, 81300 SKUDAI","LOT P.T. 2811, JALAN ANGSANA, TAMAN MUTIARA RINI, 81300 SKUDAI",True,False,False
synthetic/s7/0160,address,address,mock-b,mock-d,lot p t 2811 jln angsana tmn mutiara rini 81300 skudai,lot p t 2811 jln angsana tmn mutiara rini 81300 skudai,"LOT P.T. 2811, JALAN ANGSANA, TAMAN MUTIARA RINI, 81300 SKUDAI","LOT P.T. 2811, JALAN ANGSANA, TAMAN MUTIARA RINI, 81300 SKUDAI",True,False,False
synthetic/s7/0160,address,address,mock-c,mock-d,lot p t 2811 jln angsana tmn mutiara rini 81300 skudai,lot p t 2811 jln angsana tmn mutiara rini 81300 skudai,"LOT P.T. 2811, JALAN ANGSANA, TAMAN MUTIARA RINI, 81300 SKUDAI","LOT P.T. 2811, JALAN ANGSANA, TAMAN MUTIARA RINI, 81300 SKUDAI",True,False,False
synthetic/s7/0160,company,org,mock-a,mock-b,speed mart s b,speed mart s b,SPEED MART S/B,SPEED MART S/B,True,False,False
synthetic/s7/0160,company,org,mock-a,mock-c,speed mart s b,speed mart s b,SPEED MART S/B,SPEED MART S/B,True,False,False
synthetic/s7/0160,company,org,mock-a,mock-d,speed mart s b,speed mart s b,SPEED MART S/B,SPEED MART S/B,True,False,False
synthetic/s7/0160,company,org,mock-b,mock-c,speed mart s b,speed mart s b,SPEED MART S/B,SPEED MART S/B,True,False,False
synthetic/s7/0160,company,org,mock-b,mock-d,speed mart s b,speed mart s b,SPEED MART S/B,SPEED MART S/B,True,False,False
synthetic/s7/0160,company,org,mock-c,mock-d,speed mart s b,speed mart s b,SPEED MART S/B,SPEED MART S/B,True,False,False
synthetic/s7/0160,date,date,mock-a,mock-b,2019-07-21,2019-07-21,21/07/2019,21/07/2019,True,False,False
synthetic/s7/0160,date,date,mock-a,mock-c,2019-07-21,2019-07-21,21/07/2019,21/07/2019,True,False,False
synthetic/s7/0160,date,date,mock-a,mock-d,2019-07-21,2019-07-21,21/07/2019,07/21/2019,True,False,False
synthetic/s7/0160,date,date,mock-b,mock-c,2019-07-21,2019-07-21,21/07/2019,21/07/2019,True,False,False
synthetic/s7/0160,date,date,mock-b,mock-d,2019-07-21,2019-07-21,21/07/2019,07/21/2019,True,False,False
synthetic/s7/0160,date,date,mock-c,mock-d,2019-07-21,2019-07-21,21/07/2019,07/21/2019,True,False,False
synthetic/s7/0160,phone,phone,mock-a,mock-b,88206440,88206440,08-820 6440,08-820 6440,True,False,False
synthetic/s7/0160,phone,phone,mock-a,mock-c,88206440,88206440,08-820 6440,08-820 6440,True,False,False
synthetic/s7/0160,phone,phone,mock-a,mock-d,88206440,88206440,08-820 6440,08-820 6440,True,False,False
synthetic/s7/0160,phone,phone,mock-b,mock-c,88206440,88206440,08-820 6440,08-820 6440,True,False,False
synthetic/s7/0160,phone,phone,mock-b,mock-d,88206440,88206440,08-820 6440,08-820 6440,True,False,False
synthetic/s7/0160,phone,phone,mock-c,mock-d,88206440,88206440,08-820 6440,08-820 6440,True,False,False
synthetic/s7/0160,tax,money,mock-a,mock-b,2.10,2.10,2.10,2.10,True,False,False
synthetic/s7/0160,tax,money,mock-a,mock-c,2.10,2.10,2.10,2.10,True,False,False
synthetic/s7/0160,tax,money,mock-a,mock-d,2.10,2.10,2.10,2.10,True,False,False
synthetic/s7/0160,tax,money,mock-b,mock-c,2.10,2.10,2.10,2.10,True,False,False
synthetic/s7/0160,tax,money,mock-b,mock-d,2.10,2.10,2.10,2.10,True,False,False
synthetic/s7/0160,tax,money,mock-c,mock-d,2.10,2.10,2.10,2.10,True,False,False
synthetic/s7/0160,total,money,mock-a,mock-b,35.90,37.10,35.90,37.10,False,False,False
synthetic/s7/0160,total,money,mock-a,mock-c,35.90,37.10,35.90,37.10,False,False,False
synthetic/s7/0160,total,money,mock-a,mock-d,35.90,37.10,35.90,37.10,False,False,False
synthetic/s7/0160,total,money,mock-b,mock-c,37.10,37.10,37.10,37.10,True,False,False
synthetic/s7/0160,total,money,mock-b,mock-d,37.10,37.10,37.10,37.10,True,False,False
synthetic/s7/0160,total,money,mock-c,mock-d,37.10,37.10,37.10,37.10,True,False,False
synthetic/s7/0161,address,address,mock-a,mock-b,lot 276 jln banting 43800 dengkil,lot 276 jln banting 43800 dengkil,"LOT 276 JALAN BANTING, 43800 DENGKIL","LOT 276 JALAN BANTING, 43800 DENGKIL",True,False,False
synthetic/s7/0161,address,address,mock-a,mock-c,lot 276 jln banting 43800 dengkil,lot 276 jln banting 43800 dengkil,"LOT 276 JALAN BANTING, 43800 DENGKIL","LOT 276 JALAN BANTING, 43800 DENGKIL",True,False,False
synthetic/s7/0161,address,address,mock-a,mock-d,lot 276 jln banting 43800 dengkil,lot 276 jln banting 43800 dengkil,"LOT 276 JALAN BANTING, 43800 DENGKIL","LOT 276 JALAN BANTING, 43800 DENGKIL",True,False,False
synthetic/s7/0161,address,address,mock-b,mock-c,lot 276 jln banting 43800 dengkil,lot 276 jln banting 43800 dengkil,"LOT 276 JALAN BANTING, 43800 DENGKIL","LOT 276 JALAN BANTING, 43800 DENGKIL",True,False,False
synthetic/s7/0161,address,address,mock-b,mock-d,lot 276 jln banting 43800 dengkil,lot 276 jln banting 43800 dengkil,"LOT 276 JALAN BANTING, 43800 DENGKIL","LOT 276 JALAN BANTING, 43800 DENGKIL",True,False,False
synthetic/s7/0161,address,address,mock-c,mock-d,lot 276 jln banting 43800 dengkil,lot 276 jln banting 43800 dengkil,"LOT 276 JALAN BANTING, 43800 DENGKIL","LOT 276 JALAN BANTING, 43800 DENGKIL",True,False,False
synthetic/s7/0161,company,org,mock-a,mock-b,papan yew chuan,kedai papan yew chuan,PAPAN YEW CHUAN,KEDAI PAPAN YEW CHUAN,False,False,False
synthetic/s7/0161,company,org,mock-a,mock-c,papan yew chuan,kedai papan yew chuan,PAPAN YEW CHUAN,KEDAI PAPAN YEW CHUAN,False,False,False
synthetic/s7/0161,company,org,mock-a,mock-d,papan yew chuan,kedai papan yew chuan,PAPAN YEW CHUAN,KEDAI PAPAN YEW CHUAN,False,False,False
synthetic/s7/0161,company,org,mock-b,mock-c,kedai papan yew chuan,kedai papan yew chuan,KEDAI PAPAN YEW CHUAN,KEDAI PAPAN YEW CHUAN,True,False,False
synthetic/s7/0161,company,org,mock-b,mock-d,kedai papan yew chuan,kedai papan yew chuan,KEDAI PAPAN YEW CHUAN,KEDAI PAPAN YEW CHUAN,True,False,False
synthetic/s7/0161,company,org,mock-c,mock-d,kedai papan yew chuan,kedai papan yew chuan,KEDAI PAPAN YEW CHUAN,KEDAI PAPAN YEW CHUAN,True,False,False
synthetic/s7/0161,date,date,mock-a,mock-b,2019-03-27,2019-03-27,27/03/2019,03/27/2019,True,False,False
synthetic/s7/0161,date,date,mock-a,mock-c,2019-03-27,2019-03-27,27/03/2019,27/03/2019,True,False,False
synthetic/s7/0161,date,date,mock-a,mock-d,2019-03-27,2019-03-27,27/03/2019,27/03/2019,True,False,False
synthetic/s7/0161,date,date,mock-b,mock-c,2019-03-27,2019-03-27,03/27/2019,27/03/2019,True,False,False
synthetic/s7/0161,date,date,mock-b,mock-d,2019-03-27,2019-03-27,03/27/2019,27/03/2019,True,False,False
synthetic/s7/0161,date,date,mock-c,mock-d,2019-03-27,2019-03-27,27/03/2019,27/03/2019,True,False,False
synthetic/s7/0161,phone,phone,mock-a,mock-b,∅,∅,,,True,True,False
synthetic/s7/0161,phone,phone,mock-a,mock-c,∅,∅,,,True,True,False
synthetic/s7/0161,phone,phone,mock-a,mock-d,∅,∅,,,True,True,False
synthetic/s7/0161,phone,phone,mock-b,mock-c,∅,∅,,,True,True,False
synthetic/s7/0161,phone,phone,mock-b,mock-d,∅,∅,,,True,True,False
synthetic/s7/0161,phone,phone,mock-c,mock-d,∅,∅,,,True,True,False
synthetic/s7/0161,tax,money,mock-a,mock-b,∅,∅,,,True,True,False
synthetic/s7/0161,tax,money,mock-a,mock-c,∅,∅,,,True,True,False
synthetic/s7/0161,tax,money,mock-a,mock-d,∅,∅,,,True,True,False
synthetic/s7/0161,tax,money,mock-b,mock-c,∅,∅,,,True,True,False
synthetic/s7/0161,tax,money,mock-b,mock-d,∅,∅,,,True,True,False
synthetic/s7/0161,tax,money,mock-c,mock-d,∅,∅,,,True,True,False
synthetic/s7/0161,total,money,mock-a,mock-b,47.40,47.40,47.40,47.40,True,False,False
synthetic/s7/0161,total,money,mock-a,mock-c,47.40,46.20,47.40,46.20,False,False,False
synthetic/s7/0161,total,money,mock-a,mock-d,47.40,47.40,47.40,47.40,True,False,False
synthetic/s7/0161,total,money,mock-b,mock-c,47.40,46.20,47.40,46.20,False,False,False
synthetic/s7/0161,total,money,mock-b,mock-d,47.40,47.40,47.40,47.40,True,False,False
synthetic/s7/0161,total,money,mock-c,mock-d,46.20,47.40,46.20,47.40,False,False,False
synthetic/s7/0162,address,address,mock-a,mock-b,no 2 and 4 jln bayu 4 bdr seri alam 81750 masai,no 2 and 4 jln bayu 4 bdr seri alam 81750 masai johor,"NO 2 & 4, JALAN BAYU 4, BANDAR SERI ALAM, 81750 MASAI","NO 2 & 4, JALAN BAYU 4, BANDAR SERI ALAM, 81750 MASAI, JOHOR",False,False,False
synthetic/s7/0162,address,address,mock-a,mock-c,no 2 and 4 jln bayu 4 bdr seri alam 81750 masai,no 2 and 4 jln bayu 4 bdr seri alam 81750 masai johor,"NO 2 & 4, JALAN BAYU 4, BANDAR SERI ALAM, 81750 MASAI","NO 2 & 4, JALAN BAYU 4, BANDAR SERI ALAM, 81750 MASAI, JOHOR",False,False,False
synthetic/s7/0162,address,address,mock-a,mock-d,no 2 and 4 jln bayu 4 bdr seri alam 81750 masai,no 2 and 4 jln bayu 4 bdr seri alam 81750 masai johor,"NO 2 & 4, JALAN BAYU 4, BANDAR SERI ALAM, 81750 MASAI","NO 2 & 4, JALAN BAYU 4, BANDAR SERI ALAM, 81750 MASAI, JOHOR",False,False,False
synthetic/s7/0162,address,address,mock-b,mock-c,no 2 and 4 jln bayu 4 bdr seri alam 81750 masai johor,no 2 and 4 jln bayu 4 bdr seri alam 81750 masai johor,"NO 2 & 4, JALAN BAYU 4, BANDAR SERI ALAM, 81750 MASAI, JOHOR","NO 2 & 4, JALAN BAYU 4, BANDAR SERI ALAM, 81750 MASAI, JOHOR",True,False,False
synthetic/s7/0162,address,address,mock-b,mock-d,no 2 and 4 jln bayu 4 bdr seri alam 81750 masai johor,no 2 and 4 jln bayu 4 bdr seri alam 81750 masai johor,"NO 2 & 4, JALAN BAYU 4, BANDAR SERI ALAM, 81750 MASAI, JOHOR","NO 2 & 4, JALAN BAYU 4, BANDAR SERI ALAM, 81750 MASAI, JOHOR",True,False,False
synthetic/s7/0162,address,address,mock-c,mock-d,no 2 and 4 jln bayu 4 bdr seri alam 81750 masai johor,no 2 and 4 jln bayu 4 bdr seri alam 81750 masai johor,"NO 2 & 4, JALAN BAYU 4, BANDAR SERI ALAM, 81750 MASAI, JOHOR","NO 2 & 4, JALAN BAYU 4, BANDAR SERI ALAM, 81750 MASAI, JOHOR",True,False,False
synthetic/s7/0162,company,org,mock-a,mock-b,ojc marketing sdn,ojc marketing,OJC MARKETING SDN,OJC MARKETING SDN BHD,False,False,False
synthetic/s7/0162,company,org,mock-a,mock-c,ojc marketing sdn,ojc marketing,OJC MARKETING SDN,OJC MARKETING SDN BHD,False,False,False
synthetic/s7/0162,company,org,mock-a,mock-d,ojc marketing sdn,ojc marketing,OJC MARKETING SDN,OJC MARKETING SDN BHD,False,False,False
synthetic/s7/0162,company,org,mock-b,mock-c,ojc marketing,ojc marketing,OJC MARKETING SDN BHD,OJC MARKETING SDN BHD,True,False,False
synthetic/s7/0162,company,org,mock-b,mock-d,ojc marketing,ojc marketing,OJC MARKETING SDN BHD,OJC MARKETING SDN BHD,True,False,False
synthetic/s7/0162,company,org,mock-c,mock-d,ojc marketing,ojc marketing,OJC MARKETING SDN BHD,OJC MARKETING SDN BHD,True,False,False
synthetic/s7/0162,date,date,mock-a,mock-b,2019-05-11,2019-05-11,11/05/2019,11/05/2019,True,False,False
synthetic/s7/0162,date,date,mock-a,mock-c,2019-05-11,2019-05-11,11/05/2019,11/05/2019,True,False,False
synthetic/s7/0162,date,date,mock-a,mock-d,2019-05-11,2019-05-11,11/05/2019,11/05/2019,True,False,False
synthetic/s7/0162,date,date,mock-b,mock-c,2019-05-11,2019-05-11,11/05/2019,11/05/2019,True,False,False
synthetic/s7/0162,date,date,mock-b,mock-d,2019-05-11,2019-05-11,11/05/2019,11/05/2019,True,False,False
synthetic/s7/0162,date,date,mock-c,mock-d,2019-05-11,2019-05-11,11/05/2019,11/05/2019,True,False,False
synthetic/s7/0162,phone,phone,mock-a,mock-b,∅,∅,,,True,True,False
synthetic/s7/0162,phone,phone,mock-a,mock-c,∅,∅,,,True,True,False
synthetic/s7/0162,phone,phone,mock-a,mock-d,∅,∅,,,True,True,False
synthetic/s7/0162,phone,phone,mock-b,mock-c,∅,∅,,,True,True,False
synthetic/s7/0162,phone,phone,mock-b,mock-d,∅,∅,,,True,True,False
synthetic/s7/0162,phone,phone,mock-c,mock-d,∅,∅,,,True,True,False
synthetic/s7/0162,tax,money,mock-a,mock-b,∅,∅,,,True,True,False
synthetic/s7/0162,tax,money,mock-a,mock-c,∅,∅,,,True,True,False
synthetic/s7/0162,tax,money,mock-a,mock-d,∅,∅,,,True,True,False
synthetic/s7/0162,tax,money,mock-b,mock-c,∅,∅,,,True,True,False
synthetic/s7/0162,tax,money,mock-b,mock-d,∅,∅,,,True,True,False
synthetic/s7/0162,tax,money,mock-c,mock-d,∅,∅,,,True,True,False
synthetic/s7/0162,total,money,mock-a,mock-b,15.10,15.10,15.10,15.10,True,False,False
synthetic/s7/0162,total,money,mock-a,mock-c,15.10,15.10,15.10,15.10,True,False,False
synthetic/s7/0162,total,money,mock-a,mock-d,15.10,15.10,15.10,15.10,True,False,False
synthetic/s7/0162,total,money,mock-b,mock-c,15.10,15.10,15.10,15.10,True,False,False
synthetic/s7/0162,total,money,mock-b,mock-d,15.10,15.10,15.10,15.10,True,False,False
synthetic/s7/0162,total,money,mock-c,mock-d,15.10,15.10,15.10,15.10,True,False,False
synthetic/s7/0163,address,address,mock-a,mock-b,no 59 jln permas 9 5 bdr baru permas jaya 81750 johor bahru,no 59 jln permas 9 5 bdr baru permas jaya,"NO.59 JALAN PERMAS 9/5, BANDAR BARU PERMAS JAYA, 81750 JOHOR BAHRU","NO.59 JALAN PERMAS 9/5, BANDAR BARU PERMAS JAYA",False,False,False
synthetic/s7/0163,address,address,mock-a,mock-c,no 59 jln permas 9 5 bdr baru permas jaya 81750 johor bahru,no 59 jln permas 9 5 bdr baru permas jaya 81750 johor bahru,"NO.59 JALAN PERMAS 9/5, BANDAR BARU PERMAS JAYA, 81750 JOHOR BAHRU","NO.59 JALAN PERMAS 9/5, BANDAR BARU PERMAS JAYA, 81750 JOHOR BAHRU",True,False,False
synthetic/s7/0163,address,address,mock-a,mock-d,no 59 jln permas 9 5 bdr baru permas jaya 81750 johor bahru,no 59 jln permas 9 5 bdr baru permas jaya 81750 johor bahru,"NO.59 JALAN PERMAS 9/5, BANDAR BARU PERMAS JAYA, 81750 JOHOR BAHRU","NO.59 JALAN PERMAS 9/5, BANDAR BARU PERMAS JAYA, 81750 JOHOR BAHRU",True,False,False
synthetic/s7/0163,address,address,mock-b,mock-c,no 59 jln permas 9 5 bdr baru permas jaya,no 59 jln permas 9 5 bdr baru permas jaya 81750 johor bahru,"NO.59 JALAN PERMAS 9/5, BANDAR BARU PERMAS JAYA","NO.59 JALAN PERMAS 9/5, BANDAR BARU PERMAS JAYA, 81750 JOHOR BAHRU",False,False,False
synthetic/s7/0163,address,address,mock-b,mock-d,no 59 jln permas 9 5 bdr baru permas jaya,no 59 jln permas 9 5 bdr baru permas jaya 81750 johor bahru,"NO.59 JALAN PERMAS 9/5, BANDAR BARU PERMAS JAYA","NO.59 JALAN PERMAS 9/5, BANDAR BARU PERMAS JAYA, 81750 JOHOR BAHRU",False,False,False
synthetic/s7/0163,address,address,mock-c,mock-d,no 59 jln permas 9 5 bdr baru permas jaya 81750 johor bahru,no 59 jln permas 9 5 bdr baru permas jaya 81750 johor bahru,"NO.59 JALAN PERMAS 9/5, BANDAR BARU PERMAS JAYA, 81750 JOHOR BAHRU","NO.59 JALAN PERMAS 9/5, BANDAR BARU PERMAS JAYA, 81750 JOHOR BAHRU",True,False,False
synthetic/s7/0163,company,org,mock-a,mock-b,perniagaan zheng hui,perniagaan zheng hui,PERNIAGAAN ZHENG HUI,PERNIAGAAN ZHENG HUI,True,False,False
synthetic/s7/0163,company,org,mock-a,mock-c,perniagaan zheng hui,perniagaan zheng hui,PERNIAGAAN ZHENG HUI,PERNIAGAAN ZHENG HUI,True,False,False
synthetic/s7/0163,company,org,mock-a,mock-d,perniagaan zheng hui,perniagaan zheng hui,PERNIAGAAN ZHENG HUI,PERNIAGAAN ZHENG HUI,True,False,False
synthetic/s7/0163,company,org,mock-b,mock-c,perniagaan zheng hui,perniagaan zheng hui,PERNIAGAAN ZHENG HUI,PERNIAGAAN ZHENG HUI,True,False,False
synthetic/s7/0163,company,org,mock-b,mock-d,perniagaan zheng hui,perniagaan zheng hui,PERNIAGAAN ZHENG HUI,PERNIAGAAN ZHENG HUI,True,False,False
synthetic/s7/0163,company,org,mock-c,mock-d,perniagaan zheng hui,perniagaan zheng hui,PERNIAGAAN ZHENG HUI,PERNIAGAAN ZHENG HUI,True,False,False
synthetic/s7/0163,date,date,mock-a,mock-b,2019-09-28,2019-09-28,28/09/2019,28/09/2019,True,False,False
synthetic/s7/0163,date,date,mock-a,mock-c,2019-09-28,2019-09-28,28/09/2019,28/09/2019,True,False,False
synthetic/s7/0163,date,date,mock-a,mock-d,2019-09-28,2019-09-28,28/09/2019,28/09/2019,True,False,False
synthetic/s7/0163,date,date,mock-b,mock-c,2019-09-28,2019-09-28,28/09/2019,28/09/2019,True,False,False
synthetic/s7/0163,date,date,mock-b,mock-d,2019-09-28,2019-09-28,28/09/2019,28/09/2019,True,False,False
synthetic/s7/0163,date,date,mock-c,mock-d,2019-09-28,2019-09-28,28/09/2019,28/09/2019,True,False,False
synthetic/s7/0163,phone,phone,mock-a,mock-b,98684834,98684834,09-868 4834,09-868 4834,True,False,False
synthetic/s7/0163,phone,phone,mock-a,mock-c,98684834,98684834,09-868 4834,09-868 4834,True,False,False
synthetic/s7/0163,phone,phone,mock-a,mock-d,98684834,98684834,09-868 4834,09-868 4834,True,False,False
synthetic/s7/0163,phone,phone,mock-b,mock-c,98684834,98684834,09-868 4834,09-868 4834,True,False,False
synthetic/s7/0163,phone,phone,mock-b,mock-d,98684834,98684834,09-868 4834,09-868 4834,True,False,False
synthetic/s7/0163,phone,phone,mock-c,mock-d,98684834,98684834,09-868 4834,09-868 4834,True,False,False
synthetic/s7/0163,tax,money,mock-a,mock-b,2.46,2.45,2.46,2.45,False,False,False
synthetic/s7/0163,tax,money,mock-a,mock-c,2.46,2.45,2.46,2.45,False,False,False
synthetic/s7/0163,tax,money,mock-a,mock-d,2.46,5.45,2.46,5.45,False,False,False
synthetic/s7/0163,tax,money,mock-b,mock-c,2.45,2.45,2.45,2.45,True,False,False
synthetic/s7/0163,tax,money,mock-b,mock-d,2.45,5.45,2.45,5.45,False,False,False
synthetic/s7/0163,tax,money,mock-c,mock-d,2.45,5.45,2.45,5.45,False,False,False
synthetic/s7/0163,total,money,mock-a,mock-b,42.05,43.25,42.05,43.25,False,False,False
synthetic/s7/0163,total,money,mock-a,mock-c,42.05,43.25,42.05,43.25,False,False,False
synthetic/s7/0163,total,money,mock-a,mock-d,42.05,∅,42.05,,False,False,True
synthetic/s7/0163,total,money,mock-b,mock-c,43.25,43.25,43.25,43.25,True,False,False
synthetic/s7/0163,total,money,mock-b,mock-d,43.25,∅,43.25,,False,False,True
synthetic/s7/0163,total,money,mock-c,mock-d,43.25,∅,43.25,,False,False,True
synthetic/s7/0164,address,address,mock-a,mock-b,lot 3 jln pelabur 23 1 40300 shah alam,lot 3 jln pelabur 23 1 40300 shah alam selangor,"LOT 3, JALAN PELABUR 23/1, 40300 SHAH ALAM","LOT 3, JALAN PELABUR 23/1, 40300 SHAH ALAM, SELANGOR",False,False,False
synthetic/s7/0164,address,address,mock-a,mock-c,lot 3 jln pelabur 23 1 40300 shah alam,lot 3 jln pelabur 23 1 40300 shah alam,"LOT 3, JALAN PELABUR 23/1, 40300 SHAH ALAM","LOT 3, JALAN PELABUR 23/1, 40300 SHAH ALAM",True,False,False
synthetic/s7/0164,address,address,mock-a,mock-d,lot 3 jln pelabur 23 1 40300 shah alam,lot 3 jln pelabur 23 1 40300 shah alam selangor,"LOT 3, JALAN PELABUR 23/1, 40300 SHAH ALAM","LOT 3, JALAN PELABUR 23/1, 40300 SHAH ALAM, SELANGOR",False,False,False
synthetic/s7/0164,address,address,mock-b,mock-c,lot 3 jln pelabur 23 1 40300 shah alam selangor,lot 3 jln pelabur 23 1 40300 shah alam,"LOT 3, JALAN PELABUR 23/1, 40300 SHAH ALAM, SELANGOR","LOT 3, JALAN PELABUR 23/1, 40300 SHAH ALAM",False,False,False
synthetic/s7/0164,address,address,mock-b,mock-d,lot 3 jln pelabur 23 1 40300 shah alam selangor,lot 3 jln pelabur 23 1 40300 shah alam selangor,"LOT 3, JALAN PELABUR 23/1, 40300 SHAH ALAM, SELANGOR","LOT 3, JALAN PELABUR 23/1, 40300 SHAH ALAM, SELANGOR",True,False,False
synthetic/s7/0164,address,address,mock-c,mock-d,lot 3 jln pelabur 23 1 40300 shah alam,lot 3 jln pelabur 23 1 40300 shah alam selangor,"LOT 3, JALAN PELABUR 23/1, 40300 SHAH ALAM","LOT 3, JALAN PELABUR 23/1, 40300 SHAH ALAM, SELANGOR",False,False,False
synthetic/s7/0164,company,org,mock-a,mock-b,gardenia bakeries kl,gardenia bakeries kl,GARDENIA BAKERIES (KL) SDN BHD,GARDENIA BAKERIES (KL) SDN BHD,True,False,False
synthetic/s7/0164,company,org,mock-a,mock-c,gardenia bakeries kl,gardenia bakeries kl,GARDENIA BAKERIES (KL) SDN BHD,GARDENIA BAKERIES (KL) SDN BHD,True,False,False
synthetic/s7/0164,company,org,mock-a,mock-d,gardenia bakeries kl,gardenia bakeries kl,GARDENIA BAKERIES (KL) SDN BHD,GARDENIA BAKERIES (KL) SDN BHD,True,False,False
synthetic/s7/0164,company,org,mock-b,mock-c,gardenia bakeries kl,gardenia bakeries kl,GARDENIA BAKERIES (KL) SDN BHD,GARDENIA BAKERIES (KL) SDN BHD,True,False,False
synthetic/s7/0164,company,org,mock-b,mock-d,gardenia bakeries kl,gardenia bakeries kl,GARDENIA BAKERIES (KL) SDN BHD,GARDENIA BAKERIES (KL) SDN BHD,True,False,False
synthetic/s7/0164,company,org,mock-c,mock-d,gardenia bakeries kl,gardenia bakeries kl,GARDENIA BAKERIES (KL) SDN BHD,GARDENIA BAKERIES (KL) SDN BHD,True,False,False
synthetic/s7/0164,date,date,mock-a,mock-b,2019-07-22,2019-07-22,22/07/2019,22/07/2019,True,False,False
synthetic/s7/0164,date,date,mock-a,mock-c,2019-07-22,2019-07-22,22/07/2019,22/07/2019,True,False,False
synthetic/s7/0164,date,date,mock-a,mock-d,2019-07-22,2019-07-22,22/07/2019,22/07/2019,True,False,False
synthetic/s7/0164,date,date,mock-b,mock-c,2019-07-22,2019-07-22,22/07/2019,22/07/2019,True,False,False
synthetic/s7/0164,date,date,mock-b,mock-d,2019-07-22,2019-07-22,22/07/2019,22/07/2019,True,False,False
synthetic/s7/0164,date,date,mock-c,mock-d,2019-07-22,2019-07-22,22/07/2019,22/07/2019,True,False,False
synthetic/s7/0164,phone,phone,mock-a,mock-b,∅,∅,,,True,True,False
synthetic/s7/0164,phone,phone,mock-a,mock-c,∅,∅,,,True,True,False
synthetic/s7/0164,phone,phone,mock-a,mock-d,∅,∅,,,True,True,False
synthetic/s7/0164,phone,phone,mock-b,mock-c,∅,∅,,,True,True,False
synthetic/s7/0164,phone,phone,mock-b,mock-d,∅,∅,,,True,True,False
synthetic/s7/0164,phone,phone,mock-c,mock-d,∅,∅,,,True,True,False
synthetic/s7/0164,tax,money,mock-a,mock-b,∅,∅,,,True,True,False
synthetic/s7/0164,tax,money,mock-a,mock-c,∅,∅,,,True,True,False
synthetic/s7/0164,tax,money,mock-a,mock-d,∅,∅,,,True,True,False
synthetic/s7/0164,tax,money,mock-b,mock-c,∅,∅,,,True,True,False
synthetic/s7/0164,tax,money,mock-b,mock-d,∅,∅,,,True,True,False
synthetic/s7/0164,tax,money,mock-c,mock-d,∅,∅,,,True,True,False
synthetic/s7/0164,total,money,mock-a,mock-b,11.30,∅,11.30,,False,False,True
synthetic/s7/0164,total,money,mock-a,mock-c,11.30,10.70,11.30,10.70,False,False,False
synthetic/s7/0164,total,money,mock-a,mock-d,11.30,11.30,11.30,11.30,True,False,False
synthetic/s7/0164,total,money,mock-b,mock-c,∅,10.70,,10.70,False,False,True
synthetic/s7/0164,total,money,mock-b,mock-d,∅,11.30,,11.30,False,False,True
synthetic/s7/0164,total,money,mock-c,mock-d,10.70,11.30,10.70,11.30,False,False,False
synthetic/s7/0165,address,address,mock-a,mock-b,no 31g and 33g jln setia indah x u13 x 40170 setia alam,no 31g and 33g jln setia indah x u13 x,"NO. 31G&33G, JALAN SETIA INDAH X, U13/X, 40170 SETIA ALAM","NO. 31G&33G, JALAN SETIA INDAH X, U13/X",False,False,False
synthetic/s7/0165,address,address,mock-a,mock-c,no 31g and 33g jln setia indah x u13 x 40170 setia alam,no 31g and 33g jln setia indah x u13 x 40170 setia alam,"NO. 31G&33G, JALAN SETIA INDAH X, U13/X, 40170 SETIA ALAM","NO. 31G&33G, JALAN SETIA INDAH X, U13/X, 40170 SETIA ALAM",True,False,False
synthetic/s7/0165,address,address,mock-a,mock-d,no 31g and 33g jln setia indah x u13 x 40170 setia alam,∅,"NO. 31G&33G, JALAN SETIA INDAH X, U13/X, 40170 SETIA ALAM",,False,False,True
synthetic/s7/0165,address,address,mock-b,mock-c,no 31g and 33g jln setia indah x u13 x,no 31g and 33g jln setia indah x u13 x 40170 setia alam,"NO. 31G&33G, JALAN SETIA INDAH X, U13/X","NO. 31G&33G, JALAN SETIA INDAH X, U13/X, 40170 SETIA ALAM",False,False,False
synthetic/s7/0165,address,address,mock-b,mock-d,no 31g and 33g jln setia indah x u13 x,∅,"NO. 31G&33G, JALAN SETIA INDAH X, U13/X",,False,False,True
synthetic/s7/0165,address,address,mock-c,mock-d,no 31g and 33g jln setia indah x u13 x 40170 setia alam,∅,"NO. 31G&33G, JALAN SETIA INDAH X, U13/X, 40170 SETIA ALAM",,False,False,True
synthetic/s7/0165,company,org,mock-a,mock-b,sanyu stationery shop,sanyu stationery,SANYU STATIONERY SHOP,SANYU STATIONERY,False,False,False
synthetic/s7/0165,company,org,mock-a,mock-c,sanyu stationery shop,stationery shop,SANYU STATIONERY SHOP,STATIONERY SHOP,False,False,False
synthetic/s7/0165,company,org,mock-a,mock-d,sanyu stationery shop,sanyu stationery shop,SANYU STATIONERY SHOP,SANYU STATIONERY SHOP,True,False,False
synthetic/s7/0165,company,org,mock-b,mock-c,sanyu stationery,stationery shop,SANYU STATIONERY,STATIONERY SHOP,False,False,False
synthetic/s7/0165,company,org,mock-b,mock-d,sanyu stationery,sanyu stationery shop,SANYU STATIONERY,SANYU STATIONERY SHOP,False,False,False
synthetic/s7/0165,company,org,mock-c,mock-d,stationery shop,sanyu stationery shop,STATIONERY SHOP,SANYU STATIONERY SHOP,False,False,False
synthetic/s7/0165,date,date,mock-a,mock-b,2018-06-18,∅,18/06/2018,,False,False,True
synthetic/s7/0165,date,date,mock-a,mock-c,2018-06-18,2018-06-18,18/06/2018,18/06/2018,True,False,False
synthetic/s7/0165,date,date,mock-a,mock-d,2018-06-18,2018-06-18,18/06/2018,18/06/2018,True,False,False
synthetic/s7/0165,date,date,mock-b,mock-c,∅,2018-06-18,,18/06/2018,False,False,True
synthetic/s7/0165,date,date,mock-b,mock-d,∅,2018-06-18,,18/06/2018,False,False,True
synthetic/s7/0165,date,date,mock-c,mock-d,2018-06-18,2018-06-18,18/06/2018,18/06/2018,True,False,False
synthetic/s7/0165,phone,phone,mock-a,mock-b,96346259,96346259,09-634 6259,09-634 6259,True,False,False
synthetic/s7/0165,phone,phone,mock-a,mock-c,96346259,96346259,09-634 6259,09-634 6259,True,False,False
synthetic/s7/0165,phone,phone,mock-a,mock-d,96346259,96346259,09-634 6259,09-634 6259,True,False,False
synthetic/s7/0165,phone,phone,mock-b,mock-c,96346259,96346259,09-634 6259,09-634 6259,True,False,False
synthetic/s7/0165,phone,phone,mock-b,mock-d,96346259,96346259,09-634 6259,09-634 6259,True,False,False
synthetic/s7/0165,phone,phone,mock-c,mock-d,96346259,96346259,09-634 6259,09-634 6259,True,False,False
synthetic/s7/0165,tax,money,mock-a,mock-b,1.67,1.67,1.67,1.67,True,False,False
synthetic/s7/0165,tax,money,mock-a,mock-c,1.67,1.67,1.67,1.67,True,False,False
synthetic/s7/0165,tax,money,mock-a,mock-d,1.67,1.69,1.67,1.69,False,False,False
synthetic/s7/0165,tax,money,mock-b,mock-c,1.67,1.67,1.67,1.67,True,False,False
synthetic/s7/0165,tax,money,mock-b,mock-d,1.67,1.69,1.67,1.69,False,False,False
synthetic/s7/0165,tax,money,mock-c,mock-d,1.67,1.69,1.67,1.69,False,False,False
synthetic/s7/0165,total,money,mock-a,mock-b,29.57,29.57,29.57,29.57,True,False,False
synthetic/s7/0165,total,money,mock-a,mock-c,29.57,29.57,29.57,29.57,True,False,False
synthetic/s7/0165,total,money,mock-a,mock-d,29.57,29.57,29.57,29.57,True,False,False
synthetic/s7/0165,total,money,mock-b,mock-c,29.57,29.57,29.57,29.57,True,False,False
synthetic/s7/0165,total,money,mock-b,mock-d,29.57,29.57,29.57,29.57,True,False,False
synthetic/s7/0165,total,money,mock-c,mock-d,29.57,29.57,29.57,29.57,True,False,False
synthetic/s7/0166,address,address,mock-a,mock-b,lot p t 2811 jln angsana tmn mutiara rini 81300 skudai,lot p t 2811 jln angsana tmn mutiara rini 81300 skudai,"LOT P.T. 2811, JALAN ANGSANA, TAMAN MUTIARA RINI, 81300 SKUDAI","LOT P.T. 2811, JALAN ANGSANA, TAMAN MUTIARA RINI, 81300 SKUDAI",True,False,False
synthetic/s7/0166,address,address,mock-a,mock-c,lot p t 2811 jln angsana tmn mutiara rini 81300 skudai,lot p t 2811 jln angsana tmn mutiara rini 81300 skudai,"LOT P.T. 2811, JALAN ANGSANA, TAMAN MUTIARA RINI, 81300 SKUDAI","LOT P.T. 2811, JALAN ANGSANA, TAMAN MUTIARA RINI, 81300 SKUDAI",True,False,False
synthetic/s7/0166,address,address,mock-a,mock-d,lot p t 2811 jln angsana tmn mutiara rini 81300 skudai,lot p t 2811 jln angsana tmn mutiara rini 81300 skudai,"LOT P.T. 2811, JALAN ANGSANA, TAMAN MUTIARA RINI, 81300 SKUDAI","LOT P.T. 2811, JALAN ANGSANA, TAMAN MUTIARA RINI, 81300 SKUDAI",True,False,False
synthetic/s7/0166,address,address,mock-b,mock-c,lot p t 2811 jln angsana tmn mutiara rini 81300 skudai,lot p t 2811 jln angsana tmn mutiara rini 81300 skudai,"LOT P.T. 2811, JALAN ANGSANA, TAMAN MUTIARA RINI, 81300 SKUDAI","LOT P.T. 2811, JALAN ANGSANA, TAMAN MUTIARA RINI, 81300 SKUDAI",True,False,False
synthetic/s7/0166,address,address,mock-b,mock-d,lot p t 2811 jln angsana tmn mutiara rini 81300 skudai,lot p t 2811 jln angsana tmn mutiara rini 81300 skudai,"LOT P.T. 2811, JALAN ANGSANA, TAMAN MUTIARA RINI, 81300 SKUDAI","LOT P.T. 2811, JALAN ANGSANA, TAMAN MUTIARA RINI, 81300 SKUDAI",True,False,False
synthetic/s7/0166,address,address,mock-c,mock-d,lot p t 2811 jln angsana tmn mutiara rini 81300 skudai,lot p t 2811 jln angsana tmn mutiara rini 81300 skudai,"LOT P.T. 2811, JALAN ANGSANA, TAMAN MUTIARA RINI, 81300 SKUDAI","LOT P.T. 2811, JALAN ANGSANA, TAMAN MUTIARA RINI, 81300 SKUDAI",True,False,False
synthetic/s7/0166,company,org,mock-a,mock-b,99 speed mart s b,99 speed mart s b,99 SPEED MART S/B,99 SPEED MART S/B,True,False,False
synthetic/s7/0166,company,org,mock-a,mock-c,99 speed mart s b,99 speed mart s b,99 SPEED MART S/B,99 SPEED MART S/B,True,False,False
synthetic/s7/0166,company,org,mock-a,mock-d,99 speed mart s b,99 speed mart s b,99 SPEED MART S/B,99 SPEED MART S/B,True,False,False
synthetic/s7/0166,company,org,mock-b,mock-c,99 speed mart s b,99 speed mart s b,99 SPEED MART S/B,99 SPEED MART S/B,True,False,False
synthetic/s7/0166,company,org,mock-b,mock-d,99 speed mart s b,99 speed mart s b,99 SPEED MART S/B,99 SPEED MART S/B,True,False,False
synthetic/s7/0166,company,org,mock-c,mock-d,99 speed mart s b,99 speed mart s b,99 SPEED MART S/B,99 SPEED MART S/B,True,False,False
synthetic/s7/0166,date,date,mock-a,mock-b,2018-04-07,2018-07-04,07/04/2018,04/07/2018,False,False,False
synthetic/s7/0166,date,date,mock-a,mock-c,2018-04-07,2018-07-04,07/04/2018,04/07/2018,False,False,False
synthetic/s7/0166,date,date,mock-a,mock-d,2018-04-07,2018-04-07,07/04/2018,07/04/2018,True,False,False
synthetic/s7/0166,date,date,mock-b,mock-c,2018-07-04,2018-07-04,04/07/2018,04/07/2018,True,False,False
synthetic/s7/0166,date,date,mock-b,mock-d,2018-07-04,2018-04-07,04/07/2018,07/04/2018,False,False,False
synthetic/s7/0166,date,date,mock-c,mock-d,2018-07-04,2018-04-07,04/07/2018,07/04/2018,False,False,False
synthetic/s7/0166,phone,phone,mock-a,mock-b,76776880,76776880,07-677 6880,07-677 6880,True,False,False
synthetic/s7/0166,phone,phone,mock-a,mock-c,76776880,76776880,07-677 6880,07-677 6880,True,False,False
synthetic/s7/0166,phone,phone,mock-a,mock-d,76776880,76776880,07-677 6880,07-677 6880,True,False,False
synthetic/s7/0166,phone,phone,mock-b,mock-c,76776880,76776880,07-677 6880,07-677 6880,True,False,False
synthetic/s7/0166,phone,phone,mock-b,mock-d,76776880,76776880,07-677 6880,07-677 6880,True,False,False
synthetic/s7/0166,phone,phone,mock-c,mock-d,76776880,76776880,07-677 6880,07-677 6880,True,False,False
synthetic/s7/0166,tax,money,mock-a,mock-b,5.30,∅,5.30,,False,False,True
synthetic/s7/0166,tax,money,mock-a,mock-c,5.30,∅,5.30,,False,False,True
synthetic/s7/0166,tax,money,mock-a,mock-d,5.30,∅,5.30,,False,False,True
synthetic/s7/0166,tax,money,mock-b,mock-c,∅,∅,,,True,True,False
synthetic/s7/0166,tax,money,mock-b,mock-d,∅,∅,,,True,True,False
synthetic/s7/0166,tax,money,mock-c,mock-d,∅,∅,,,True,True,False
synthetic/s7/0166,total,money,mock-a,mock-b,∅,17.70,,17.70,False,False,True
synthetic/s7/0166,total,money,mock-a,mock-c,∅,17.70,,17.70,False,False,True
synthetic/s7/0166,total,money,mock-a,mock-d,∅,17.70,,17.70,False,False,True
synthetic/s7/0166,total,money,mock-b,mock-c,17.70,17.70,17.70,17.70,True,False,False
synthetic/s7/0166,total,money,mock-b,mock-d,17.70,17.70,17.70,17.70,True,False,False
synthetic/s7/0166,total,money,mock-c,mock-d,17.70,17.70,17.70,17.70,True,False,False
synthetic/s7/0167,address,address,mock-a,mock-b,lot 276 jln banting 43800 dengkil selangor,∅,"LOT 276 JALAN BANTING, 43800 DENGKIL, SELANGOR",,False,False,True
synthetic/s7/0167,address,address,mock-a,mock-c,lot 276 jln banting 43800 dengkil selangor,lot 276 jln banting 43800 dengkil selangor,"LOT 276 JALAN BANTING, 43800 DENGKIL, SELANGOR","LOT 276 JALAN BANTING, 43800 DENGKIL, SELANGOR",True,False,False
synthetic/s7/0167,address,address,mock-a,mock-d,lot 276 jln banting 43800 dengkil selangor,∅,"LOT 276 JALAN BANTING, 43800 DENGKIL, SELANGOR",,False,False,True
synthetic/s7/0167,address,address,mock-b,mock-c,∅,lot 276 jln banting 43800 dengkil selangor,,"LOT 276 JALAN BANTING, 43800 DENGKIL, SELANGOR",False,False,True
synthetic/s7/0167,address,address,mock-b,mock-d,∅,∅,,,True,True,False
synthetic/s7/0167,address,address,mock-c,mock-d,lot 276 jln banting 43800 dengkil selangor,∅,"LOT 276 JALAN BANTING, 43800 DENGKIL, SELANGOR",,False,False,True
synthetic/s7/0167,company,org,mock-a,mock-b,∅,kedai papan yew chuan,,KEDAI PAPAN YEW CHUAN,False,False,True
synthetic/s7/0167,company,org,mock-a,mock-c,∅,kedai papan yew chuan,,KEDAI PAPAN YEW CHUAN,False,False,True
synthetic/s7/0167,company,org,mock-a,mock-d,∅,kedai papan yew chuan,,KEDAI PAPAN YEW CHUAN,False,False,True
synthetic/s7/0167,company,org,mock-b,mock-c,kedai papan yew chuan,kedai papan yew chuan,KEDAI PAPAN YEW CHUAN,KEDAI PAPAN YEW CHUAN,True,False,False
synthetic/s7/0167,company,org,mock-b,mock-d,kedai papan yew chuan,kedai papan yew chuan,KEDAI PAPAN YEW CHUAN,KEDAI PAPAN YEW CHUAN,True,False,False
synthetic/s7/0167,company,org,mock-c,mock-d,kedai papan yew chuan,kedai papan yew chuan,KEDAI PAPAN YEW CHUAN,KEDAI PAPAN YEW CHUAN,True,False,False
synthetic/s7/0167,date,date,mock-a,mock-b,2018-03-28,2018-03-28,28/03/2018,28/03/2018,True,False,False
synthetic/s7/0167,date,date,mock-a,mock-c,2018-03-28,2018-03-28,28/03/2018,28/03/2018,True,False,False
synthetic/s7/0167,date,date,mock-a,mock-d,2018-03-28,2018-03-28,28/03/2018,28/03/2018,True,False,False
synthetic/s7/0167,date,date,mock-b,mock-c,2018-03-28,2018-03-28,28/03/2018,28/03/2018,True,False,False
synthetic/s7/0167,date,date,mock-b,mock-d,2018-03-28,2018-03-28,28/03/2018,28/03/2018,True,False,False
synthetic/s7/0167,date,date,mock-c,mock-d,2018-03-28,2018-03-28,28/03/2018,28/03/2018,True,False,False
synthetic/s7/0167,phone,phone,mock-a,mock-b,85742339,∅,08-574 2339,,False,False,True
synthetic/s7/0167,phone,phone,mock-a,mock-c,85742339,85742339,08-574 2339,08-574 2339,True,False,False
synthetic/s7/0167,phone,phone,mock-a,mock-d,85742339,85742339,08-574 2339,08-574 2339,True,False,False
synthetic/s7/0167,phone,phone,mock-b,mock-c,∅,85742339,,08-574 2339,False,False,True
synthetic/s7/0167,phone,phone,mock-b,mock-d,∅,85742339,,08-574 2339,False,False,True
synthetic/s7/0167,phone,phone,mock-c,mock-d,85742339,85742339,08-574 2339,08-574 2339,True,False,False
synthetic/s7/0167,tax,money,mock-a,mock-b,0.29,0.29,0.29,0.29,True,False,False
synthetic/s7/0167,tax,money,mock-a,mock-c,0.29,0.29,0.29,0.29,True,False,False
synthetic/s7/0167,tax,money,mock-a,mock-d,0.29,0.29,0.29,0.29,True,False,False
synthetic/s7/0167,tax,money,mock-b,mock-c,0.29,0.29,0.29,0.29,True,False,False
synthetic/s7/0167,tax,money,mock-b,mock-d,0.29,0.29,0.29,0.29,True,False,False
synthetic/s7/0167,tax,money,mock-c,mock-d,0.29,0.29,0.29,0.29,True,False,False
synthetic/s7/0167,total,money,mock-a,mock-b,5.09,5.09,5.09,5.09,True,False,False
synthetic/s7/0167,total,money,mock-a,mock-c,5.09,5.09,5.09,5.09,True,False,False
synthetic/s7/0167,total,money,mock-a,mock-d,5.09,5.09,5.09,5.09,True,False,False
synthetic/s7/0167,total,money,mock-b,mock-c,5.09,5.09,5.09,5.09,True,False,False
synthetic/s7/0167,total,money,mock-b,mock-d,5.09,5.09,5.09,5.09,True,False,False
synthetic/s7/0167,total,money,mock-c,mock-d,5.09,5.09,5.09,5.09,True,False,False
synthetic/s7/0168,address,address,mock-a,mock-b,no 2 and 4 jln bayu 4 bdr seri alam 81750 masai johor,no 2 and 4 jln bayu 4 bdr seri alam 81750 masai johor,"NO 2 & 4, JALAN BAYU 4, BANDAR SERI ALAM, 81750 MASAI, JOHOR","NO 2 & 4, JALAN BAYU 4, BANDAR SERI ALAM, 81750 MASAI, JOHOR",True,False,False
synthetic/s7/0168,address,address,mock-a,mock-c,no 2 and 4 jln bayu 4 bdr seri alam 81750 masai johor,no 2 and 4 jln bayu 4 bdr seri alam 81750 masai johor,"NO 2 & 4, JALAN BAYU 4, BANDAR SERI ALAM, 81750 MASAI, JOHOR","NO 2 & 4, JALAN BAYU 4, BANDAR SERI ALAM, 81750 MASAI, JOHOR",True,False,False
synthetic/s7/0168,address,address,mock-a,mock-d,no 2 and 4 jln bayu 4 bdr seri alam 81750 masai johor,no 2 and 4 jln bayu 4 bdr seri alam 81750 masai johor,"NO 2 & 4, JALAN BAYU 4, BANDAR SERI ALAM, 81750 MASAI, JOHOR","NO 2 & 4, JALAN BAYU 4, BANDAR SERI ALAM, 81750 MASAI, JOHOR",True,False,False
synthetic/s7/0168,address,address,mock-b,mock-c,no 2 and 4 jln bayu 4 bdr seri alam 81750 masai johor,no 2 and 4 jln bayu 4 bdr seri alam 81750 masai johor,"NO 2 & 4, JALAN BAYU 4, BANDAR SERI ALAM, 81750 MASAI, JOHOR","NO 2 & 4, JALAN BAYU 4, BANDAR SERI ALAM, 81750 MASAI, JOHOR",True,False,False
synthetic/s7/0168,address,address,mock-b,mock-d,no 2 and 4 jln bayu 4 bdr seri alam 81750 masai johor,no 2 and 4 jln bayu 4 bdr seri alam 81750 masai johor,"NO 2 & 4, JALAN BAYU 4, BANDAR SERI ALAM, 81750 MASAI, JOHOR","NO 2 & 4, JALAN BAYU 4, BANDAR SERI ALAM, 81750 MASAI, JOHOR",True,False,False
synthetic/s7/0168,address,address,mock-c,mock-d,no 2 and 4 jln bayu 4 bdr seri alam 81750 masai johor,no 2 and 4 jln bayu 4 bdr seri alam 81750 masai johor,"NO 2 & 4, JALAN BAYU 4, BANDAR SERI ALAM, 81750 MASAI, JOHOR","NO 2 & 4, JALAN BAYU 4, BANDAR SERI ALAM, 81750 MASAI, JOHOR",True,False,False
synthetic/s7/0168,company,org,mock-a,mock-b,ojc marketing,ojc marketing,OJC MARKETING SDN BHD,OJC MARKETING SDN BHD,True,False,False
synthetic/s7/0168,company,org,mock-a,mock-c,ojc marketing,ojc marketing,OJC MARKETING SDN BHD,OJC MARKETING SDN BHD,True,False,False
synthetic/s7/0168,company,org,mock-a,mock-d,ojc marketing,ojc marketing,OJC MARKETING SDN BHD,OJC MARKETING SDN BHD,True,False,False
synthetic/s7/0168,company,org,mock-b,mock-c,ojc marketing,ojc marketing,OJC MARKETING SDN BHD,OJC MARKETING SDN BHD,True,False,False
synthetic/s7/0168,company,org,mock-b,mock-d,ojc marketing,ojc marketing,OJC MARKETING SDN BHD,OJC MARKETING SDN BHD,True,False,False
synthetic/s7/0168,company,org,mock-c,mock-d,ojc marketing,ojc marketing,OJC MARKETING SDN BHD,OJC MARKETING SDN BHD,True,False,False
synthetic/s7/0168,date,date,mock-a,mock-b,2019-06-01,2019-06-01,01/06/2019,01/06/2019,True,False,False
synthetic/s7/0168,date,date,mock-a,mock-c,2019-06-01,2019-06-01,01/06/2019,01/06/2019,True,False,False
synthetic/s7/0168,date,date,mock-a,mock-d,2019-06-01,2019-06-01,01/06/2019,01/06/2019,True,False,False
synthetic/s7/0168,date,date,mock-b,mock-c,2019-06-01,2019-06-01,01/06/2019,01/06/2019,True,False,False
synthetic/s7/0168,date,date,mock-b,mock-d,2019-06-01,2019-06-01,01/06/2019,01/06/2019,True,False,False
synthetic/s7/0168,date,date,mock-c,mock-d,2019-06-01,2019-06-01,01/06/2019,01/06/2019,True,False,False
synthetic/s7/0168,phone,phone,mock-a,mock-b,∅,312345678,,03-1234 5678,False,False,True
synthetic/s7/0168,phone,phone,mock-a,mock-c,∅,∅,,,True,True,False
synthetic/s7/0168,phone,phone,mock-a,mock-d,∅,∅,,,True,True,False
synthetic/s7/0168,phone,phone,mock-b,mock-c,312345678,∅,03-1234 5678,,False,False,True
synthetic/s7/0168,phone,phone,mock-b,mock-d,312345678,∅,03-1234 5678,,False,False,True
synthetic/s7/0168,phone,phone,mock-c,mock-d,∅,∅,,,True,True,False
synthetic/s7/0168,tax,money,mock-a,mock-b,0.77,0.77,0.77,0.77,True,False,False
synthetic/s7/0168,tax,money,mock-a,mock-c,0.77,0.77,0.77,0.77,True,False,False
synthetic/s7/0168,tax,money,mock-a,mock-d,0.77,0.77,0.77,0.77,True,False,False
synthetic/s7/0168,tax,money,mock-b,mock-c,0.77,0.77,0.77,0.77,True,False,False
synthetic/s7/0168,tax,money,mock-b,mock-d,0.77,0.77,0.77,0.77,True,False,False
synthetic/s7/0168,tax,money,mock-c,mock-d,0.77,0.77,0.77,0.77,True,False,False
synthetic/s7/0168,total,money,mock-a,mock-b,13.67,13.67,13.67,13.67,True,False,False
synthetic/s7/0168,total,money,mock-a,mock-c,13.67,13.67,13.67,13.67,True,False,False
synthetic/s7/0168,total,money,mock-a,mock-d,13.67,11.27,13.67,11.27,False,False,False
synthetic/s7/0168,total,money,mock-b,mock-c,13.67,13.67,13.67,13.67,True,False,False
synthetic/s7/0168,total,money,mock-b,mock-d,13.67,11.27,13.67,11.27,False,False,False
synthetic/s7/0168,total,money,mock-c,mock-d,13.67,11.27,13.67,11.27,False,False,False
synthetic/s7/0169,address,address,mock-a,mock-b,no 59 jln permas 9 5 bdr baru permas jaya 81750 johor bahru,∅,"NO.59 JALAN PERMAS 9/5, BANDAR BARU PERMAS JAYA, 81750 JOHOR BAHRU",,False,False,True
synthetic/s7/0169,address,address,mock-a,mock-c,no 59 jln permas 9 5 bdr baru permas jaya 81750 johor bahru,no 59 jln permas 9 5 bdr baru permas jaya 81750 johor bahru,"NO.59 JALAN PERMAS 9/5, BANDAR BARU PERMAS JAYA, 81750 JOHOR BAHRU","NO.59 JALAN PERMAS 9/5, BANDAR BARU PERMAS JAYA, 81750 JOHOR BAHRU",True,False,False
synthetic/s7/0169,address,address,mock-a,mock-d,no 59 jln permas 9 5 bdr baru permas jaya 81750 johor bahru,no 59 jln permas 9 5 bdr baru permas jaya 81750 johor bahru,"NO.59 JALAN PERMAS 9/5, BANDAR BARU PERMAS JAYA, 81750 JOHOR BAHRU","NO.59 JALAN PERMAS 9/5, BANDAR BARU PERMAS JAYA, 81750 JOHOR BAHRU",True,False,False
synthetic/s7/0169,address,address,mock-b,mock-c,∅,no 59 jln permas 9 5 bdr baru permas jaya 81750 johor bahru,,"NO.59 JALAN PERMAS 9/5, BANDAR BARU PERMAS JAYA, 81750 JOHOR BAHRU",False,False,True
synthetic/s7/0169,address,address,mock-b,mock-d,∅,no 59 jln permas 9 5 bdr baru permas jaya 81750 johor bahru,,"NO.59 JALAN PERMAS 9/5, BANDAR BARU PERMAS JAYA, 81750 JOHOR BAHRU",False,False,True
synthetic/s7/0169,address,address,mock-c,mock-d,no 59 jln permas 9 5 bdr baru permas jaya 81750 johor bahru,no 59 jln permas 9 5 bdr baru permas jaya 81750 johor bahru,"NO.59 JALAN PERMAS 9/5, BANDAR BARU PERMAS JAYA, 81750 JOHOR BAHRU","NO.59 JALAN PERMAS 9/5, BANDAR BARU PERMAS JAYA, 81750 JOHOR BAHRU",True,False,False
synthetic/s7/0169,company,org,mock-a,mock-b,zheng hui,perniagaan zheng hui,ZHENG HUI,PERNIAGAAN ZHENG HUI,False,False,False
synthetic/s7/0169,company,org,mock-a,mock-c,zheng hui,zheng hui,ZHENG HUI,ZHENG HUI,True,False,False
synthetic/s7/0169,company,org,mock-a,mock-d,zheng hui,perniagaan zheng hui,ZHENG HUI,PERNIAGAAN ZHENG HUI,False,False,False
synthetic/s7/0169,company,org,mock-b,mock-c,perniagaan zheng hui,zheng hui,PERNIAGAAN ZHENG HUI,ZHENG HUI,False,False,False
synthetic/s7/0169,company,org,mock-b,mock-d,perniagaan zheng hui,perniagaan zheng hui,PERNIAGAAN ZHENG HUI,PERNIAGAAN ZHENG HUI,True,False,False
synthetic/s7/0169,company,org,mock-c,mock-d,zheng hui,perniagaan zheng hui,ZHENG HUI,PERNIAGAAN ZHENG HUI,False,False,False
synthetic/s7/0169,date,date,mock-a,mock-b,2019-04-19,2019-04-19,19/04/2019,19/04/2019,True,False,False
synthetic/s7/0169,date,date,mock-a,mock-c,2019-04-19,2019-04-19,19/04/2019,19/04/2019,True,False,False
synthetic/s7/0169,date,date,mock-a,mock-d,2019-04-19,2019-04-19,19/04/2019,19/04/2019,True,False,False
synthetic/s7/0169,date,date,mock-b,mock-c,2019-04-19,2019-04-19,19/04/2019,19/04/2019,True,False,False
synthetic/s7/0169,date,date,mock-b,mock-d,2019-04-19,2019-04-19,19/04/2019,19/04/2019,True,False,False
synthetic/s7/0169,date,date,mock-c,mock-d,2019-04-19,2019-04-19,19/04/2019,19/04/2019,True,False,False
synthetic/s7/0169,phone,phone,mock-a,mock-b,∅,∅,,,True,True,False
synthetic/s7/0169,phone,phone,mock-a,mock-c,∅,∅,,,True,True,False
synthetic/s7/0169,phone,phone,mock-a,mock-d,∅,312345678,,03-1234 5678,False,False,True
synthetic/s7/0169,phone,phone,mock-b,mock-c,∅,∅,,,True,True,False
synthetic/s7/0169,phone,phone,mock-b,mock-d,∅,312345678,,03-1234 5678,False,False,True
synthetic/s7/0169,phone,phone,mock-c,mock-d,∅,312345678,,03-1234 5678,False,False,True
synthetic/s7/0169,tax,money,mock-a,mock-b,∅,∅,,,True,True,False
synthetic/s7/0169,tax,money,mock-a,mock-c,∅,∅,,,True,True,False
synthetic/s7/0169,tax,money,mock-a,mock-d,∅,∅,,,True,True,False
synthetic/s7/0169,tax,money,mock-b,mock-c,∅,∅,,,True,True,False
synthetic/s7/0169,tax,money,mock-b,mock-d,∅,∅,,,True,True,False
synthetic/s7/0169,tax,money,mock-c,mock-d,∅,∅,,,True,True,False
synthetic/s7/0169,total,money,mock-a,mock-b,26.10,26.10,26.10,26.10,True,False,False
synthetic/s7/0169,total,money,mock-a,mock-c,26.10,26.10,26.10,26.10,True,False,False
synthetic/s7/0169,total,money,mock-a,mock-d,26.10,26.10,26.10,26.10,True,False,False
synthetic/s7/0169,total,money,mock-b,mock-c,26.10,26.10,26.10,26.10,True,False,False
synthetic/s7/0169,total,money,mock-b,mock-d,26.10,26.10,26.10,26.10,True,False,False
synthetic/s7/0169,total,money,mock-c,mock-d,26.10,26.10,26.10,26.10,True,False,False
synthetic/s7/0170,address,address,mock-a,mock-b,lot 3 jln pelabur 23 1 40300 shah alam selangor,lot 3 jln pelabur 23 1 40300 shah alam selangor,"LOT 3, JALAN PELABUR 23/1, 40300 SHAH ALAM, SELANGOR","LOT 3, JALAN PELABUR 23/1, 40300 SHAH ALAM, SELANGOR",True,False,False
synthetic/s7/0170,address,address,mock-a,mock-c,lot 3 jln pelabur 23 1 40300 shah alam selangor,lot 3 jln pelabur 23 1 40300 shah alam selangor,"LOT 3, JALAN PELABUR 23/1, 40300 SHAH ALAM, SELANGOR","LOT 3, JALAN PELABUR 23/1, 40300 SHAH ALAM, SELANGOR",True,False,False
synthetic/s7/0170,address,address,mock-a,mock-d,lot 3 jln pelabur 23 1 40300 shah alam selangor,lot 3 jln pelabur 23 1 40300 shah alam selangor,"LOT 3, JALAN PELABUR 23/1, 40300 SHAH ALAM, SELANGOR","LOT 3, JALAN PELABUR 23/1, 40300 SHAH ALAM, SELANGOR",True,False,False
synthetic/s7/0170,address,address,mock-b,mock-c,lot 3 jln pelabur 23 1 40300 shah alam selangor,lot 3 jln pelabur 23 1 40300 shah alam selangor,"LOT 3, JALAN PELABUR 23/1, 40300 SHAH ALAM, SELANGOR","LOT 3, JALAN PELABUR 23/1, 40300 SHAH ALAM, SELANGOR",True,False,False
synthetic/s7/0170,address,address,mock-b,mock-d,lot 3 jln pelabur 23 1 40300 shah alam selangor,lot 3 jln pelabur 23 1 40300 shah alam selangor,"LOT 3, JALAN PELABUR 23/1, 40300 SHAH ALAM, SELANGOR","LOT 3, JALAN PELABUR 23/1, 40300 SHAH ALAM, SELANGOR",True,False,False
synthetic/s7/0170,address,address,mock-c,mock-d,lot 3 jln pelabur 23 1 40300 shah alam selangor,lot 3 jln pelabur 23 1 40300 shah alam selangor,"LOT 3, JALAN PELABUR 23/1, 40300 SHAH ALAM, SELANGOR","LOT 3, JALAN PELABUR 23/1, 40300 SHAH ALAM, SELANGOR",True,False,False
synthetic/s7/0170,company,org,mock-a,mock-b,gardenia bakeries kl,gardenia bakeries kl,GARDENIA BAKERIES (KL) SDN BHD,GARDENIA BAKERIES (KL) SDN BHD,True,False,False
synthetic/s7/0170,company,org,mock-a,mock-c,gardenia bakeries kl,gardenia bakeries kl sdn,GARDENIA BAKERIES (KL) SDN BHD,GARDENIA BAKERIES (KL) SDN,False,False,False
synthetic/s7/0170,company,org,mock-a,mock-d,gardenia bakeries kl,gardenia bakeries kl,GARDENIA BAKERIES (KL) SDN BHD,GARDENIA BAKERIES (KL) SDN BHD,True,False,False
synthetic/s7/0170,company,org,mock-b,mock-c,gardenia bakeries kl,gardenia bakeries kl sdn,GARDENIA BAKERIES (KL) SDN BHD,GARDENIA BAKERIES (KL) SDN,False,False,False
synthetic/s7/0170,company,org,mock-b,mock-d,gardenia bakeries kl,gardenia bakeries kl,GARDENIA BAKERIES (KL) SDN BHD,GARDENIA BAKERIES (KL) SDN BHD,True,False,False
synthetic/s7/0170,company,org,mock-c,mock-d,gardenia bakeries kl sdn,gardenia bakeries kl,GARDENIA BAKERIES (KL) SDN,GARDENIA BAKERIES (KL) SDN BHD,False,False,False
synthetic/s7/0170,date,date,mock-a,mock-b,2018-04-11,2018-04-11,11/04/2018,11/04/2018,True,False,False
synthetic/s7/0170,date,date,mock-a,mock-c,2018-04-11,2018-04-11,11/04/2018,11/04/2018,True,False,False
synthetic/s7/0170,date,date,mock-a,mock-d,2018-04-11,2018-04-11,11/04/2018,11/04/2018,True,False,False
synthetic/s7/0170,date,date,mock-b,mock-c,2018-04-11,2018-04-11,11/04/2018,11/04/2018,True,False,False
synthetic/s7/0170,date,date,mock-b,mock-d,2018-04-11,2018-04-11,11/04/2018,11/04/2018,True,False,False
synthetic/s7/0170,date,date,mock-c,mock-d,2018-04-11,2018-04-11,11/04/2018,11/04/2018,True,False,False
synthetic/s7/0170,phone,phone,mock-a,mock-b,∅,∅,,,True,True,False
synthetic/s7/0170,phone,phone,mock-a,mock-c,∅,∅,,,True,True,False
synthetic/s7/0170,phone,phone,mock-a,mock-d,∅,∅,,,True,True,False
synthetic/s7/0170,phone,phone,mock-b,mock-c,∅,∅,,,True,True,False
synthetic/s7/0170,phone,phone,mock-b,mock-d,∅,∅,,,True,True,False
synthetic/s7/0170,phone,phone,mock-c,mock-d,∅,∅,,,True,True,False
synthetic/s7/0170,tax,money,mock-a,mock-b,∅,∅,,,True,True,False
synthetic/s7/0170,tax,money,mock-a,mock-c,∅,∅,,,True,True,False
synthetic/s7/0170,tax,money,mock-a,mock-d,∅,∅,,,True,True,False
synthetic/s7/0170,tax,money,mock-b,mock-c,∅,∅,,,True,True,False
synthetic/s7/0170,tax,money,mock-b,mock-d,∅,∅,,,True,True,False
synthetic/s7/0170,tax,money,mock-c,mock-d,∅,∅,,,True,True,False
synthetic/s7/0170,total,money,mock-a,mock-b,53.80,∅,53.80,,False,False,True
synthetic/s7/0170,total,money,mock-a,mock-c,53.80,∅,53.80,,False,False,True
synthetic/s7/0170,total,money,mock-a,mock-d,53.80,53.80,53.80,53.80,True,False,False
synthetic/s7/0170,total,money,mock-b,mock-c,∅,∅,,,True,True,False
synthetic/s7/0170,total,money,mock-b,mock-d,∅,53.80,,53.80,False,False,True
synthetic/s7/0170,total,money,mock-c,mock-d,∅,53.80,,53.80,False,False,True
synthetic/s7/0171,address,address,mock-a,mock-b,no 31g and 33g jln setia indah x u13 x 40170 setia alam,no 31g and 33g jln setia indah x u13 x 40170 setia alam,"NO. 31G&33G, JALAN SETIA INDAH X, U13/X, 40170 SETIA ALAM","NO. 31G&33G, JALAN SETIA INDAH X, U13/X, 40170 SETIA ALAM",True,False,False
synthetic/s7/0171,address,address,mock-a,mock-c,no 31g and 33g jln setia indah x u13 x 40170 setia alam,no 31g and 33g jln setia indah x u13 x 40170 setia alam,"NO. 31G&33G, JALAN SETIA INDAH X, U13/X, 40170 SETIA ALAM","NO. 31G&33G, JALAN SETIA INDAH X, U13/X, 40170 SETIA ALAM",True,False,False
synthetic/s7/0171,address,address,mock-a,mock-d,no 31g and 33g jln setia indah x u13 x 40170 setia alam,no 31g and 33g jln setia indah x u13 x,"NO. 31G&33G, JALAN SETIA INDAH X, U13/X, 40170 SETIA ALAM","NO. 31G&33G, JALAN SETIA INDAH X, U13/X",False,False,False
synthetic/s7/0171,address,address,mock-b,mock-c,no 31g and 33g jln setia indah x u13 x 40170 setia alam,no 31g and 33g jln setia indah x u13 x 40170 setia alam,"NO. 31G&33G, JALAN SETIA INDAH X, U13/X, 40170 SETIA ALAM","NO. 31G&33G, JALAN SETIA INDAH X, U13/X, 40170 SETIA ALAM",True,False,False
synthetic/s7/0171,address,address,mock-b,mock-d,no 31g and 33g jln setia indah x u13 x 40170 setia alam,no 31g and 33g jln setia indah x u13 x,"NO. 31G&33G, JALAN SETIA INDAH X, U13/X, 40170 SETIA ALAM","NO. 31G&33G, JALAN SETIA INDAH X, U13/X",False,False,False
synthetic/s7/0171,address,address,mock-c,mock-d,no 31g and 33g jln setia indah x u13 x 40170 setia alam,no 31g and 33g jln setia indah x u13 x,"NO. 31G&33G, JALAN SETIA INDAH X, U13/X, 40170 SETIA ALAM","NO. 31G&33G, JALAN SETIA INDAH X, U13/X",False,False,False
synthetic/s7/0171,company,org,mock-a,mock-b,sanyu stationery shop,sanyu stationery shop,SANYU STATIONERY SHOP,SANYU STATIONERY SHOP,True,False,False
synthetic/s7/0171,company,org,mock-a,mock-c,sanyu stationery shop,sanyu stationery shop,SANYU STATIONERY SHOP,SANYU STATIONERY SHOP,True,False,False
synthetic/s7/0171,company,org,mock-a,mock-d,sanyu stationery shop,sanyu stationery shop,SANYU STATIONERY SHOP,SANYU STATIONERY SHOP,True,False,False
synthetic/s7/0171,company,org,mock-b,mock-c,sanyu stationery shop,sanyu stationery shop,SANYU STATIONERY SHOP,SANYU STATIONERY SHOP,True,False,False
synthetic/s7/0171,company,org,mock-b,mock-d,sanyu stationery shop,sanyu stationery shop,SANYU STATIONERY SHOP,SANYU STATIONERY SHOP,True,False,False
synthetic/s7/0171,company,org,mock-c,mock-d,sanyu stationery shop,sanyu stationery shop,SANYU STATIONERY SHOP,SANYU STATIONERY SHOP,True,False,False
synthetic/s7/0171,date,date,mock-a,mock-b,2019-10-28,∅,28/10/2019,,False,False,True
synthetic/s7/0171,date,date,mock-a,mock-c,2019-10-28,2019-10-28,28/10/2019,28/10/2019,True,False,False
synthetic/s7/0171,date,date,mock-a,mock-d,2019-10-28,2019-10-28,28/10/2019,28/10/2019,True,False,False
synthetic/s7/0171,date,date,mock-b,mock-c,∅,2019-10-28,,28/10/2019,False,False,True
synthetic/s7/0171,date,date,mock-b,mock-d,∅,2019-10-28,,28/10/2019,False,False,True
synthetic/s7/0171,date,date,mock-c,mock-d,2019-10-28,2019-10-28,28/10/2019,28/10/2019,True,False,False
synthetic/s7/0171,phone,phone,mock-a,mock-b,81919298,681919298,08-191 9298,68-191 9298,False,False,False
synthetic/s7/0171,phone,phone,mock-a,mock-c,81919298,81919298,08-191 9298,08-191 9298,True,False,False
synthetic/s7/0171,phone,phone,mock-a,mock-d,81919298,81919298,08-191 9298,08-191 9298,True,False,False
synthetic/s7/0171,phone,phone,mock-b,mock-c,681919298,81919298,68-191 9298,08-191 9298,False,False,False
synthetic/s7/0171,phone,phone,mock-b,mock-d,681919298,81919298,68-191 9298,08-191 9298,False,False,False
synthetic/s7/0171,phone,phone,mock-c,mock-d,81919298,81919298,08-191 9298,08-191 9298,True,False,False
synthetic/s7/0171,tax,money,mock-a,mock-b,0.77,0.77,0.77,0.77,True,False,False
synthetic/s7/0171,tax,money,mock-a,mock-c,0.77,0.77,0.77,0.77,True,False,False
synthetic/s7/0171,tax,money,mock-a,mock-d,0.77,0.77,0.77,0.77,True,False,False
synthetic/s7/0171,tax,money,mock-b,mock-c,0.77,0.77,0.77,0.77,True,False,False
synthetic/s7/0171,tax,money,mock-b,mock-d,0.77,0.77,0.77,0.77,True,False,False
synthetic/s7/0171,tax,money,mock-c,mock-d,0.77,0.77,0.77,0.77,True,False,False
synthetic/s7/0171,total,money,mock-a,mock-b,13.67,13.67,13.67,13.67,True,False,False
synthetic/s7/0171,total,money,mock-a,mock-c,13.67,13.67,13.67,13.67,True,False,False
synthetic/s7/0171,total,money,mock-a,mock-d,13.67,93.67,13.67,93.67,False,False,False
synthetic/s7/0171,total,money,mock-b,mock-c,13.67,13.67,13.67,13.67,True,False,False
synthetic/s7/0171,total,money,mock-b,mock-d,13.67,93.67,13.67,93.67,False,False,False
synthetic/s7/0171,total,money,mock-c,mock-d,13.67,93.67,13.67,93.67,False,False,False
synthetic/s7/0172,address,address,mock-a,mock-b,lot p t 2811 jln angsana tmn mutiara rini,lot p t 2811 jln angsana tmn mutiara rini 81300 skudai,"LOT P.T. 2811, JALAN ANGSANA, TAMAN MUTIARA RINI","LOT P.T. 2811, JALAN ANGSANA, TAMAN MUTIARA RINI, 81300 SKUDAI",False,False,False
synthetic/s7/0172,address,address,mock-a,mock-c,lot p t 2811 jln angsana tmn mutiara rini,lot p t 2811 jln angsana tmn mutiara rini 81300 skudai,"LOT P.T. 2811, JALAN ANGSANA, TAMAN MUTIARA RINI","LOT P.T. 2811, JALAN ANGSANA, TAMAN MUTIARA RINI, 81300 SKUDAI",False,False,False
synthetic/s7/0172,address,address,mock-a,mock-d,lot p t 2811 jln angsana tmn mutiara rini,lot p t 2811 jln angsana tmn mutiara rini 81300 skudai,"LOT P.T. 2811, JALAN ANGSANA, TAMAN MUTIARA RINI","LOT P.T. 2811, JALAN ANGSANA, TAMAN MUTIARA RINI, 81300 SKUDAI",False,False,False
synthetic/s7/0172,address,address,mock-b,mock-c,lot p t 2811 jln angsana tmn mutiara rini 81300 skudai,lot p t 2811 jln angsana tmn mutiara rini 81300 skudai,"LOT P.T. 2811, JALAN ANGSANA, TAMAN MUTIARA RINI, 81300 SKUDAI","LOT P.T. 2811, JALAN ANGSANA, TAMAN MUTIARA RINI, 81300 SKUDAI",True,False,False
synthetic/s7/0172,address,address,mock-b,mock-d,lot p t 2811 jln angsana tmn mutiara rini 81300 skudai,lot p t 2811 jln angsana tmn mutiara rini 81300 skudai,"LOT P.T. 2811, JALAN ANGSANA, TAMAN MUTIARA RINI, 81300 SKUDAI","LOT P.T. 2811, JALAN ANGSANA, TAMAN MUTIARA RINI, 81300 SKUDAI",True,False,False
synthetic/s7/0172,address,address,mock-c,mock-d,lot p t 2811 jln angsana tmn mutiara rini 81300 skudai,lot p t 2811 jln angsana tmn mutiara rini 81300 skudai,"LOT P.T. 2811, JALAN ANGSANA, TAMAN MUTIARA RINI, 81300 SKUDAI","LOT P.T. 2811, JALAN ANGSANA, TAMAN MUTIARA RINI, 81300 SKUDAI",True,False,False
synthetic/s7/0172,company,org,mock-a,mock-b,99 speed mart s b,99 speed mart s b,99 SPEED MART S/B,99 SPEED MART S/B,True,False,False
synthetic/s7/0172,company,org,mock-a,mock-c,99 speed mart s b,speed mart s b,99 SPEED MART S/B,SPEED MART S/B,False,False,False
synthetic/s7/0172,company,org,mock-a,mock-d,99 speed mart s b,99 speed mart s b,99 SPEED MART S/B,99 SPEED MART S/B,True,False,False
synthetic/s7/0172,company,org,mock-b,mock-c,99 speed mart s b,speed mart s b,99 SPEED MART S/B,SPEED MART S/B,False,False,False
synthetic/s7/0172,company,org,mock-b,mock-d,99 speed mart s b,99 speed mart s b,99 SPEED MART S/B,99 SPEED MART S/B,True,False,False
synthetic/s7/0172,company,org,mock-c,mock-d,speed mart s b,99 speed mart s b,SPEED MART S/B,99 SPEED MART S/B,False,False,False
synthetic/s7/0172,date,date,mock-a,mock-b,2019-03-28,∅,28/03/2019,,False,False,True
synthetic/s7/0172,date,date,mock-a,mock-c,2019-03-28,2019-03-28,28/03/2019,28/03/2019,True,False,False
synthetic/s7/0172,date,date,mock-a,mock-d,2019-03-28,2019-03-28,28/03/2019,28/03/2019,True,False,False
synthetic/s7/0172,date,date,mock-b,mock-c,∅,2019-03-28,,28/03/2019,False,False,True
synthetic/s7/0172,date,date,mock-b,mock-d,∅,2019-03-28,,28/03/2019,False,False,True
synthetic/s7/0172,date,date,mock-c,mock-d,2019-03-28,2019-03-28,28/03/2019,28/03/2019,True,False,False
synthetic/s7/0172,phone,phone,mock-a,mock-b,51601455,51601455,05-160 1455,05-160 1455,True,False,False
synthetic/s7/0172,phone,phone,mock-a,mock-c,51601455,51601455,05-160 1455,05-160 1455,True,False,False
synthetic/s7/0172,phone,phone,mock-a,mock-d,51601455,51601455,05-160 1455,05-160 1455,True,False,False
synthetic/s7/0172,phone,phone,mock-b,mock-c,51601455,51601455,05-160 1455,05-160 1455,True,False,False
synthetic/s7/0172,phone,phone,mock-b,mock-d,51601455,51601455,05-160 1455,05-160 1455,True,False,False
synthetic/s7/0172,phone,phone,mock-c,mock-d,51601455,51601455,05-160 1455,05-160 1455,True,False,False
synthetic/s7/0172,tax,money,mock-a,mock-b,0.97,0.97,0.97,0.97,True,False,False
synthetic/s7/0172,tax,money,mock-a,mock-c,0.97,0.97,0.97,0.97,True,False,False
synthetic/s7/0172,tax,money,mock-a,mock-d,0.97,0.97,0.97,0.97,True,False,False
synthetic/s7/0172,tax,money,mock-b,mock-c,0.97,0.97,0.97,0.97,True,False,False
synthetic/s7/0172,tax,money,mock-b,mock-d,0.97,0.97,0.97,0.97,True,False,False
synthetic/s7/0172,tax,money,mock-c,mock-d,0.97,0.97,0.97,0.97,True,False,False
synthetic/s7/0172,total,money,mock-a,mock-b,17.07,17.07,17.07,17.07,True,False,False
synthetic/s7/0172,total,money,mock-a,mock-c,17.07,17.07,17.07,17.07,True,False,False
synthetic/s7/0172,total,money,mock-a,mock-d,17.07,17.07,17.07,17.07,True,False,False
synthetic/s7/0172,total,money,mock-b,mock-c,17.07,17.07,17.07,17.07,True,False,False
synthetic/s7/0172,total,money,mock-b,mock-d,17.07,17.07,17.07,17.07,True,False,False
synthetic/s7/0172,total,money,mock-c,mock-d,17.07,17.07,17.07,17.07,True,False,False
synthetic/s7/0173,address,address,mock-a,mock-b,lot 276 jln banting 43800 dengkil,lot 276 jln banting 43800 dengkil,"LOT 276 JALAN BANTING, 43800 DENGKIL","LOT 276 JALAN BANTING, 43800 DENGKIL",True,False,False
synthetic/s7/0173,address,address,mock-a,mock-c,lot 276 jln banting 43800 dengkil,lot 276 jln banting 43800 dengkil,"LOT 276 JALAN BANTING, 43800 DENGKIL","LOT 276 JALAN BANTING, 43800 DENGKIL",True,False,False
synthetic/s7/0173,address,address,mock-a,mock-d,lot 276 jln banting 43800 dengkil,lot 276 jln banting 43800 dengkil,"LOT 276 JALAN BANTING, 43800 DENGKIL","LOT 276 JALAN BANTING, 43800 DENGKIL",True,False,False
synthetic/s7/0173,address,address,mock-b,mock-c,lot 276 jln banting 43800 dengkil,lot 276 jln banting 43800 dengkil,"LOT 276 JALAN BANTING, 43800 DENGKIL","LOT 276 JALAN BANTING, 43800 DENGKIL",True,False,False
synthetic/s7/0173,address,address,mock-b,mock-d,lot 276 jln banting 43800 dengkil,lot 276 jln banting 43800 dengkil,"LOT 276 JALAN BANTING, 43800 DENGKIL","LOT 276 JALAN BANTING, 43800 DENGKIL",True,False,False
synthetic/s7/0173,address,address,mock-c,mock-d,lot 276 jln banting 43800 dengkil,lot 276 jln banting 43800 dengkil,"LOT 276 JALAN BANTING, 43800 DENGKIL","LOT 276 JALAN BANTING, 43800 DENGKIL",True,False,False
synthetic/s7/0173,company,org,mock-a,mock-b,kedai papan yew chuan,kedai papan yew,KEDAI PAPAN YEW CHUAN,KEDAI PAPAN YEW,False,False,False
synthetic/s7/0173,company,org,mock-a,mock-c,kedai papan yew chuan,kedai papan yew chuan,KEDAI PAPAN YEW CHUAN,KEDAI PAPAN YEW CHUAN,True,False,False
synthetic/s7/0173,company,org,mock-a,mock-d,kedai papan yew chuan,papan yew chuan,KEDAI PAPAN YEW CHUAN,PAPAN YEW CHUAN,False,False,False
synthetic/s7/0173,company,org,mock-b,mock-c,kedai papan yew,kedai papan yew chuan,KEDAI PAPAN YEW,KEDAI PAPAN YEW CHUAN,False,False,False
synthetic/s7/0173,company,org,mock-b,mock-d,kedai papan yew,papan yew chuan,KEDAI PAPAN YEW,PAPAN YEW CHUAN,False,False,False
synthetic/s7/0173,company,org,mock-c,mock-d,kedai papan yew chuan,papan yew chuan,KEDAI PAPAN YEW CHUAN,PAPAN YEW CHUAN,False,False,False
synthetic/s7/0173,date,date,mock-a,mock-b,2019-12-23,2019-12-23,23/12/2019,23/12/2019,True,False,False
synthetic/s7/0173,date,date,mock-a,mock-c,2019-12-23,2019-12-23,23/12/2019,23/12/2019,True,False,False
synthetic/s7/0173,date,date,mock-a,mock-d,2019-12-23,2019-12-23,23/12/2019,23/12/2019,True,False,False
synthetic/s7/0173,date,date,mock-b,mock-c,2019-12-23,2019-12-23,23/12/2019,23/12/2019,True,False,False
synthetic/s7/0173,date,date,mock-b,mock-d,2019-12-23,2019-12-23,23/12/2019,23/12/2019,True,False,False
synthetic/s7/0173,date,date,mock-c,mock-d,2019-12-23,2019-12-23,23/12/2019,23/12/2019,True,False,False
synthetic/s7/0173,phone,phone,mock-a,mock-b,∅,∅,,,True,True,False
synthetic/s7/0173,phone,phone,mock-a,mock-c,∅,∅,,,True,True,False
synthetic/s7/0173,phone,phone,mock-a,mock-d,∅,∅,,,True,True,False
synthetic/s7/0173,phone,phone,mock-b,mock-c,∅,∅,,,True,True,False
synthetic/s7/0173,phone,phone,mock-b,mock-d,∅,∅,,,True,True,False
synthetic/s7/0173,phone,phone,mock-c,mock-d,∅,∅,,,True,True,False
synthetic/s7/0173,tax,money,mock-a,mock-b,0.77,0.77,0.77,0.77,True,False,False
synthetic/s7/0173,tax,money,mock-a,mock-c,0.77,0.77,0.77,0.77,True,False,False
synthetic/s7/0173,tax,money,mock-a,mock-d,0.77,0.77,0.77,0.77,True,False,False
synthetic/s7/0173,tax,money,mock-b,mock-c,0.77,0.77,0.77,0.77,True,False,False
synthetic/s7/0173,tax,money,mock-b,mock-d,0.77,0.77,0.77,0.77,True,False,False
synthetic/s7/0173,tax,money,mock-c,mock-d,0.77,0.77,0.77,0.77,True,False,False
synthetic/s7/0173,total,money,mock-a,mock-b,13.67,13.67,13.67,13.67,True,False,False
synthetic/s7/0173,total,money,mock-a,mock-c,13.67,13.67,13.67,13.67,True,False,False
synthetic/s7/0173,total,money,mock-a,mock-d,13.67,13.67,13.67,13.67,True,False,False
synthetic/s7/0173,total,money,mock-b,mock-c,13.67,13.67,13.67,13.67,True,False,False
synthetic/s7/0173,total,money,mock-b,mock-d,13.67,13.67,13.67,13.67,True,False,False
synthetic/s7/0173,total,money,mock-c,mock-d,13.67,13.67,13.67,13.67,True,False,False
synthetic/s7/0174,address,address,mock-a,mock-b,no 2 and 4 jln bayu 4 bdr seri alam 81750 masai johor,no 2 and 4 jln bayu 4 bdr seri alam 81750 masai,"NO 2 & 4, JALAN BAYU 4, BANDAR SERI ALAM, 81750 MASAI, JOHOR","NO 2 & 4, JALAN BAYU 4, BANDAR SERI ALAM, 81750 MASAI",False,False,False
synthetic/s7/0174,address,address,mock-a,mock-c,no 2 and 4 jln bayu 4 bdr seri alam 81750 masai johor,no 2 and 4 jln bayu 4 bdr seri alam 81750 masai johor,"NO 2 & 4, JALAN BAYU 4, BANDAR SERI ALAM, 81750 MASAI, JOHOR","NO 2 & 4, JALAN BAYU 4, BANDAR SERI ALAM, 81750 MASAI, JOHOR",True,False,False
synthetic/s7/0174,address,address,mock-a,mock-d,no 2 and 4 jln bayu 4 bdr seri alam 81750 masai johor,no 2 and 4 jln bayu 4 bdr seri alam 81750 masai,"NO 2 & 4, JALAN BAYU 4, BANDAR SERI ALAM, 81750 MASAI, JOHOR","NO 2 & 4, JALAN BAYU 4, BANDAR SERI ALAM, 81750 MASAI",False,False,False
synthetic/s7/0174,address,address,mock-b,mock-c,no 2 and 4 jln bayu 4 bdr seri alam 81750 masai,no 2 and 4 jln bayu 4 bdr seri alam 81750 masai johor,"NO 2 & 4, JALAN BAYU 4, BANDAR SERI ALAM, 81750 MASAI","NO 2 & 4, JALAN BAYU 4, BANDAR SERI ALAM, 81750 MASAI, JOHOR",False,False,False
synthetic/s7/0174,address,address,mock-b,mock-d,no 2 and 4 jln bayu 4 bdr seri alam 81750 masai,no 2 and 4 jln bayu 4 bdr seri alam 81750 masai,"NO 2 & 4, JALAN BAYU 4, BANDAR SERI ALAM, 81750 MASAI","NO 2 & 4, JALAN BAYU 4, BANDAR SERI ALAM, 81750 MASAI",True,False,False
synthetic/s7/0174,address,address,mock-c,mock-d,no 2 and 4 jln bayu 4 bdr seri alam 81750 masai johor,no 2 and 4 jln bayu 4 bdr seri alam 81750 masai,"NO 2 & 4, JALAN BAYU 4, BANDAR SERI ALAM, 81750 MASAI, JOHOR","NO 2 & 4, JALAN BAYU 4, BANDAR SERI ALAM, 81750 MASAI",False,False,False
synthetic/s7/0174,company,org,mock-a,mock-b,ojc marketing,ojc marketing,OJC MARKETING SDN BHD,OJC MARKETING SDN BHD,True,False,False
synthetic/s7/0174,company,org,mock-a,mock-c,ojc marketing,ojc marketing,OJC MARKETING SDN BHD,OJC MARKETING SDN BHD,True,False,False
synthetic/s7/0174,company,org,mock-a,mock-d,ojc marketing,ojc marketing,OJC MARKETING SDN BHD,OJC MARKETING SDN BHD,True,False,False
synthetic/s7/0174,company,org,mock-b,mock-c,ojc marketing,ojc marketing,OJC MARKETING SDN BHD,OJC MARKETING SDN BHD,True,False,False
synthetic/s7/0174,company,org,mock-b,mock-d,ojc marketing,ojc marketing,OJC MARKETING SDN BHD,OJC MARKETING SDN BHD,True,False,False
synthetic/s7/0174,company,org,mock-c,mock-d,ojc marketing,ojc marketing,OJC MARKETING SDN BHD,OJC MARKETING SDN BHD,True,False,False
synthetic/s7/0174,date,date,mock-a,mock-b,2019-10-19,2019-10-19,19/10/2019,10/19/2019,True,False,False
synthetic/s7/0174,date,date,mock-a,mock-c,2019-10-19,2019-10-19,19/10/2019,10/19/2019,True,False,False
synthetic/s7/0174,date,date,mock-a,mock-d,2019-10-19,2019-10-19,19/10/2019,19/10/2019,True,False,False
synthetic/s7/0174,date,date,mock-b,mock-c,2019-10-19,2019-10-19,10/19/2019,10/19/2019,True,False,False
synthetic/s7/0174,date,date,mock-b,mock-d,2019-10-19,2019-10-19,10/19/2019,19/10/2019,True,False,False
synthetic/s7/0174,date,date,mock-c,mock-d,2019-10-19,2019-10-19,10/19/2019,19/10/2019,True,False,False
synthetic/s7/0174,phone,phone,mock-a,mock-b,34838885,34838885,03-483 8885,03-483 8885,True,False,False
synthetic/s7/0174,phone,phone,mock-a,mock-c,34838885,34838885,03-483 8885,03-483 8885,True,False,False
synthetic/s7/0174,phone,phone,mock-a,mock-d,34838885,34838885,03-483 8885,03-483 8885,True,False,False
synthetic/s7/0174,phone,phone,mock-b,mock-c,34838885,34838885,03-483 8885,03-483 8885,True,False,False
synthetic/s7/0174,phone,phone,mock-b,mock-d,34838885,34838885,03-483 8885,03-483 8885,True,False,False
synthetic/s7/0174,phone,phone,mock-c,mock-d,34838885,34838885,03-483 8885,03-483 8885,True,False,False
synthetic/s7/0174,tax,money,mock-a,mock-b,0.29,0.29,0.29,0.29,True,False,False
synthetic/s7/0174,tax,money,mock-a,mock-c,0.29,0.29,0.29,0.29,True,False,False
synthetic/s7/0174,tax,money,mock-a,mock-d,0.29,∅,0.29,,False,False,True
synthetic/s7/0174,tax,money,mock-b,mock-c,0.29,0.29,0.29,0.29,True,False,False
synthetic/s7/0174,tax,money,mock-b,mock-d,0.29,∅,0.29,,False,False,True
synthetic/s7/0174,tax,money,mock-c,mock-d,0.29,∅,0.29,,False,False,True
synthetic/s7/0174,total,money,mock-a,mock-b,5.09,5.09,5.09,5.09,True,False,False
synthetic/s7/0174,total,money,mock-a,mock-c,5.09,5.09,5.09,5.09,True,False,False
synthetic/s7/0174,total,money,mock-a,mock-d,5.09,5.09,5.09,5.09,True,False,False
synthetic/s7/0174,total,money,mock-b,mock-c,5.09,5.09,5.09,5.09,True,False,False
synthetic/s7/0174,total,money,mock-b,mock-d,5.09,5.09,5.09,5.09,True,False,False
synthetic/s7/0174,total,money,mock-c,mock-d,5.09,5.09,5.09,5.09,True,False,False
synthetic/s7/0175,address,address,mock-a,mock-b,no 59 jln permas 9 5 bdr baru permas jaya 81750 johor bahru,no 59 jln permas 9 5 bdr baru permas jaya 81750 johor bahru,"NO.59 JALAN PERMAS 9/5, BANDAR BARU PERMAS JAYA, 81750 JOHOR BAHRU","NO.59 JALAN PERMAS 9/5, BANDAR BARU PERMAS JAYA, 81750 JOHOR BAHRU",True,False,False
synthetic/s7/0175,address,address,mock-a,mock-c,no 59 jln permas 9 5 bdr baru permas jaya 81750 johor bahru,no 59 jln permas 9 5 bdr baru permas jaya 81750 johor bahru,"NO.59 JALAN PERMAS 9/5, BANDAR BARU PERMAS JAYA, 81750 JOHOR BAHRU","NO.59 JALAN PERMAS 9/5, BANDAR BARU PERMAS JAYA, 81750 JOHOR BAHRU",True,False,False
synthetic/s7/0175,address,address,mock-a,mock-d,no 59 jln permas 9 5 bdr baru permas jaya 81750 johor bahru,∅,"NO.59 JALAN PERMAS 9/5, BANDAR BARU PERMAS JAYA, 81750 JOHOR BAHRU",,False,False,True
synthetic/s7/0175,address,address,mock-b,mock-c,no 59 jln permas 9 5 bdr baru permas jaya 81750 johor bahru,no 59 jln permas 9 5 bdr baru permas jaya 81750 johor bahru,"NO.59 JALAN PERMAS 9/5, BANDAR BARU PERMAS JAYA, 81750 JOHOR BAHRU","NO.59 JALAN PERMAS 9/5, BANDAR BARU PERMAS JAYA, 81750 JOHOR BAHRU",True,False,False
synthetic/s7/0175,address,address,mock-b,mock-d,no 59 jln permas 9 5 bdr baru permas jaya 81750 johor bahru,∅,"NO.59 JALAN PERMAS 9/5, BANDAR BARU PERMAS JAYA, 81750 JOHOR BAHRU",,False,False,True
synthetic/s7/0175,address,address,mock-c,mock-d,no 59 jln permas 9 5 bdr baru permas jaya 81750 johor bahru,∅,"NO.59 JALAN PERMAS 9/5, BANDAR BARU PERMAS JAYA, 81750 JOHOR BAHRU",,False,False,True
synthetic/s7/0175,company,org,mock-a,mock-b,perniagaan zheng hui,perniagaan zheng hui,PERNIAGAAN ZHENG HUI,PERNIAGAAN ZHENG HUI,True,False,False
synthetic/s7/0175,company,org,mock-a,mock-c,perniagaan zheng hui,perniagaan zheng hui,PERNIAGAAN ZHENG HUI,PERNIAGAAN ZHENG HUI,True,False,False
synthetic/s7/0175,company,org,mock-a,mock-d,perniagaan zheng hui,perniagaan zheng hui,PERNIAGAAN ZHENG HUI,PERNIAGAAN ZHENG HUI,True,False,False
synthetic/s7/0175,company,org,mock-b,mock-c,perniagaan zheng hui,perniagaan zheng hui,PERNIAGAAN ZHENG HUI,PERNIAGAAN ZHENG HUI,True,False,False
synthetic/s7/0175,company,org,mock-b,mock-d,perniagaan zheng hui,perniagaan zheng hui,PERNIAGAAN ZHENG HUI,PERNIAGAAN ZHENG HUI,True,False,False
synthetic/s7/0175,company,org,mock-c,mock-d,perniagaan zheng hui,perniagaan zheng hui,PERNIAGAAN ZHENG HUI,PERNIAGAAN ZHENG HUI,True,False,False
synthetic/s7/0175,date,date,mock-a,mock-b,2018-03-08,2018-03-08,08/03/2018,08/03/2018,True,False,False
synthetic/s7/0175,date,date,mock-a,mock-c,2018-03-08,2018-03-08,08/03/2018,08/03/2018,True,False,False
synthetic/s7/0175,date,date,mock-a,mock-d,2018-03-08,2018-03-08,08/03/2018,08/03/2018,True,False,False
synthetic/s7/0175,date,date,mock-b,mock-c,2018-03-08,2018-03-08,08/03/2018,08/03/2018,True,False,False
synthetic/s7/0175,date,date,mock-b,mock-d,2018-03-08,2018-03-08,08/03/2018,08/03/2018,True,False,False
synthetic/s7/0175,date,date,mock-c,mock-d,2018-03-08,2018-03-08,08/03/2018,08/03/2018,True,False,False
synthetic/s7/0175,phone,phone,mock-a,mock-b,79877112,79877112,07-987 7112,07-987 7112,True,False,False
synthetic/s7/0175,phone,phone,mock-a,mock-c,79877112,79877112,07-987 7112,07-987 7112,True,False,False
synthetic/s7/0175,phone,phone,mock-a,mock-d,79877112,879877112,07-987 7112,87-987 7112,False,False,False
synthetic/s7/0175,phone,phone,mock-b,mock-c,79877112,79877112,07-987 7112,07-987 7112,True,False,False
synthetic/s7/0175,phone,phone,mock-b,mock-d,79877112,879877112,07-987 7112,87-987 7112,False,False,False
synthetic/s7/0175,phone,phone,mock-c,mock-d,79877112,879877112,07-987 7112,87-987 7112,False,False,False
synthetic/s7/0175,tax,money,mock-a,mock-b,∅,∅,,,True,True,False
synthetic/s7/0175,tax,money,mock-a,mock-c,∅,∅,,,True,True,False
synthetic/s7/0175,tax,money,mock-a,mock-d,∅,∅,,,True,True,False
synthetic/s7/0175,tax,money,mock-b,mock-c,∅,∅,,,True,True,False
synthetic/s7/0175,tax,money,mock-b,mock-d,∅,∅,,,True,True,False
synthetic/s7/0175,tax,money,mock-c,mock-d,∅,∅,,,True,True,False
synthetic/s7/0175,total,money,mock-a,mock-b,33.00,∅,33.00,,False,False,True
synthetic/s7/0175,total,money,mock-a,mock-c,33.00,∅,33.00,,False,False,True
synthetic/s7/0175,total,money,mock-a,mock-d,33.00,39.00,33.00,39.00,False,False,False
synthetic/s7/0175,total,money,mock-b,mock-c,∅,∅,,,True,True,False
synthetic/s7/0175,total,money,mock-b,mock-d,∅,39.00,,39.00,False,False,True
synthetic/s7/0175,total,money,mock-c,mock-d,∅,39.00,,39.00,False,False,True
synthetic/s7/0176,address,address,mock-a,mock-b,lot 3 jln pelabur 23 1 40300 shah alam selangor,lot 3 jln pelabur 23 1 40300 shah alam selangor,"LOT 3, JALAN PELABUR 23/1, 40300 SHAH ALAM, SELANGOR","LOT 3, JALAN PELABUR 23/1, 40300 SHAH ALAM, SELANGOR",True,False,False
synthetic/s7/0176,address,address,mock-a,mock-c,lot 3 jln pelabur 23 1 40300 shah alam selangor,lot 3 jln pelabur 23 1 40300 shah alam selangor,"LOT 3, JALAN PELABUR 23/1, 40300 SHAH ALAM, SELANGOR","LOT 3, JALAN PELABUR 23/1, 40300 SHAH ALAM, SELANGOR",True,False,False
synthetic/s7/0176,address,address,mock-a,mock-d,lot 3 jln pelabur 23 1 40300 shah alam selangor,lot 3 jln pelabur 23 1 40300 shah alam,"LOT 3, JALAN PELABUR 23/1, 40300 SHAH ALAM, SELANGOR","LOT 3, JALAN PELABUR 23/1, 40300 SHAH ALAM",False,False,False
synthetic/s7/0176,address,address,mock-b,mock-c,lot 3 jln pelabur 23 1 40300 shah alam selangor,lot 3 jln pelabur 23 1 40300 shah alam selangor,"LOT 3, JALAN PELABUR 23/1, 40300 SHAH ALAM, SELANGOR","LOT 3, JALAN PELABUR 23/1, 40300 SHAH ALAM, SELANGOR",True,False,False
synthetic/s7/0176,address,address,mock-b,mock-d,lot 3 jln pelabur 23 1 40300 shah alam selangor,lot 3 jln pelabur 23 1 40300 shah alam,"LOT 3, JALAN PELABUR 23/1, 40300 SHAH ALAM, SELANGOR","LOT 3, JALAN PELABUR 23/1, 40300 SHAH ALAM",False,False,False
synthetic/s7/0176,address,address,mock-c,mock-d,lot 3 jln pelabur 23 1 40300 shah alam selangor,lot 3 jln pelabur 23 1 40300 shah alam,"LOT 3, JALAN PELABUR 23/1, 40300 SHAH ALAM, SELANGOR","LOT 3, JALAN PELABUR 23/1, 40300 SHAH ALAM",False,False,False
synthetic/s7/0176,company,org,mock-a,mock-b,gardenia bakeries kl,gardenia bakeries kl,GARDENIA BAKERIES (KL) SDN BHD,GARDENIA BAKERIES (KL) SDN BHD,True,False,False
synthetic/s7/0176,company,org,mock-a,mock-c,gardenia bakeries kl,gardenia bakeries kl,GARDENIA BAKERIES (KL) SDN BHD,GARDENIA BAKERIES (KL) SDN BHD,True,False,False
synthetic/s7/0176,company,org,mock-a,mock-d,gardenia bakeries kl,gardenia bakeries kl,GARDENIA BAKERIES (KL) SDN BHD,GARDENIA BAKERIES (KL) SDN BHD,True,False,False
synthetic/s7/0176,company,org,mock-b,mock-c,gardenia bakeries kl,gardenia bakeries kl,GARDENIA BAKERIES (KL) SDN BHD,GARDENIA BAKERIES (KL) SDN BHD,True,False,False
synthetic/s7/0176,company,org,mock-b,mock-d,gardenia bakeries kl,gardenia bakeries kl,GARDENIA BAKERIES (KL) SDN BHD,GARDENIA BAKERIES (KL) SDN BHD,True,False,False
synthetic/s7/0176,company,org,mock-c,mock-d,gardenia bakeries kl,gardenia bakeries kl,GARDENIA BAKERIES (KL) SDN BHD,GARDENIA BAKERIES (KL) SDN BHD,True,False,False
synthetic/s7/0176,date,date,mock-a,mock-b,2018-07-04,2018-07-04,04/07/2018,04/07/2018,True,False,False
synthetic/s7/0176,date,date,mock-a,mock-c,2018-07-04,2018-07-04,04/07/2018,04/07/2018,True,False,False
synthetic/s7/0176,date,date,mock-a,mock-d,2018-07-04,2018-07-04,04/07/2018,04/07/2018,True,False,False
synthetic/s7/0176,date,date,mock-b,mock-c,2018-07-04,2018-07-04,04/07/2018,04/07/2018,True,False,False
synthetic/s7/0176,date,date,mock-b,mock-d,2018-07-04,2018-07-04,04/07/2018,04/07/2018,True,False,False
synthetic/s7/0176,date,date,mock-c,mock-d,2018-07-04,2018-07-04,04/07/2018,04/07/2018,True,False,False
synthetic/s7/0176,phone,phone,mock-a,mock-b,45882894,45882894,04-588 2894,04-588 2894,True,False,False
synthetic/s7/0176,phone,phone,mock-a,mock-c,45882894,45882894,04-588 2894,04-588 2894,True,False,False
synthetic/s7/0176,phone,phone,mock-a,mock-d,45882894,45882894,04-588 2894,04-588 2894,True,False,False
synthetic/s7/0176,phone,phone,mock-b,mock-c,45882894,45882894,04-588 2894,04-588 2894,True,False,False
synthetic/s7/0176,phone,phone,mock-b,mock-d,45882894,45882894,04-588 2894,04-588 2894,True,False,False
synthetic/s7/0176,phone,phone,mock-c,mock-d,45882894,45882894,04-588 2894,04-588 2894,True,False,False
synthetic/s7/0176,tax,money,mock-a,mock-b,∅,∅,,,True,True,False
synthetic/s7/0176,tax,money,mock-a,mock-c,∅,∅,,,True,True,False
synthetic/s7/0176,tax,money,mock-a,mock-d,∅,∅,,,True,True,False
synthetic/s7/0176,tax,money,mock-b,mock-c,∅,∅,,,True,True,False
synthetic/s7/0176,tax,money,mock-b,mock-d,∅,∅,,,True,True,False
synthetic/s7/0176,tax,money,mock-c,mock-d,∅,∅,,,True,True,False
synthetic/s7/0176,total,money,mock-a,mock-b,4.80,4.20,4.80,4.20,False,False,False
synthetic/s7/0176,total,money,mock-a,mock-c,4.80,4.80,4.80,4.80,True,False,False
synthetic/s7/0176,total,money,mock-a,mock-d,4.80,4.80,4.80,4.80,True,False,False
synthetic/s7/0176,total,money,mock-b,mock-c,4.20,4.80,4.20,4.80,False,False,False
synthetic/s7/0176,total,money,mock-b,mock-d,4.20,4.80,4.20,4.80,False,False,False
synthetic/s7/0176,total,money,mock-c,mock-d,4.80,4.80,4.80,4.80,True,False,False
synthetic/s7/0177,address,address,mock-a,mock-b,no 31g and 33g jln setia indah x u13 x 40170 setia alam,no 31g and 33g jln setia indah x u13 x 40170 setia alam,"NO. 31G&33G, JALAN SETIA INDAH X, U13/X, 40170 SETIA ALAM","NO. 31G&33G, JALAN SETIA INDAH X, U13/X, 40170 SETIA ALAM",True,False,False
synthetic/s7/0177,address,address,mock-a,mock-c,no 31g and 33g jln setia indah x u13 x 40170 setia alam,no 31g and 33g jln setia indah x u13 x 40170 setia alam,"NO. 31G&33G, JALAN SETIA INDAH X, U13/X, 40170 SETIA ALAM","NO. 31G&33G, JALAN SETIA INDAH X, U13/X, 40170 SETIA ALAM",True,False,False
synthetic/s7/0177,address,address,mock-a,mock-d,no 31g and 33g jln setia indah x u13 x 40170 setia alam,no 31g and 33g jln setia indah x u13 x 40170 setia alam,"NO. 31G&33G, JALAN SETIA INDAH X, U13/X, 40170 SETIA ALAM","NO. 31G&33G, JALAN SETIA INDAH X, U13/X, 40170 SETIA ALAM",True,False,False
synthetic/s7/0177,address,address,mock-b,mock-c,no 31g and 33g jln setia indah x u13 x 40170 setia alam,no 31g and 33g jln setia indah x u13 x 40170 setia alam,"NO. 31G&33G, JALAN SETIA INDAH X, U13/X, 40170 SETIA ALAM","NO. 31G&33G, JALAN SETIA INDAH X, U13/X, 40170 SETIA ALAM",True,False,False
synthetic/s7/0177,address,address,mock-b,mock-d,no 31g and 33g jln setia indah x u13 x 40170 setia alam,no 31g and 33g jln setia indah x u13 x 40170 setia alam,"NO. 31G&33G, JALAN SETIA INDAH X, U13/X, 40170 SETIA ALAM","NO. 31G&33G, JALAN SETIA INDAH X, U13/X, 40170 SETIA ALAM",True,False,False
synthetic/s7/0177,address,address,mock-c,mock-d,no 31g and 33g jln setia indah x u13 x 40170 setia alam,no 31g and 33g jln setia indah x u13 x 40170 setia alam,"NO. 31G&33G, JALAN SETIA INDAH X, U13/X, 40170 SETIA ALAM","NO. 31G&33G, JALAN SETIA INDAH X, U13/X, 40170 SETIA ALAM",True,False,False
synthetic/s7/0177,company,org,mock-a,mock-b,sanyu stationery shop,sanyu stationery shop,SANYU STATIONERY SHOP,SANYU STATIONERY SHOP,True,False,False
synthetic/s7/0177,company,org,mock-a,mock-c,sanyu stationery shop,sanyu stationery shop,SANYU STATIONERY SHOP,SANYU STATIONERY SHOP,True,False,False
synthetic/s7/0177,company,org,mock-a,mock-d,sanyu stationery shop,sanyu stationery shop,SANYU STATIONERY SHOP,SANYU STATIONERY SHOP,True,False,False
synthetic/s7/0177,company,org,mock-b,mock-c,sanyu stationery shop,sanyu stationery shop,SANYU STATIONERY SHOP,SANYU STATIONERY SHOP,True,False,False
synthetic/s7/0177,company,org,mock-b,mock-d,sanyu stationery shop,sanyu stationery shop,SANYU STATIONERY SHOP,SANYU STATIONERY SHOP,True,False,False
synthetic/s7/0177,company,org,mock-c,mock-d,sanyu stationery shop,sanyu stationery shop,SANYU STATIONERY SHOP,SANYU STATIONERY SHOP,True,False,False
synthetic/s7/0177,date,date,mock-a,mock-b,∅,2018-04-11,,11/04/2018,False,False,True
synthetic/s7/0177,date,date,mock-a,mock-c,∅,2018-04-11,,11/04/2018,False,False,True
synthetic/s7/0177,date,date,mock-a,mock-d,∅,2018-04-11,,11/04/2018,False,False,True
synthetic/s7/0177,date,date,mock-b,mock-c,2018-04-11,2018-04-11,11/04/2018,11/04/2018,True,False,False
synthetic/s7/0177,date,date,mock-b,mock-d,2018-04-11,2018-04-11,11/04/2018,11/04/2018,True,False,False
synthetic/s7/0177,date,date,mock-c,mock-d,2018-04-11,2018-04-11,11/04/2018,11/04/2018,True,False,False
synthetic/s7/0177,phone,phone,mock-a,mock-b,43727852,43727852,04-372 7852,04-372 7852,True,False,False
synthetic/s7/0177,phone,phone,mock-a,mock-c,43727852,943727852,04-372 7852,94-372 7852,False,False,False
synthetic/s7/0177,phone,phone,mock-a,mock-d,43727852,3727852,04-372 7852,44-372 7852,False,False,False
synthetic/s7/0177,phone,phone,mock-b,mock-c,43727852,943727852,04-372 7852,94-372 7852,False,False,False
synthetic/s7/0177,phone,phone,mock-b,mock-d,43727852,3727852,04-372 7852,44-372 7852,False,False,False
synthetic/s7/0177,phone,phone,mock-c,mock-d,943727852,3727852,94-372 7852,44-372 7852,False,False,False
synthetic/s7/0177,tax,money,mock-a,mock-b,∅,∅,,,True,True,False
synthetic/s7/0177,tax,money,mock-a,mock-c,∅,∅,,,True,True,False
synthetic/s7/0177,tax,money,mock-a,mock-d,∅,∅,,,True,True,False
synthetic/s7/0177,tax,money,mock-b,mock-c,∅,∅,,,True,True,False
synthetic/s7/0177,tax,money,mock-b,mock-d,∅,∅,,,True,True,False
synthetic/s7/0177,tax,money,mock-c,mock-d,∅,∅,,,True,True,False
synthetic/s7/0177,total,money,mock-a,mock-b,11.30,∅,11.30,,False,False,True
synthetic/s7/0177,total,money,mock-a,mock-c,11.30,11.30,11.30,11.30,True,False,False
synthetic/s7/0177,total,money,mock-a,mock-d,11.30,11.30,11.30,11.30,True,False,False
synthetic/s7/0177,total,money,mock-b,mock-c,∅,11.30,,11.30,False,False,True
synthetic/s7/0177,total,money,mock-b,mock-d,∅,11.30,,11.30,False,False,True
synthetic/s7/0177,total,money,mock-c,mock-d,11.30,11.30,11.30,11.30,True,False,False
synthetic/s7/0178,address,address,mock-a,mock-b,lot p t 2811 jln angsana tmn mutiara rini 81300 skudai,lot p t 2811 jln angsana tmn mutiara rini 81300 skudai,"LOT P.T. 2811, JALAN ANGSANA, TAMAN MUTIARA RINI, 81300 SKUDAI","LOT P.T. 2811, JALAN ANGSANA, TAMAN MUTIARA RINI, 81300 SKUDAI",True,False,False
synthetic/s7/0178,address,address,mock-a,mock-c,lot p t 2811 jln angsana tmn mutiara rini 81300 skudai,lot p t 2811 jln angsana tmn mutiara rini 81300 skudai,"LOT P.T. 2811, JALAN ANGSANA, TAMAN MUTIARA RINI, 81300 SKUDAI","LOT P.T. 2811, JALAN ANGSANA, TAMAN MUTIARA RINI, 81300 SKUDAI",True,False,False
synthetic/s7/0178,address,address,mock-a,mock-d,lot p t 2811 jln angsana tmn mutiara rini 81300 skudai,lot p t 2811 jln angsana tmn mutiara rini 81300 skudai,"LOT P.T. 2811, JALAN ANGSANA, TAMAN MUTIARA RINI, 81300 SKUDAI","LOT P.T. 2811, JALAN ANGSANA, TAMAN MUTIARA RINI, 81300 SKUDAI",True,False,False
synthetic/s7/0178,address,address,mock-b,mock-c,lot p t 2811 jln angsana tmn mutiara rini 81300 skudai,lot p t 2811 jln angsana tmn mutiara rini 81300 skudai,"LOT P.T. 2811, JALAN ANGSANA, TAMAN MUTIARA RINI, 81300 SKUDAI","LOT P.T. 2811, JALAN ANGSANA, TAMAN MUTIARA RINI, 81300 SKUDAI",True,False,False
synthetic/s7/0178,address,address,mock-b,mock-d,lot p t 2811 jln angsana tmn mutiara rini 81300 skudai,lot p t 2811 jln angsana tmn mutiara rini 81300 skudai,"LOT P.T. 2811, JALAN ANGSANA, TAMAN MUTIARA RINI, 81300 SKUDAI","LOT P.T. 2811, JALAN ANGSANA, TAMAN MUTIARA RINI, 81300 SKUDAI",True,False,False
synthetic/s7/0178,address,address,mock-c,mock-d,lot p t 2811 jln angsana tmn mutiara rini 81300 skudai,lot p t 2811 jln angsana tmn mutiara rini 81300 skudai,"LOT P.T. 2811, JALAN ANGSANA, TAMAN MUTIARA RINI, 81300 SKUDAI","LOT P.T. 2811, JALAN ANGSANA, TAMAN MUTIARA RINI, 81300 SKUDAI",True,False,False
synthetic/s7/0178,company,org,mock-a,mock-b,99 speed mart s b,99 speed mart s b,99 SPEED MART S/B,99 SPEED MART S/B,True,False,False
synthetic/s7/0178,company,org,mock-a,mock-c,99 speed mart s b,99 speed mart s b,99 SPEED MART S/B,99 SPEED MART S/B,True,False,False
synthetic/s7/0178,company,org,mock-a,mock-d,99 speed mart s b,99 speed mart s b,99 SPEED MART S/B,99 SPEED MART S/B,True,False,False
synthetic/s7/0178,company,org,mock-b,mock-c,99 speed mart s b,99 speed mart s b,99 SPEED MART S/B,99 SPEED MART S/B,True,False,False
synthetic/s7/0178,company,org,mock-b,mock-d,99 speed mart s b,99 speed mart s b,99 SPEED MART S/B,99 SPEED MART S/B,True,False,False
synthetic/s7/0178,company,org,mock-c,mock-d,99 speed mart s b,99 speed mart s b,99 SPEED MART S/B,99 SPEED MART S/B,True,False,False
synthetic/s7/0178,date,date,mock-a,mock-b,∅,2019-05-01,,01/05/2019,False,False,True
synthetic/s7/0178,date,date,mock-a,mock-c,∅,2019-05-01,,01/05/2019,False,False,True
synthetic/s7/0178,date,date,mock-a,mock-d,∅,2019-05-01,,01/05/2019,False,False,True
synthetic/s7/0178,date,date,mock-b,mock-c,2019-05-01,2019-05-01,01/05/2019,01/05/2019,True,False,False
synthetic/s7/0178,date,date,mock-b,mock-d,2019-05-01,2019-05-01,01/05/2019,01/05/2019,True,False,False
synthetic/s7/0178,date,date,mock-c,mock-d,2019-05-01,2019-05-01,01/05/2019,01/05/2019,True,False,False
synthetic/s7/0178,phone,phone,mock-a,mock-b,62163512,62163512,06-216 3512,06-216 3512,True,False,False
synthetic/s7/0178,phone,phone,mock-a,mock-c,62163512,62163512,06-216 3512,06-216 3512,True,False,False
synthetic/s7/0178,phone,phone,mock-a,mock-d,62163512,62163512,06-216 3512,06-216 3512,True,False,False
synthetic/s7/0178,phone,phone,mock-b,mock-c,62163512,62163512,06-216 3512,06-216 3512,True,False,False
synthetic/s7/0178,phone,phone,mock-b,mock-d,62163512,62163512,06-216 3512,06-216 3512,True,False,False
synthetic/s7/0178,phone,phone,mock-c,mock-d,62163512,62163512,06-216 3512,06-216 3512,True,False,False
synthetic/s7/0178,tax,money,mock-a,mock-b,0.62,0.62,0.62,0.62,True,False,False
synthetic/s7/0178,tax,money,mock-a,mock-c,0.62,0.62,0.62,0.62,True,False,False
synthetic/s7/0178,tax,money,mock-a,mock-d,0.62,0.62,0.62,0.62,True,False,False
synthetic/s7/0178,tax,money,mock-b,mock-c,0.62,0.62,0.62,0.62,True,False,False
synthetic/s7/0178,tax,money,mock-b,mock-d,0.62,0.62,0.62,0.62,True,False,False
synthetic/s7/0178,tax,money,mock-c,mock-d,0.62,0.62,0.62,0.62,True,False,False
synthetic/s7/0178,total,money,mock-a,mock-b,9.72,10.92,9.72,10.92,False,False,False
synthetic/s7/0178,total,money,mock-a,mock-c,9.72,10.92,9.72,10.92,False,False,False
synthetic/s7/0178,total,money,mock-a,mock-d,9.72,10.92,9.72,10.92,False,False,False
synthetic/s7/0178,total,money,mock-b,mock-c,10.92,10.92,10.92,10.92,True,False,False
synthetic/s7/0178,total,money,mock-b,mock-d,10.92,10.92,10.92,10.92,True,False,False
synthetic/s7/0178,total,money,mock-c,mock-d,10.92,10.92,10.92,10.92,True,False,False
synthetic/s7/0179,address,address,mock-a,mock-b,lot 276 jln banting 43800 dengkil selangor,lot 276 jln banting 43800 dengkil selangor,"LOT 276 JALAN BANTING, 43800 DENGKIL, SELANGOR","LOT 276 JALAN BANTING, 43800 DENGKIL, SELANGOR",True,False,False
synthetic/s7/0179,address,address,mock-a,mock-c,lot 276 jln banting 43800 dengkil selangor,lot 276 jln banting 43800 dengkil selangor,"LOT 276 JALAN BANTING, 43800 DENGKIL, SELANGOR","LOT 276 JALAN BANTING, 43800 DENGKIL, SELANGOR",True,False,False
synthetic/s7/0179,address,address,mock-a,mock-d,lot 276 jln banting 43800 dengkil selangor,lot 276 jln banting 43800 dengkil,"LOT 276 JALAN BANTING, 43800 DENGKIL, SELANGOR","LOT 276 JALAN BANTING, 43800 DENGKIL",False,False,False
synthetic/s7/0179,address,address,mock-b,mock-c,lot 276 jln banting 43800 dengkil selangor,lot 276 jln banting 43800 dengkil selangor,"LOT 276 JALAN BANTING, 43800 DENGKIL, SELANGOR","LOT 276 JALAN BANTING, 43800 DENGKIL, SELANGOR",True,False,False
synthetic/s7/0179,address,address,mock-b,mock-d,lot 276 jln banting 43800 dengkil selangor,lot 276 jln banting 43800 dengkil,"LOT 276 JALAN BANTING, 43800 DENGKIL, SELANGOR","LOT 276 JALAN BANTING, 43800 DENGKIL",False,False,False
synthetic/s7/0179,address,address,mock-c,mock-d,lot 276 jln banting 43800 dengkil selangor,lot 276 jln banting 43800 dengkil,"LOT 276 JALAN BANTING, 43800 DENGKIL, SELANGOR","LOT 276 JALAN BANTING, 43800 DENGKIL",False,False,False
synthetic/s7/0179,company,org,mock-a,mock-b,kedai papan yew chuan,kedai papan yew chuan,KEDAI PAPAN YEW CHUAN,KEDAI PAPAN YEW CHUAN,True,False,False
synthetic/s7/0179,company,org,mock-a,mock-c,kedai papan yew chuan,kedai papan yew chuan,KEDAI PAPAN YEW CHUAN,KEDAI PAPAN YEW CHUAN,True,False,False
synthetic/s7/0179,company,org,mock-a,mock-d,kedai papan yew chuan,kedai papan yew chuan,KEDAI PAPAN YEW CHUAN,KEDAI PAPAN YEW CHUAN,True,False,False
synthetic/s7/0179,company,org,mock-b,mock-c,kedai papan yew chuan,kedai papan yew chuan,KEDAI PAPAN YEW CHUAN,KEDAI PAPAN YEW CHUAN,True,False,False
synthetic/s7/0179,company,org,mock-b,mock-d,kedai papan yew chuan,kedai papan yew chuan,KEDAI PAPAN YEW CHUAN,KEDAI PAPAN YEW CHUAN,True,False,False
synthetic/s7/0179,company,org,mock-c,mock-d,kedai papan yew chuan,kedai papan yew chuan,KEDAI PAPAN YEW CHUAN,KEDAI PAPAN YEW CHUAN,True,False,False
synthetic/s7/0179,date,date,mock-a,mock-b,2018-11-26,2018-11-26,11/26/2018,26/11/2018,True,False,False
synthetic/s7/0179,date,date,mock-a,mock-c,2018-11-26,∅,11/26/2018,,False,False,True
synthetic/s7/0179,date,date,mock-a,mock-d,2018-11-26,2018-11-26,11/26/2018,26/11/2018,True,False,False
synthetic/s7/0179,date,date,mock-b,mock-c,2018-11-26,∅,26/11/2018,,False,False,True
synthetic/s7/0179,date,date,mock-b,mock-d,2018-11-26,2018-11-26,26/11/2018,26/11/2018,True,False,False
synthetic/s7/0179,date,date,mock-c,mock-d,∅,2018-11-26,,26/11/2018,False,False,True
synthetic/s7/0179,phone,phone,mock-a,mock-b,53444901,53444901,05-344 4901,05-344 4901,True,False,False
synthetic/s7/0179,phone,phone,mock-a,mock-c,53444901,353444901,05-344 4901,35-344 4901,False,False,False
synthetic/s7/0179,phone,phone,mock-a,mock-d,53444901,53444901,05-344 4901,05-344 4901,True,False,False
synthetic/s7/0179,phone,phone,mock-b,mock-c,53444901,353444901,05-344 4901,35-344 4901,False,False,False
synthetic/s7/0179,phone,phone,mock-b,mock-d,53444901,53444901,05-344 4901,05-344 4901,True,False,False
synthetic/s7/0179,phone,phone,mock-c,mock-d,353444901,53444901,35-344 4901,05-344 4901,False,False,False
synthetic/s7/0179,tax,money,mock-a,mock-b,∅,∅,,,True,True,False
synthetic/s7/0179,tax,money,mock-a,mock-c,∅,∅,,,True,True,False
synthetic/s7/0179,tax,money,mock-a,mock-d,∅,∅,,,True,True,False
synthetic/s7/0179,tax,money,mock-b,mock-c,∅,∅,,,True,True,False
synthetic/s7/0179,tax,money,mock-b,mock-d,∅,∅,,,True,True,False
synthetic/s7/0179,tax,money,mock-c,mock-d,∅,∅,,,True,True,False
synthetic/s7/0179,total,money,mock-a,mock-b,23.20,23.20,23.20,23.20,True,False,False
synthetic/s7/0179,total,money,mock-a,mock-c,23.20,23.20,23.20,23.20,True,False,False
synthetic/s7/0179,total,money,mock-a,mock-d,23.20,23.20,23.20,23.20,True,False,False
synthetic/s7/0179,total,money,mock-b,mock-c,23.20,23.20,23.20,23.20,True,False,False
synthetic/s7/0179,total,money,mock-b,mock-d,23.20,23.20,23.20,23.20,True,False,False
synthetic/s7/0179,total,money,mock-c,mock-d,23.20,23.20,23.20,23.20,True,False,False
synthetic/s7/0180,address,address,mock-a,mock-b,∅,no 2 and 4 jln bayu 4 bdr seri alam 81750 masai johor,,"NO 2 & 4, JALAN BAYU 4, BANDAR SERI ALAM, 81750 MASAI, JOHOR",False,False,True
synthetic/s7/0180,address,address,mock-a,mock-c,∅,∅,,,True,True,False
synthetic/s7/0180,address,address,mock-a,mock-d,∅,no 2 and 4 jln bayu 4 bdr seri alam 81750 masai johor,,"NO 2 & 4, JALAN BAYU 4, BANDAR SERI ALAM, 81750 MASAI, JOHOR",False,False,True
synthetic/s7/0180,address,address,mock-b,mock-c,no 2 and 4 jln bayu 4 bdr seri alam 81750 masai johor,∅,"NO 2 & 4, JALAN BAYU 4, BANDAR SERI ALAM, 81750 MASAI, JOHOR",,False,False,True
synthetic/s7/0180,address,address,mock-b,mock-d,no 2 and 4 jln bayu 4 bdr seri alam 81750 masai johor,no 2 and 4 jln bayu 4 bdr seri alam 81750 masai johor,"NO 2 & 4, JALAN BAYU 4, BANDAR SERI ALAM, 81750 MASAI, JOHOR","NO 2 & 4, JALAN BAYU 4, BANDAR SERI ALAM, 81750 MASAI, JOHOR",True,False,False
synthetic/s7/0180,address,address,mock-c,mock-d,∅,no 2 and 4 jln bayu 4 bdr seri alam 81750 masai johor,,"NO 2 & 4, JALAN BAYU 4, BANDAR SERI ALAM, 81750 MASAI, JOHOR",False,False,True
synthetic/s7/0180,company,org,mock-a,mock-b,ojc marketing,ojc marketing,OJC MARKETING SDN BHD,OJC MARKETING SDN BHD,True,False,False
synthetic/s7/0180,company,org,mock-a,mock-c,ojc marketing,ojc marketing,OJC MARKETING SDN BHD,OJC MARKETING SDN BHD,True,False,False
synthetic/s7/0180,company,org,mock-a,mock-d,ojc marketing,ojc marketing,OJC MARKETING SDN BHD,OJC MARKETING SDN BHD,True,False,False
synthetic/s7/0180,company,org,mock-b,mock-c,ojc marketing,ojc marketing,OJC MARKETING SDN BHD,OJC MARKETING SDN BHD,True,False,False
synthetic/s7/0180,company,org,mock-b,mock-d,ojc marketing,ojc marketing,OJC MARKETING SDN BHD,OJC MARKETING SDN BHD,True,False,False
synthetic/s7/0180,company,org,mock-c,mock-d,ojc marketing,ojc marketing,OJC MARKETING SDN BHD,OJC MARKETING SDN BHD,True,False,False
synthetic/s7/0180,date,date,mock-a,mock-b,2018-03-14,2018-03-14,03/14/2018,14/03/2018,True,False,False
synthetic/s7/0180,date,date,mock-a,mock-c,2018-03-14,2018-03-14,03/14/2018,14/03/2018,True,False,False
synthetic/s7/0180,date,date,mock-a,mock-d,2018-03-14,2018-03-14,03/14/2018,14/03/2018,True,False,False
synthetic/s7/0180,date,date,mock-b,mock-c,2018-03-14,2018-03-14,14/03/2018,14/03/2018,True,False,False
synthetic/s7/0180,date,date,mock-b,mock-d,2018-03-14,2018-03-14,14/03/2018,14/03/2018,True,False,False
synthetic/s7/0180,date,date,mock-c,mock-d,2018-03-14,2018-03-14,14/03/2018,14/03/2018,True,False,False
synthetic/s7/0180,phone,phone,mock-a,mock-b,72438258,272438258,07-243 8258,27-243 8258,False,False,False
synthetic/s7/0180,phone,phone,mock-a,mock-c,72438258,72438258,07-243 8258,07-243 8258,True,False,False
synthetic/s7/0180,phone,phone,mock-a,mock-d,72438258,72438258,07-243 8258,07-243 8258,True,False,False
synthetic/s7/0180,phone,phone,mock-b,mock-c,272438258,72438258,27-243 8258,07-243 8258,False,False,False
synthetic/s7/0180,phone,phone,mock-b,mock-d,272438258,72438258,27-243 8258,07-243 8258,False,False,False
synthetic/s7/0180,phone,phone,mock-c,mock-d,72438258,72438258,07-243 8258,07-243 8258,True,False,False
synthetic/s7/0180,tax,money,mock-a,mock-b,1.31,1.31,1.31,1.31,True,False,False
synthetic/s7/0180,tax,money,mock-a,mock-c,1.31,1.31,1.31,1.31,True,False,False
synthetic/s7/0180,tax,money,mock-a,mock-d,1.31,∅,1.31,,False,False,True
synthetic/s7/0180,tax,money,mock-b,mock-c,1.31,1.31,1.31,1.31,True,False,False
synthetic/s7/0180,tax,money,mock-b,mock-d,1.31,∅,1.31,,False,False,True
synthetic/s7/0180,tax,money,mock-c,mock-d,1.31,∅,1.31,,False,False,True
synthetic/s7/0180,total,money,mock-a,mock-b,23.11,23.11,23.11,23.11,True,False,False
synthetic/s7/0180,total,money,mock-a,mock-c,23.11,23.11,23.11,23.11,True,False,False
synthetic/s7/0180,total,money,mock-a,mock-d,23.11,23.11,23.11,23.11,True,False,False
synthetic/s7/0180,total,money,mock-b,mock-c,23.11,23.11,23.11,23.11,True,False,False
synthetic/s7/0180,total,money,mock-b,mock-d,23.11,23.11,23.11,23.11,True,False,False
synthetic/s7/0180,total,money,mock-c,mock-d,23.11,23.11,23.11,23.11,True,False,False
synthetic/s7/0181,address,address,mock-a,mock-b,no 59 jln permas 9 5 bdr baru permas jaya 81750 johor bahru,no 59 jln permas 9 5 bdr baru permas jaya 81750 johor bahru,"NO.59 JALAN PERMAS 9/5, BANDAR BARU PERMAS JAYA, 81750 JOHOR BAHRU","NO.59 JALAN PERMAS 9/5, BANDAR BARU PERMAS JAYA, 81750 JOHOR BAHRU",True,False,False
synthetic/s7/0181,address,address,mock-a,mock-c,no 59 jln permas 9 5 bdr baru permas jaya 81750 johor bahru,no 59 jln permas 9 5 bdr baru permas jaya 81750 johor bahru,"NO.59 JALAN PERMAS 9/5, BANDAR BARU PERMAS JAYA, 81750 JOHOR BAHRU","NO.59 JALAN PERMAS 9/5, BANDAR BARU PERMAS JAYA, 81750 JOHOR BAHRU",True,False,False
synthetic/s7/0181,address,address,mock-a,mock-d,no 59 jln permas 9 5 bdr baru permas jaya 81750 johor bahru,no 59 jln permas 9 5 bdr baru permas jaya 81750 johor bahru,"NO.59 JALAN PERMAS 9/5, BANDAR BARU PERMAS JAYA, 81750 JOHOR BAHRU","NO.59 JALAN PERMAS 9/5, BANDAR BARU PERMAS JAYA, 81750 JOHOR BAHRU",True,False,False
synthetic/s7/0181,address,address,mock-b,mock-c,no 59 jln permas 9 5 bdr baru permas jaya 81750 johor bahru,no 59 jln permas 9 5 bdr baru permas jaya 81750 johor bahru,"NO.59 JALAN PERMAS 9/5, BANDAR BARU PERMAS JAYA, 81750 JOHOR BAHRU","NO.59 JALAN PERMAS 9/5, BANDAR BARU PERMAS JAYA, 81750 JOHOR BAHRU",True,False,False
synthetic/s7/0181,address,address,mock-b,mock-d,no 59 jln permas 9 5 bdr baru permas jaya 81750 johor bahru,no 59 jln permas 9 5 bdr baru permas jaya 81750 johor bahru,"NO.59 JALAN PERMAS 9/5, BANDAR BARU PERMAS JAYA, 81750 JOHOR BAHRU","NO.59 JALAN PERMAS 9/5, BANDAR BARU PERMAS JAYA, 81750 JOHOR BAHRU",True,False,False
synthetic/s7/0181,address,address,mock-c,mock-d,no 59 jln permas 9 5 bdr baru permas jaya 81750 johor bahru,no 59 jln permas 9 5 bdr baru permas jaya 81750 johor bahru,"NO.59 JALAN PERMAS 9/5, BANDAR BARU PERMAS JAYA, 81750 JOHOR BAHRU","NO.59 JALAN PERMAS 9/5, BANDAR BARU PERMAS JAYA, 81750 JOHOR BAHRU",True,False,False
synthetic/s7/0181,company,org,mock-a,mock-b,perniagaan zheng hui,perniagaan zheng,PERNIAGAAN ZHENG HUI,PERNIAGAAN ZHENG,False,False,False
synthetic/s7/0181,company,org,mock-a,mock-c,perniagaan zheng hui,perniagaan zheng hui,PERNIAGAAN ZHENG HUI,PERNIAGAAN ZHENG HUI,True,False,False
synthetic/s7/0181,company,org,mock-a,mock-d,perniagaan zheng hui,perniagaan zheng hui,PERNIAGAAN ZHENG HUI,PERNIAGAAN ZHENG HUI,True,False,False
synthetic/s7/0181,company,org,mock-b,mock-c,perniagaan zheng,perniagaan zheng hui,PERNIAGAAN ZHENG,PERNIAGAAN ZHENG HUI,False,False,False
synthetic/s7/0181,company,org,mock-b,mock-d,perniagaan zheng,perniagaan zheng hui,PERNIAGAAN ZHENG,PERNIAGAAN ZHENG HUI,False,False,False
synthetic/s7/0181,company,org,mock-c,mock-d,perniagaan zheng hui,perniagaan zheng hui,PERNIAGAAN ZHENG HUI,PERNIAGAAN ZHENG HUI,True,False,False
synthetic/s7/0181,date,date,mock-a,mock-b,2019-06-06,2019-06-06,06/06/2019,06/06/2019,True,False,False
synthetic/s7/0181,date,date,mock-a,mock-c,2019-06-06,2019-06-06,06/06/2019,06/06/2019,True,False,False
synthetic/s7/0181,date,date,mock-a,mock-d,2019-06-06,2019-06-06,06/06/2019,06/06/2019,True,False,False
synthetic/s7/0181,date,date,mock-b,mock-c,2019-06-06,2019-06-06,06/06/2019,06/06/2019,True,False,False
synthetic/s7/0181,date,date,mock-b,mock-d,2019-06-06,2019-06-06,06/06/2019,06/06/2019,True,False,False
synthetic/s7/0181,date,date,mock-c,mock-d,2019-06-06,2019-06-06,06/06/2019,06/06/2019,True,False,False
synthetic/s7/0181,phone,phone,mock-a,mock-b,49633951,349633951,04-963 3951,34-963 3951,False,False,False
synthetic/s7/0181,phone,phone,mock-a,mock-c,49633951,49633951,04-963 3951,04-963 3951,True,False,False
synthetic/s7/0181,phone,phone,mock-a,mock-d,49633951,49633951,04-963 3951,04-963 3951,True,False,False
synthetic/s7/0181,phone,phone,mock-b,mock-c,349633951,49633951,34-963 3951,04-963 3951,False,False,False
synthetic/s7/0181,phone,phone,mock-b,mock-d,349633951,49633951,34-963 3951,04-963 3951,False,False,False
synthetic/s7/0181,phone,phone,mock-c,mock-d,49633951,49633951,04-963 3951,04-963 3951,True,False,False
synthetic/s7/0181,tax,money,mock-a,mock-b,1.28,1.28,1.28,1.28,True,False,False
synthetic/s7/0181,tax,money,mock-a,mock-c,1.28,1.28,1.28,1.28,True,False,False
synthetic/s7/0181,tax,money,mock-a,mock-d,1.28,1.28,1.28,1.28,True,False,False
synthetic/s7/0181,tax,money,mock-b,mock-c,1.28,1.28,1.28,1.28,True,False,False
synthetic/s7/0181,tax,money,mock-b,mock-d,1.28,1.28,1.28,1.28,True,False,False
synthetic/s7/0181,tax,money,mock-c,mock-d,1.28,1.28,1.28,1.28,True,False,False
synthetic/s7/0181,total,money,mock-a,mock-b,22.68,22.68,22.68,22.68,True,False,False
synthetic/s7/0181,total,money,mock-a,mock-c,22.68,22.68,22.68,22.68,True,False,False
synthetic/s7/0181,total,money,mock-a,mock-d,22.68,22.68,22.68,22.68,True,False,False
synthetic/s7/0181,total,money,mock-b,mock-c,22.68,22.68,22.68,22.68,True,False,False
synthetic/s7/0181,total,money,mock-b,mock-d,22.68,22.68,22.68,22.68,True,False,False
synthetic/s7/0181,total,money,mock-c,mock-d,22.68,22.68,22.68,22.68,True,False,False
synthetic/s7/0182,address,address,mock-a,mock-b,lot 3 jln pelabur 23 1 40300 shah alam selangor,lot 3 jln pelabur 23 1 40300 shah alam selangor,"LOT 3, JALAN PELABUR 23/1, 40300 SHAH ALAM, SELANGOR","LOT 3, JALAN PELABUR 23/1, 40300 SHAH ALAM, SELANGOR",True,False,False
synthetic/s7/0182,address,address,mock-a,mock-c,lot 3 jln pelabur 23 1 40300 shah alam selangor,lot 3 jln pelabur 23 1 40300 shah alam selangor,"LOT 3, JALAN PELABUR 23/1, 40300 SHAH ALAM, SELANGOR","LOT 3, JALAN PELABUR 23/1, 40300 SHAH ALAM, SELANGOR",True,False,False
synthetic/s7/0182,address,address,mock-a,mock-d,lot 3 jln pelabur 23 1 40300 shah alam selangor,lot 3 jln pelabur 23 1 40300 shah alam selangor,"LOT 3, JALAN PELABUR 23/1, 40300 SHAH ALAM, SELANGOR","LOT 3, JALAN PELABUR 23/1, 40300 SHAH ALAM, SELANGOR",True,False,False
synthetic/s7/0182,address,address,mock-b,mock-c,lot 3 jln pelabur 23 1 40300 shah alam selangor,lot 3 jln pelabur 23 1 40300 shah alam selangor,"LOT 3, JALAN PELABUR 23/1, 40300 SHAH ALAM, SELANGOR","LOT 3, JALAN PELABUR 23/1, 40300 SHAH ALAM, SELANGOR",True,False,False
synthetic/s7/0182,address,address,mock-b,mock-d,lot 3 jln pelabur 23 1 40300 shah alam selangor,lot 3 jln pelabur 23 1 40300 shah alam selangor,"LOT 3, JALAN PELABUR 23/1, 40300 SHAH ALAM, SELANGOR","LOT 3, JALAN PELABUR 23/1, 40300 SHAH ALAM, SELANGOR",True,False,False
synthetic/s7/0182,address,address,mock-c,mock-d,lot 3 jln pelabur 23 1 40300 shah alam selangor,lot 3 jln pelabur 23 1 40300 shah alam selangor,"LOT 3, JALAN PELABUR 23/1, 40300 SHAH ALAM, SELANGOR","LOT 3, JALAN PELABUR 23/1, 40300 SHAH ALAM, SELANGOR",True,False,False
synthetic/s7/0182,company,org,mock-a,mock-b,gardenia bakeries kl sdn,∅,GARDENIA BAKERIES (KL) SDN,,False,False,True
synthetic/s7/0182,company,org,mock-a,mock-c,gardenia bakeries kl sdn,∅,GARDENIA BAKERIES (KL) SDN,,False,False,True
synthetic/s7/0182,company,org,mock-a,mock-d,gardenia bakeries kl sdn,gardenia bakeries kl,GARDENIA BAKERIES (KL) SDN,GARDENIA BAKERIES (KL) SDN BHD,False,False,False
synthetic/s7/0182,company,org,mock-b,mock-c,∅,∅,,,True,True,False
synthetic/s7/0182,company,org,mock-b,mock-d,∅,gardenia bakeries kl,,GARDENIA BAKERIES (KL) SDN BHD,False,False,True
synthetic/s7/0182,company,org,mock-c,mock-d,∅,gardenia bakeries kl,,GARDENIA BAKERIES (KL) SDN BHD,False,False,True
synthetic/s7/0182,date,date,mock-a,mock-b,2018-03-23,2018-03-23,23/03/2018,23/03/2018,True,False,False
synthetic/s7/0182,date,date,mock-a,mock-c,2018-03-23,2018-03-23,23/03/2018,23/03/2018,True,False,False
synthetic/s7/0182,date,date,mock-a,mock-d,2018-03-23,∅,23/03/2018,,False,False,True
synthetic/s7/0182,date,date,mock-b,mock-c,2018-03-23,2018-03-23,23/03/2018,23/03/2018,True,False,False
synthetic/s7/0182,date,date,mock-b,mock-d,2018-03-23,∅,23/03/2018,,False,False,True
synthetic/s7/0182,date,date,mock-c,mock-d,2018-03-23,∅,23/03/2018,,False,False,True
synthetic/s7/0182,phone,phone,mock-a,mock-b,∅,∅,,,True,True,False
synthetic/s7/0182,phone,phone,mock-a,mock-c,∅,∅,,,True,True,False
synthetic/s7/0182,phone,phone,mock-a,mock-d,∅,∅,,,True,True,False
synthetic/s7/0182,phone,phone,mock-b,mock-c,∅,∅,,,True,True,False
synthetic/s7/0182,phone,phone,mock-b,mock-d,∅,∅,,,True,True,False
synthetic/s7/0182,phone,phone,mock-c,mock-d,∅,∅,,,True,True,False
synthetic/s7/0182,tax,money,mock-a,mock-b,0.00,∅,0.00,,False,False,True
synthetic/s7/0182,tax,money,mock-a,mock-c,0.00,∅,0.00,,False,False,True
synthetic/s7/0182,tax,money,mock-a,mock-d,0.00,∅,0.00,,False,False,True
synthetic/s7/0182,tax,money,mock-b,mock-c,∅,∅,,,True,True,False
synthetic/s7/0182,tax,money,mock-b,mock-d,∅,∅,,,True,True,False
synthetic/s7/0182,tax,money,mock-c,mock-d,∅,∅,,,True,True,False
synthetic/s7/0182,total,money,mock-a,mock-b,12.90,12.90,12.90,12.90,True,False,False
synthetic/s7/0182,total,money,mock-a,mock-c,12.90,12.90,12.90,12.90,True,False,False
synthetic/s7/0182,total,money,mock-a,mock-d,12.90,12.90,12.90,12.90,True,False,False
synthetic/s7/0182,total,money,mock-b,mock-c,12.90,12.90,12.90,12.90,True,False,False
synthetic/s7/0182,total,money,mock-b,mock-d,12.90,12.90,12.90,12.90,True,False,False
synthetic/s7/0182,total,money,mock-c,mock-d,12.90,12.90,12.90,12.90,True,False,False
synthetic/s7/0183,address,address,mock-a,mock-b,no 31g and 33g jln setia indah x u13 x 40170 setia alam,no 31g and 33g jln setia indah x u13 x 40170 setia alam,"NO. 31G&33G, JALAN SETIA INDAH X, U13/X, 40170 SETIA ALAM","NO. 31G&33G, JALAN SETIA INDAH X, U13/X, 40170 SETIA ALAM",True,False,False
synthetic/s7/0183,address,address,mock-a,mock-c,no 31g and 33g jln setia indah x u13 x 40170 setia alam,no 31g and 33g jln setia indah x u13 x 40170 setia alam,"NO. 31G&33G, JALAN SETIA INDAH X, U13/X, 40170 SETIA ALAM","NO. 31G&33G, JALAN SETIA INDAH X, U13/X, 40170 SETIA ALAM",True,False,False
synthetic/s7/0183,address,address,mock-a,mock-d,no 31g and 33g jln setia indah x u13 x 40170 setia alam,no 31g and 33g jln setia indah x u13 x 40170 setia alam,"NO. 31G&33G, JALAN SETIA INDAH X, U13/X, 40170 SETIA ALAM","NO. 31G&33G, JALAN SETIA INDAH X, U13/X, 40170 SETIA ALAM",True,False,False
synthetic/s7/0183,address,address,mock-b,mock-c,no 31g and 33g jln setia indah x u13 x 40170 setia alam,no 31g and 33g jln setia indah x u13 x 40170 setia alam,"NO. 31G&33G, JALAN SETIA INDAH X, U13/X, 40170 SETIA ALAM","NO. 31G&33G, JALAN SETIA INDAH X, U13/X, 40170 SETIA ALAM",True,False,False
synthetic/s7/0183,address,address,mock-b,mock-d,no 31g and 33g jln setia indah x u13 x 40170 setia alam,no 31g and 33g jln setia indah x u13 x 40170 setia alam,"NO. 31G&33G, JALAN SETIA INDAH X, U13/X, 40170 SETIA ALAM","NO. 31G&33G, JALAN SETIA INDAH X, U13/X, 40170 SETIA ALAM",True,False,False
synthetic/s7/0183,address,address,mock-c,mock-d,no 31g and 33g jln setia indah x u13 x 40170 setia alam,no 31g and 33g jln setia indah x u13 x 40170 setia alam,"NO. 31G&33G, JALAN SETIA INDAH X, U13/X, 40170 SETIA ALAM","NO. 31G&33G, JALAN SETIA INDAH X, U13/X, 40170 SETIA ALAM",True,False,False
synthetic/s7/0183,company,org,mock-a,mock-b,∅,sanyu stationery shop,,SANYU STATIONERY SHOP,False,False,True
synthetic/s7/0183,company,org,mock-a,mock-c,∅,sanyu stationery shop,,SANYU STATIONERY SHOP,False,False,True
synthetic/s7/0183,company,org,mock-a,mock-d,∅,sanyu stationery shop,,SANYU STATIONERY SHOP,False,False,True
synthetic/s7/0183,company,org,mock-b,mock-c,sanyu stationery shop,sanyu stationery shop,SANYU STATIONERY SHOP,SANYU STATIONERY SHOP,True,False,False
synthetic/s7/0183,company,org,mock-b,mock-d,sanyu stationery shop,sanyu stationery shop,SANYU STATIONERY SHOP,SANYU STATIONERY SHOP,True,False,False
synthetic/s7/0183,company,org,mock-c,mock-d,sanyu stationery shop,sanyu stationery shop,SANYU STATIONERY SHOP,SANYU STATIONERY SHOP,True,False,False
synthetic/s7/0183,date,date,mock-a,mock-b,2018-10-05,2018-10-05,05/10/2018,05/10/2018,True,False,False
synthetic/s7/0183,date,date,mock-a,mock-c,2018-10-05,2018-10-05,05/10/2018,05/10/2018,True,False,False
synthetic/s7/0183,date,date,mock-a,mock-d,2018-10-05,2018-10-05,05/10/2018,05/10/2018,True,False,False
synthetic/s7/0183,date,date,mock-b,mock-c,2018-10-05,2018-10-05,05/10/2018,05/10/2018,True,False,False
synthetic/s7/0183,date,date,mock-b,mock-d,2018-10-05,2018-10-05,05/10/2018,05/10/2018,True,False,False
synthetic/s7/0183,date,date,mock-c,mock-d,2018-10-05,2018-10-05,05/10/2018,05/10/2018,True,False,False
synthetic/s7/0183,phone,phone,mock-a,mock-b,98381907,98381907,09-838 1907,09-838 1907,True,False,False
synthetic/s7/0183,phone,phone,mock-a,mock-c,98381907,98381907,09-838 1907,09-838 1907,True,False,False
synthetic/s7/0183,phone,phone,mock-a,mock-d,98381907,98381907,09-838 1907,09-838 1907,True,False,False
synthetic/s7/0183,phone,phone,mock-b,mock-c,98381907,98381907,09-838 1907,09-838 1907,True,False,False
synthetic/s7/0183,phone,phone,mock-b,mock-d,98381907,98381907,09-838 1907,09-838 1907,True,False,False
synthetic/s7/0183,phone,phone,mock-c,mock-d,98381907,98381907,09-838 1907,09-838 1907,True,False,False
synthetic/s7/0183,tax,money,mock-a,mock-b,∅,∅,,,True,True,False
synthetic/s7/0183,tax,money,mock-a,mock-c,∅,∅,,,True,True,False
synthetic/s7/0183,tax,money,mock-a,mock-d,∅,∅,,,True,True,False
synthetic/s7/0183,tax,money,mock-b,mock-c,∅,∅,,,True,True,False
synthetic/s7/0183,tax,money,mock-b,mock-d,∅,∅,,,True,True,False
synthetic/s7/0183,tax,money,mock-c,mock-d,∅,∅,,,True,True,False
synthetic/s7/0183,total,money,mock-a,mock-b,26.10,26.10,26.10,26.10,True,False,False
synthetic/s7/0183,total,money,mock-a,mock-c,26.10,26.10,26.10,26.10,True,False,False
synthetic/s7/0183,total,money,mock-a,mock-d,26.10,26.10,26.10,26.10,True,False,False
synthetic/s7/0183,total,money,mock-b,mock-c,26.10,26.10,26.10,26.10,True,False,False
synthetic/s7/0183,total,money,mock-b,mock-d,26.10,26.10,26.10,26.10,True,False,False
synthetic/s7/0183,total,money,mock-c,mock-d,26.10,26.10,26.10,26.10,True,False,False
synthetic/s7/0184,address,address,mock-a,mock-b,lot p t 2811 jln angsana tmn mutiara rini 81300 skudai,lot p t 2811 jln angsana tmn mutiara rini 81300 skudai,"LOT P.T. 2811, JALAN ANGSANA, TAMAN MUTIARA RINI, 81300 SKUDAI","LOT P.T. 2811, JALAN ANGSANA, TAMAN MUTIARA RINI, 81300 SKUDAI",True,False,False
synthetic/s7/0184,address,address,mock-a,mock-c,lot p t 2811 jln angsana tmn mutiara rini 81300 skudai,lot p t 2811 jln angsana tmn mutiara rini 81300 skudai,"LOT P.T. 2811, JALAN ANGSANA, TAMAN MUTIARA RINI, 81300 SKUDAI","LOT P.T. 2811, JALAN ANGSANA, TAMAN MUTIARA RINI, 81300 SKUDAI",True,False,False
synthetic/s7/0184,address,address,mock-a,mock-d,lot p t 2811 jln angsana tmn mutiara rini 81300 skudai,lot p t 2811 jln angsana tmn mutiara rini 81300 skudai,"LOT P.T. 2811, JALAN ANGSANA, TAMAN MUTIARA RINI, 81300 SKUDAI","LOT P.T. 2811, JALAN ANGSANA, TAMAN MUTIARA RINI, 81300 SKUDAI",True,False,False
synthetic/s7/0184,address,address,mock-b,mock-c,lot p t 2811 jln angsana tmn mutiara rini 81300 skudai,lot p t 2811 jln angsana tmn mutiara rini 81300 skudai,"LOT P.T. 2811, JALAN ANGSANA, TAMAN MUTIARA RINI, 81300 SKUDAI","LOT P.T. 2811, JALAN ANGSANA, TAMAN MUTIARA RINI, 81300 SKUDAI",True,False,False
synthetic/s7/0184,address,address,mock-b,mock-d,lot p t 2811 jln angsana tmn mutiara rini 81300 skudai,lot p t 2811 jln angsana tmn mutiara rini 81300 skudai,"LOT P.T. 2811, JALAN ANGSANA, TAMAN MUTIARA RINI, 81300 SKUDAI","LOT P.T. 2811, JALAN ANGSANA, TAMAN MUTIARA RINI, 81300 SKUDAI",True,False,False
synthetic/s7/0184,address,address,mock-c,mock-d,lot p t 2811 jln angsana tmn mutiara rini 81300 skudai,lot p t 2811 jln angsana tmn mutiara rini 81300 skudai,"LOT P.T. 2811, JALAN ANGSANA, TAMAN MUTIARA RINI, 81300 SKUDAI","LOT P.T. 2811, JALAN ANGSANA, TAMAN MUTIARA RINI, 81300 SKUDAI",True,False,False
synthetic/s7/0184,company,org,mock-a,mock-b,99 speed mart s b,99 speed mart s b,99 SPEED MART S/B,99 SPEED MART S/B,True,False,False
synthetic/s7/0184,company,org,mock-a,mock-c,99 speed mart s b,99 speed mart s b,99 SPEED MART S/B,99 SPEED MART S/B,True,False,False
synthetic/s7/0184,company,org,mock-a,mock-d,99 speed mart s b,99 speed mart s b,99 SPEED MART S/B,99 SPEED MART S/B,True,False,False
synthetic/s7/0184,company,org,mock-b,mock-c,99 speed mart s b,99 speed mart s b,99 SPEED MART S/B,99 SPEED MART S/B,True,False,False
synthetic/s7/0184,company,org,mock-b,mock-d,99 speed mart s b,99 speed mart s b,99 SPEED MART S/B,99 SPEED MART S/B,True,False,False
synthetic/s7/0184,company,org,mock-c,mock-d,99 speed mart s b,99 speed mart s b,99 SPEED MART S/B,99 SPEED MART S/B,True,False,False
synthetic/s7/0184,date,date,mock-a,mock-b,2019-11-10,2019-11-10,10/11/2019,10/11/2019,True,False,False
synthetic/s7/0184,date,date,mock-a,mock-c,2019-11-10,∅,10/11/2019,,False,False,True
synthetic/s7/0184,date,date,mock-a,mock-d,2019-11-10,2019-11-10,10/11/2019,10/11/2019,True,False,False
synthetic/s7/0184,date,date,mock-b,mock-c,2019-11-10,∅,10/11/2019,,False,False,True
synthetic/s7/0184,date,date,mock-b,mock-d,2019-11-10,2019-11-10,10/11/2019,10/11/2019,True,False,False
synthetic/s7/0184,date,date,mock-c,mock-d,∅,2019-11-10,,10/11/2019,False,False,True
synthetic/s7/0184,phone,phone,mock-a,mock-b,∅,∅,,,True,True,False
synthetic/s7/0184,phone,phone,mock-a,mock-c,∅,∅,,,True,True,False
synthetic/s7/0184,phone,phone,mock-a,mock-d,∅,∅,,,True,True,False
synthetic/s7/0184,phone,phone,mock-b,mock-c,∅,∅,,,True,True,False
synthetic/s7/0184,phone,phone,mock-b,mock-d,∅,∅,,,True,True,False
synthetic/s7/0184,phone,phone,mock-c,mock-d,∅,∅,,,True,True,False
synthetic/s7/0184,tax,money,mock-a,mock-b,0.09,∅,0.09,,False,False,True
synthetic/s7/0184,tax,money,mock-a,mock-c,0.09,0.09,0.09,0.09,True,False,False
synthetic/s7/0184,tax,money,mock-a,mock-d,0.09,0.09,0.09,0.09,True,False,False
synthetic/s7/0184,tax,money,mock-b,mock-c,∅,0.09,,0.09,False,False,True
synthetic/s7/0184,tax,money,mock-b,mock-d,∅,0.09,,0.09,False,False,True
synthetic/s7/0184,tax,money,mock-c,mock-d,0.09,0.09,0.09,0.09,True,False,False
synthetic/s7/0184,total,money,mock-a,mock-b,1.59,∅,1.59,,False,False,True
synthetic/s7/0184,total,money,mock-a,mock-c,1.59,4.59,1.59,4.59,False,False,False
synthetic/s7/0184,total,money,mock-a,mock-d,1.59,1.59,1.59,1.59,True,False,False
synthetic/s7/0184,total,money,mock-b,mock-c,∅,4.59,,4.59,False,False,True
synthetic/s7/0184,total,money,mock-b,mock-d,∅,1.59,,1.59,False,False,True
synthetic/s7/0184,total,money,mock-c,mock-d,4.59,1.59,4.59,1.59,False,False,False
synthetic/s7/0185,address,address,mock-a,mock-b,lot 276 jln banting 43800 dengkil,lot 276 jln banting 43800 dengkil,"LOT 276 JALAN BANTING, 43800 DENGKIL","LOT 276 JALAN BANTING, 43800 DENGKIL",True,False,False
synthetic/s7/0185,address,address,mock-a,mock-c,lot 276 jln banting 43800 dengkil,lot 276 jln banting 43800 dengkil selangor,"LOT 276 JALAN BANTING, 43800 DENGKIL","LOT 276 JALAN BANTING, 43800 DENGKIL, SELANGOR",False,False,False
synthetic/s7/0185,address,address,mock-a,mock-d,lot 276 jln banting 43800 dengkil,lot 276 jln banting 43800 dengkil selangor,"LOT 276 JALAN BANTING, 43800 DENGKIL","LOT 276 JALAN BANTING, 43800 DENGKIL, SELANGOR",False,False,False
synthetic/s7/0185,address,address,mock-b,mock-c,lot 276 jln banting 43800 dengkil,lot 276 jln banting 43800 dengkil selangor,"LOT 276 JALAN BANTING, 43800 DENGKIL","LOT 276 JALAN BANTING, 43800 DENGKIL, SELANGOR",False,False,False
synthetic/s7/0185,address,address,mock-b,mock-d,lot 276 jln banting 43800 dengkil,lot 276 jln banting 43800 dengkil selangor,"LOT 276 JALAN BANTING, 43800 DENGKIL","LOT 276 JALAN BANTING, 43800 DENGKIL, SELANGOR",False,False,False
synthetic/s7/0185,address,address,mock-c,mock-d,lot 276 jln banting 43800 dengkil selangor,lot 276 jln banting 43800 dengkil selangor,"LOT 276 JALAN BANTING, 43800 DENGKIL, SELANGOR","LOT 276 JALAN BANTING, 43800 DENGKIL, SELANGOR",True,False,False
synthetic/s7/0185,company,org,mock-a,mock-b,kedai papan yew chuan,kedai papan yew chuan,KEDAI PAPAN YEW CHUAN,KEDAI PAPAN YEW CHUAN,True,False,False
synthetic/s7/0185,company,org,mock-a,mock-c,kedai papan yew chuan,kedai papan yew chuan,KEDAI PAPAN YEW CHUAN,KEDAI PAPAN YEW CHUAN,True,False,False
synthetic/s7/0185,company,org,mock-a,mock-d,kedai papan yew chuan,kedai papan yew chuan,KEDAI PAPAN YEW CHUAN,KEDAI PAPAN YEW CHUAN,True,False,False
synthetic/s7/0185,company,org,mock-b,mock-c,kedai papan yew chuan,kedai papan yew chuan,KEDAI PAPAN YEW CHUAN,KEDAI PAPAN YEW CHUAN,True,False,False
synthetic/s7/0185,company,org,mock-b,mock-d,kedai papan yew chuan,kedai papan yew chuan,KEDAI PAPAN YEW CHUAN,KEDAI PAPAN YEW CHUAN,True,False,False
synthetic/s7/0185,company,org,mock-c,mock-d,kedai papan yew chuan,kedai papan yew chuan,KEDAI PAPAN YEW CHUAN,KEDAI PAPAN YEW CHUAN,True,False,False
synthetic/s7/0185,date,date,mock-a,mock-b,2019-03-08,2019-03-08,08/03/2019,08/03/2019,True,False,False
synthetic/s7/0185,date,date,mock-a,mock-c,2019-03-08,2019-03-08,08/03/2019,08/03/2019,True,False,False
synthetic/s7/0185,date,date,mock-a,mock-d,2019-03-08,2019-03-08,08/03/2019,08/03/2019,True,False,False
synthetic/s7/0185,date,date,mock-b,mock-c,2019-03-08,2019-03-08,08/03/2019,08/03/2019,True,False,False
synthetic/s7/0185,date,date,mock-b,mock-d,2019-03-08,2019-03-08,08/03/2019,08/03/2019,True,False,False
synthetic/s7/0185,date,date,mock-c,mock-d,2019-03-08,2019-03-08,08/03/2019,08/03/2019,True,False,False
synthetic/s7/0185,phone,phone,mock-a,mock-b,891046835,891046835,89-104 6835,89-104 6835,True,False,False
synthetic/s7/0185,phone,phone,mock-a,mock-c,891046835,91046835,89-104 6835,09-104 6835,False,False,False
synthetic/s7/0185,phone,phone,mock-a,mock-d,891046835,91046835,89-104 6835,09-104 6835,False,False,False
synthetic/s7/0185,phone,phone,mock-b,mock-c,891046835,91046835,89-104 6835,09-104 6835,False,False,False
synthetic/s7/0185,phone,phone,mock-b,mock-d,891046835,91046835,89-104 6835,09-104 6835,False,False,False
synthetic/s7/0185,phone,phone,mock-c,mock-d,91046835,91046835,09-104 6835,09-104 6835,True,False,False
synthetic/s7/0185,tax,money,mock-a,mock-b,∅,∅,,,True,True,False
synthetic/s7/0185,tax,money,mock-a,mock-c,∅,∅,,,True,True,False
synthetic/s7/0185,tax,money,mock-a,mock-d,∅,∅,,,True,True,False
synthetic/s7/0185,tax,money,mock-b,mock-c,∅,∅,,,True,True,False
synthetic/s7/0185,tax,money,mock-b,mock-d,∅,∅,,,True,True,False
synthetic/s7/0185,tax,money,mock-c,mock-d,∅,∅,,,True,True,False
synthetic/s7/0185,total,money,mock-a,mock-b,2.30,2.60,2.30,2.60,False,False,False
synthetic/s7/0185,total,money,mock-a,mock-c,2.30,2.30,2.30,2.30,True,False,False
synthetic/s7/0185,total,money,mock-a,mock-d,2.30,2.30,2.30,2.30,True,False,False
synthetic/s7/0185,total,money,mock-b,mock-c,2.60,2.30,2.60,2.30,False,False,False
synthetic/s7/0185,total,money,mock-b,mock-d,2.60,2.30,2.60,2.30,False,False,False
synthetic/s7/0185,total,money,mock-c,mock-d,2.30,2.30,2.30,2.30,True,False,False
synthetic/s7/0186,address,address,mock-a,mock-b,no 2 and 4 jln bayu 4 bdr seri alam 81750 masai johor,∅,"NO 2 & 4, JALAN BAYU 4, BANDAR SERI ALAM, 81750 MASAI, JOHOR",,False,False,True
synthetic/s7/0186,address,address,mock-a,mock-c,no 2 and 4 jln bayu 4 bdr seri alam 81750 masai johor,no 2 and 4 jln bayu 4 bdr seri alam 81750 masai johor,"NO 2 & 4, JALAN BAYU 4, BANDAR SERI ALAM, 81750 MASAI, JOHOR","NO 2 & 4, JALAN BAYU 4, BANDAR SERI ALAM, 81750 MASAI, JOHOR",True,False,False
synthetic/s7/0186,address,address,mock-a,mock-d,no 2 and 4 jln bayu 4 bdr seri alam 81750 masai johor,no 2 and 4 jln bayu 4 bdr seri alam 81750 masai johor,"NO 2 & 4, JALAN BAYU 4, BANDAR SERI ALAM, 81750 MASAI, JOHOR","NO 2 & 4, JALAN BAYU 4, BANDAR SERI ALAM, 81750 MASAI, JOHOR",True,False,False
synthetic/s7/0186,address,address,mock-b,mock-c,∅,no 2 and 4 jln bayu 4 bdr seri alam 81750 masai johor,,"NO 2 & 4, JALAN BAYU 4, BANDAR SERI ALAM, 81750 MASAI, JOHOR",False,False,True
synthetic/s7/0186,address,address,mock-b,mock-d,∅,no 2 and 4 jln bayu 4 bdr seri alam 81750 masai johor,,"NO 2 & 4, JALAN BAYU 4, BANDAR SERI ALAM, 81750 MASAI, JOHOR",False,False,True
synthetic/s7/0186,address,address,mock-c,mock-d,no 2 and 4 jln bayu 4 bdr seri alam 81750 masai johor,no 2 and 4 jln bayu 4 bdr seri alam 81750 masai johor,"NO 2 & 4, JALAN BAYU 4, BANDAR SERI ALAM, 81750 MASAI, JOHOR","NO 2 & 4, JALAN BAYU 4, BANDAR SERI ALAM, 81750 MASAI, JOHOR",True,False,False
synthetic/s7/0186,company,org,mock-a,mock-b,ojc marketing,ojc marketing,OJC MARKETING SDN BHD,OJC MARKETING SDN BHD,True,False,False
synthetic/s7/0186,company,org,mock-a,mock-c,ojc marketing,ojc marketing,OJC MARKETING SDN BHD,OJC MARKETING SDN BHD,True,False,False
synthetic/s7/0186,company,org,mock-a,mock-d,ojc marketing,ojc marketing,OJC MARKETING SDN BHD,OJC MARKETING SDN BHD,True,False,False
synthetic/s7/0186,company,org,mock-b,mock-c,ojc marketing,ojc marketing,OJC MARKETING SDN BHD,OJC MARKETING SDN BHD,True,False,False
synthetic/s7/0186,company,org,mock-b,mock-d,ojc marketing,ojc marketing,OJC MARKETING SDN BHD,OJC MARKETING SDN BHD,True,False,False
synthetic/s7/0186,company,org,mock-c,mock-d,ojc marketing,ojc marketing,OJC MARKETING SDN BHD,OJC MARKETING SDN BHD,True,False,False
synthetic/s7/0186,date,date,mock-a,mock-b,2019-02-03,2019-02-03,03/02/2019,03/02/2019,True,False,False
synthetic/s7/0186,date,date,mock-a,mock-c,2019-02-03,2019-02-03,03/02/2019,03/02/2019,True,False,False
synthetic/s7/0186,date,date,mock-a,mock-d,2019-02-03,2019-02-03,03/02/2019,03/02/2019,True,False,False
synthetic/s7/0186,date,date,mock-b,mock-c,2019-02-03,2019-02-03,03/02/2019,03/02/2019,True,False,False
synthetic/s7/0186,date,date,mock-b,mock-d,2019-02-03,2019-02-03,03/02/2019,03/02/2019,True,False,False
synthetic/s7/0186,date,date,mock-c,mock-d,2019-02-03,2019-02-03,03/02/2019,03/02/2019,True,False,False
synthetic/s7/0186,phone,phone,mock-a,mock-b,91625776,91625776,09-162 5776,09-162 5776,True,False,False
synthetic/s7/0186,phone,phone,mock-a,mock-c,91625776,91625776,09-162 5776,09-162 5776,True,False,False
synthetic/s7/0186,phone,phone,mock-a,mock-d,91625776,91625776,09-162 5776,19-162 5776,True,False,False
synthetic/s7/0186,phone,phone,mock-b,mock-c,91625776,91625776,09-162 5776,09-162 5776,True,False,False
synthetic/s7/0186,phone,phone,mock-b,mock-d,91625776,91625776,09-162 5776,19-162 5776,True,False,False
synthetic/s7/0186,phone,phone,mock-c,mock-d,91625776,91625776,09-162 5776,19-162 5776,True,False,False
synthetic/s7/0186,tax,money,mock-a,mock-b,∅,∅,,,True,True,False
synthetic/s7/0186,tax,money,mock-a,mock-c,∅,∅,,,True,True,False
synthetic/s7/0186,tax,money,mock-a,mock-d,∅,∅,,,True,True,False
synthetic/s7/0186,tax,money,mock-b,mock-c,∅,∅,,,True,True,False
synthetic/s7/0186,tax,money,mock-b,mock-d,∅,∅,,,True,True,False
synthetic/s7/0186,tax,money,mock-c,mock-d,∅,∅,,,True,True,False
synthetic/s7/0186,total,money,mock-a,mock-b,38.80,39.40,38.80,39.40,False,False,False
synthetic/s7/0186,total,money,mock-a,mock-c,38.80,39.40,38.80,39.40,False,False,False
synthetic/s7/0186,total,money,mock-a,mock-d,38.80,39.40,38.80,39.40,False,False,False
synthetic/s7/0186,total,money,mock-b,mock-c,39.40,39.40,39.40,39.40,True,False,False
synthetic/s7/0186,total,money,mock-b,mock-d,39.40,39.40,39.40,39.40,True,False,False
synthetic/s7/0186,total,money,mock-c,mock-d,39.40,39.40,39.40,39.40,True,False,False
synthetic/s7/0187,address,address,mock-a,mock-b,no 59 jln permas 9 5 bdr baru permas jaya 81750 johor bahru,no 59 jln permas 9 5 bdr baru permas jaya,"NO.59 JALAN PERMAS 9/5, BANDAR BARU PERMAS JAYA, 81750 JOHOR BAHRU","NO.59 JALAN PERMAS 9/5, BANDAR BARU PERMAS JAYA",False,False,False
synthetic/s7/0187,address,address,mock-a,mock-c,no 59 jln permas 9 5 bdr baru permas jaya 81750 johor bahru,no 59 jln permas 9 5 bdr baru permas jaya 81750 johor bahru,"NO.59 JALAN PERMAS 9/5, BANDAR BARU PERMAS JAYA, 81750 JOHOR BAHRU","NO.59 JALAN PERMAS 9/5, BANDAR BARU PERMAS JAYA, 81750 JOHOR BAHRU",True,False,False
synthetic/s7/0187,address,address,mock-a,mock-d,no 59 jln permas 9 5 bdr baru permas jaya 81750 johor bahru,no 59 jln permas 9 5 bdr baru permas jaya 81750 johor bahru,"NO.59 JALAN PERMAS 9/5, BANDAR BARU PERMAS JAYA, 81750 JOHOR BAHRU","NO.59 JALAN PERMAS 9/5, BANDAR BARU PERMAS JAYA, 81750 JOHOR BAHRU",True,False,False
synthetic/s7/0187,address,address,mock-b,mock-c,no 59 jln permas 9 5 bdr baru permas jaya,no 59 jln permas 9 5 bdr baru permas jaya 81750 johor bahru,"NO.59 JALAN PERMAS 9/5, BANDAR BARU PERMAS JAYA","NO.59 JALAN PERMAS 9/5, BANDAR BARU PERMAS JAYA, 81750 JOHOR BAHRU",False,False,False
synthetic/s7/0187,address,address,mock-b,mock-d,no 59 jln permas 9 5 bdr baru permas jaya,no 59 jln permas 9 5 bdr baru permas jaya 81750 johor bahru,"NO.59 JALAN PERMAS 9/5, BANDAR BARU PERMAS JAYA","NO.59 JALAN PERMAS 9/5, BANDAR BARU PERMAS JAYA, 81750 JOHOR BAHRU",False,False,False
synthetic/s7/0187,address,address,mock-c,mock-d,no 59 jln permas 9 5 bdr baru permas jaya 81750 johor bahru,no 59 jln permas 9 5 bdr baru permas jaya 81750 johor bahru,"NO.59 JALAN PERMAS 9/5, BANDAR BARU PERMAS JAYA, 81750 JOHOR BAHRU","NO.59 JALAN PERMAS 9/5, BANDAR BARU PERMAS JAYA, 81750 JOHOR BAHRU",True,False,False
synthetic/s7/0187,company,org,mock-a,mock-b,perniagaan zheng hui,perniagaan zheng hui,PERNIAGAAN ZHENG HUI,PERNIAGAAN ZHENG HUI,True,False,False
synthetic/s7/0187,company,org,mock-a,mock-c,perniagaan zheng hui,perniagaan zheng hui,PERNIAGAAN ZHENG HUI,PERNIAGAAN ZHENG HUI,True,False,False
synthetic/s7/0187,company,org,mock-a,mock-d,perniagaan zheng hui,perniagaan zheng hui,PERNIAGAAN ZHENG HUI,PERNIAGAAN ZHENG HUI,True,False,False
synthetic/s7/0187,company,org,mock-b,mock-c,perniagaan zheng hui,perniagaan zheng hui,PERNIAGAAN ZHENG HUI,PERNIAGAAN ZHENG HUI,True,False,False
synthetic/s7/0187,company,org,mock-b,mock-d,perniagaan zheng hui,perniagaan zheng hui,PERNIAGAAN ZHENG HUI,PERNIAGAAN ZHENG HUI,True,False,False
synthetic/s7/0187,company,org,mock-c,mock-d,perniagaan zheng hui,perniagaan zheng hui,PERNIAGAAN ZHENG HUI,PERNIAGAAN ZHENG HUI,True,False,False
synthetic/s7/0187,date,date,mock-a,mock-b,2018-09-15,2018-09-15,15/09/2018,15/09/2018,True,False,False
synthetic/s7/0187,date,date,mock-a,mock-c,2018-09-15,2018-09-15,15/09/2018,15/09/2018,True,False,False
synthetic/s7/0187,date,date,mock-a,mock-d,2018-09-15,2018-09-15,15/09/2018,15/09/2018,True,False,False
synthetic/s7/0187,date,date,mock-b,mock-c,2018-09-15,2018-09-15,15/09/2018,15/09/2018,True,False,False
synthetic/s7/0187,date,date,mock-b,mock-d,2018-09-15,2018-09-15,15/09/2018,15/09/2018,True,False,False
synthetic/s7/0187,date,date,mock-c,mock-d,2018-09-15,2018-09-15,15/09/2018,15/09/2018,True,False,False
synthetic/s7/0187,phone,phone,mock-a,mock-b,∅,42712682,,04-271 2682,False,False,True
synthetic/s7/0187,phone,phone,mock-a,mock-c,∅,42712682,,14-271 2682,False,False,True
synthetic/s7/0187,phone,phone,mock-a,mock-d,∅,42712682,,04-271 2682,False,False,True
synthetic/s7/0187,phone,phone,mock-b,mock-c,42712682,42712682,04-271 2682,14-271 2682,True,False,False
synthetic/s7/0187,phone,phone,mock-b,mock-d,42712682,42712682,04-271 2682,04-271 2682,True,False,False
synthetic/s7/0187,phone,phone,mock-c,mock-d,42712682,42712682,14-271 2682,04-271 2682,True,False,False
synthetic/s7/0187,tax,money,mock-a,mock-b,∅,∅,,,True,True,False
synthetic/s7/0187,tax,money,mock-a,mock-c,∅,∅,,,True,True,False
synthetic/s7/0187,tax,money,mock-a,mock-d,∅,∅,,,True,True,False
synthetic/s7/0187,tax,money,mock-b,mock-c,∅,∅,,,True,True,False
synthetic/s7/0187,tax,money,mock-b,mock-d,∅,∅,,,True,True,False
synthetic/s7/0187,tax,money,mock-c,mock-d,∅,∅,,,True,True,False
synthetic/s7/0187,total,money,mock-a,mock-b,12.00,14.40,12.00,14.40,False,False,False
synthetic/s7/0187,total,money,mock-a,mock-c,12.00,14.40,12.00,14.40,False,False,False
synthetic/s7/0187,total,money,mock-a,mock-d,12.00,∅,12.00,,False,False,True
synthetic/s7/0187,total,money,mock-b,mock-c,14.40,14.40,14.40,14.40,True,False,False
synthetic/s7/0187,total,money,mock-b,mock-d,14.40,∅,14.40,,False,False,True
synthetic/s7/0187,total,money,mock-c,mock-d,14.40,∅,14.40,,False,False,True
synthetic/s7/0188,address,address,mock-a,mock-b,lot 3 jln pelabur 23 1 40300 shah alam selangor,lot 3 jln pelabur 23 1 40300 shah alam selangor,"LOT 3, JALAN PELABUR 23/1, 40300 SHAH ALAM, SELANGOR","LOT 3, JALAN PELABUR 23/1, 40300 SHAH ALAM, SELANGOR",True,False,False
synthetic/s7/0188,address,address,mock-a,mock-c,lot 3 jln pelabur 23 1 40300 shah alam selangor,lot 3 jln pelabur 23 1 40300 shah alam selangor,"LOT 3, JALAN PELABUR 23/1, 40300 SHAH ALAM, SELANGOR","LOT 3, JALAN PELABUR 23/1, 40300 SHAH ALAM, SELANGOR",True,False,False
synthetic/s7/0188,address,address,mock-a,mock-d,lot 3 jln pelabur 23 1 40300 shah alam selangor,lot 3 jln pelabur 23 1 40300 shah alam selangor,"LOT 3, JALAN PELABUR 23/1, 40300 SHAH ALAM, SELANGOR","LOT 3, JALAN PELABUR 23/1, 40300 SHAH ALAM, SELANGOR",True,False,False
synthetic/s7/0188,address,address,mock-b,mock-c,lot 3 jln pelabur 23 1 40300 shah alam selangor,lot 3 jln pelabur 23 1 40300 shah alam selangor,"LOT 3, JALAN PELABUR 23/1, 40300 SHAH ALAM, SELANGOR","LOT 3, JALAN PELABUR 23/1, 40300 SHAH ALAM, SELANGOR",True,False,False
synthetic/s7/0188,address,address,mock-b,mock-d,lot 3 jln pelabur 23 1 40300 shah alam selangor,lot 3 jln pelabur 23 1 40300 shah alam selangor,"LOT 3, JALAN PELABUR 23/1, 40300 SHAH ALAM, SELANGOR","LOT 3, JALAN PELABUR 23/1, 40300 SHAH ALAM, SELANGOR",True,False,False
synthetic/s7/0188,address,address,mock-c,mock-d,lot 3 jln pelabur 23 1 40300 shah alam selangor,lot 3 jln pelabur 23 1 40300 shah alam selangor,"LOT 3, JALAN PELABUR 23/1, 40300 SHAH ALAM, SELANGOR","LOT 3, JALAN PELABUR 23/1, 40300 SHAH ALAM, SELANGOR",True,False,False
synthetic/s7/0188,company,org,mock-a,mock-b,gardenia bakeries kl,gardenia bakeries kl,GARDENIA BAKERIES (KL) SDN BHD,GARDENIA BAKERIES (KL) SDN BHD,True,False,False
synthetic/s7/0188,company,org,mock-a,mock-c,gardenia bakeries kl,gardenia bakeries kl,GARDENIA BAKERIES (KL) SDN BHD,GARDENIA BAKERIES (KL) SDN BHD,True,False,False
synthetic/s7/0188,company,org,mock-a,mock-d,gardenia bakeries kl,gardenia bakeries kl,GARDENIA BAKERIES (KL) SDN BHD,GARDENIA BAKERIES (KL) SDN BHD,True,False,False
synthetic/s7/0188,company,org,mock-b,mock-c,gardenia bakeries kl,gardenia bakeries kl,GARDENIA BAKERIES (KL) SDN BHD,GARDENIA BAKERIES (KL) SDN BHD,True,False,False
synthetic/s7/0188,company,org,mock-b,mock-d,gardenia bakeries kl,gardenia bakeries kl,GARDENIA BAKERIES (KL) SDN BHD,GARDENIA BAKERIES (KL) SDN BHD,True,False,False
synthetic/s7/0188,company,org,mock-c,mock-d,gardenia bakeries kl,gardenia bakeries kl,GARDENIA BAKERIES (KL) SDN BHD,GARDENIA BAKERIES (KL) SDN BHD,True,False,False
synthetic/s7/0188,date,date,mock-a,mock-b,∅,2018-01-27,,27/01/2018,False,False,True
synthetic/s7/0188,date,date,mock-a,mock-c,∅,2018-01-27,,27/01/2018,False,False,True
synthetic/s7/0188,date,date,mock-a,mock-d,∅,∅,,,True,True,False
synthetic/s7/0188,date,date,mock-b,mock-c,2018-01-27,2018-01-27,27/01/2018,27/01/2018,True,False,False
synthetic/s7/0188,date,date,mock-b,mock-d,2018-01-27,∅,27/01/2018,,False,False,True
synthetic/s7/0188,date,date,mock-c,mock-d,2018-01-27,∅,27/01/2018,,False,False,True
synthetic/s7/0188,phone,phone,mock-a,mock-b,∅,∅,,,True,True,False
synthetic/s7/0188,phone,phone,mock-a,mock-c,∅,∅,,,True,True,False
synthetic/s7/0188,phone,phone,mock-a,mock-d,∅,∅,,,True,True,False
synthetic/s7/0188,phone,phone,mock-b,mock-c,∅,∅,,,True,True,False
synthetic/s7/0188,phone,phone,mock-b,mock-d,∅,∅,,,True,True,False
synthetic/s7/0188,phone,phone,mock-c,mock-d,∅,∅,,,True,True,False
synthetic/s7/0188,tax,money,mock-a,mock-b,9.19,9.19,9.19,9.19,True,False,False
synthetic/s7/0188,tax,money,mock-a,mock-c,9.19,9.19,9.19,9.19,True,False,False
synthetic/s7/0188,tax,money,mock-a,mock-d,9.19,9.19,9.19,9.19,True,False,False
synthetic/s7/0188,tax,money,mock-b,mock-c,9.19,9.19,9.19,9.19,True,False,False
synthetic/s7/0188,tax,money,mock-b,mock-d,9.19,9.19,9.19,9.19,True,False,False
synthetic/s7/0188,tax,money,mock-c,mock-d,9.19,9.19,9.19,9.19,True,False,False
synthetic/s7/0188,total,money,mock-a,mock-b,3.39,3.39,3.39,3.39,True,False,False
synthetic/s7/0188,total,money,mock-a,mock-c,3.39,3.39,3.39,3.39,True,False,False
synthetic/s7/0188,total,money,mock-a,mock-d,3.39,3.39,3.39,3.39,True,False,False
synthetic/s7/0188,total,money,mock-b,mock-c,3.39,3.39,3.39,3.39,True,False,False
synthetic/s7/0188,total,money,mock-b,mock-d,3.39,3.39,3.39,3.39,True,False,False
synthetic/s7/0188,total,money,mock-c,mock-d,3.39,3.39,3.39,3.39,True,False,False
synthetic/s7/0189,address,address,mock-a,mock-b,no 31g and 33g jln setia indah x u13 x 40170 setia alam,no 31g and 33g jln setia indah x u13 x 40170 setia alam,"NO. 31G&33G, JALAN SETIA INDAH X, U13/X, 40170 SETIA ALAM","NO. 31G&33G, JALAN SETIA INDAH X, U13/X, 40170 SETIA ALAM",True,False,False
synthetic/s7/0189,address,address,mock-a,mock-c,no 31g and 33g jln setia indah x u13 x 40170 setia alam,no 31g and 33g jln setia indah x u13 x,"NO. 31G&33G, JALAN SETIA INDAH X, U13/X, 40170 SETIA ALAM","NO. 31G&33G, JALAN SETIA INDAH X, U13/X",False,False,False
synthetic/s7/0189,address,address,mock-a,mock-d,no 31g and 33g jln setia indah x u13 x 40170 setia alam,no 31g and 33g jln setia indah x u13 x 40170 setia alam,"NO. 31G&33G, JALAN SETIA INDAH X, U13/X, 40170 SETIA ALAM","NO. 31G&33G, JALAN SETIA INDAH X, U13/X, 40170 SETIA ALAM",True,False,False
synthetic/s7/0189,address,address,mock-b,mock-c,no 31g and 33g jln setia indah x u13 x 40170 setia alam,no 31g and 33g jln setia indah x u13 x,"NO. 31G&33G, JALAN SETIA INDAH X, U13/X, 40170 SETIA ALAM","NO. 31G&33G, JALAN SETIA INDAH X, U13/X",False,False,False
synthetic/s7/0189,address,address,mock-b,mock-d,no 31g and 33g jln setia indah x u13 x 40170 setia alam,no 31g and 33g jln setia indah x u13 x 40170 setia alam,"NO. 31G&33G, JALAN SETIA INDAH X, U13/X, 40170 SETIA ALAM","NO. 31G&33G, JALAN SETIA INDAH X, U13/X, 40170 SETIA ALAM",True,False,False
synthetic/s7/0189,address,address,mock-c,mock-d,no 31g and 33g jln setia indah x u13 x,no 31g and 33g jln setia indah x u13 x 40170 setia alam,"NO. 31G&33G, JALAN SETIA INDAH X, U13/X","NO. 31G&33G, JALAN SETIA INDAH X, U13/X, 40170 SETIA ALAM",False,False,False
synthetic/s7/0189,company,org,mock-a,mock-b,sanyu stationery shop,sanyu stationery shop,SANYU STATIONERY SHOP,SANYU STATIONERY SHOP,True,False,False
synthetic/s7/0189,company,org,mock-a,mock-c,sanyu stationery shop,sanyu stationery shop,SANYU STATIONERY SHOP,SANYU STATIONERY SHOP,True,False,False
synthetic/s7/0189,company,org,mock-a,mock-d,sanyu stationery shop,sanyu stationery shop,SANYU STATIONERY SHOP,SANYU STATIONERY SHOP,True,False,False
synthetic/s7/0189,company,org,mock-b,mock-c,sanyu stationery shop,sanyu stationery shop,SANYU STATIONERY SHOP,SANYU STATIONERY SHOP,True,False,False
synthetic/s7/0189,company,org,mock-b,mock-d,sanyu stationery shop,sanyu stationery shop,SANYU STATIONERY SHOP,SANYU STATIONERY SHOP,True,False,False
synthetic/s7/0189,company,org,mock-c,mock-d,sanyu stationery shop,sanyu stationery shop,SANYU STATIONERY SHOP,SANYU STATIONERY SHOP,True,False,False
synthetic/s7/0189,date,date,mock-a,mock-b,2019-04-17,2019-04-17,17/04/2019,17/04/2019,True,False,False
synthetic/s7/0189,date,date,mock-a,mock-c,2019-04-17,2019-04-17,17/04/2019,04/17/2019,True,False,False
synthetic/s7/0189,date,date,mock-a,mock-d,2019-04-17,2019-04-17,17/04/2019,17/04/2019,True,False,False
synthetic/s7/0189,date,date,mock-b,mock-c,2019-04-17,2019-04-17,17/04/2019,04/17/2019,True,False,False
synthetic/s7/0189,date,date,mock-b,mock-d,2019-04-17,2019-04-17,17/04/2019,17/04/2019,True,False,False
synthetic/s7/0189,date,date,mock-c,mock-d,2019-04-17,2019-04-17,04/17/2019,17/04/2019,True,False,False
synthetic/s7/0189,phone,phone,mock-a,mock-b,312345678,∅,03-1234 5678,,False,False,True
synthetic/s7/0189,phone,phone,mock-a,mock-c,312345678,∅,03-1234 5678,,False,False,True
synthetic/s7/0189,phone,phone,mock-a,mock-d,312345678,∅,03-1234 5678,,False,False,True
synthetic/s7/0189,phone,phone,mock-b,mock-c,∅,∅,,,True,True,False
synthetic/s7/0189,phone,phone,mock-b,mock-d,∅,∅,,,True,True,False
synthetic/s7/0189,phone,phone,mock-c,mock-d,∅,∅,,,True,True,False
synthetic/s7/0189,tax,money,mock-a,mock-b,∅,∅,,,True,True,False
synthetic/s7/0189,tax,money,mock-a,mock-c,∅,∅,,,True,True,False
synthetic/s7/0189,tax,money,mock-a,mock-d,∅,∅,,,True,True,False
synthetic/s7/0189,tax,money,mock-b,mock-c,∅,∅,,,True,True,False
synthetic/s7/0189,tax,money,mock-b,mock-d,∅,∅,,,True,True,False
synthetic/s7/0189,tax,money,mock-c,mock-d,∅,∅,,,True,True,False
synthetic/s7/0189,total,money,mock-a,mock-b,18.00,18.00,18.00,18.00,True,False,False
synthetic/s7/0189,total,money,mock-a,mock-c,18.00,18.00,18.00,18.00,True,False,False
synthetic/s7/0189,total,money,mock-a,mock-d,18.00,18.00,18.00,18.00,True,False,False
synthetic/s7/0189,total,money,mock-b,mock-c,18.00,18.00,18.00,18.00,True,False,False
synthetic/s7/0189,total,money,mock-b,mock-d,18.00,18.00,18.00,18.00,True,False,False
synthetic/s7/0189,total,money,mock-c,mock-d,18.00,18.00,18.00,18.00,True,False,False
synthetic/s7/0190,address,address,mock-a,mock-b,lot p t 2811 jln angsana tmn mutiara rini 81300 skudai,lot p t 2811 jln angsana tmn mutiara rini 81300 skudai,"LOT P.T. 2811, JALAN ANGSANA, TAMAN MUTIARA RINI, 81300 SKUDAI","LOT P.T. 2811, JALAN ANGSANA, TAMAN MUTIARA RINI, 81300 SKUDAI",True,False,False
synthetic/s7/0190,address,address,mock-a,mock-c,lot p t 2811 jln angsana tmn mutiara rini 81300 skudai,lot p t 2811 jln angsana tmn mutiara rini 81300 skudai,"LOT P.T. 2811, JALAN ANGSANA, TAMAN MUTIARA RINI, 81300 SKUDAI","LOT P.T. 2811, JALAN ANGSANA, TAMAN MUTIARA RINI, 81300 SKUDAI",True,False,False
synthetic/s7/0190,address,address,mock-a,mock-d,lot p t 2811 jln angsana tmn mutiara rini 81300 skudai,lot p t 2811 jln angsana tmn mutiara rini 81300 skudai,"LOT P.T. 2811, JALAN ANGSANA, TAMAN MUTIARA RINI, 81300 SKUDAI","LOT P.T. 2811, JALAN ANGSANA, TAMAN MUTIARA RINI, 81300 SKUDAI",True,False,False
synthetic/s7/0190,address,address,mock-b,mock-c,lot p t 2811 jln angsana tmn mutiara rini 81300 skudai,lot p t 2811 jln angsana tmn mutiara rini 81300 skudai,"LOT P.T. 2811, JALAN ANGSANA, TAMAN MUTIARA RINI, 81300 SKUDAI","LOT P.T. 2811, JALAN ANGSANA, TAMAN MUTIARA RINI, 81300 SKUDAI",True,False,False
synthetic/s7/0190,address,address,mock-b,mock-d,lot p t 2811 jln angsana tmn mutiara rini 81300 skudai,lot p t 2811 jln angsana tmn mutiara rini 81300 skudai,"LOT P.T. 2811, JALAN ANGSANA, TAMAN MUTIARA RINI, 81300 SKUDAI","LOT P.T. 2811, JALAN ANGSANA, TAMAN MUTIARA RINI, 81300 SKUDAI",True,False,False
synthetic/s7/0190,address,address,mock-c,mock-d,lot p t 2811 jln angsana tmn mutiara rini 81300 skudai,lot p t 2811 jln angsana tmn mutiara rini 81300 skudai,"LOT P.T. 2811, JALAN ANGSANA, TAMAN MUTIARA RINI, 81300 SKUDAI","LOT P.T. 2811, JALAN ANGSANA, TAMAN MUTIARA RINI, 81300 SKUDAI",True,False,False
synthetic/s7/0190,company,org,mock-a,mock-b,99 speed mart s b,99 speed mart s b,99 SPEED MART S/B,99 SPEED MART S/B,True,False,False
synthetic/s7/0190,company,org,mock-a,mock-c,99 speed mart s b,99 speed mart,99 SPEED MART S/B,99 SPEED MART,False,False,False
synthetic/s7/0190,company,org,mock-a,mock-d,99 speed mart s b,99 speed mart s b,99 SPEED MART S/B,99 SPEED MART S/B,True,False,False
synthetic/s7/0190,company,org,mock-b,mock-c,99 speed mart s b,99 speed mart,99 SPEED MART S/B,99 SPEED MART,False,False,False
synthetic/s7/0190,company,org,mock-b,mock-d,99 speed mart s b,99 speed mart s b,99 SPEED MART S/B,99 SPEED MART S/B,True,False,False
synthetic/s7/0190,company,org,mock-c,mock-d,99 speed mart,99 speed mart s b,99 SPEED MART,99 SPEED MART S/B,False,False,False
synthetic/s7/0190,date,date,mock-a,mock-b,∅,2019-08-15,,15/08/2019,False,False,True
synthetic/s7/0190,date,date,mock-a,mock-c,∅,2019-08-15,,15/08/2019,False,False,True
synthetic/s7/0190,date,date,mock-a,mock-d,∅,2019-08-15,,15/08/2019,False,False,True
synthetic/s7/0190,date,date,mock-b,mock-c,2019-08-15,2019-08-15,15/08/2019,15/08/2019,True,False,False
synthetic/s7/0190,date,date,mock-b,mock-d,2019-08-15,2019-08-15,15/08/2019,15/08/2019,True,False,False
synthetic/s7/0190,date,date,mock-c,mock-d,2019-08-15,2019-08-15,15/08/2019,15/08/2019,True,False,False
synthetic/s7/0190,phone,phone,mock-a,mock-b,∅,∅,,,True,True,False
synthetic/s7/0190,phone,phone,mock-a,mock-c,∅,∅,,,True,True,False
synthetic/s7/0190,phone,phone,mock-a,mock-d,∅,∅,,,True,True,False
synthetic/s7/0190,phone,phone,mock-b,mock-c,∅,∅,,,True,True,False
synthetic/s7/0190,phone,phone,mock-b,mock-d,∅,∅,,,True,True,False
synthetic/s7/0190,phone,phone,mock-c,mock-d,∅,∅,,,True,True,False
synthetic/s7/0190,tax,money,mock-a,mock-b,0.77,0.77,0.77,0.77,True,False,False
synthetic/s7/0190,tax,money,mock-a,mock-c,0.77,0.76,0.77,0.76,False,False,False
synthetic/s7/0190,tax,money,mock-a,mock-d,0.77,0.77,0.77,0.77,True,False,False
synthetic/s7/0190,tax,money,mock-b,mock-c,0.77,0.76,0.77,0.76,False,False,False
synthetic/s7/0190,tax,money,mock-b,mock-d,0.77,0.77,0.77,0.77,True,False,False
synthetic/s7/0190,tax,money,mock-c,mock-d,0.76,0.77,0.76,0.77,False,False,False
synthetic/s7/0190,total,money,mock-a,mock-b,13.67,∅,13.67,,False,False,True
synthetic/s7/0190,total,money,mock-a,mock-c,13.67,13.07,13.67,13.07,False,False,False
synthetic/s7/0190,total,money,mock-a,mock-d,13.67,12.47,13.67,12.47,False,False,False
synthetic/s7/0190,total,money,mock-b,mock-c,∅,13.07,,13.07,False,False,True
synthetic/s7/0190,total,money,mock-b,mock-d,∅,12.47,,12.47,False,False,True
synthetic/s7/0190,total,money,mock-c,mock-d,13.07,12.47,13.07,12.47,False,False,False
synthetic/s7/0191,address,address,mock-a,mock-b,∅,∅,,,True,True,False
synthetic/s7/0191,address,address,mock-a,mock-c,∅,lot 276 jln banting 43800 dengkil selangor,,"LOT 276 JALAN BANTING, 43800 DENGKIL, SELANGOR",False,False,True
synthetic/s7/0191,address,address,mock-a,mock-d,∅,lot 276 jln banting 43800 dengkil selangor,,"LOT 276 JALAN BANTING, 43800 DENGKIL, SELANGOR",False,False,True
synthetic/s7/0191,address,address,mock-b,mock-c,∅,lot 276 jln banting 43800 dengkil selangor,,"LOT 276 JALAN BANTING, 43800 DENGKIL, SELANGOR",False,False,True
synthetic/s7/0191,address,address,mock-b,mock-d,∅,lot 276 jln banting 43800 dengkil selangor,,"LOT 276 JALAN BANTING, 43800 DENGKIL, SELANGOR",False,False,True
synthetic/s7/0191,address,address,mock-c,mock-d,lot 276 jln banting 43800 dengkil selangor,lot 276 jln banting 43800 dengkil selangor,"LOT 276 JALAN BANTING, 43800 DENGKIL, SELANGOR","LOT 276 JALAN BANTING, 43800 DENGKIL, SELANGOR",True,False,False
synthetic/s7/0191,company,org,mock-a,mock-b,∅,kedai papan yew chuan,,KEDAI PAPAN YEW CHUAN,False,False,True
synthetic/s7/0191,company,org,mock-a,mock-c,∅,papan yew chuan,,PAPAN YEW CHUAN,False,False,True
synthetic/s7/0191,company,org,mock-a,mock-d,∅,kedai papan yew chuan,,KEDAI PAPAN YEW CHUAN,False,False,True
synthetic/s7/0191,company,org,mock-b,mock-c,kedai papan yew chuan,papan yew chuan,KEDAI PAPAN YEW CHUAN,PAPAN YEW CHUAN,False,False,False
synthetic/s7/0191,company,org,mock-b,mock-d,kedai papan yew chuan,kedai papan yew chuan,KEDAI PAPAN YEW CHUAN,KEDAI PAPAN YEW CHUAN,True,False,False
synthetic/s7/0191,company,org,mock-c,mock-d,papan yew chuan,kedai papan yew chuan,PAPAN YEW CHUAN,KEDAI PAPAN YEW CHUAN,False,False,False
synthetic/s7/0191,date,date,mock-a,mock-b,2018-04-28,2018-04-28,04/28/2018,28/04/2018,True,False,False
synthetic/s7/0191,date,date,mock-a,mock-c,2018-04-28,2018-04-28,04/28/2018,28/04/2018,True,False,False
synthetic/s7/0191,date,date,mock-a,mock-d,2018-04-28,2018-04-28,04/28/2018,28/04/2018,True,False,False
synthetic/s7/0191,date,date,mock-b,mock-c,2018-04-28,2018-04-28,28/04/2018,28/04/2018,True,False,False
synthetic/s7/0191,date,date,mock-b,mock-d,2018-04-28,2018-04-28,28/04/2018,28/04/2018,True,False,False
synthetic/s7/0191,date,date,mock-c,mock-d,2018-04-28,2018-04-28,28/04/2018,28/04/2018,True,False,False
synthetic/s7/0191,phone,phone,mock-a,mock-b,76381593,76381593,07-638 1593,07-638 1593,True,False,False
synthetic/s7/0191,phone,phone,mock-a,mock-c,76381593,76381593,07-638 1593,07-638 1593,True,False,False
synthetic/s7/0191,phone,phone,mock-a,mock-d,76381593,76381593,07-638 1593,07-638 1593,True,False,False
synthetic/s7/0191,phone,phone,mock-b,mock-c,76381593,76381593,07-638 1593,07-638 1593,True,False,False
synthetic/s7/0191,phone,phone,mock-b,mock-d,76381593,76381593,07-638 1593,07-638 1593,True,False,False
synthetic/s7/0191,phone,phone,mock-c,mock-d,76381593,76381593,07-638 1593,07-638 1593,True,False,False
synthetic/s7/0191,tax,money,mock-a,mock-b,∅,∅,,,True,True,False
synthetic/s7/0191,tax,money,mock-a,mock-c,∅,∅,,,True,True,False
synthetic/s7/0191,tax,money,mock-a,mock-d,∅,∅,,,True,True,False
synthetic/s7/0191,tax,money,mock-b,mock-c,∅,∅,,,True,True,False
synthetic/s7/0191,tax,money,mock-b,mock-d,∅,∅,,,True,True,False
synthetic/s7/0191,tax,money,mock-c,mock-d,∅,∅,,,True,True,False
synthetic/s7/0191,total,money,mock-a,mock-b,39.00,39.00,39.00,39.00,True,False,False
synthetic/s7/0191,total,money,mock-a,mock-c,39.00,39.00,39.00,39.00,True,False,False
synthetic/s7/0191,total,money,mock-a,mock-d,39.00,39.00,39.00,39.00,True,False,False
synthetic/s7/0191,total,money,mock-b,mock-c,39.00,39.00,39.00,39.00,True,False,False
synthetic/s7/0191,total,money,mock-b,mock-d,39.00,39.00,39.00,39.00,True,False,False
synthetic/s7/0191,total,money,mock-c,mock-d,39.00,39.00,39.00,39.00,True,False,False
synthetic/s7/0192,address,address,mock-a,mock-b,no 2 and 4 jln bayu 4 bdr seri alam 81750 masai johor,no 2 and 4 jln bayu 4 bdr seri alam 81750 masai johor,"NO 2 & 4, JALAN BAYU 4, BANDAR SERI ALAM, 81750 MASAI, JOHOR","NO 2 & 4, JALAN BAYU 4, BANDAR SERI ALAM, 81750 MASAI, JOHOR",True,False,False
synthetic/s7/0192,address,address,mock-a,mock-c,no 2 and 4 jln bayu 4 bdr seri alam 81750 masai johor,no 2 and 4 jln bayu 4 bdr seri alam 81750 masai johor,"NO 2 & 4, JALAN BAYU 4, BANDAR SERI ALAM, 81750 MASAI, JOHOR","NO 2 & 4, JALAN BAYU 4, BANDAR SERI ALAM, 81750 MASAI, JOHOR",True,False,False
synthetic/s7/0192,address,address,mock-a,mock-d,no 2 and 4 jln bayu 4 bdr seri alam 81750 masai johor,no 2 and 4 jln bayu 4 bdr seri alam 81750 masai johor,"NO 2 & 4, JALAN BAYU 4, BANDAR SERI ALAM, 81750 MASAI, JOHOR","NO 2 & 4, JALAN BAYU 4, BANDAR SERI ALAM, 81750 MASAI, JOHOR",True,False,False
synthetic/s7/0192,address,address,mock-b,mock-c,no 2 and 4 jln bayu 4 bdr seri alam 81750 masai johor,no 2 and 4 jln bayu 4 bdr seri alam 81750 masai johor,"NO 2 & 4, JALAN BAYU 4, BANDAR SERI ALAM, 81750 MASAI, JOHOR","NO 2 & 4, JALAN BAYU 4, BANDAR SERI ALAM, 81750 MASAI, JOHOR",True,False,False
synthetic/s7/0192,address,address,mock-b,mock-d,no 2 and 4 jln bayu 4 bdr seri alam 81750 masai johor,no 2 and 4 jln bayu 4 bdr seri alam 81750 masai johor,"NO 2 & 4, JALAN BAYU 4, BANDAR SERI ALAM, 81750 MASAI, JOHOR","NO 2 & 4, JALAN BAYU 4, BANDAR SERI ALAM, 81750 MASAI, JOHOR",True,False,False
synthetic/s7/0192,address,address,mock-c,mock-d,no 2 and 4 jln bayu 4 bdr seri alam 81750 masai johor,no 2 and 4 jln bayu 4 bdr seri alam 81750 masai johor,"NO 2 & 4, JALAN BAYU 4, BANDAR SERI ALAM, 81750 MASAI, JOHOR","NO 2 & 4, JALAN BAYU 4, BANDAR SERI ALAM, 81750 MASAI, JOHOR",True,False,False
synthetic/s7/0192,company,org,mock-a,mock-b,ojc marketing,ojc marketing,OJC MARKETING SDN BHD,OJC MARKETING SDN BHD,True,False,False
synthetic/s7/0192,company,org,mock-a,mock-c,ojc marketing,ojc marketing,OJC MARKETING SDN BHD,OJC MARKETING SDN BHD,True,False,False
synthetic/s7/0192,company,org,mock-a,mock-d,ojc marketing,ojc marketing sdn,OJC MARKETING SDN BHD,OJC MARKETING SDN,False,False,False
synthetic/s7/0192,company,org,mock-b,mock-c,ojc marketing,ojc marketing,OJC MARKETING SDN BHD,OJC MARKETING SDN BHD,True,False,False
synthetic/s7/0192,company,org,mock-b,mock-d,ojc marketing,ojc marketing sdn,OJC MARKETING SDN BHD,OJC MARKETING SDN,False,False,False
synthetic/s7/0192,company,org,mock-c,mock-d,ojc marketing,ojc marketing sdn,OJC MARKETING SDN BHD,OJC MARKETING SDN,False,False,False
synthetic/s7/0192,date,date,mock-a,mock-b,2018-07-11,2018-07-11,11/07/2018,11/07/2018,True,False,False
synthetic/s7/0192,date,date,mock-a,mock-c,2018-07-11,2018-11-07,11/07/2018,07/11/2018,False,False,False
synthetic/s7/0192,date,date,mock-a,mock-d,2018-07-11,2018-07-11,11/07/2018,11/07/2018,True,False,False
synthetic/s7/0192,date,date,mock-b,mock-c,2018-07-11,2018-11-07,11/07/2018,07/11/2018,False,False,False
synthetic/s7/0192,date,date,mock-b,mock-d,2018-07-11,2018-07-11,11/07/2018,11/07/2018,True,False,False
synthetic/s7/0192,date,date,mock-c,mock-d,2018-11-07,2018-07-11,07/11/2018,11/07/2018,False,False,False
synthetic/s7/0192,phone,phone,mock-a,mock-b,∅,∅,,,True,True,False
synthetic/s7/0192,phone,phone,mock-a,mock-c,∅,∅,,,True,True,False
synthetic/s7/0192,phone,phone,mock-a,mock-d,∅,∅,,,True,True,False
synthetic/s7/0192,phone,phone,mock-b,mock-c,∅,∅,,,True,True,False
synthetic/s7/0192,phone,phone,mock-b,mock-d,∅,∅,,,True,True,False
synthetic/s7/0192,phone,phone,mock-c,mock-d,∅,∅,,,True,True,False
synthetic/s7/0192,tax,money,mock-a,mock-b,10.00,∅,10.00,,False,False,True
synthetic/s7/0192,tax,money,mock-a,mock-c,10.00,∅,10.00,,False,False,True
synthetic/s7/0192,tax,money,mock-a,mock-d,10.00,∅,10.00,,False,False,True
synthetic/s7/0192,tax,money,mock-b,mock-c,∅,∅,,,True,True,False
synthetic/s7/0192,tax,money,mock-b,mock-d,∅,∅,,,True,True,False
synthetic/s7/0192,tax,money,mock-c,mock-d,∅,∅,,,True,True,False
synthetic/s7/0192,total,money,mock-a,mock-b,32.70,32.70,32.70,32.70,True,False,False
synthetic/s7/0192,total,money,mock-a,mock-c,32.70,32.70,32.70,32.70,True,False,False
synthetic/s7/0192,total,money,mock-a,mock-d,32.70,30.30,32.70,30.30,False,False,False
synthetic/s7/0192,total,money,mock-b,mock-c,32.70,32.70,32.70,32.70,True,False,False
synthetic/s7/0192,total,money,mock-b,mock-d,32.70,30.30,32.70,30.30,False,False,False
synthetic/s7/0192,total,money,mock-c,mock-d,32.70,30.30,32.70,30.30,False,False,False
synthetic/s7/0193,address,address,mock-a,mock-b,no 59 jln permas 9 5 bdr baru permas jaya 81750 johor bahru,no 59 jln permas 9 5 bdr baru permas jaya 81750 johor bahru,"NO.59 JALAN PERMAS 9/5, BANDAR BARU PERMAS JAYA, 81750 JOHOR BAHRU","NO.59 JALAN PERMAS 9/5, BANDAR BARU PERMAS JAYA, 81750 JOHOR BAHRU",True,False,False
synthetic/s7/0193,address,address,mock-a,mock-c,no 59 jln permas 9 5 bdr baru permas jaya 81750 johor bahru,no 59 jln permas 9 5 bdr baru permas jaya 81750 johor bahru,"NO.59 JALAN PERMAS 9/5, BANDAR BARU PERMAS JAYA, 81750 JOHOR BAHRU","NO.59 JALAN PERMAS 9/5, BANDAR BARU PERMAS JAYA, 81750 JOHOR BAHRU",True,False,False
synthetic/s7/0193,address,address,mock-a,mock-d,no 59 jln permas 9 5 bdr baru permas jaya 81750 johor bahru,∅,"NO.59 JALAN PERMAS 9/5, BANDAR BARU PERMAS JAYA, 81750 JOHOR BAHRU",,False,False,True
synthetic/s7/0193,address,address,mock-b,mock-c,no 59 jln permas 9 5 bdr baru permas jaya 81750 johor bahru,no 59 jln permas 9 5 bdr baru permas jaya 81750 johor bahru,"NO.59 JALAN PERMAS 9/5, BANDAR BARU PERMAS JAYA, 81750 JOHOR BAHRU","NO.59 JALAN PERMAS 9/5, BANDAR BARU PERMAS JAYA, 81750 JOHOR BAHRU",True,False,False
synthetic/s7/0193,address,address,mock-b,mock-d,no 59 jln permas 9 5 bdr baru permas jaya 81750 johor bahru,∅,"NO.59 JALAN PERMAS 9/5, BANDAR BARU PERMAS JAYA, 81750 JOHOR BAHRU",,False,False,True
synthetic/s7/0193,address,address,mock-c,mock-d,no 59 jln permas 9 5 bdr baru permas jaya 81750 johor bahru,∅,"NO.59 JALAN PERMAS 9/5, BANDAR BARU PERMAS JAYA, 81750 JOHOR BAHRU",,False,False,True
synthetic/s7/0193,company,org,mock-a,mock-b,perniagaan zheng,perniagaan zheng hui,PERNIAGAAN ZHENG,PERNIAGAAN ZHENG HUI,False,False,False
synthetic/s7/0193,company,org,mock-a,mock-c,perniagaan zheng,perniagaan zheng hui,PERNIAGAAN ZHENG,PERNIAGAAN ZHENG HUI,False,False,False
synthetic/s7/0193,company,org,mock-a,mock-d,perniagaan zheng,perniagaan zheng hui,PERNIAGAAN ZHENG,PERNIAGAAN ZHENG HUI,False,False,False
synthetic/s7/0193,company,org,mock-b,mock-c,perniagaan zheng hui,perniagaan zheng hui,PERNIAGAAN ZHENG HUI,PERNIAGAAN ZHENG HUI,True,False,False
synthetic/s7/0193,company,org,mock-b,mock-d,perniagaan zheng hui,perniagaan zheng hui,PERNIAGAAN ZHENG HUI,PERNIAGAAN ZHENG HUI,True,False,False
synthetic/s7/0193,company,org,mock-c,mock-d,perniagaan zheng hui,perniagaan zheng hui,PERNIAGAAN ZHENG HUI,PERNIAGAAN ZHENG HUI,True,False,False
synthetic/s7/0193,date,date,mock-a,mock-b,2018-09-11,2018-09-11,11/09/2018,11/09/2018,True,False,False
synthetic/s7/0193,date,date,mock-a,mock-c,2018-09-11,2018-09-11,11/09/2018,11/09/2018,True,False,False
synthetic/s7/0193,date,date,mock-a,mock-d,2018-09-11,2018-09-11,11/09/2018,11/09/2018,True,False,False
synthetic/s7/0193,date,date,mock-b,mock-c,2018-09-11,2018-09-11,11/09/2018,11/09/2018,True,False,False
synthetic/s7/0193,date,date,mock-b,mock-d,2018-09-11,2018-09-11,11/09/2018,11/09/2018,True,False,False
synthetic/s7/0193,date,date,mock-c,mock-d,2018-09-11,2018-09-11,11/09/2018,11/09/2018,True,False,False
synthetic/s7/0193,phone,phone,mock-a,mock-b,36434071,∅,03-643 4071,,False,False,True
synthetic/s7/0193,phone,phone,mock-a,mock-c,36434071,36434071,03-643 4071,03-643 4071,True,False,False
synthetic/s7/0193,phone,phone,mock-a,mock-d,36434071,36434071,03-643 4071,03-643 4071,True,False,False
synthetic/s7/0193,phone,phone,mock-b,mock-c,∅,36434071,,03-643 4071,False,False,True
synthetic/s7/0193,phone,phone,mock-b,mock-d,∅,36434071,,03-643 4071,False,False,True
synthetic/s7/0193,phone,phone,mock-c,mock-d,36434071,36434071,03-643 4071,03-643 4071,True,False,False
synthetic/s7/0193,tax,money,mock-a,mock-b,∅,∅,,,True,True,False
synthetic/s7/0193,tax,money,mock-a,mock-c,∅,∅,,,True,True,False
synthetic/s7/0193,tax,money,mock-a,mock-d,∅,∅,,,True,True,False
synthetic/s7/0193,tax,money,mock-b,mock-c,∅,∅,,,True,True,False
synthetic/s7/0193,tax,money,mock-b,mock-d,∅,∅,,,True,True,False
synthetic/s7/0193,tax,money,mock-c,mock-d,∅,∅,,,True,True,False
synthetic/s7/0193,total,money,mock-a,mock-b,29.40,∅,29.40,,False,False,True
synthetic/s7/0193,total,money,mock-a,mock-c,29.40,29.40,29.40,29.40,True,False,False
synthetic/s7/0193,total,money,mock-a,mock-d,29.40,29.40,29.40,29.40,True,False,False
synthetic/s7/0193,total,money,mock-b,mock-c,∅,29.40,,29.40,False,False,True
synthetic/s7/0193,total,money,mock-b,mock-d,∅,29.40,,29.40,False,False,True
synthetic/s7/0193,total,money,mock-c,mock-d,29.40,29.40,29.40,29.40,True,False,False
synthetic/s7/0194,address,address,mock-a,mock-b,lot 3 jln pelabur 23 1 40300 shah alam,lot 3 jln pelabur 23 1 40300 shah alam selangor,"LOT 3, JALAN PELABUR 23/1, 40300 SHAH ALAM","LOT 3, JALAN PELABUR 23/1, 40300 SHAH ALAM, SELANGOR",False,False,False
synthetic/s7/0194,address,address,mock-a,mock-c,lot 3 jln pelabur 23 1 40300 shah alam,lot 3 jln pelabur 23 1 40300 shah alam selangor,"LOT 3, JALAN PELABUR 23/1, 40300 SHAH ALAM","LOT 3, JALAN PELABUR 23/1, 40300 SHAH ALAM, SELANGOR",False,False,False
synthetic/s7/0194,address,address,mock-a,mock-d,lot 3 jln pelabur 23 1 40300 shah alam,lot 3 jln pelabur 23 1 40300 shah alam selangor,"LOT 3, JALAN PELABUR 23/1, 40300 SHAH ALAM","LOT 3, JALAN PELABUR 23/1, 40300 SHAH ALAM, SELANGOR",False,False,False
synthetic/s7/0194,address,address,mock-b,mock-c,lot 3 jln pelabur 23 1 40300 shah alam selangor,lot 3 jln pelabur 23 1 40300 shah alam selangor,"LOT 3, JALAN PELABUR 23/1, 40300 SHAH ALAM, SELANGOR","LOT 3, JALAN PELABUR 23/1, 40300 SHAH ALAM, SELANGOR",True,False,False
synthetic/s7/0194,address,address,mock-b,mock-d,lot 3 jln pelabur 23 1 40300 shah alam selangor,lot 3 jln pelabur 23 1 40300 shah alam selangor,"LOT 3, JALAN PELABUR 23/1, 40300 SHAH ALAM, SELANGOR","LOT 3, JALAN PELABUR 23/1, 40300 SHAH ALAM, SELANGOR",True,False,False
synthetic/s7/0194,address,address,mock-c,mock-d,lot 3 jln pelabur 23 1 40300 shah alam selangor,lot 3 jln pelabur 23 1 40300 shah alam selangor,"LOT 3, JALAN PELABUR 23/1, 40300 SHAH ALAM, SELANGOR","LOT 3, JALAN PELABUR 23/1, 40300 SHAH ALAM, SELANGOR",True,False,False
synthetic/s7/0194,company,org,mock-a,mock-b,gardenia bakeries kl,gardenia bakeries kl sdn,GARDENIA BAKERIES (KL) SDN BHD,GARDENIA BAKERIES (KL) SDN,False,False,False
synthetic/s7/0194,company,org,mock-a,mock-c,gardenia bakeries kl,gardenia bakeries kl,GARDENIA BAKERIES (KL) SDN BHD,GARDENIA BAKERIES (KL) SDN BHD,True,False,False
synthetic/s7/0194,company,org,mock-a,mock-d,gardenia bakeries kl,gardenia bakeries kl,GARDENIA BAKERIES (KL) SDN BHD,GARDENIA BAKERIES (KL) SDN BHD,True,False,False
synthetic/s7/0194,company,org,mock-b,mock-c,gardenia bakeries kl sdn,gardenia bakeries kl,GARDENIA BAKERIES (KL) SDN,GARDENIA BAKERIES (KL) SDN BHD,False,False,False
synthetic/s7/0194,company,org,mock-b,mock-d,gardenia bakeries kl sdn,gardenia bakeries kl,GARDENIA BAKERIES (KL) SDN,GARDENIA BAKERIES (KL) SDN BHD,False,False,False
synthetic/s7/0194,company,org,mock-c,mock-d,gardenia bakeries kl,gardenia bakeries kl,GARDENIA BAKERIES (KL) SDN BHD,GARDENIA BAKERIES (KL) SDN BHD,True,False,False
synthetic/s7/0194,date,date,mock-a,mock-b,2018-09-07,2018-09-07,07/09/2018,07/09/2018,True,False,False
synthetic/s7/0194,date,date,mock-a,mock-c,2018-09-07,2018-09-07,07/09/2018,07/09/2018,True,False,False
synthetic/s7/0194,date,date,mock-a,mock-d,2018-09-07,2018-09-07,07/09/2018,07/09/2018,True,False,False
synthetic/s7/0194,date,date,mock-b,mock-c,2018-09-07,2018-09-07,07/09/2018,07/09/2018,True,False,False
synthetic/s7/0194,date,date,mock-b,mock-d,2018-09-07,2018-09-07,07/09/2018,07/09/2018,True,False,False
synthetic/s7/0194,date,date,mock-c,mock-d,2018-09-07,2018-09-07,07/09/2018,07/09/2018,True,False,False
synthetic/s7/0194,phone,phone,mock-a,mock-b,∅,∅,,,True,True,False
synthetic/s7/0194,phone,phone,mock-a,mock-c,∅,∅,,,True,True,False
synthetic/s7/0194,phone,phone,mock-a,mock-d,∅,∅,,,True,True,False
synthetic/s7/0194,phone,phone,mock-b,mock-c,∅,∅,,,True,True,False
synthetic/s7/0194,phone,phone,mock-b,mock-d,∅,∅,,,True,True,False
synthetic/s7/0194,phone,phone,mock-c,mock-d,∅,∅,,,True,True,False
synthetic/s7/0194,tax,money,mock-a,mock-b,∅,∅,,,True,True,False
synthetic/s7/0194,tax,money,mock-a,mock-c,∅,∅,,,True,True,False
synthetic/s7/0194,tax,money,mock-a,mock-d,∅,∅,,,True,True,False
synthetic/s7/0194,tax,money,mock-b,mock-c,∅,∅,,,True,True,False
synthetic/s7/0194,tax,money,mock-b,mock-d,∅,∅,,,True,True,False
synthetic/s7/0194,tax,money,mock-c,mock-d,∅,∅,,,True,True,False
synthetic/s7/0194,total,money,mock-a,mock-b,5.50,5.50,5.50,5.50,True,False,False
synthetic/s7/0194,total,money,mock-a,mock-c,5.50,5.50,5.50,5.50,True,False,False
synthetic/s7/0194,total,money,mock-a,mock-d,5.50,5.50,5.50,5.50,True,False,False
synthetic/s7/0194,total,money,mock-b,mock-c,5.50,5.50,5.50,5.50,True,False,False
synthetic/s7/0194,total,money,mock-b,mock-d,5.50,5.50,5.50,5.50,True,False,False
synthetic/s7/0194,total,money,mock-c,mock-d,5.50,5.50,5.50,5.50,True,False,False
synthetic/s7/0195,address,address,mock-a,mock-b,no 31g and 33g jln setia indah x u13 x 40170 setia alam,no 31g and 33g jln setia indah x u13 x 40170 setia alam,"NO. 31G&33G, JALAN SETIA INDAH X, U13/X, 40170 SETIA ALAM","NO. 31G&33G, JALAN SETIA INDAH X, U13/X, 40170 SETIA ALAM",True,False,False
synthetic/s7/0195,address,address,mock-a,mock-c,no 31g and 33g jln setia indah x u13 x 40170 setia alam,no 31g and 33g jln setia indah x u13 x 40170 setia alam,"NO. 31G&33G, JALAN SETIA INDAH X, U13/X, 40170 SETIA ALAM","NO. 31G&33G, JALAN SETIA INDAH X, U13/X, 40170 SETIA ALAM",True,False,False
synthetic/s7/0195,address,address,mock-a,mock-d,no 31g and 33g jln setia indah x u13 x 40170 setia alam,no 31g and 33g jln setia indah x u13 x 40170 setia alam,"NO. 31G&33G, JALAN SETIA INDAH X, U13/X, 40170 SETIA ALAM","NO. 31G&33G, JALAN SETIA INDAH X, U13/X, 40170 SETIA ALAM",True,False,False
synthetic/s7/0195,address,address,mock-b,mock-c,no 31g and 33g jln setia indah x u13 x 40170 setia alam,no 31g and 33g jln setia indah x u13 x 40170 setia alam,"NO. 31G&33G, JALAN SETIA INDAH X, U13/X, 40170 SETIA ALAM","NO. 31G&33G, JALAN SETIA INDAH X, U13/X, 40170 SETIA ALAM",True,False,False
synthetic/s7/0195,address,address,mock-b,mock-d,no 31g and 33g jln setia indah x u13 x 40170 setia alam,no 31g and 33g jln setia indah x u13 x 40170 setia alam,"NO. 31G&33G, JALAN SETIA INDAH X, U13/X, 40170 SETIA ALAM","NO. 31G&33G, JALAN SETIA INDAH X, U13/X, 40170 SETIA ALAM",True,False,False
synthetic/s7/0195,address,address,mock-c,mock-d,no 31g and 33g jln setia indah x u13 x 40170 setia alam,no 31g and 33g jln setia indah x u13 x 40170 setia alam,"NO. 31G&33G, JALAN SETIA INDAH X, U13/X, 40170 SETIA ALAM","NO. 31G&33G, JALAN SETIA INDAH X, U13/X, 40170 SETIA ALAM",True,False,False
synthetic/s7/0195,company,org,mock-a,mock-b,sanyu stationery shop,sanyu stationery shop,SANYU STATIONERY SHOP,SANYU STATIONERY SHOP,True,False,False
synthetic/s7/0195,company,org,mock-a,mock-c,sanyu stationery shop,sanyu stationery shop,SANYU STATIONERY SHOP,SANYU STATIONERY SHOP,True,False,False
synthetic/s7/0195,company,org,mock-a,mock-d,sanyu stationery shop,sanyu stationery shop,SANYU STATIONERY SHOP,SANYU STATIONERY SHOP,True,False,False
synthetic/s7/0195,company,org,mock-b,mock-c,sanyu stationery shop,sanyu stationery shop,SANYU STATIONERY SHOP,SANYU STATIONERY SHOP,True,False,False
synthetic/s7/0195,company,org,mock-b,mock-d,sanyu stationery shop,sanyu stationery shop,SANYU STATIONERY SHOP,SANYU STATIONERY SHOP,True,False,False
synthetic/s7/0195,company,org,mock-c,mock-d,sanyu stationery shop,sanyu stationery shop,SANYU STATIONERY SHOP,SANYU STATIONERY SHOP,True,False,False
synthetic/s7/0195,date,date,mock-a,mock-b,2018-01-26,∅,26/01/2018,,False,False,True
synthetic/s7/0195,date,date,mock-a,mock-c,2018-01-26,2018-01-26,26/01/2018,26/01/2018,True,False,False
synthetic/s7/0195,date,date,mock-a,mock-d,2018-01-26,2018-01-26,26/01/2018,26/01/2018,True,False,False
synthetic/s7/0195,date,date,mock-b,mock-c,∅,2018-01-26,,26/01/2018,False,False,True
synthetic/s7/0195,date,date,mock-b,mock-d,∅,2018-01-26,,26/01/2018,False,False,True
synthetic/s7/0195,date,date,mock-c,mock-d,2018-01-26,2018-01-26,26/01/2018,26/01/2018,True,False,False
synthetic/s7/0195,phone,phone,mock-a,mock-b,33562993,33562993,03-356 2993,03-356 2993,True,False,False
synthetic/s7/0195,phone,phone,mock-a,mock-c,33562993,33562993,03-356 2993,03-356 2993,True,False,False
synthetic/s7/0195,phone,phone,mock-a,mock-d,33562993,33562993,03-356 2993,03-356 2993,True,False,False
synthetic/s7/0195,phone,phone,mock-b,mock-c,33562993,33562993,03-356 2993,03-356 2993,True,False,False
synthetic/s7/0195,phone,phone,mock-b,mock-d,33562993,33562993,03-356 2993,03-356 2993,True,False,False
synthetic/s7/0195,phone,phone,mock-c,mock-d,33562993,33562993,03-356 2993,03-356 2993,True,False,False
synthetic/s7/0195,tax,money,mock-a,mock-b,∅,∅,,,True,True,False
synthetic/s7/0195,tax,money,mock-a,mock-c,∅,∅,,,True,True,False
synthetic/s7/0195,tax,money,mock-a,mock-d,∅,∅,,,True,True,False
synthetic/s7/0195,tax,money,mock-b,mock-c,∅,∅,,,True,True,False
synthetic/s7/0195,tax,money,mock-b,mock-d,∅,∅,,,True,True,False
synthetic/s7/0195,tax,money,mock-c,mock-d,∅,∅,,,True,True,False
synthetic/s7/0195,total,money,mock-a,mock-b,29.30,∅,29.30,,False,False,True
synthetic/s7/0195,total,money,mock-a,mock-c,29.30,29.30,29.30,29.30,True,False,False
synthetic/s7/0195,total,money,mock-a,mock-d,29.30,29.90,29.30,29.90,False,False,False
synthetic/s7/0195,total,money,mock-b,mock-c,∅,29.30,,29.30,False,False,True
synthetic/s7/0195,total,money,mock-b,mock-d,∅,29.90,,29.90,False,False,True
synthetic/s7/0195,total,money,mock-c,mock-d,29.30,29.90,29.30,29.90,False,False,False
synthetic/s7/0196,address,address,mock-a,mock-b,lot p t 2811 jln angsana tmn mutiara rini,lot p t 2811 jln angsana tmn mutiara rini 81300 skudai,"LOT P.T. 2811, JALAN ANGSANA, TAMAN MUTIARA RINI","LOT P.T. 2811, JALAN ANGSANA, TAMAN MUTIARA RINI, 81300 SKUDAI",False,False,False
synthetic/s7/0196,address,address,mock-a,mock-c,lot p t 2811 jln angsana tmn mutiara rini,lot p t 2811 jln angsana tmn mutiara rini 81300 skudai,"LOT P.T. 2811, JALAN ANGSANA, TAMAN MUTIARA RINI","LOT P.T. 2811, JALAN ANGSANA, TAMAN MUTIARA RINI, 81300 SKUDAI",False,False,False
synthetic/s7/0196,address,address,mock-a,mock-d,lot p t 2811 jln angsana tmn mutiara rini,lot p t 2811 jln angsana tmn mutiara rini 81300 skudai,"LOT P.T. 2811, JALAN ANGSANA, TAMAN MUTIARA RINI","LOT P.T. 2811, JALAN ANGSANA, TAMAN MUTIARA RINI, 81300 SKUDAI",False,False,False
synthetic/s7/0196,address,address,mock-b,mock-c,lot p t 2811 jln angsana tmn mutiara rini 81300 skudai,lot p t 2811 jln angsana tmn mutiara rini 81300 skudai,"LOT P.T. 2811, JALAN ANGSANA, TAMAN MUTIARA RINI, 81300 SKUDAI","LOT P.T. 2811, JALAN ANGSANA, TAMAN MUTIARA RINI, 81300 SKUDAI",True,False,False
synthetic/s7/0196,address,address,mock-b,mock-d,lot p t 2811 jln angsana tmn mutiara rini 81300 skudai,lot p t 2811 jln angsana tmn mutiara rini 81300 skudai,"LOT P.T. 2811, JALAN ANGSANA, TAMAN MUTIARA RINI, 81300 SKUDAI","LOT P.T. 2811, JALAN ANGSANA, TAMAN MUTIARA RINI, 81300 SKUDAI",True,False,False
synthetic/s7/0196,address,address,mock-c,mock-d,lot p t 2811 jln angsana tmn mutiara rini 81300 skudai,lot p t 2811 jln angsana tmn mutiara rini 81300 skudai,"LOT P.T. 2811, JALAN ANGSANA, TAMAN MUTIARA RINI, 81300 SKUDAI","LOT P.T. 2811, JALAN ANGSANA, TAMAN MUTIARA RINI, 81300 SKUDAI",True,False,False
synthetic/s7/0196,company,org,mock-a,mock-b,99 speed mart s b,99 speed mart s b,99 SPEED MART S/B,99 SPEED MART S/B,True,False,False
synthetic/s7/0196,company,org,mock-a,mock-c,99 speed mart s b,99 speed mart s b,99 SPEED MART S/B,99 SPEED MART S/B,True,False,False
synthetic/s7/0196,company,org,mock-a,mock-d,99 speed mart s b,99 speed mart s b,99 SPEED MART S/B,99 SPEED MART S/B,True,False,False
synthetic/s7/0196,company,org,mock-b,mock-c,99 speed mart s b,99 speed mart s b,99 SPEED MART S/B,99 SPEED MART S/B,True,False,False
synthetic/s7/0196,company,org,mock-b,mock-d,99 speed mart s b,99 speed mart s b,99 SPEED MART S/B,99 SPEED MART S/B,True,False,False
synthetic/s7/0196,company,org,mock-c,mock-d,99 speed mart s b,99 speed mart s b,99 SPEED MART S/B,99 SPEED MART S/B,True,False,False
synthetic/s7/0196,date,date,mock-a,mock-b,2019-01-08,2019-01-08,08/01/2019,08/01/2019,True,False,False
synthetic/s7/0196,date,date,mock-a,mock-c,2019-01-08,2019-01-08,08/01/2019,08/01/2019,True,False,False
synthetic/s7/0196,date,date,mock-a,mock-d,2019-01-08,2019-01-08,08/01/2019,08/01/2019,True,False,False
synthetic/s7/0196,date,date,mock-b,mock-c,2019-01-08,2019-01-08,08/01/2019,08/01/2019,True,False,False
synthetic/s7/0196,date,date,mock-b,mock-d,2019-01-08,2019-01-08,08/01/2019,08/01/2019,True,False,False
synthetic/s7/0196,date,date,mock-c,mock-d,2019-01-08,2019-01-08,08/01/2019,08/01/2019,True,False,False
synthetic/s7/0196,phone,phone,mock-a,mock-b,37089417,37089417,03-708 9417,03-708 9417,True,False,False
synthetic/s7/0196,phone,phone,mock-a,mock-c,37089417,37089417,03-708 9417,13-708 9417,True,False,False
synthetic/s7/0196,phone,phone,mock-a,mock-d,37089417,37089417,03-708 9417,03-708 9417,True,False,False
synthetic/s7/0196,phone,phone,mock-b,mock-c,37089417,37089417,03-708 9417,13-708 9417,True,False,False
synthetic/s7/0196,phone,phone,mock-b,mock-d,37089417,37089417,03-708 9417,03-708 9417,True,False,False
synthetic/s7/0196,phone,phone,mock-c,mock-d,37089417,37089417,13-708 9417,03-708 9417,True,False,False
synthetic/s7/0196,tax,money,mock-a,mock-b,0.39,0.39,0.39,0.39,True,False,False
synthetic/s7/0196,tax,money,mock-a,mock-c,0.39,0.39,0.39,0.39,True,False,False
synthetic/s7/0196,tax,money,mock-a,mock-d,0.39,0.39,0.39,0.39,True,False,False
synthetic/s7/0196,tax,money,mock-b,mock-c,0.39,0.39,0.39,0.39,True,False,False
synthetic/s7/0196,tax,money,mock-b,mock-d,0.39,0.39,0.39,0.39,True,False,False
synthetic/s7/0196,tax,money,mock-c,mock-d,0.39,0.39,0.39,0.39,True,False,False
synthetic/s7/0196,total,money,mock-a,mock-b,6.89,6.89,6.89,6.89,True,False,False
synthetic/s7/0196,total,money,mock-a,mock-c,6.89,6.89,6.89,6.89,True,False,False
synthetic/s7/0196,total,money,mock-a,mock-d,6.89,6.89,6.89,6.89,True,False,False
synthetic/s7/0196,total,money,mock-b,mock-c,6.89,6.89,6.89,6.89,True,False,False
synthetic/s7/0196,total,money,mock-b,mock-d,6.89,6.89,6.89,6.89,True,False,False
synthetic/s7/0196,total,money,mock-c,mock-d,6.89,6.89,6.89,6.89,True,False,False
synthetic/s7/0197,address,address,mock-a,mock-b,lot 276 jln banting 43800 dengkil selangor,lot 276 jln banting 43800 dengkil,"LOT 276 JALAN BANTING, 43800 DENGKIL, SELANGOR","LOT 276 JALAN BANTING, 43800 DENGKIL",False,False,False
synthetic/s7/0197,address,address,mock-a,mock-c,lot 276 jln banting 43800 dengkil selangor,lot 276 jln banting 43800 dengkil selangor,"LOT 276 JALAN BANTING, 43800 DENGKIL, SELANGOR","LOT 276 JALAN BANTING, 43800 DENGKIL, SELANGOR",True,False,False
synthetic/s7/0197,address,address,mock-a,mock-d,lot 276 jln banting 43800 dengkil selangor,lot 276 jln banting 43800 dengkil selangor,"LOT 276 JALAN BANTING, 43800 DENGKIL, SELANGOR","LOT 276 JALAN BANTING, 43800 DENGKIL, SELANGOR",True,False,False
synthetic/s7/0197,address,address,mock-b,mock-c,lot 276 jln banting 43800 dengkil,lot 276 jln banting 43800 dengkil selangor,"LOT 276 JALAN BANTING, 43800 DENGKIL","LOT 276 JALAN BANTING, 43800 DENGKIL, SELANGOR",False,False,False
synthetic/s7/0197,address,address,mock-b,mock-d,lot 276 jln banting 43800 dengkil,lot 276 jln banting 43800 dengkil selangor,"LOT 276 JALAN BANTING, 43800 DENGKIL","LOT 276 JALAN BANTING, 43800 DENGKIL, SELANGOR",False,False,False
synthetic/s7/0197,address,address,mock-c,mock-d,lot 276 jln banting 43800 dengkil selangor,lot 276 jln banting 43800 dengkil selangor,"LOT 276 JALAN BANTING, 43800 DENGKIL, SELANGOR","LOT 276 JALAN BANTING, 43800 DENGKIL, SELANGOR",True,False,False
synthetic/s7/0197,company,org,mock-a,mock-b,kedai papan yew chuan,kedai papan yew chuan,KEDAI PAPAN YEW CHUAN,KEDAI PAPAN YEW CHUAN,True,False,False
synthetic/s7/0197,company,org,mock-a,mock-c,kedai papan yew chuan,kedai papan yew chuan,KEDAI PAPAN YEW CHUAN,KEDAI PAPAN YEW CHUAN,True,False,False
synthetic/s7/0197,company,org,mock-a,mock-d,kedai papan yew chuan,kedai papan yew chuan,KEDAI PAPAN YEW CHUAN,KEDAI PAPAN YEW CHUAN,True,False,False
synthetic/s7/0197,company,org,mock-b,mock-c,kedai papan yew chuan,kedai papan yew chuan,KEDAI PAPAN YEW CHUAN,KEDAI PAPAN YEW CHUAN,True,False,False
synthetic/s7/0197,company,org,mock-b,mock-d,kedai papan yew chuan,kedai papan yew chuan,KEDAI PAPAN YEW CHUAN,KEDAI PAPAN YEW CHUAN,True,False,False
synthetic/s7/0197,company,org,mock-c,mock-d,kedai papan yew chuan,kedai papan yew chuan,KEDAI PAPAN YEW CHUAN,KEDAI PAPAN YEW CHUAN,True,False,False
synthetic/s7/0197,date,date,mock-a,mock-b,2018-09-19,2018-09-19,19/09/2018,19/09/2018,True,False,False
synthetic/s7/0197,date,date,mock-a,mock-c,2018-09-19,2018-09-19,19/09/2018,19/09/2018,True,False,False
synthetic/s7/0197,date,date,mock-a,mock-d,2018-09-19,2018-09-19,19/09/2018,19/09/2018,True,False,False
synthetic/s7/0197,date,date,mock-b,mock-c,2018-09-19,2018-09-19,19/09/2018,19/09/2018,True,False,False
synthetic/s7/0197,date,date,mock-b,mock-d,2018-09-19,2018-09-19,19/09/2018,19/09/2018,True,False,False
synthetic/s7/0197,date,date,mock-c,mock-d,2018-09-19,2018-09-19,19/09/2018,19/09/2018,True,False,False
synthetic/s7/0197,phone,phone,mock-a,mock-b,53492439,53492439,05-349 2439,05-349 2439,True,False,False
synthetic/s7/0197,phone,phone,mock-a,mock-c,53492439,53492439,05-349 2439,05-349 2439,True,False,False
synthetic/s7/0197,phone,phone,mock-a,mock-d,53492439,53492439,05-349 2439,05-349 2439,True,False,False
synthetic/s7/0197,phone,phone,mock-b,mock-c,53492439,53492439,05-349 2439,05-349 2439,True,False,False
synthetic/s7/0197,phone,phone,mock-b,mock-d,53492439,53492439,05-349 2439,05-349 2439,True,False,False
synthetic/s7/0197,phone,phone,mock-c,mock-d,53492439,53492439,05-349 2439,05-349 2439,True,False,False
synthetic/s7/0197,tax,money,mock-a,mock-b,∅,∅,,,True,True,False
synthetic/s7/0197,tax,money,mock-a,mock-c,∅,∅,,,True,True,False
synthetic/s7/0197,tax,money,mock-a,mock-d,∅,0.00,,0.00,False,False,True
synthetic/s7/0197,tax,money,mock-b,mock-c,∅,∅,,,True,True,False
synthetic/s7/0197,tax,money,mock-b,mock-d,∅,0.00,,0.00,False,False,True
synthetic/s7/0197,tax,money,mock-c,mock-d,∅,0.00,,0.00,False,False,True
synthetic/s7/0197,total,money,mock-a,mock-b,26.50,26.50,26.50,26.50,True,False,False
synthetic/s7/0197,total,money,mock-a,mock-c,26.50,26.50,26.50,26.50,True,False,False
synthetic/s7/0197,total,money,mock-a,mock-d,26.50,26.50,26.50,26.50,True,False,False
synthetic/s7/0197,total,money,mock-b,mock-c,26.50,26.50,26.50,26.50,True,False,False
synthetic/s7/0197,total,money,mock-b,mock-d,26.50,26.50,26.50,26.50,True,False,False
synthetic/s7/0197,total,money,mock-c,mock-d,26.50,26.50,26.50,26.50,True,False,False
synthetic/s7/0198,address,address,mock-a,mock-b,no 2 and 4 jln bayu 4 bdr seri alam 81750 masai johor,no 2 and 4 jln bayu 4 bdr seri alam 81750 masai,"NO 2 & 4, JALAN BAYU 4, BANDAR SERI ALAM, 81750 MASAI, JOHOR","NO 2 & 4, JALAN BAYU 4, BANDAR SERI ALAM, 81750 MASAI",False,False,False
synthetic/s7/0198,address,address,mock-a,mock-c,no 2 and 4 jln bayu 4 bdr seri alam 81750 masai johor,no 2 and 4 jln bayu 4 bdr seri alam 81750 masai johor,"NO 2 & 4, JALAN BAYU 4, BANDAR SERI ALAM, 81750 MASAI, JOHOR","NO 2 & 4, JALAN BAYU 4, BANDAR SERI ALAM, 81750 MASAI, JOHOR",True,False,False
synthetic/s7/0198,address,address,mock-a,mock-d,no 2 and 4 jln bayu 4 bdr seri alam 81750 masai johor,no 2 and 4 jln bayu 4 bdr seri alam 81750 masai johor,"NO 2 & 4, JALAN BAYU 4, BANDAR SERI ALAM, 81750 MASAI, JOHOR","NO 2 & 4, JALAN BAYU 4, BANDAR SERI ALAM, 81750 MASAI, JOHOR",True,False,False
synthetic/s7/0198,address,address,mock-b,mock-c,no 2 and 4 jln bayu 4 bdr seri alam 81750 masai,no 2 and 4 jln bayu 4 bdr seri alam 81750 masai johor,"NO 2 & 4, JALAN BAYU 4, BANDAR SERI ALAM, 81750 MASAI","NO 2 & 4, JALAN BAYU 4, BANDAR SERI ALAM, 81750 MASAI, JOHOR",False,False,False
synthetic/s7/0198,address,address,mock-b,mock-d,no 2 and 4 jln bayu 4 bdr seri alam 81750 masai,no 2 and 4 jln bayu 4 bdr seri alam 81750 masai johor,"NO 2 & 4, JALAN BAYU 4, BANDAR SERI ALAM, 81750 MASAI","NO 2 & 4, JALAN BAYU 4, BANDAR SERI ALAM, 81750 MASAI, JOHOR",False,False,False
synthetic/s7/0198,address,address,mock-c,mock-d,no 2 and 4 jln bayu 4 bdr seri alam 81750 masai johor,no 2 and 4 jln bayu 4 bdr seri alam 81750 masai johor,"NO 2 & 4, JALAN BAYU 4, BANDAR SERI ALAM, 81750 MASAI, JOHOR","NO 2 & 4, JALAN BAYU 4, BANDAR SERI ALAM, 81750 MASAI, JOHOR",True,False,False
synthetic/s7/0198,company,org,mock-a,mock-b,ojc marketing,ojc marketing,OJC MARKETING SDN BHD,OJC MARKETING SDN BHD,True,False,False
synthetic/s7/0198,company,org,mock-a,mock-c,ojc marketing,ojc marketing,OJC MARKETING SDN BHD,OJC MARKETING SDN BHD,True,False,False
synthetic/s7/0198,company,org,mock-a,mock-d,ojc marketing,ojc marketing,OJC MARKETING SDN BHD,OJC MARKETING SDN BHD,True,False,False
synthetic/s7/0198,company,org,mock-b,mock-c,ojc marketing,ojc marketing,OJC MARKETING SDN BHD,OJC MARKETING SDN BHD,True,False,False
synthetic/s7/0198,company,org,mock-b,mock-d,ojc marketing,ojc marketing,OJC MARKETING SDN BHD,OJC MARKETING SDN BHD,True,False,False
synthetic/s7/0198,company,org,mock-c,mock-d,ojc marketing,ojc marketing,OJC MARKETING SDN BHD,OJC MARKETING SDN BHD,True,False,False
synthetic/s7/0198,date,date,mock-a,mock-b,2018-08-27,2018-08-27,27/08/2018,27/08/2018,True,False,False
synthetic/s7/0198,date,date,mock-a,mock-c,2018-08-27,2018-08-27,27/08/2018,27/08/2018,True,False,False
synthetic/s7/0198,date,date,mock-a,mock-d,2018-08-27,2018-08-27,27/08/2018,27/08/2018,True,False,False
synthetic/s7/0198,date,date,mock-b,mock-c,2018-08-27,2018-08-27,27/08/2018,27/08/2018,True,False,False
synthetic/s7/0198,date,date,mock-b,mock-d,2018-08-27,2018-08-27,27/08/2018,27/08/2018,True,False,False
synthetic/s7/0198,date,date,mock-c,mock-d,2018-08-27,2018-08-27,27/08/2018,27/08/2018,True,False,False
synthetic/s7/0198,phone,phone,mock-a,mock-b,75898683,75898683,07-589 8683,07-589 8683,True,False,False
synthetic/s7/0198,phone,phone,mock-a,mock-c,75898683,75898683,07-589 8683,07-589 8683,True,False,False
synthetic/s7/0198,phone,phone,mock-a,mock-d,75898683,75898683,07-589 8683,07-589 8683,True,False,False
synthetic/s7/0198,phone,phone,mock-b,mock-c,75898683,75898683,07-589 8683,07-589 8683,True,False,False
synthetic/s7/0198,phone,phone,mock-b,mock-d,75898683,75898683,07-589 8683,07-589 8683,True,False,False
synthetic/s7/0198,phone,phone,mock-c,mock-d,75898683,75898683,07-589 8683,07-589 8683,True,False,False
synthetic/s7/0198,tax,money,mock-a,mock-b,1.20,∅,1.20,,False,False,True
synthetic/s7/0198,tax,money,mock-a,mock-c,1.20,1.80,1.20,1.80,False,False,False
synthetic/s7/0198,tax,money,mock-a,mock-d,1.20,1.80,1.20,1.80,False,False,False
synthetic/s7/0198,tax,money,mock-b,mock-c,∅,1.80,,1.80,False,False,True
synthetic/s7/0198,tax,money,mock-b,mock-d,∅,1.80,,1.80,False,False,True
synthetic/s7/0198,tax,money,mock-c,mock-d,1.80,1.80,1.80,1.80,True,False,False
synthetic/s7/0198,total,money,mock-a,mock-b,31.20,31.80,31.20,31.80,False,False,False
synthetic/s7/0198,total,money,mock-a,mock-c,31.20,∅,31.20,,False,False,True
synthetic/s7/0198,total,money,mock-a,mock-d,31.20,∅,31.20,,False,False,True
synthetic/s7/0198,total,money,mock-b,mock-c,31.80,∅,31.80,,False,False,True
synthetic/s7/0198,total,money,mock-b,mock-d,31.80,∅,31.80,,False,False,True
synthetic/s7/0198,total,money,mock-c,mock-d,∅,∅,,,True,True,False
synthetic/s7/0199,address,address,mock-a,mock-b,no 59 jln permas 9 5 bdr baru permas jaya 81750 johor bahru,no 59 jln permas 9 5 bdr baru permas jaya 81750 johor bahru,"NO.59 JALAN PERMAS 9/5, BANDAR BARU PERMAS JAYA, 81750 JOHOR BAHRU","NO.59 JALAN PERMAS 9/5, BANDAR BARU PERMAS JAYA, 81750 JOHOR BAHRU",True,False,False
synthetic/s7/0199,address,address,mock-a,mock-c,no 59 jln permas 9 5 bdr baru permas jaya 81750 johor bahru,no 59 jln permas 9 5 bdr baru permas jaya 81750 johor bahru,"NO.59 JALAN PERMAS 9/5, BANDAR BARU PERMAS JAYA, 81750 JOHOR BAHRU","NO.59 JALAN PERMAS 9/5, BANDAR BARU PERMAS JAYA, 81750 JOHOR BAHRU",True,False,False
synthetic/s7/0199,address,address,mock-a,mock-d,no 59 jln permas 9 5 bdr baru permas jaya 81750 johor bahru,no 59 jln permas 9 5 bdr baru permas jaya 81750 johor bahru,"NO.59 JALAN PERMAS 9/5, BANDAR BARU PERMAS JAYA, 81750 JOHOR BAHRU","NO.59 JALAN PERMAS 9/5, BANDAR BARU PERMAS JAYA, 81750 JOHOR BAHRU",True,False,False
synthetic/s7/0199,address,address,mock-b,mock-c,no 59 jln permas 9 5 bdr baru permas jaya 81750 johor bahru,no 59 jln permas 9 5 bdr baru permas jaya 81750 johor bahru,"NO.59 JALAN PERMAS 9/5, BANDAR BARU PERMAS JAYA, 81750 JOHOR BAHRU","NO.59 JALAN PERMAS 9/5, BANDAR BARU PERMAS JAYA, 81750 JOHOR BAHRU",True,False,False
synthetic/s7/0199,address,address,mock-b,mock-d,no 59 jln permas 9 5 bdr baru permas jaya 81750 johor bahru,no 59 jln permas 9 5 bdr baru permas jaya 81750 johor bahru,"NO.59 JALAN PERMAS 9/5, BANDAR BARU PERMAS JAYA, 81750 JOHOR BAHRU","NO.59 JALAN PERMAS 9/5, BANDAR BARU PERMAS JAYA, 81750 JOHOR BAHRU",True,False,False
synthetic/s7/0199,address,address,mock-c,mock-d,no 59 jln permas 9 5 bdr baru permas jaya 81750 johor bahru,no 59 jln permas 9 5 bdr baru permas jaya 81750 johor bahru,"NO.59 JALAN PERMAS 9/5, BANDAR BARU PERMAS JAYA, 81750 JOHOR BAHRU","NO.59 JALAN PERMAS 9/5, BANDAR BARU PERMAS JAYA, 81750 JOHOR BAHRU",True,False,False
synthetic/s7/0199,company,org,mock-a,mock-b,perniagaan zheng hui,∅,PERNIAGAAN ZHENG HUI,,False,False,True
synthetic/s7/0199,company,org,mock-a,mock-c,perniagaan zheng hui,perniagaan zheng,PERNIAGAAN ZHENG HUI,PERNIAGAAN ZHENG,False,False,False
synthetic/s7/0199,company,org,mock-a,mock-d,perniagaan zheng hui,perniagaan zheng hui,PERNIAGAAN ZHENG HUI,PERNIAGAAN ZHENG HUI,True,False,False
synthetic/s7/0199,company,org,mock-b,mock-c,∅,perniagaan zheng,,PERNIAGAAN ZHENG,False,False,True
synthetic/s7/0199,company,org,mock-b,mock-d,∅,perniagaan zheng hui,,PERNIAGAAN ZHENG HUI,False,False,True
synthetic/s7/0199,company,org,mock-c,mock-d,perniagaan zheng,perniagaan zheng hui,PERNIAGAAN ZHENG,PERNIAGAAN ZHENG HUI,False,False,False
synthetic/s7/0199,date,date,mock-a,mock-b,2018-04-11,2018-11-04,11/04/2018,04/11/2018,False,False,False
synthetic/s7/0199,date,date,mock-a,mock-c,2018-04-11,2018-04-11,11/04/2018,11/04/2018,True,False,False
synthetic/s7/0199,date,date,mock-a,mock-d,2018-04-11,2018-04-11,11/04/2018,11/04/2018,True,False,False
synthetic/s7/0199,date,date,mock-b,mock-c,2018-11-04,2018-04-11,04/11/2018,11/04/2018,False,False,False
synthetic/s7/0199,date,date,mock-b,mock-d,2018-11-04,2018-04-11,04/11/2018,11/04/2018,False,False,False
synthetic/s7/0199,date,date,mock-c,mock-d,2018-04-11,2018-04-11,11/04/2018,11/04/2018,True,False,False
synthetic/s7/0199,phone,phone,mock-a,mock-b,74339051,74339051,07-433 9051,07-433 9051,True,False,False
synthetic/s7/0199,phone,phone,mock-a,mock-c,74339051,74339051,07-433 9051,07-433 9051,True,False,False
synthetic/s7/0199,phone,phone,mock-a,mock-d,74339051,74339051,07-433 9051,07-433 9051,True,False,False
synthetic/s7/0199,phone,phone,mock-b,mock-c,74339051,74339051,07-433 9051,07-433 9051,True,False,False
synthetic/s7/0199,phone,phone,mock-b,mock-d,74339051,74339051,07-433 9051,07-433 9051,True,False,False
synthetic/s7/0199,phone,phone,mock-c,mock-d,74339051,74339051,07-433 9051,07-433 9051,True,False,False
synthetic/s7/0199,tax,money,mock-a,mock-b,∅,∅,,,True,True,False
synthetic/s7/0199,tax,money,mock-a,mock-c,∅,∅,,,True,True,False
synthetic/s7/0199,tax,money,mock-a,mock-d,∅,∅,,,True,True,False
synthetic/s7/0199,tax,money,mock-b,mock-c,∅,∅,,,True,True,False
synthetic/s7/0199,tax,money,mock-b,mock-d,∅,∅,,,True,True,False
synthetic/s7/0199,tax,money,mock-c,mock-d,∅,∅,,,True,True,False
synthetic/s7/0199,total,money,mock-a,mock-b,38.10,38.10,38.10,38.10,True,False,False
synthetic/s7/0199,total,money,mock-a,mock-c,38.10,38.10,38.10,38.10,True,False,False
synthetic/s7/0199,total,money,mock-a,mock-d,38.10,38.10,38.10,38.10,True,False,False
synthetic/s7/0199,total,money,mock-b,mock-c,38.10,38.10,38.10,38.10,True,False,False
synthetic/s7/0199,total,money,mock-b,mock-d,38.10,38.10,38.10,38.10,True,False,False
synthetic/s7/0199,total,money,mock-c,mock-d,38.10,38.10,38.10,38.10,True,False,False
