doc_id,field,field_type,config_id,value_raw,value_norm,is_null,evidence,gold_raw,dataset,split,gold_norm,gold_populated,pred_populated,correct,error_kind,correct_judge
synthetic/s7/0000,address,address,mock-a,"NO 2 & 4, JALAN BAYU 4, BANDAR SERI ALAM, 81750 MASAI",no 2 and 4 jln bayu 4 bdr seri alam 81750 masai,False,,"NO 2 & 4, JALAN BAYU 4, BANDAR SERI ALAM, 81750 MASAI, JOHOR",synthetic,demo,no 2 and 4 jln bayu 4 bdr seri alam 81750 masai johor,True,True,False,wrong_value,False
synthetic/s7/0000,address,address,mock-b,"NO 2 & 4, JALAN BAYU 4, BANDAR SERI ALAM, 81750 MASAI, JOHOR",no 2 and 4 jln bayu 4 bdr seri alam 81750 masai johor,False,,"NO 2 & 4, JALAN BAYU 4, BANDAR SERI ALAM, 81750 MASAI, JOHOR",synthetic,demo,no 2 and 4 jln bayu 4 bdr seri alam 81750 masai johor,True,True,True,none,True
synthetic/s7/0000,address,address,mock-c,"NO 2 & 4, JALAN BAYU 4, BANDAR SERI ALAM, 81750 MASAI, JOHOR",no 2 and 4 jln bayu 4 bdr seri alam 81750 masai johor,False,,"NO 2 & 4, JALAN BAYU 4, BANDAR SERI ALAM, 81750 MASAI, JOHOR",synthetic,demo,no 2 and 4 jln bayu 4 bdr seri alam 81750 masai johor,True,True,True,none,True
synthetic/s7/0000,address,address,mock-d,"NO 2 & 4, JALAN BAYU 4, BANDAR SERI ALAM, 81750 MASAI, JOHOR",no 2 and 4 jln bayu 4 bdr seri alam 81750 masai johor,False,"line: NO 2 & 4, JALAN BAYU 4, BANDAR SERI ALAM, 81750 MASAI, JOHOR","NO 2 & 4, JALAN BAYU 4, BANDAR SERI ALAM, 81750 MASAI, JOHOR",synthetic,demo,no 2 and 4 jln bayu 4 bdr seri alam 81750 masai johor,True,True,True,none,True
synthetic/s7/0000,company,org,mock-a,OJC MARKETING SDN,ojc marketing sdn,False,,OJC MARKETING SDN BHD,synthetic,demo,ojc marketing,True,True,False,wrong_value,False
synthetic/s7/0000,company,org,mock-b,OJC MARKETING SDN BHD,ojc marketing,False,,OJC MARKETING SDN BHD,synthetic,demo,ojc marketing,True,True,True,none,True
synthetic/s7/0000,company,org,mock-c,OJC MARKETING SDN BHD,ojc marketing,False,,OJC MARKETING SDN BHD,synthetic,demo,ojc marketing,True,True,True,none,True
synthetic/s7/0000,company,org,mock-d,OJC MARKETING SDN BHD,ojc marketing,False,line: OJC MARKETING SDN BHD,OJC MARKETING SDN BHD,synthetic,demo,ojc marketing,True,True,True,none,True
synthetic/s7/0000,date,date,mock-a,11/03/2019,2019-03-11,False,,11/03/2019,synthetic,demo,2019-03-11,True,True,True,none,True
synthetic/s7/0000,date,date,mock-b,,,True,,11/03/2019,synthetic,demo,2019-03-11,True,False,False,miss,False
synthetic/s7/0000,date,date,mock-c,11/03/2019,2019-03-11,False,,11/03/2019,synthetic,demo,2019-03-11,True,True,True,none,True
synthetic/s7/0000,date,date,mock-d,11/03/2019,2019-03-11,False,line: 11/03/2019,11/03/2019,synthetic,demo,2019-03-11,True,True,True,none,True
synthetic/s7/0000,phone,phone,mock-a,07-159 9313,71599313,False,,07-159 9313,synthetic,demo,71599313,True,True,True,none,True
synthetic/s7/0000,phone,phone,mock-b,07-159 9313,71599313,False,,07-159 9313,synthetic,demo,71599313,True,True,True,none,True
synthetic/s7/0000,phone,phone,mock-c,07-159 9313,71599313,False,,07-159 9313,synthetic,demo,71599313,True,True,True,none,True
synthetic/s7/0000,phone,phone,mock-d,97-159 9313,971599313,False,line: 97-159 9313,07-159 9313,synthetic,demo,71599313,True,True,False,wrong_value,False
synthetic/s7/0000,tax,money,mock-a,,,True,,,synthetic,demo,,False,False,True,none,True
synthetic/s7/0000,tax,money,mock-b,,,True,,,synthetic,demo,,False,False,True,none,True
synthetic/s7/0000,tax,money,mock-c,,,True,,,synthetic,demo,,False,False,True,none,True
synthetic/s7/0000,tax,money,mock-d,,,True,,,synthetic,demo,,False,False,True,none,True
synthetic/s7/0000,total,money,mock-a,12.90,12.90,False,,12.90,synthetic,demo,12.90,True,True,True,none,True
synthetic/s7/0000,total,money,mock-b,,,True,,12.90,synthetic,demo,12.90,True,False,False,miss,False
synthetic/s7/0000,total,money,mock-c,12.90,12.90,False,,12.90,synthetic,demo,12.90,True,True,True,none,True
synthetic/s7/0000,total,money,mock-d,12.90,12.90,False,line: 12.90,12.90,synthetic,demo,12.90,True,True,True,none,True
synthetic/s7/0001,address,address,mock-a,"NO.59 JALAN PERMAS 9/5, BANDAR BARU PERMAS JAYA, 81750 JOHOR BAHRU",no 59 jln permas 9 5 bdr baru permas jaya 81750 johor bahru,False,,"NO.59 JALAN PERMAS 9/5, BANDAR BARU PERMAS JAYA, 81750 JOHOR BAHRU",synthetic,demo,no 59 jln permas 9 5 bdr baru permas jaya 81750 johor bahru,True,True,True,none,True
synthetic/s7/0001,address,address,mock-b,"NO.59 JALAN PERMAS 9/5, BANDAR BARU PERMAS JAYA, 81750 JOHOR BAHRU",no 59 jln permas 9 5 bdr baru permas jaya 81750 johor bahru,False,,"NO.59 JALAN PERMAS 9/5, BANDAR BARU PERMAS JAYA, 81750 JOHOR BAHRU",synthetic,demo,no 59 jln permas 9 5 bdr baru permas jaya 81750 johor bahru,True,True,True,none,True
synthetic/s7/0001,address,address,mock-c,"NO.59 JALAN PERMAS 9/5, BANDAR BARU PERMAS JAYA, 81750 JOHOR BAHRU",no 59 jln permas 9 5 bdr baru permas jaya 81750 johor bahru,False,,"NO.59 JALAN PERMAS 9/5, BANDAR BARU PERMAS JAYA, 81750 JOHOR BAHRU",synthetic,demo,no 59 jln permas 9 5 bdr baru permas jaya 81750 johor bahru,True,True,True,none,True
synthetic/s7/0001,address,address,mock-d,"NO.59 JALAN PERMAS 9/5, BANDAR BARU PERMAS JAYA",no 59 jln permas 9 5 bdr baru permas jaya,False,"line: NO.59 JALAN PERMAS 9/5, BANDAR BARU PERMAS JAYA","NO.59 JALAN PERMAS 9/5, BANDAR BARU PERMAS JAYA, 81750 JOHOR BAHRU",synthetic,demo,no 59 jln permas 9 5 bdr baru permas jaya 81750 johor bahru,True,True,False,wrong_value,False
synthetic/s7/0001,company,org,mock-a,PERNIAGAAN ZHENG HUI,perniagaan zheng hui,False,,PERNIAGAAN ZHENG HUI,synthetic,demo,perniagaan zheng hui,True,True,True,none,True
synthetic/s7/0001,company,org,mock-b,PERNIAGAAN ZHENG HUI,perniagaan zheng hui,False,,PERNIAGAAN ZHENG HUI,synthetic,demo,perniagaan zheng hui,True,True,True,none,True
synthetic/s7/0001,company,org,mock-c,PERNIAGAAN ZHENG HUI,perniagaan zheng hui,False,,PERNIAGAAN ZHENG HUI,synthetic,demo,perniagaan zheng hui,True,True,True,none,True
synthetic/s7/0001,company,org,mock-d,PERNIAGAAN ZHENG HUI,perniagaan zheng hui,False,line: PERNIAGAAN ZHENG HUI,PERNIAGAAN ZHENG HUI,synthetic,demo,perniagaan zheng hui,True,True,True,none,True
synthetic/s7/0001,date,date,mock-a,14/07/2018,2018-07-14,False,,14/07/2018,synthetic,demo,2018-07-14,True,True,True,none,True
synthetic/s7/0001,date,date,mock-b,,,True,,14/07/2018,synthetic,demo,2018-07-14,True,False,False,miss,False
synthetic/s7/0001,date,date,mock-c,14/07/2018,2018-07-14,False,,14/07/2018,synthetic,demo,2018-07-14,True,True,True,none,True
synthetic/s7/0001,date,date,mock-d,14/07/2018,2018-07-14,False,line: 14/07/2018,14/07/2018,synthetic,demo,2018-07-14,True,True,True,none,True
synthetic/s7/0001,phone,phone,mock-a,03-1234 5678,312345678,False,,,synthetic,demo,,False,True,False,hallucination,False
synthetic/s7/0001,phone,phone,mock-b,,,True,,,synthetic,demo,,False,False,True,none,True
synthetic/s7/0001,phone,phone,mock-c,,,True,,,synthetic,demo,,False,False,True,none,True
synthetic/s7/0001,phone,phone,mock-d,,,True,,,synthetic,demo,,False,False,True,none,True
synthetic/s7/0001,tax,money,mock-a,1.16,1.16,False,,1.16,synthetic,demo,1.16,True,True,True,none,True
synthetic/s7/0001,tax,money,mock-b,0.56,0.56,False,,1.16,synthetic,demo,1.16,True,True,False,wrong_value,False
synthetic/s7/0001,tax,money,mock-c,1.16,1.16,False,,1.16,synthetic,demo,1.16,True,True,True,none,True
synthetic/s7/0001,tax,money,mock-d,,,True,,1.16,synthetic,demo,1.16,True,False,False,miss,False
synthetic/s7/0001,total,money,mock-a,,,True,,20.56,synthetic,demo,20.56,True,False,False,miss,False
synthetic/s7/0001,total,money,mock-b,20.56,20.56,False,,20.56,synthetic,demo,20.56,True,True,True,none,True
synthetic/s7/0001,total,money,mock-c,,,True,,20.56,synthetic,demo,20.56,True,False,False,miss,False
synthetic/s7/0001,total,money,mock-d,20.56,20.56,False,line: 20.56,20.56,synthetic,demo,20.56,True,True,True,none,True
synthetic/s7/0002,address,address,mock-a,"LOT 3, JALAN PELABUR 23/1, 40300 SHAH ALAM, SELANGOR",lot 3 jln pelabur 23 1 40300 shah alam selangor,False,,"LOT 3, JALAN PELABUR 23/1, 40300 SHAH ALAM, SELANGOR",synthetic,demo,lot 3 jln pelabur 23 1 40300 shah alam selangor,True,True,True,none,True
synthetic/s7/0002,address,address,mock-b,"LOT 3, JALAN PELABUR 23/1, 40300 SHAH ALAM",lot 3 jln pelabur 23 1 40300 shah alam,False,,"LOT 3, JALAN PELABUR 23/1, 40300 SHAH ALAM, SELANGOR",synthetic,demo,lot 3 jln pelabur 23 1 40300 shah alam selangor,True,True,False,wrong_value,False
synthetic/s7/0002,address,address,mock-c,"LOT 3, JALAN PELABUR 23/1, 40300 SHAH ALAM, SELANGOR",lot 3 jln pelabur 23 1 40300 shah alam selangor,False,,"LOT 3, JALAN PELABUR 23/1, 40300 SHAH ALAM, SELANGOR",synthetic,demo,lot 3 jln pelabur 23 1 40300 shah alam selangor,True,True,True,none,True
synthetic/s7/0002,address,address,mock-d,"LOT 3, JALAN PELABUR 23/1, 40300 SHAH ALAM, SELANGOR",lot 3 jln pelabur 23 1 40300 shah alam selangor,False,"line: LOT 3, JALAN PELABUR 23/1, 40300 SHAH ALAM, SELANGOR","LOT 3, JALAN PELABUR 23/1, 40300 SHAH ALAM, SELANGOR",synthetic,demo,lot 3 jln pelabur 23 1 40300 shah alam selangor,True,True,True,none,True
synthetic/s7/0002,company,org,mock-a,BAKERIES (KL) SDN BHD,bakeries kl,False,,GARDENIA BAKERIES (KL) SDN BHD,synthetic,demo,gardenia bakeries kl,True,True,False,wrong_value,False
synthetic/s7/0002,company,org,mock-b,GARDENIA BAKERIES (KL) SDN BHD,gardenia bakeries kl,False,,GARDENIA BAKERIES (KL) SDN BHD,synthetic,demo,gardenia bakeries kl,True,True,True,none,True
synthetic/s7/0002,company,org,mock-c,GARDENIA BAKERIES (KL) SDN BHD,gardenia bakeries kl,False,,GARDENIA BAKERIES (KL) SDN BHD,synthetic,demo,gardenia bakeries kl,True,True,True,none,True
synthetic/s7/0002,company,org,mock-d,GARDENIA BAKERIES (KL) SDN BHD,gardenia bakeries kl,False,line: GARDENIA BAKERIES (KL) SDN BHD,GARDENIA BAKERIES (KL) SDN BHD,synthetic,demo,gardenia bakeries kl,True,True,True,none,True
synthetic/s7/0002,date,date,mock-a,21/10/2018,2018-10-21,False,,21/10/2018,synthetic,demo,2018-10-21,True,True,True,none,True
synthetic/s7/0002,date,date,mock-b,21/10/2018,2018-10-21,False,,21/10/2018,synthetic,demo,2018-10-21,True,True,True,none,True
synthetic/s7/0002,date,date,mock-c,21/10/2018,2018-10-21,False,,21/10/2018,synthetic,demo,2018-10-21,True,True,True,none,True
synthetic/s7/0002,date,date,mock-d,21/10/2018,2018-10-21,False,line: 21/10/2018,21/10/2018,synthetic,demo,2018-10-21,True,True,True,none,True
synthetic/s7/0002,phone,phone,mock-a,44-653 2929,6532929,False,,04-653 2929,synthetic,demo,46532929,True,True,False,wrong_value,False
synthetic/s7/0002,phone,phone,mock-b,04-653 2929,46532929,False,,04-653 2929,synthetic,demo,46532929,True,True,True,none,True
synthetic/s7/0002,phone,phone,mock-c,04-653 2929,46532929,False,,04-653 2929,synthetic,demo,46532929,True,True,True,none,True
synthetic/s7/0002,phone,phone,mock-d,04-653 2929,46532929,False,line: 04-653 2929,04-653 2929,synthetic,demo,46532929,True,True,True,none,True
synthetic/s7/0002,tax,money,mock-a,,,True,,,synthetic,demo,,False,False,True,none,True
synthetic/s7/0002,tax,money,mock-b,,,True,,,synthetic,demo,,False,False,True,none,True
synthetic/s7/0002,tax,money,mock-c,,,True,,,synthetic,demo,,False,False,True,none,True
synthetic/s7/0002,tax,money,mock-d,,,True,,,synthetic,demo,,False,False,True,none,True
synthetic/s7/0002,total,money,mock-a,25.70,25.70,False,,25.70,synthetic,demo,25.70,True,True,True,none,True
synthetic/s7/0002,total,money,mock-b,,,True,,25.70,synthetic,demo,25.70,True,False,False,miss,False
synthetic/s7/0002,total,money,mock-c,25.70,25.70,False,,25.70,synthetic,demo,25.70,True,True,True,none,True
synthetic/s7/0002,total,money,mock-d,,,True,,25.70,synthetic,demo,25.70,True,False,False,miss,False
synthetic/s7/0003,address,address,mock-a,"NO. 31G&33G, JALAN SETIA INDAH X, U13/X, 40170 SETIA ALAM",no 31g and 33g jln setia indah x u13 x 40170 setia alam,False,,"NO. 31G&33G, JALAN SETIA INDAH X, U13/X, 40170 SETIA ALAM",synthetic,demo,no 31g and 33g jln setia indah x u13 x 40170 setia alam,True,True,True,none,True
synthetic/s7/0003,address,address,mock-b,"NO. 31G&33G, JALAN SETIA INDAH X, U13/X, 40170 SETIA ALAM",no 31g and 33g jln setia indah x u13 x 40170 setia alam,False,,"NO. 31G&33G, JALAN SETIA INDAH X, U13/X, 40170 SETIA ALAM",synthetic,demo,no 31g and 33g jln setia indah x u13 x 40170 setia alam,True,True,True,none,True
synthetic/s7/0003,address,address,mock-c,"NO. 31G&33G, JALAN SETIA INDAH X, U13/X, 40170 SETIA ALAM",no 31g and 33g jln setia indah x u13 x 40170 setia alam,False,,"NO. 31G&33G, JALAN SETIA INDAH X, U13/X, 40170 SETIA ALAM",synthetic,demo,no 31g and 33g jln setia indah x u13 x 40170 setia alam,True,True,True,none,True
synthetic/s7/0003,address,address,mock-d,"NO. 31G&33G, JALAN SETIA INDAH X, U13/X, 40170 SETIA ALAM",no 31g and 33g jln setia indah x u13 x 40170 setia alam,False,"line: NO. 31G&33G, JALAN SETIA INDAH X, U13/X, 40170 SETIA ALAM","NO. 31G&33G, JALAN SETIA INDAH X, U13/X, 40170 SETIA ALAM",synthetic,demo,no 31g and 33g jln setia indah x u13 x 40170 setia alam,True,True,True,none,True
synthetic/s7/0003,company,org,mock-a,SANYU STATIONERY SHOP,sanyu stationery shop,False,,SANYU STATIONERY SHOP,synthetic,demo,sanyu stationery shop,True,True,True,none,True
synthetic/s7/0003,company,org,mock-b,SANYU STATIONERY SHOP,sanyu stationery shop,False,,SANYU STATIONERY SHOP,synthetic,demo,sanyu stationery shop,True,True,True,none,True
synthetic/s7/0003,company,org,mock-c,SANYU STATIONERY SHOP,sanyu stationery shop,False,,SANYU STATIONERY SHOP,synthetic,demo,sanyu stationery shop,True,True,True,none,True
synthetic/s7/0003,company,org,mock-d,SANYU STATIONERY SHOP,sanyu stationery shop,False,line: SANYU STATIONERY SHOP,SANYU STATIONERY SHOP,synthetic,demo,sanyu stationery shop,True,True,True,none,True
synthetic/s7/0003,date,date,mock-a,27/11/2018,2018-11-27,False,,27/11/2018,synthetic,demo,2018-11-27,True,True,True,none,True
synthetic/s7/0003,date,date,mock-b,27/11/2018,2018-11-27,False,,27/11/2018,synthetic,demo,2018-11-27,True,True,True,none,True
synthetic/s7/0003,date,date,mock-c,27/11/2018,2018-11-27,False,,27/11/2018,synthetic,demo,2018-11-27,True,True,True,none,True
synthetic/s7/0003,date,date,mock-d,27/11/2018,2018-11-27,False,line: 27/11/2018,27/11/2018,synthetic,demo,2018-11-27,True,True,True,none,True
synthetic/s7/0003,phone,phone,mock-a,,,True,,03-677 1976,synthetic,demo,36771976,True,False,False,miss,False
synthetic/s7/0003,phone,phone,mock-b,03-677 1976,36771976,False,,03-677 1976,synthetic,demo,36771976,True,True,True,none,True
synthetic/s7/0003,phone,phone,mock-c,03-677 1976,36771976,False,,03-677 1976,synthetic,demo,36771976,True,True,True,none,True
synthetic/s7/0003,phone,phone,mock-d,03-677 1976,36771976,False,line: 03-677 1976,03-677 1976,synthetic,demo,36771976,True,True,True,none,True
synthetic/s7/0003,tax,money,mock-a,0.19,0.19,False,,0.19,synthetic,demo,0.19,True,True,True,none,True
synthetic/s7/0003,tax,money,mock-b,0.19,0.19,False,,0.19,synthetic,demo,0.19,True,True,True,none,True
synthetic/s7/0003,tax,money,mock-c,0.19,0.19,False,,0.19,synthetic,demo,0.19,True,True,True,none,True
synthetic/s7/0003,tax,money,mock-d,0.19,0.19,False,line: 0.19,0.19,synthetic,demo,0.19,True,True,True,none,True
synthetic/s7/0003,total,money,mock-a,3.39,3.39,False,,3.39,synthetic,demo,3.39,True,True,True,none,True
synthetic/s7/0003,total,money,mock-b,3.39,3.39,False,,3.39,synthetic,demo,3.39,True,True,True,none,True
synthetic/s7/0003,total,money,mock-c,2.39,2.39,False,,3.39,synthetic,demo,3.39,True,True,False,wrong_value,False
synthetic/s7/0003,total,money,mock-d,,,True,,3.39,synthetic,demo,3.39,True,False,False,miss,False
synthetic/s7/0004,address,address,mock-a,"LOT P.T. 2811, JALAN ANGSANA, TAMAN MUTIARA RINI, 81300 SKUDAI",lot p t 2811 jln angsana tmn mutiara rini 81300 skudai,False,,"LOT P.T. 2811, JALAN ANGSANA, TAMAN MUTIARA RINI, 81300 SKUDAI",synthetic,demo,lot p t 2811 jln angsana tmn mutiara rini 81300 skudai,True,True,True,none,True
synthetic/s7/0004,address,address,mock-b,"LOT P.T. 2811, JALAN ANGSANA, TAMAN MUTIARA RINI, 81300 SKUDAI",lot p t 2811 jln angsana tmn mutiara rini 81300 skudai,False,,"LOT P.T. 2811, JALAN ANGSANA, TAMAN MUTIARA RINI, 81300 SKUDAI",synthetic,demo,lot p t 2811 jln angsana tmn mutiara rini 81300 skudai,True,True,True,none,True
synthetic/s7/0004,address,address,mock-c,,,True,,"LOT P.T. 2811, JALAN ANGSANA, TAMAN MUTIARA RINI, 81300 SKUDAI",synthetic,demo,lot p t 2811 jln angsana tmn mutiara rini 81300 skudai,True,False,False,miss,False
synthetic/s7/0004,address,address,mock-d,"LOT P.T. 2811, JALAN ANGSANA, TAMAN MUTIARA RINI, 81300 SKUDAI",lot p t 2811 jln angsana tmn mutiara rini 81300 skudai,False,"line: LOT P.T. 2811, JALAN ANGSANA, TAMAN MUTIARA RINI, 81300 SKUDAI","LOT P.T. 2811, JALAN ANGSANA, TAMAN MUTIARA RINI, 81300 SKUDAI",synthetic,demo,lot p t 2811 jln angsana tmn mutiara rini 81300 skudai,True,True,True,none,True
synthetic/s7/0004,company,org,mock-a,99 SPEED MART S/B,99 speed mart s b,False,,99 SPEED MART S/B,synthetic,demo,99 speed mart s b,True,True,True,none,True
synthetic/s7/0004,company,org,mock-b,99 SPEED MART,99 speed mart,False,,99 SPEED MART S/B,synthetic,demo,99 speed mart s b,True,True,False,wrong_value,False
synthetic/s7/0004,company,org,mock-c,99 SPEED MART S/B,99 speed mart s b,False,,99 SPEED MART S/B,synthetic,demo,99 speed mart s b,True,True,True,none,True
synthetic/s7/0004,company,org,mock-d,,,True,,99 SPEED MART S/B,synthetic,demo,99 speed mart s b,True,False,False,miss,False
synthetic/s7/0004,date,date,mock-a,22/09/2019,2019-09-22,False,,22/09/2019,synthetic,demo,2019-09-22,True,True,True,none,True
synthetic/s7/0004,date,date,mock-b,22/09/2019,2019-09-22,False,,22/09/2019,synthetic,demo,2019-09-22,True,True,True,none,True
synthetic/s7/0004,date,date,mock-c,22/09/2019,2019-09-22,False,,22/09/2019,synthetic,demo,2019-09-22,True,True,True,none,True
synthetic/s7/0004,date,date,mock-d,09/22/2019,2019-09-22,False,line: 09/22/2019,22/09/2019,synthetic,demo,2019-09-22,True,True,True,none,True
synthetic/s7/0004,phone,phone,mock-a,04-815 4999,48154999,False,,04-815 4999,synthetic,demo,48154999,True,True,True,none,True
synthetic/s7/0004,phone,phone,mock-b,04-815 4999,48154999,False,,04-815 4999,synthetic,demo,48154999,True,True,True,none,True
synthetic/s7/0004,phone,phone,mock-c,04-815 4999,48154999,False,,04-815 4999,synthetic,demo,48154999,True,True,True,none,True
synthetic/s7/0004,phone,phone,mock-d,04-815 4999,48154999,False,line: 04-815 4999,04-815 4999,synthetic,demo,48154999,True,True,True,none,True
synthetic/s7/0004,tax,money,mock-a,0.87,0.87,False,,0.87,synthetic,demo,0.87,True,True,True,none,True
synthetic/s7/0004,tax,money,mock-b,0.87,0.87,False,,0.87,synthetic,demo,0.87,True,True,True,none,True
synthetic/s7/0004,tax,money,mock-c,0.67,0.67,False,,0.87,synthetic,demo,0.87,True,True,False,wrong_value,False
synthetic/s7/0004,tax,money,mock-d,,,True,,0.87,synthetic,demo,0.87,True,False,False,miss,False
synthetic/s7/0004,total,money,mock-a,15.37,15.37,False,,15.37,synthetic,demo,15.37,True,True,True,none,True
synthetic/s7/0004,total,money,mock-b,,,True,,15.37,synthetic,demo,15.37,True,False,False,miss,False
synthetic/s7/0004,total,money,mock-c,15.37,15.37,False,,15.37,synthetic,demo,15.37,True,True,True,none,True
synthetic/s7/0004,total,money,mock-d,15.37,15.37,False,line: 15.37,15.37,synthetic,demo,15.37,True,True,True,none,True
synthetic/s7/0005,address,address,mock-a,"LOT 276 JALAN BANTING, 43800 DENGKIL, SELANGOR",lot 276 jln banting 43800 dengkil selangor,False,,"LOT 276 JALAN BANTING, 43800 DENGKIL, SELANGOR",synthetic,demo,lot 276 jln banting 43800 dengkil selangor,True,True,True,none,True
synthetic/s7/0005,address,address,mock-b,"LOT 276 JALAN BANTING, 43800 DENGKIL, SELANGOR",lot 276 jln banting 43800 dengkil selangor,False,,"LOT 276 JALAN BANTING, 43800 DENGKIL, SELANGOR",synthetic,demo,lot 276 jln banting 43800 dengkil selangor,True,True,True,none,True
synthetic/s7/0005,address,address,mock-c,"LOT 276 JALAN BANTING, 43800 DENGKIL, SELANGOR",lot 276 jln banting 43800 dengkil selangor,False,,"LOT 276 JALAN BANTING, 43800 DENGKIL, SELANGOR",synthetic,demo,lot 276 jln banting 43800 dengkil selangor,True,True,True,none,True
synthetic/s7/0005,address,address,mock-d,"LOT 276 JALAN BANTING, 43800 DENGKIL, SELANGOR",lot 276 jln banting 43800 dengkil selangor,False,"line: LOT 276 JALAN BANTING, 43800 DENGKIL, SELANGOR","LOT 276 JALAN BANTING, 43800 DENGKIL, SELANGOR",synthetic,demo,lot 276 jln banting 43800 dengkil selangor,True,True,True,none,True
synthetic/s7/0005,company,org,mock-a,PAPAN YEW CHUAN,papan yew chuan,False,,KEDAI PAPAN YEW CHUAN,synthetic,demo,kedai papan yew chuan,True,True,False,wrong_value,False
synthetic/s7/0005,company,org,mock-b,KEDAI PAPAN YEW CHUAN,kedai papan yew chuan,False,,KEDAI PAPAN YEW CHUAN,synthetic,demo,kedai papan yew chuan,True,True,True,none,True
synthetic/s7/0005,company,org,mock-c,KEDAI PAPAN YEW CHUAN,kedai papan yew chuan,False,,KEDAI PAPAN YEW CHUAN,synthetic,demo,kedai papan yew chuan,True,True,True,none,True
synthetic/s7/0005,company,org,mock-d,KEDAI PAPAN YEW CHUAN,kedai papan yew chuan,False,line: KEDAI PAPAN YEW CHUAN,KEDAI PAPAN YEW CHUAN,synthetic,demo,kedai papan yew chuan,True,True,True,none,True
synthetic/s7/0005,date,date,mock-a,17/08/2019,2019-08-17,False,,17/08/2019,synthetic,demo,2019-08-17,True,True,True,none,True
synthetic/s7/0005,date,date,mock-b,08/17/2019,2019-08-17,False,,17/08/2019,synthetic,demo,2019-08-17,True,True,True,none,True
synthetic/s7/0005,date,date,mock-c,17/08/2019,2019-08-17,False,,17/08/2019,synthetic,demo,2019-08-17,True,True,True,none,True
synthetic/s7/0005,date,date,mock-d,17/08/2019,2019-08-17,False,line: 17/08/2019,17/08/2019,synthetic,demo,2019-08-17,True,True,True,none,True
synthetic/s7/0005,phone,phone,mock-a,05-255 9011,52559011,False,,05-255 9011,synthetic,demo,52559011,True,True,True,none,True
synthetic/s7/0005,phone,phone,mock-b,,,True,,05-255 9011,synthetic,demo,52559011,True,False,False,miss,False
synthetic/s7/0005,phone,phone,mock-c,05-255 9011,52559011,False,,05-255 9011,synthetic,demo,52559011,True,True,True,none,True
synthetic/s7/0005,phone,phone,mock-d,05-255 9011,52559011,False,line: 05-255 9011,05-255 9011,synthetic,demo,52559011,True,True,True,none,True
synthetic/s7/0005,tax,money,mock-a,1.85,1.85,False,,1.85,synthetic,demo,1.85,True,True,True,none,True
synthetic/s7/0005,tax,money,mock-b,1.85,1.85,False,,1.85,synthetic,demo,1.85,True,True,True,none,True
synthetic/s7/0005,tax,money,mock-c,1.85,1.85,False,,1.85,synthetic,demo,1.85,True,True,True,none,True
synthetic/s7/0005,tax,money,mock-d,1.85,1.85,False,line: 1.85,1.85,synthetic,demo,1.85,True,True,True,none,True
synthetic/s7/0005,total,money,mock-a,32.65,32.65,False,,32.65,synthetic,demo,32.65,True,True,True,none,True
synthetic/s7/0005,total,money,mock-b,30.25,30.25,False,,32.65,synthetic,demo,32.65,True,True,False,wrong_value,False
synthetic/s7/0005,total,money,mock-c,32.65,32.65,False,,32.65,synthetic,demo,32.65,True,True,True,none,True
synthetic/s7/0005,total,money,mock-d,32.65,32.65,False,line: 32.65,32.65,synthetic,demo,32.65,True,True,True,none,True
synthetic/s7/0006,address,address,mock-a,"NO 2 & 4, JALAN BAYU 4, BANDAR SERI ALAM, 81750 MASAI, JOHOR",no 2 and 4 jln bayu 4 bdr seri alam 81750 masai johor,False,,"NO 2 & 4, JALAN BAYU 4, BANDAR SERI ALAM, 81750 MASAI, JOHOR",synthetic,demo,no 2 and 4 jln bayu 4 bdr seri alam 81750 masai johor,True,True,True,none,True
synthetic/s7/0006,address,address,mock-b,"NO 2 & 4, JALAN BAYU 4, BANDAR SERI ALAM, 81750 MASAI, JOHOR",no 2 and 4 jln bayu 4 bdr seri alam 81750 masai johor,False,,"NO 2 & 4, JALAN BAYU 4, BANDAR SERI ALAM, 81750 MASAI, JOHOR",synthetic,demo,no 2 and 4 jln bayu 4 bdr seri alam 81750 masai johor,True,True,True,none,True
synthetic/s7/0006,address,address,mock-c,"NO 2 & 4, JALAN BAYU 4, BANDAR SERI ALAM, 81750 MASAI, JOHOR",no 2 and 4 jln bayu 4 bdr seri alam 81750 masai johor,False,,"NO 2 & 4, JALAN BAYU 4, BANDAR SERI ALAM, 81750 MASAI, JOHOR",synthetic,demo,no 2 and 4 jln bayu 4 bdr seri alam 81750 masai johor,True,True,True,none,True
synthetic/s7/0006,address,address,mock-d,"NO 2 & 4, JALAN BAYU 4, BANDAR SERI ALAM, 81750 MASAI, JOHOR",no 2 and 4 jln bayu 4 bdr seri alam 81750 masai johor,False,"line: NO 2 & 4, JALAN BAYU 4, BANDAR SERI ALAM, 81750 MASAI, JOHOR","NO 2 & 4, JALAN BAYU 4, BANDAR SERI ALAM, 81750 MASAI, JOHOR",synthetic,demo,no 2 and 4 jln bayu 4 bdr seri alam 81750 masai johor,True,True,True,none,True
synthetic/s7/0006,company,org,mock-a,OJC MARKETING SDN BHD,ojc marketing,False,,OJC MARKETING SDN BHD,synthetic,demo,ojc marketing,True,True,True,none,True
synthetic/s7/0006,company,org,mock-b,OJC MARKETING SDN,ojc marketing sdn,False,,OJC MARKETING SDN BHD,synthetic,demo,ojc marketing,True,True,False,wrong_value,False
synthetic/s7/0006,company,org,mock-c,OJC MARKETING SDN BHD,ojc marketing,False,,OJC MARKETING SDN BHD,synthetic,demo,ojc marketing,True,True,True,none,True
synthetic/s7/0006,company,org,mock-d,OJC MARKETING SDN BHD,ojc marketing,False,line: OJC MARKETING SDN BHD,OJC MARKETING SDN BHD,synthetic,demo,ojc marketing,True,True,True,none,True
synthetic/s7/0006,date,date,mock-a,03/09/2019,2019-09-03,False,,03/09/2019,synthetic,demo,2019-09-03,True,True,True,none,True
synthetic/s7/0006,date,date,mock-b,03/09/2019,2019-09-03,False,,03/09/2019,synthetic,demo,2019-09-03,True,True,True,none,True
synthetic/s7/0006,date,date,mock-c,03/09/2019,2019-09-03,False,,03/09/2019,synthetic,demo,2019-09-03,True,True,True,none,True
synthetic/s7/0006,date,date,mock-d,,,True,,03/09/2019,synthetic,demo,2019-09-03,True,False,False,miss,False
synthetic/s7/0006,phone,phone,mock-a,09-195 5422,91955422,False,,09-195 5422,synthetic,demo,91955422,True,True,True,none,True
synthetic/s7/0006,phone,phone,mock-b,09-195 5422,91955422,False,,09-195 5422,synthetic,demo,91955422,True,True,True,none,True
synthetic/s7/0006,phone,phone,mock-c,09-195 5422,91955422,False,,09-195 5422,synthetic,demo,91955422,True,True,True,none,True
synthetic/s7/0006,phone,phone,mock-d,09-195 5422,91955422,False,line: 09-195 5422,09-195 5422,synthetic,demo,91955422,True,True,True,none,True
synthetic/s7/0006,tax,money,mock-a,,,True,,,synthetic,demo,,False,False,True,none,True
synthetic/s7/0006,tax,money,mock-b,,,True,,,synthetic,demo,,False,False,True,none,True
synthetic/s7/0006,tax,money,mock-c,,,True,,,synthetic,demo,,False,False,True,none,True
synthetic/s7/0006,tax,money,mock-d,,,True,,,synthetic,demo,,False,False,True,none,True
synthetic/s7/0006,total,money,mock-a,26.50,26.50,False,,27.70,synthetic,demo,27.70,True,True,False,wrong_value,False
synthetic/s7/0006,total,money,mock-b,26.50,26.50,False,,27.70,synthetic,demo,27.70,True,True,False,wrong_value,False
synthetic/s7/0006,total,money,mock-c,26.50,26.50,False,,27.70,synthetic,demo,27.70,True,True,False,wrong_value,False
synthetic/s7/0006,total,money,mock-d,26.50,26.50,False,line: 26.50,27.70,synthetic,demo,27.70,True,True,False,wrong_value,False
synthetic/s7/0007,address,address,mock-a,"NO.59 JALAN PERMAS 9/5, BANDAR BARU PERMAS JAYA, 81750 JOHOR BAHRU",no 59 jln permas 9 5 bdr baru permas jaya 81750 johor bahru,False,,"NO.59 JALAN PERMAS 9/5, BANDAR BARU PERMAS JAYA, 81750 JOHOR BAHRU",synthetic,demo,no 59 jln permas 9 5 bdr baru permas jaya 81750 johor bahru,True,True,True,none,True
synthetic/s7/0007,address,address,mock-b,"NO.59 JALAN PERMAS 9/5, BANDAR BARU PERMAS JAYA",no 59 jln permas 9 5 bdr baru permas jaya,False,,"NO.59 JALAN PERMAS 9/5, BANDAR BARU PERMAS JAYA, 81750 JOHOR BAHRU",synthetic,demo,no 59 jln permas 9 5 bdr baru permas jaya 81750 johor bahru,True,True,False,wrong_value,False
synthetic/s7/0007,address,address,mock-c,"NO.59 JALAN PERMAS 9/5, BANDAR BARU PERMAS JAYA, 81750 JOHOR BAHRU",no 59 jln permas 9 5 bdr baru permas jaya 81750 johor bahru,False,,"NO.59 JALAN PERMAS 9/5, BANDAR BARU PERMAS JAYA, 81750 JOHOR BAHRU",synthetic,demo,no 59 jln permas 9 5 bdr baru permas jaya 81750 johor bahru,True,True,True,none,True
synthetic/s7/0007,address,address,mock-d,"NO.59 JALAN PERMAS 9/5, BANDAR BARU PERMAS JAYA, 81750 JOHOR BAHRU",no 59 jln permas 9 5 bdr baru permas jaya 81750 johor bahru,False,"line: NO.59 JALAN PERMAS 9/5, BANDAR BARU PERMAS JAYA, 81750 JOHOR BAHRU","NO.59 JALAN PERMAS 9/5, BANDAR BARU PERMAS JAYA, 81750 JOHOR BAHRU",synthetic,demo,no 59 jln permas 9 5 bdr baru permas jaya 81750 johor bahru,True,True,True,none,True
synthetic/s7/0007,company,org,mock-a,PERNIAGAAN ZHENG HUI,perniagaan zheng hui,False,,PERNIAGAAN ZHENG HUI,synthetic,demo,perniagaan zheng hui,True,True,True,none,True
synthetic/s7/0007,company,org,mock-b,PERNIAGAAN ZHENG HUI,perniagaan zheng hui,False,,PERNIAGAAN ZHENG HUI,synthetic,demo,perniagaan zheng hui,True,True,True,none,True
synthetic/s7/0007,company,org,mock-c,PERNIAGAAN ZHENG HUI,perniagaan zheng hui,False,,PERNIAGAAN ZHENG HUI,synthetic,demo,perniagaan zheng hui,True,True,True,none,True
synthetic/s7/0007,company,org,mock-d,,,True,,PERNIAGAAN ZHENG HUI,synthetic,demo,perniagaan zheng hui,True,False,False,miss,False
synthetic/s7/0007,date,date,mock-a,03/01/2019,2019-01-03,False,,03/01/2019,synthetic,demo,2019-01-03,True,True,True,none,True
synthetic/s7/0007,date,date,mock-b,03/01/2019,2019-01-03,False,,03/01/2019,synthetic,demo,2019-01-03,True,True,True,none,True
synthetic/s7/0007,date,date,mock-c,03/01/2019,2019-01-03,False,,03/01/2019,synthetic,demo,2019-01-03,True,True,True,none,True
synthetic/s7/0007,date,date,mock-d,03/01/2019,2019-01-03,False,line: 03/01/2019,03/01/2019,synthetic,demo,2019-01-03,True,True,True,none,True
synthetic/s7/0007,phone,phone,mock-a,04-725 2918,47252918,False,,04-725 2918,synthetic,demo,47252918,True,True,True,none,True
synthetic/s7/0007,phone,phone,mock-b,,,True,,04-725 2918,synthetic,demo,47252918,True,False,False,miss,False
synthetic/s7/0007,phone,phone,mock-c,04-725 2918,47252918,False,,04-725 2918,synthetic,demo,47252918,True,True,True,none,True
synthetic/s7/0007,phone,phone,mock-d,04-725 2918,47252918,False,line: 04-725 2918,04-725 2918,synthetic,demo,47252918,True,True,True,none,True
synthetic/s7/0007,tax,money,mock-a,1.80,1.80,False,,1.80,synthetic,demo,1.80,True,True,True,none,True
synthetic/s7/0007,tax,money,mock-b,1.80,1.80,False,,1.80,synthetic,demo,1.80,True,True,True,none,True
synthetic/s7/0007,tax,money,mock-c,1.80,1.80,False,,1.80,synthetic,demo,1.80,True,True,True,none,True
synthetic/s7/0007,tax,money,mock-d,,,True,,1.80,synthetic,demo,1.80,True,False,False,miss,False
synthetic/s7/0007,total,money,mock-a,31.80,31.80,False,,31.80,synthetic,demo,31.80,True,True,True,none,True
synthetic/s7/0007,total,money,mock-b,31.80,31.80,False,,31.80,synthetic,demo,31.80,True,True,True,none,True
synthetic/s7/0007,total,money,mock-c,31.88,31.88,False,,31.80,synthetic,demo,31.80,True,True,False,wrong_value,False
synthetic/s7/0007,total,money,mock-d,31.89,31.89,False,line: 31.89,31.80,synthetic,demo,31.80,True,True,False,wrong_value,False
synthetic/s7/0008,address,address,mock-a,"LOT 3, JALAN PELABUR 23/1, 40300 SHAH ALAM, SELANGOR",lot 3 jln pelabur 23 1 40300 shah alam selangor,False,,"LOT 3, JALAN PELABUR 23/1, 40300 SHAH ALAM, SELANGOR",synthetic,demo,lot 3 jln pelabur 23 1 40300 shah alam selangor,True,True,True,none,True
synthetic/s7/0008,address,address,mock-b,"LOT 3, JALAN PELABUR 23/1, 40300 SHAH ALAM, SELANGOR",lot 3 jln pelabur 23 1 40300 shah alam selangor,False,,"LOT 3, JALAN PELABUR 23/1, 40300 SHAH ALAM, SELANGOR",synthetic,demo,lot 3 jln pelabur 23 1 40300 shah alam selangor,True,True,True,none,True
synthetic/s7/0008,address,address,mock-c,,,True,,"LOT 3, JALAN PELABUR 23/1, 40300 SHAH ALAM, SELANGOR",synthetic,demo,lot 3 jln pelabur 23 1 40300 shah alam selangor,True,False,False,miss,False
synthetic/s7/0008,address,address,mock-d,"LOT 3, JALAN PELABUR 23/1, 40300 SHAH ALAM, SELANGOR",lot 3 jln pelabur 23 1 40300 shah alam selangor,False,"line: LOT 3, JALAN PELABUR 23/1, 40300 SHAH ALAM, SELANGOR","LOT 3, JALAN PELABUR 23/1, 40300 SHAH ALAM, SELANGOR",synthetic,demo,lot 3 jln pelabur 23 1 40300 shah alam selangor,True,True,True,none,True
synthetic/s7/0008,company,org,mock-a,GARDENIA BAKERIES (KL) SDN BHD,gardenia bakeries kl,False,,GARDENIA BAKERIES (KL) SDN BHD,synthetic,demo,gardenia bakeries kl,True,True,True,none,True
synthetic/s7/0008,company,org,mock-b,GARDENIA BAKERIES (KL) SDN,gardenia bakeries kl sdn,False,,GARDENIA BAKERIES (KL) SDN BHD,synthetic,demo,gardenia bakeries kl,True,True,False,wrong_value,False
synthetic/s7/0008,company,org,mock-c,BAKERIES (KL) SDN BHD,bakeries kl,False,,GARDENIA BAKERIES (KL) SDN BHD,synthetic,demo,gardenia bakeries kl,True,True,False,wrong_value,False
synthetic/s7/0008,company,org,mock-d,GARDENIA BAKERIES (KL) SDN BHD,gardenia bakeries kl,False,line: GARDENIA BAKERIES (KL) SDN BHD,GARDENIA BAKERIES (KL) SDN BHD,synthetic,demo,gardenia bakeries kl,True,True,True,none,True
synthetic/s7/0008,date,date,mock-a,25/05/2018,2018-05-25,False,,25/05/2018,synthetic,demo,2018-05-25,True,True,True,none,True
synthetic/s7/0008,date,date,mock-b,25/05/2018,2018-05-25,False,,25/05/2018,synthetic,demo,2018-05-25,True,True,True,none,True
synthetic/s7/0008,date,date,mock-c,25/05/2018,2018-05-25,False,,25/05/2018,synthetic,demo,2018-05-25,True,True,True,none,True
synthetic/s7/0008,date,date,mock-d,25/05/2018,2018-05-25,False,line: 25/05/2018,25/05/2018,synthetic,demo,2018-05-25,True,True,True,none,True
synthetic/s7/0008,phone,phone,mock-a,,,True,,04-559 7580,synthetic,demo,45597580,True,False,False,miss,False
synthetic/s7/0008,phone,phone,mock-b,44-559 7580,5597580,False,,04-559 7580,synthetic,demo,45597580,True,True,False,wrong_value,False
synthetic/s7/0008,phone,phone,mock-c,04-559 7580,45597580,False,,04-559 7580,synthetic,demo,45597580,True,True,True,none,True
synthetic/s7/0008,phone,phone,mock-d,04-559 7580,45597580,False,line: 04-559 7580,04-559 7580,synthetic,demo,45597580,True,True,True,none,True
synthetic/s7/0008,tax,money,mock-a,,,True,,,synthetic,demo,,False,False,True,none,True
synthetic/s7/0008,tax,money,mock-b,,,True,,,synthetic,demo,,False,False,True,none,True
synthetic/s7/0008,tax,money,mock-c,,,True,,,synthetic,demo,,False,False,True,none,True
synthetic/s7/0008,tax,money,mock-d,0.00,0.00,False,line: 0.00,,synthetic,demo,,False,True,False,hallucination,False
synthetic/s7/0008,total,money,mock-a,24.60,24.60,False,,24.60,synthetic,demo,24.60,True,True,True,none,True
synthetic/s7/0008,total,money,mock-b,24.60,24.60,False,,24.60,synthetic,demo,24.60,True,True,True,none,True
synthetic/s7/0008,total,money,mock-c,24.60,24.60,False,,24.60,synthetic,demo,24.60,True,True,True,none,True
synthetic/s7/0008,total,money,mock-d,24.60,24.60,False,line: 24.60,24.60,synthetic,demo,24.60,True,True,True,none,True
synthetic/s7/0009,address,address,mock-a,"NO. 31G&33G, JALAN SETIA INDAH X, U13/X",no 31g and 33g jln setia indah x u13 x,False,,"NO. 31G&33G, JALAN SETIA INDAH X, U13/X, 40170 SETIA ALAM",synthetic,demo,no 31g and 33g jln setia indah x u13 x 40170 setia alam,True,True,False,wrong_value,False
synthetic/s7/0009,address,address,mock-b,"NO. 31G&33G, JALAN SETIA INDAH X, U13/X",no 31g and 33g jln setia indah x u13 x,False,,"NO. 31G&33G, JALAN SETIA INDAH X, U13/X, 40170 SETIA ALAM",synthetic,demo,no 31g and 33g jln setia indah x u13 x 40170 setia alam,True,True,False,wrong_value,False
synthetic/s7/0009,address,address,mock-c,"NO. 31G&33G, JALAN SETIA INDAH X, U13/X",no 31g and 33g jln setia indah x u13 x,False,,"NO. 31G&33G, JALAN SETIA INDAH X, U13/X, 40170 SETIA ALAM",synthetic,demo,no 31g and 33g jln setia indah x u13 x 40170 setia alam,True,True,False,wrong_value,False
synthetic/s7/0009,address,address,mock-d,"NO. 31G&33G, JALAN SETIA INDAH X, U13/X",no 31g and 33g jln setia indah x u13 x,False,"line: NO. 31G&33G, JALAN SETIA INDAH X, U13/X","NO. 31G&33G, JALAN SETIA INDAH X, U13/X, 40170 SETIA ALAM",synthetic,demo,no 31g and 33g jln setia indah x u13 x 40170 setia alam,True,True,False,wrong_value,False
synthetic/s7/0009,company,org,mock-a,SANYU STATIONERY SHOP,sanyu stationery shop,False,,SANYU STATIONERY SHOP,synthetic,demo,sanyu stationery shop,True,True,True,none,True
synthetic/s7/0009,company,org,mock-b,SANYU STATIONERY SHOP,sanyu stationery shop,False,,SANYU STATIONERY SHOP,synthetic,demo,sanyu stationery shop,True,True,True,none,True
synthetic/s7/0009,company,org,mock-c,SANYU STATIONERY SHOP,sanyu stationery shop,False,,SANYU STATIONERY SHOP,synthetic,demo,sanyu stationery shop,True,True,True,none,True
synthetic/s7/0009,company,org,mock-d,SANYU STATIONERY SHOP,sanyu stationery shop,False,line: SANYU STATIONERY SHOP,SANYU STATIONERY SHOP,synthetic,demo,sanyu stationery shop,True,True,True,none,True
synthetic/s7/0009,date,date,mock-a,27/07/2019,2019-07-27,False,,27/07/2019,synthetic,demo,2019-07-27,True,True,True,none,True
synthetic/s7/0009,date,date,mock-b,27/07/2019,2019-07-27,False,,27/07/2019,synthetic,demo,2019-07-27,True,True,True,none,True
synthetic/s7/0009,date,date,mock-c,27/07/2019,2019-07-27,False,,27/07/2019,synthetic,demo,2019-07-27,True,True,True,none,True
synthetic/s7/0009,date,date,mock-d,27/07/2019,2019-07-27,False,line: 27/07/2019,27/07/2019,synthetic,demo,2019-07-27,True,True,True,none,True
synthetic/s7/0009,phone,phone,mock-a,04-774 4822,47744822,False,,04-774 4822,synthetic,demo,47744822,True,True,True,none,True
synthetic/s7/0009,phone,phone,mock-b,64-774 4822,647744822,False,,04-774 4822,synthetic,demo,47744822,True,True,False,wrong_value,False
synthetic/s7/0009,phone,phone,mock-c,04-774 4822,47744822,False,,04-774 4822,synthetic,demo,47744822,True,True,True,none,True
synthetic/s7/0009,phone,phone,mock-d,44-774 4822,7744822,False,line: 44-774 4822,04-774 4822,synthetic,demo,47744822,True,True,False,wrong_value,False
synthetic/s7/0009,tax,money,mock-a,2.36,2.36,False,,2.33,synthetic,demo,2.33,True,True,False,wrong_value,False
synthetic/s7/0009,tax,money,mock-b,2.33,2.33,False,,2.33,synthetic,demo,2.33,True,True,True,none,True
synthetic/s7/0009,tax,money,mock-c,2.33,2.33,False,,2.33,synthetic,demo,2.33,True,True,True,none,True
synthetic/s7/0009,tax,money,mock-d,2.33,2.33,False,line: 2.33,2.33,synthetic,demo,2.33,True,True,True,none,True
synthetic/s7/0009,total,money,mock-a,41.23,41.23,False,,41.23,synthetic,demo,41.23,True,True,True,none,True
synthetic/s7/0009,total,money,mock-b,41.23,41.23,False,,41.23,synthetic,demo,41.23,True,True,True,none,True
synthetic/s7/0009,total,money,mock-c,41.23,41.23,False,,41.23,synthetic,demo,41.23,True,True,True,none,True
synthetic/s7/0009,total,money,mock-d,41.25,41.25,False,line: 41.25,41.23,synthetic,demo,41.23,True,True,False,wrong_value,False
synthetic/s7/0010,address,address,mock-a,"LOT P.T. 2811, JALAN ANGSANA, TAMAN MUTIARA RINI",lot p t 2811 jln angsana tmn mutiara rini,False,,"LOT P.T. 2811, JALAN ANGSANA, TAMAN MUTIARA RINI, 81300 SKUDAI",synthetic,demo,lot p t 2811 jln angsana tmn mutiara rini 81300 skudai,True,True,False,wrong_value,False
synthetic/s7/0010,address,address,mock-b,"LOT P.T. 2811, JALAN ANGSANA, TAMAN MUTIARA RINI",lot p t 2811 jln angsana tmn mutiara rini,False,,"LOT P.T. 2811, JALAN ANGSANA, TAMAN MUTIARA RINI, 81300 SKUDAI",synthetic,demo,lot p t 2811 jln angsana tmn mutiara rini 81300 skudai,True,True,False,wrong_value,False
synthetic/s7/0010,address,address,mock-c,"LOT P.T. 2811, JALAN ANGSANA, TAMAN MUTIARA RINI",lot p t 2811 jln angsana tmn mutiara rini,False,,"LOT P.T. 2811, JALAN ANGSANA, TAMAN MUTIARA RINI, 81300 SKUDAI",synthetic,demo,lot p t 2811 jln angsana tmn mutiara rini 81300 skudai,True,True,False,wrong_value,False
synthetic/s7/0010,address,address,mock-d,"LOT P.T. 2811, JALAN ANGSANA, TAMAN MUTIARA RINI",lot p t 2811 jln angsana tmn mutiara rini,False,"line: LOT P.T. 2811, JALAN ANGSANA, TAMAN MUTIARA RINI","LOT P.T. 2811, JALAN ANGSANA, TAMAN MUTIARA RINI, 81300 SKUDAI",synthetic,demo,lot p t 2811 jln angsana tmn mutiara rini 81300 skudai,True,True,False,wrong_value,False
synthetic/s7/0010,company,org,mock-a,99 SPEED MART S/B,99 speed mart s b,False,,99 SPEED MART S/B,synthetic,demo,99 speed mart s b,True,True,True,none,True
synthetic/s7/0010,company,org,mock-b,99 SPEED MART S/B,99 speed mart s b,False,,99 SPEED MART S/B,synthetic,demo,99 speed mart s b,True,True,True,none,True
synthetic/s7/0010,company,org,mock-c,99 SPEED MART S/B,99 speed mart s b,False,,99 SPEED MART S/B,synthetic,demo,99 speed mart s b,True,True,True,none,True
synthetic/s7/0010,company,org,mock-d,99 SPEED MART,99 speed mart,False,line: 99 SPEED MART,99 SPEED MART S/B,synthetic,demo,99 speed mart s b,True,True,False,wrong_value,False
synthetic/s7/0010,date,date,mock-a,06/05/2019,2019-05-06,False,,06/05/2019,synthetic,demo,2019-05-06,True,True,True,none,True
synthetic/s7/0010,date,date,mock-b,06/05/2019,2019-05-06,False,,06/05/2019,synthetic,demo,2019-05-06,True,True,True,none,True
synthetic/s7/0010,date,date,mock-c,05/06/2019,2019-06-05,False,,06/05/2019,synthetic,demo,2019-05-06,True,True,False,wrong_value,False
synthetic/s7/0010,date,date,mock-d,06/05/2019,2019-05-06,False,line: 06/05/2019,06/05/2019,synthetic,demo,2019-05-06,True,True,True,none,True
synthetic/s7/0010,phone,phone,mock-a,07-426 3056,74263056,False,,07-426 3056,synthetic,demo,74263056,True,True,True,none,True
synthetic/s7/0010,phone,phone,mock-b,07-426 3056,74263056,False,,07-426 3056,synthetic,demo,74263056,True,True,True,none,True
synthetic/s7/0010,phone,phone,mock-c,07-426 3056,74263056,False,,07-426 3056,synthetic,demo,74263056,True,True,True,none,True
synthetic/s7/0010,phone,phone,mock-d,07-426 3056,74263056,False,line: 07-426 3056,07-426 3056,synthetic,demo,74263056,True,True,True,none,True
synthetic/s7/0010,tax,money,mock-a,,,True,,0.14,synthetic,demo,0.14,True,False,False,miss,False
synthetic/s7/0010,tax,money,mock-b,0.14,0.14,False,,0.14,synthetic,demo,0.14,True,True,True,none,True
synthetic/s7/0010,tax,money,mock-c,0.14,0.14,False,,0.14,synthetic,demo,0.14,True,True,True,none,True
synthetic/s7/0010,tax,money,mock-d,0.14,0.14,False,line: 0.14,0.14,synthetic,demo,0.14,True,True,True,none,True
synthetic/s7/0010,total,money,mock-a,2.44,2.44,False,,2.44,synthetic,demo,2.44,True,True,True,none,True
synthetic/s7/0010,total,money,mock-b,2.44,2.44,False,,2.44,synthetic,demo,2.44,True,True,True,none,True
synthetic/s7/0010,total,money,mock-c,2.44,2.44,False,,2.44,synthetic,demo,2.44,True,True,True,none,True
synthetic/s7/0010,total,money,mock-d,2.44,2.44,False,line: 2.44,2.44,synthetic,demo,2.44,True,True,True,none,True
synthetic/s7/0011,address,address,mock-a,"LOT 276 JALAN BANTING, 43800 DENGKIL, SELANGOR",lot 276 jln banting 43800 dengkil selangor,False,,"LOT 276 JALAN BANTING, 43800 DENGKIL, SELANGOR",synthetic,demo,lot 276 jln banting 43800 dengkil selangor,True,True,True,none,True
synthetic/s7/0011,address,address,mock-b,"LOT 276 JALAN BANTING, 43800 DENGKIL",lot 276 jln banting 43800 dengkil,False,,"LOT 276 JALAN BANTING, 43800 DENGKIL, SELANGOR",synthetic,demo,lot 276 jln banting 43800 dengkil selangor,True,True,False,wrong_value,False
synthetic/s7/0011,address,address,mock-c,"LOT 276 JALAN BANTING, 43800 DENGKIL",lot 276 jln banting 43800 dengkil,False,,"LOT 276 JALAN BANTING, 43800 DENGKIL, SELANGOR",synthetic,demo,lot 276 jln banting 43800 dengkil selangor,True,True,False,wrong_value,False
synthetic/s7/0011,address,address,mock-d,"LOT 276 JALAN BANTING, 43800 DENGKIL, SELANGOR",lot 276 jln banting 43800 dengkil selangor,False,"line: LOT 276 JALAN BANTING, 43800 DENGKIL, SELANGOR","LOT 276 JALAN BANTING, 43800 DENGKIL, SELANGOR",synthetic,demo,lot 276 jln banting 43800 dengkil selangor,True,True,True,none,True
synthetic/s7/0011,company,org,mock-a,KEDAI PAPAN YEW CHUAN,kedai papan yew chuan,False,,KEDAI PAPAN YEW CHUAN,synthetic,demo,kedai papan yew chuan,True,True,True,none,True
synthetic/s7/0011,company,org,mock-b,KEDAI PAPAN YEW CHUAN,kedai papan yew chuan,False,,KEDAI PAPAN YEW CHUAN,synthetic,demo,kedai papan yew chuan,True,True,True,none,True
synthetic/s7/0011,company,org,mock-c,KEDAI PAPAN YEW CHUAN,kedai papan yew chuan,False,,KEDAI PAPAN YEW CHUAN,synthetic,demo,kedai papan yew chuan,True,True,True,none,True
synthetic/s7/0011,company,org,mock-d,KEDAI PAPAN YEW CHUAN,kedai papan yew chuan,False,line: KEDAI PAPAN YEW CHUAN,KEDAI PAPAN YEW CHUAN,synthetic,demo,kedai papan yew chuan,True,True,True,none,True
synthetic/s7/0011,date,date,mock-a,,,True,,21/11/2018,synthetic,demo,2018-11-21,True,False,False,miss,False
synthetic/s7/0011,date,date,mock-b,21/11/2018,2018-11-21,False,,21/11/2018,synthetic,demo,2018-11-21,True,True,True,none,True
synthetic/s7/0011,date,date,mock-c,21/11/2018,2018-11-21,False,,21/11/2018,synthetic,demo,2018-11-21,True,True,True,none,True
synthetic/s7/0011,date,date,mock-d,,,True,,21/11/2018,synthetic,demo,2018-11-21,True,False,False,miss,False
synthetic/s7/0011,phone,phone,mock-a,,,True,,,synthetic,demo,,False,False,True,none,True
synthetic/s7/0011,phone,phone,mock-b,,,True,,,synthetic,demo,,False,False,True,none,True
synthetic/s7/0011,phone,phone,mock-c,,,True,,,synthetic,demo,,False,False,True,none,True
synthetic/s7/0011,phone,phone,mock-d,,,True,,,synthetic,demo,,False,False,True,none,True
synthetic/s7/0011,tax,money,mock-a,2.84,2.84,False,,2.84,synthetic,demo,2.84,True,True,True,none,True
synthetic/s7/0011,tax,money,mock-b,2.84,2.84,False,,2.84,synthetic,demo,2.84,True,True,True,none,True
synthetic/s7/0011,tax,money,mock-c,2.84,2.84,False,,2.84,synthetic,demo,2.84,True,True,True,none,True
synthetic/s7/0011,tax,money,mock-d,2.34,2.34,False,line: 2.34,2.84,synthetic,demo,2.84,True,True,False,wrong_value,False
synthetic/s7/0011,total,money,mock-a,47.84,47.84,False,,50.24,synthetic,demo,50.24,True,True,False,wrong_value,False
synthetic/s7/0011,total,money,mock-b,50.24,50.24,False,,50.24,synthetic,demo,50.24,True,True,True,none,True
synthetic/s7/0011,total,money,mock-c,,,True,,50.24,synthetic,demo,50.24,True,False,False,miss,False
synthetic/s7/0011,total,money,mock-d,50.24,50.24,False,line: 50.24,50.24,synthetic,demo,50.24,True,True,True,none,True
synthetic/s7/0012,address,address,mock-a,"NO 2 & 4, JALAN BAYU 4, BANDAR SERI ALAM, 81750 MASAI, JOHOR",no 2 and 4 jln bayu 4 bdr seri alam 81750 masai johor,False,,"NO 2 & 4, JALAN BAYU 4, BANDAR SERI ALAM, 81750 MASAI, JOHOR",synthetic,demo,no 2 and 4 jln bayu 4 bdr seri alam 81750 masai johor,True,True,True,none,True
synthetic/s7/0012,address,address,mock-b,"NO 2 & 4, JALAN BAYU 4, BANDAR SERI ALAM, 81750 MASAI, JOHOR",no 2 and 4 jln bayu 4 bdr seri alam 81750 masai johor,False,,"NO 2 & 4, JALAN BAYU 4, BANDAR SERI ALAM, 81750 MASAI, JOHOR",synthetic,demo,no 2 and 4 jln bayu 4 bdr seri alam 81750 masai johor,True,True,True,none,True
synthetic/s7/0012,address,address,mock-c,"NO 2 & 4, JALAN BAYU 4, BANDAR SERI ALAM, 81750 MASAI, JOHOR",no 2 and 4 jln bayu 4 bdr seri alam 81750 masai johor,False,,"NO 2 & 4, JALAN BAYU 4, BANDAR SERI ALAM, 81750 MASAI, JOHOR",synthetic,demo,no 2 and 4 jln bayu 4 bdr seri alam 81750 masai johor,True,True,True,none,True
synthetic/s7/0012,address,address,mock-d,"NO 2 & 4, JALAN BAYU 4, BANDAR SERI ALAM, 81750 MASAI",no 2 and 4 jln bayu 4 bdr seri alam 81750 masai,False,"line: NO 2 & 4, JALAN BAYU 4, BANDAR SERI ALAM, 81750 MASAI","NO 2 & 4, JALAN BAYU 4, BANDAR SERI ALAM, 81750 MASAI, JOHOR",synthetic,demo,no 2 and 4 jln bayu 4 bdr seri alam 81750 masai johor,True,True,False,wrong_value,False
synthetic/s7/0012,company,org,mock-a,OJC MARKETING SDN BHD,ojc marketing,False,,OJC MARKETING SDN BHD,synthetic,demo,ojc marketing,True,True,True,none,True
synthetic/s7/0012,company,org,mock-b,OJC MARKETING SDN BHD,ojc marketing,False,,OJC MARKETING SDN BHD,synthetic,demo,ojc marketing,True,True,True,none,True
synthetic/s7/0012,company,org,mock-c,OJC MARKETING SDN BHD,ojc marketing,False,,OJC MARKETING SDN BHD,synthetic,demo,ojc marketing,True,True,True,none,True
synthetic/s7/0012,company,org,mock-d,OJC MARKETING SDN BHD,ojc marketing,False,line: OJC MARKETING SDN BHD,OJC MARKETING SDN BHD,synthetic,demo,ojc marketing,True,True,True,none,True
synthetic/s7/0012,date,date,mock-a,,,True,,07/08/2018,synthetic,demo,2018-08-07,True,False,False,miss,False
synthetic/s7/0012,date,date,mock-b,,,True,,07/08/2018,synthetic,demo,2018-08-07,True,False,False,miss,False
synthetic/s7/0012,date,date,mock-c,08/07/2018,2018-07-08,False,,07/08/2018,synthetic,demo,2018-08-07,True,True,False,wrong_value,False
synthetic/s7/0012,date,date,mock-d,07/08/2018,2018-08-07,False,line: 07/08/2018,07/08/2018,synthetic,demo,2018-08-07,True,True,True,none,True
synthetic/s7/0012,phone,phone,mock-a,77-254 9791,772549791,False,,07-254 9791,synthetic,demo,72549791,True,True,False,wrong_value,False
synthetic/s7/0012,phone,phone,mock-b,77-254 9791,772549791,False,,07-254 9791,synthetic,demo,72549791,True,True,False,wrong_value,False
synthetic/s7/0012,phone,phone,mock-c,77-254 9791,772549791,False,,07-254 9791,synthetic,demo,72549791,True,True,False,wrong_value,False
synthetic/s7/0012,phone,phone,mock-d,77-254 9791,772549791,False,line: 77-254 9791,07-254 9791,synthetic,demo,72549791,True,True,False,wrong_value,False
synthetic/s7/0012,tax,money,mock-a,,,True,,,synthetic,demo,,False,False,True,none,True
synthetic/s7/0012,tax,money,mock-b,,,True,,,synthetic,demo,,False,False,True,none,True
synthetic/s7/0012,tax,money,mock-c,,,True,,,synthetic,demo,,False,False,True,none,True
synthetic/s7/0012,tax,money,mock-d,,,True,,,synthetic,demo,,False,False,True,none,True
synthetic/s7/0012,total,money,mock-a,15.60,15.60,False,,18.00,synthetic,demo,18.00,True,True,False,wrong_value,False
synthetic/s7/0012,total,money,mock-b,15.60,15.60,False,,18.00,synthetic,demo,18.00,True,True,False,wrong_value,False
synthetic/s7/0012,total,money,mock-c,18.00,18.00,False,,18.00,synthetic,demo,18.00,True,True,True,none,True
synthetic/s7/0012,total,money,mock-d,18.00,18.00,False,line: 18.00,18.00,synthetic,demo,18.00,True,True,True,none,True
synthetic/s7/0013,address,address,mock-a,"NO.59 JALAN PERMAS 9/5, BANDAR BARU PERMAS JAYA, 81750 JOHOR BAHRU",no 59 jln permas 9 5 bdr baru permas jaya 81750 johor bahru,False,,"NO.59 JALAN PERMAS 9/5, BANDAR BARU PERMAS JAYA, 81750 JOHOR BAHRU",synthetic,demo,no 59 jln permas 9 5 bdr baru permas jaya 81750 johor bahru,True,True,True,none,True
synthetic/s7/0013,address,address,mock-b,"NO.59 JALAN PERMAS 9/5, BANDAR BARU PERMAS JAYA, 81750 JOHOR BAHRU",no 59 jln permas 9 5 bdr baru permas jaya 81750 johor bahru,False,,"NO.59 JALAN PERMAS 9/5, BANDAR BARU PERMAS JAYA, 81750 JOHOR BAHRU",synthetic,demo,no 59 jln permas 9 5 bdr baru permas jaya 81750 johor bahru,True,True,True,none,True
synthetic/s7/0013,address,address,mock-c,"NO.59 JALAN PERMAS 9/5, BANDAR BARU PERMAS JAYA",no 59 jln permas 9 5 bdr baru permas jaya,False,,"NO.59 JALAN PERMAS 9/5, BANDAR BARU PERMAS JAYA, 81750 JOHOR BAHRU",synthetic,demo,no 59 jln permas 9 5 bdr baru permas jaya 81750 johor bahru,True,True,False,wrong_value,False
synthetic/s7/0013,address,address,mock-d,"NO.59 JALAN PERMAS 9/5, BANDAR BARU PERMAS JAYA",no 59 jln permas 9 5 bdr baru permas jaya,False,"line: NO.59 JALAN PERMAS 9/5, BANDAR BARU PERMAS JAYA","NO.59 JALAN PERMAS 9/5, BANDAR BARU PERMAS JAYA, 81750 JOHOR BAHRU",synthetic,demo,no 59 jln permas 9 5 bdr baru permas jaya 81750 johor bahru,True,True,False,wrong_value,False
synthetic/s7/0013,company,org,mock-a,PERNIAGAAN ZHENG HUI,perniagaan zheng hui,False,,PERNIAGAAN ZHENG HUI,synthetic,demo,perniagaan zheng hui,True,True,True,none,True
synthetic/s7/0013,company,org,mock-b,PERNIAGAAN ZHENG HUI,perniagaan zheng hui,False,,PERNIAGAAN ZHENG HUI,synthetic,demo,perniagaan zheng hui,True,True,True,none,True
synthetic/s7/0013,company,org,mock-c,PERNIAGAAN ZHENG HUI,perniagaan zheng hui,False,,PERNIAGAAN ZHENG HUI,synthetic,demo,perniagaan zheng hui,True,True,True,none,True
synthetic/s7/0013,company,org,mock-d,PERNIAGAAN ZHENG HUI,perniagaan zheng hui,False,line: PERNIAGAAN ZHENG HUI,PERNIAGAAN ZHENG HUI,synthetic,demo,perniagaan zheng hui,True,True,True,none,True
synthetic/s7/0013,date,date,mock-a,01/02/2018,2018-02-01,False,,01/02/2018,synthetic,demo,2018-02-01,True,True,True,none,True
synthetic/s7/0013,date,date,mock-b,01/02/2018,2018-02-01,False,,01/02/2018,synthetic,demo,2018-02-01,True,True,True,none,True
synthetic/s7/0013,date,date,mock-c,01/02/2018,2018-02-01,False,,01/02/2018,synthetic,demo,2018-02-01,True,True,True,none,True
synthetic/s7/0013,date,date,mock-d,02/01/2018,2018-01-02,False,line: 02/01/2018,01/02/2018,synthetic,demo,2018-02-01,True,True,False,wrong_value,False
synthetic/s7/0013,phone,phone,mock-a,83-969 8996,839698996,False,,03-969 8996,synthetic,demo,39698996,True,True,False,wrong_value,False
synthetic/s7/0013,phone,phone,mock-b,03-969 8996,39698996,False,,03-969 8996,synthetic,demo,39698996,True,True,True,none,True
synthetic/s7/0013,phone,phone,mock-c,83-969 8996,839698996,False,,03-969 8996,synthetic,demo,39698996,True,True,False,wrong_value,False
synthetic/s7/0013,phone,phone,mock-d,,,True,,03-969 8996,synthetic,demo,39698996,True,False,False,miss,False
synthetic/s7/0013,tax,money,mock-a,,,True,,,synthetic,demo,,False,False,True,none,True
synthetic/s7/0013,tax,money,mock-b,,,True,,,synthetic,demo,,False,False,True,none,True
synthetic/s7/0013,tax,money,mock-c,,,True,,,synthetic,demo,,False,False,True,none,True
synthetic/s7/0013,tax,money,mock-d,,,True,,,synthetic,demo,,False,False,True,none,True
synthetic/s7/0013,total,money,mock-a,46.10,46.10,False,,46.50,synthetic,demo,46.50,True,True,False,wrong_value,False
synthetic/s7/0013,total,money,mock-b,46.10,46.10,False,,46.50,synthetic,demo,46.50,True,True,False,wrong_value,False
synthetic/s7/0013,total,money,mock-c,46.10,46.10,False,,46.50,synthetic,demo,46.50,True,True,False,wrong_value,False
synthetic/s7/0013,total,money,mock-d,46.10,46.10,False,line: 46.10,46.50,synthetic,demo,46.50,True,True,False,wrong_value,False
synthetic/s7/0014,address,address,mock-a,"LOT 3, JALAN PELABUR 23/1, 40300 SHAH ALAM, SELANGOR",lot 3 jln pelabur 23 1 40300 shah alam selangor,False,,"LOT 3, JALAN PELABUR 23/1, 40300 SHAH ALAM, SELANGOR",synthetic,demo,lot 3 jln pelabur 23 1 40300 shah alam selangor,True,True,True,none,True
synthetic/s7/0014,address,address,mock-b,"LOT 3, JALAN PELABUR 23/1, 40300 SHAH ALAM",lot 3 jln pelabur 23 1 40300 shah alam,False,,"LOT 3, JALAN PELABUR 23/1, 40300 SHAH ALAM, SELANGOR",synthetic,demo,lot 3 jln pelabur 23 1 40300 shah alam selangor,True,True,False,wrong_value,False
synthetic/s7/0014,address,address,mock-c,"LOT 3, JALAN PELABUR 23/1, 40300 SHAH ALAM, SELANGOR",lot 3 jln pelabur 23 1 40300 shah alam selangor,False,,"LOT 3, JALAN PELABUR 23/1, 40300 SHAH ALAM, SELANGOR",synthetic,demo,lot 3 jln pelabur 23 1 40300 shah alam selangor,True,True,True,none,True
synthetic/s7/0014,address,address,mock-d,,,True,,"LOT 3, JALAN PELABUR 23/1, 40300 SHAH ALAM, SELANGOR",synthetic,demo,lot 3 jln pelabur 23 1 40300 shah alam selangor,True,False,False,miss,False
synthetic/s7/0014,company,org,mock-a,GARDENIA BAKERIES (KL) SDN BHD,gardenia bakeries kl,False,,GARDENIA BAKERIES (KL) SDN BHD,synthetic,demo,gardenia bakeries kl,True,True,True,none,True
synthetic/s7/0014,company,org,mock-b,GARDENIA BAKERIES (KL) SDN BHD,gardenia bakeries kl,False,,GARDENIA BAKERIES (KL) SDN BHD,synthetic,demo,gardenia bakeries kl,True,True,True,none,True
synthetic/s7/0014,company,org,mock-c,GARDENIA BAKERIES (KL) SDN BHD,gardenia bakeries kl,False,,GARDENIA BAKERIES (KL) SDN BHD,synthetic,demo,gardenia bakeries kl,True,True,True,none,True
synthetic/s7/0014,company,org,mock-d,GARDENIA BAKERIES (KL) SDN BHD,gardenia bakeries kl,False,line: GARDENIA BAKERIES (KL) SDN BHD,GARDENIA BAKERIES (KL) SDN BHD,synthetic,demo,gardenia bakeries kl,True,True,True,none,True
synthetic/s7/0014,date,date,mock-a,10/02/2018,2018-02-10,False,,10/02/2018,synthetic,demo,2018-02-10,True,True,True,none,True
synthetic/s7/0014,date,date,mock-b,10/02/2018,2018-02-10,False,,10/02/2018,synthetic,demo,2018-02-10,True,True,True,none,True
synthetic/s7/0014,date,date,mock-c,10/02/2018,2018-02-10,False,,10/02/2018,synthetic,demo,2018-02-10,True,True,True,none,True
synthetic/s7/0014,date,date,mock-d,10/02/2018,2018-02-10,False,line: 10/02/2018,10/02/2018,synthetic,demo,2018-02-10,True,True,True,none,True
synthetic/s7/0014,phone,phone,mock-a,08-265 9459,82659459,False,,08-265 9459,synthetic,demo,82659459,True,True,True,none,True
synthetic/s7/0014,phone,phone,mock-b,08-265 9459,82659459,False,,08-265 9459,synthetic,demo,82659459,True,True,True,none,True
synthetic/s7/0014,phone,phone,mock-c,08-265 9459,82659459,False,,08-265 9459,synthetic,demo,82659459,True,True,True,none,True
synthetic/s7/0014,phone,phone,mock-d,68-265 9459,682659459,False,line: 68-265 9459,08-265 9459,synthetic,demo,82659459,True,True,False,wrong_value,False
synthetic/s7/0014,tax,money,mock-a,,,True,,,synthetic,demo,,False,False,True,none,True
synthetic/s7/0014,tax,money,mock-b,,,True,,,synthetic,demo,,False,False,True,none,True
synthetic/s7/0014,tax,money,mock-c,,,True,,,synthetic,demo,,False,False,True,none,True
synthetic/s7/0014,tax,money,mock-d,,,True,,,synthetic,demo,,False,False,True,none,True
synthetic/s7/0014,total,money,mock-a,16.80,16.80,False,,18.00,synthetic,demo,18.00,True,True,False,wrong_value,False
synthetic/s7/0014,total,money,mock-b,18.00,18.00,False,,18.00,synthetic,demo,18.00,True,True,True,none,True
synthetic/s7/0014,total,money,mock-c,15.60,15.60,False,,18.00,synthetic,demo,18.00,True,True,False,wrong_value,False
synthetic/s7/0014,total,money,mock-d,18.00,18.00,False,line: 18.00,18.00,synthetic,demo,18.00,True,True,True,none,True
synthetic/s7/0015,address,address,mock-a,"NO. 31G&33G, JALAN SETIA INDAH X, U13/X, 40170 SETIA ALAM",no 31g and 33g jln setia indah x u13 x 40170 setia alam,False,,"NO. 31G&33G, JALAN SETIA INDAH X, U13/X, 40170 SETIA ALAM",synthetic,demo,no 31g and 33g jln setia indah x u13 x 40170 setia alam,True,True,True,none,True
synthetic/s7/0015,address,address,mock-b,"NO. 31G&33G, JALAN SETIA INDAH X, U13/X",no 31g and 33g jln setia indah x u13 x,False,,"NO. 31G&33G, JALAN SETIA INDAH X, U13/X, 40170 SETIA ALAM",synthetic,demo,no 31g and 33g jln setia indah x u13 x 40170 setia alam,True,True,False,wrong_value,False
synthetic/s7/0015,address,address,mock-c,"NO. 31G&33G, JALAN SETIA INDAH X, U13/X, 40170 SETIA ALAM",no 31g and 33g jln setia indah x u13 x 40170 setia alam,False,,"NO. 31G&33G, JALAN SETIA INDAH X, U13/X, 40170 SETIA ALAM",synthetic,demo,no 31g and 33g jln setia indah x u13 x 40170 setia alam,True,True,True,none,True
synthetic/s7/0015,address,address,mock-d,"NO. 31G&33G, JALAN SETIA INDAH X, U13/X, 40170 SETIA ALAM",no 31g and 33g jln setia indah x u13 x 40170 setia alam,False,"line: NO. 31G&33G, JALAN SETIA INDAH X, U13/X, 40170 SETIA ALAM","NO. 31G&33G, JALAN SETIA INDAH X, U13/X, 40170 SETIA ALAM",synthetic,demo,no 31g and 33g jln setia indah x u13 x 40170 setia alam,True,True,True,none,True
synthetic/s7/0015,company,org,mock-a,SANYU STATIONERY SHOP,sanyu stationery shop,False,,SANYU STATIONERY SHOP,synthetic,demo,sanyu stationery shop,True,True,True,none,True
synthetic/s7/0015,company,org,mock-b,SANYU STATIONERY SHOP,sanyu stationery shop,False,,SANYU STATIONERY SHOP,synthetic,demo,sanyu stationery shop,True,True,True,none,True
synthetic/s7/0015,company,org,mock-c,STATIONERY SHOP,stationery shop,False,,SANYU STATIONERY SHOP,synthetic,demo,sanyu stationery shop,True,True,False,wrong_value,False
synthetic/s7/0015,company,org,mock-d,SANYU STATIONERY SHOP,sanyu stationery shop,False,line: SANYU STATIONERY SHOP,SANYU STATIONERY SHOP,synthetic,demo,sanyu stationery shop,True,True,True,none,True
synthetic/s7/0015,date,date,mock-a,12/03/2018,2018-03-12,False,,12/03/2018,synthetic,demo,2018-03-12,True,True,True,none,True
synthetic/s7/0015,date,date,mock-b,,,True,,12/03/2018,synthetic,demo,2018-03-12,True,False,False,miss,False
synthetic/s7/0015,date,date,mock-c,12/03/2018,2018-03-12,False,,12/03/2018,synthetic,demo,2018-03-12,True,True,True,none,True
synthetic/s7/0015,date,date,mock-d,,,True,,12/03/2018,synthetic,demo,2018-03-12,True,False,False,miss,False
synthetic/s7/0015,phone,phone,mock-a,,,True,,,synthetic,demo,,False,False,True,none,True
synthetic/s7/0015,phone,phone,mock-b,,,True,,,synthetic,demo,,False,False,True,none,True
synthetic/s7/0015,phone,phone,mock-c,,,True,,,synthetic,demo,,False,False,True,none,True
synthetic/s7/0015,phone,phone,mock-d,,,True,,,synthetic,demo,,False,False,True,none,True
synthetic/s7/0015,tax,money,mock-a,1.99,1.99,False,,1.99,synthetic,demo,1.99,True,True,True,none,True
synthetic/s7/0015,tax,money,mock-b,1.99,1.99,False,,1.99,synthetic,demo,1.99,True,True,True,none,True
synthetic/s7/0015,tax,money,mock-c,1.99,1.99,False,,1.99,synthetic,demo,1.99,True,True,True,none,True
synthetic/s7/0015,tax,money,mock-d,1.99,1.99,False,line: 1.99,1.99,synthetic,demo,1.99,True,True,True,none,True
synthetic/s7/0015,total,money,mock-a,,,True,,35.19,synthetic,demo,35.19,True,False,False,miss,False
synthetic/s7/0015,total,money,mock-b,35.19,35.19,False,,35.19,synthetic,demo,35.19,True,True,True,none,True
synthetic/s7/0015,total,money,mock-c,35.19,35.19,False,,35.19,synthetic,demo,35.19,True,True,True,none,True
synthetic/s7/0015,total,money,mock-d,35.19,35.19,False,line: 35.19,35.19,synthetic,demo,35.19,True,True,True,none,True
synthetic/s7/0016,address,address,mock-a,"LOT P.T. 2811, JALAN ANGSANA, TAMAN MUTIARA RINI, 81300 SKUDAI",lot p t 2811 jln angsana tmn mutiara rini 81300 skudai,False,,"LOT P.T. 2811, JALAN ANGSANA, TAMAN MUTIARA RINI, 81300 SKUDAI",synthetic,demo,lot p t 2811 jln angsana tmn mutiara rini 81300 skudai,True,True,True,none,True
synthetic/s7/0016,address,address,mock-b,"LOT P.T. 2811, JALAN ANGSANA, TAMAN MUTIARA RINI, 81300 SKUDAI",lot p t 2811 jln angsana tmn mutiara rini 81300 skudai,False,,"LOT P.T. 2811, JALAN ANGSANA, TAMAN MUTIARA RINI, 81300 SKUDAI",synthetic,demo,lot p t 2811 jln angsana tmn mutiara rini 81300 skudai,True,True,True,none,True
synthetic/s7/0016,address,address,mock-c,"LOT P.T. 2811, JALAN ANGSANA, TAMAN MUTIARA RINI, 81300 SKUDAI",lot p t 2811 jln angsana tmn mutiara rini 81300 skudai,False,,"LOT P.T. 2811, JALAN ANGSANA, TAMAN MUTIARA RINI, 81300 SKUDAI",synthetic,demo,lot p t 2811 jln angsana tmn mutiara rini 81300 skudai,True,True,True,none,True
synthetic/s7/0016,address,address,mock-d,"LOT P.T. 2811, JALAN ANGSANA, TAMAN MUTIARA RINI, 81300 SKUDAI",lot p t 2811 jln angsana tmn mutiara rini 81300 skudai,False,"line: LOT P.T. 2811, JALAN ANGSANA, TAMAN MUTIARA RINI, 81300 SKUDAI","LOT P.T. 2811, JALAN ANGSANA, TAMAN MUTIARA RINI, 81300 SKUDAI",synthetic,demo,lot p t 2811 jln angsana tmn mutiara rini 81300 skudai,True,True,True,none,True
synthetic/s7/0016,company,org,mock-a,99 SPEED MART S/B,99 speed mart s b,False,,99 SPEED MART S/B,synthetic,demo,99 speed mart s b,True,True,True,none,True
synthetic/s7/0016,company,org,mock-b,99 SPEED MART S/B,99 speed mart s b,False,,99 SPEED MART S/B,synthetic,demo,99 speed mart s b,True,True,True,none,True
synthetic/s7/0016,company,org,mock-c,99 SPEED MART S/B,99 speed mart s b,False,,99 SPEED MART S/B,synthetic,demo,99 speed mart s b,True,True,True,none,True
synthetic/s7/0016,company,org,mock-d,99 SPEED MART S/B,99 speed mart s b,False,line: 99 SPEED MART S/B,99 SPEED MART S/B,synthetic,demo,99 speed mart s b,True,True,True,none,True
synthetic/s7/0016,date,date,mock-a,18/09/2019,2019-09-18,False,,18/09/2019,synthetic,demo,2019-09-18,True,True,True,none,True
synthetic/s7/0016,date,date,mock-b,18/09/2019,2019-09-18,False,,18/09/2019,synthetic,demo,2019-09-18,True,True,True,none,True
synthetic/s7/0016,date,date,mock-c,18/09/2019,2019-09-18,False,,18/09/2019,synthetic,demo,2019-09-18,True,True,True,none,True
synthetic/s7/0016,date,date,mock-d,18/09/2019,2019-09-18,False,line: 18/09/2019,18/09/2019,synthetic,demo,2019-09-18,True,True,True,none,True
synthetic/s7/0016,phone,phone,mock-a,09-332 4275,93324275,False,,09-332 4275,synthetic,demo,93324275,True,True,True,none,True
synthetic/s7/0016,phone,phone,mock-b,,,True,,09-332 4275,synthetic,demo,93324275,True,False,False,miss,False
synthetic/s7/0016,phone,phone,mock-c,09-332 4275,93324275,False,,09-332 4275,synthetic,demo,93324275,True,True,True,none,True
synthetic/s7/0016,phone,phone,mock-d,09-332 4275,93324275,False,line: 09-332 4275,09-332 4275,synthetic,demo,93324275,True,True,True,none,True
synthetic/s7/0016,tax,money,mock-a,1.48,1.48,False,,1.48,synthetic,demo,1.48,True,True,True,none,True
synthetic/s7/0016,tax,money,mock-b,1.48,1.48,False,,1.48,synthetic,demo,1.48,True,True,True,none,True
synthetic/s7/0016,tax,money,mock-c,1.48,1.48,False,,1.48,synthetic,demo,1.48,True,True,True,none,True
synthetic/s7/0016,tax,money,mock-d,1.48,1.48,False,line: 1.48,1.48,synthetic,demo,1.48,True,True,True,none,True
synthetic/s7/0016,total,money,mock-a,26.08,26.08,False,,26.08,synthetic,demo,26.08,True,True,True,none,True
synthetic/s7/0016,total,money,mock-b,26.08,26.08,False,,26.08,synthetic,demo,26.08,True,True,True,none,True
synthetic/s7/0016,total,money,mock-c,,,True,,26.08,synthetic,demo,26.08,True,False,False,miss,False
synthetic/s7/0016,total,money,mock-d,26.08,26.08,False,line: 26.08,26.08,synthetic,demo,26.08,True,True,True,none,True
synthetic/s7/0017,address,address,mock-a,"LOT 276 JALAN BANTING, 43800 DENGKIL, SELANGOR",lot 276 jln banting 43800 dengkil selangor,False,,"LOT 276 JALAN BANTING, 43800 DENGKIL, SELANGOR",synthetic,demo,lot 276 jln banting 43800 dengkil selangor,True,True,True,none,True
synthetic/s7/0017,address,address,mock-b,"LOT 276 JALAN BANTING, 43800 DENGKIL, SELANGOR",lot 276 jln banting 43800 dengkil selangor,False,,"LOT 276 JALAN BANTING, 43800 DENGKIL, SELANGOR",synthetic,demo,lot 276 jln banting 43800 dengkil selangor,True,True,True,none,True
synthetic/s7/0017,address,address,mock-c,"LOT 276 JALAN BANTING, 43800 DENGKIL, SELANGOR",lot 276 jln banting 43800 dengkil selangor,False,,"LOT 276 JALAN BANTING, 43800 DENGKIL, SELANGOR",synthetic,demo,lot 276 jln banting 43800 dengkil selangor,True,True,True,none,True
synthetic/s7/0017,address,address,mock-d,"LOT 276 JALAN BANTING, 43800 DENGKIL, SELANGOR",lot 276 jln banting 43800 dengkil selangor,False,"line: LOT 276 JALAN BANTING, 43800 DENGKIL, SELANGOR","LOT 276 JALAN BANTING, 43800 DENGKIL, SELANGOR",synthetic,demo,lot 276 jln banting 43800 dengkil selangor,True,True,True,none,True
synthetic/s7/0017,company,org,mock-a,KEDAI PAPAN YEW CHUAN,kedai papan yew chuan,False,,KEDAI PAPAN YEW CHUAN,synthetic,demo,kedai papan yew chuan,True,True,True,none,True
synthetic/s7/0017,company,org,mock-b,KEDAI PAPAN YEW CHUAN,kedai papan yew chuan,False,,KEDAI PAPAN YEW CHUAN,synthetic,demo,kedai papan yew chuan,True,True,True,none,True
synthetic/s7/0017,company,org,mock-c,KEDAI PAPAN YEW CHUAN,kedai papan yew chuan,False,,KEDAI PAPAN YEW CHUAN,synthetic,demo,kedai papan yew chuan,True,True,True,none,True
synthetic/s7/0017,company,org,mock-d,KEDAI PAPAN YEW CHUAN,kedai papan yew chuan,False,line: KEDAI PAPAN YEW CHUAN,KEDAI PAPAN YEW CHUAN,synthetic,demo,kedai papan yew chuan,True,True,True,none,True
synthetic/s7/0017,date,date,mock-a,24/01/2018,2018-01-24,False,,24/01/2018,synthetic,demo,2018-01-24,True,True,True,none,True
synthetic/s7/0017,date,date,mock-b,01/24/2018,2018-01-24,False,,24/01/2018,synthetic,demo,2018-01-24,True,True,True,none,True
synthetic/s7/0017,date,date,mock-c,24/01/2018,2018-01-24,False,,24/01/2018,synthetic,demo,2018-01-24,True,True,True,none,True
synthetic/s7/0017,date,date,mock-d,24/01/2018,2018-01-24,False,line: 24/01/2018,24/01/2018,synthetic,demo,2018-01-24,True,True,True,none,True
synthetic/s7/0017,phone,phone,mock-a,,,True,,,synthetic,demo,,False,False,True,none,True
synthetic/s7/0017,phone,phone,mock-b,,,True,,,synthetic,demo,,False,False,True,none,True
synthetic/s7/0017,phone,phone,mock-c,,,True,,,synthetic,demo,,False,False,True,none,True
synthetic/s7/0017,phone,phone,mock-d,,,True,,,synthetic,demo,,False,False,True,none,True
synthetic/s7/0017,tax,money,mock-a,,,True,,,synthetic,demo,,False,False,True,none,True
synthetic/s7/0017,tax,money,mock-b,,,True,,,synthetic,demo,,False,False,True,none,True
synthetic/s7/0017,tax,money,mock-c,,,True,,,synthetic,demo,,False,False,True,none,True
synthetic/s7/0017,tax,money,mock-d,,,True,,,synthetic,demo,,False,False,True,none,True
synthetic/s7/0017,total,money,mock-a,19.40,19.40,False,,20.00,synthetic,demo,20.00,True,True,False,wrong_value,False
synthetic/s7/0017,total,money,mock-b,20.00,20.00,False,,20.00,synthetic,demo,20.00,True,True,True,none,True
synthetic/s7/0017,total,money,mock-c,20.00,20.00,False,,20.00,synthetic,demo,20.00,True,True,True,none,True
synthetic/s7/0017,total,money,mock-d,20.00,20.00,False,line: 20.00,20.00,synthetic,demo,20.00,True,True,True,none,True
synthetic/s7/0018,address,address,mock-a,"NO 2 & 4, JALAN BAYU 4, BANDAR SERI ALAM, 81750 MASAI",no 2 and 4 jln bayu 4 bdr seri alam 81750 masai,False,,"NO 2 & 4, JALAN BAYU 4, BANDAR SERI ALAM, 81750 MASAI, JOHOR",synthetic,demo,no 2 and 4 jln bayu 4 bdr seri alam 81750 masai johor,True,True,False,wrong_value,False
synthetic/s7/0018,address,address,mock-b,"NO 2 & 4, JALAN BAYU 4, BANDAR SERI ALAM, 81750 MASAI, JOHOR",no 2 and 4 jln bayu 4 bdr seri alam 81750 masai johor,False,,"NO 2 & 4, JALAN BAYU 4, BANDAR SERI ALAM, 81750 MASAI, JOHOR",synthetic,demo,no 2 and 4 jln bayu 4 bdr seri alam 81750 masai johor,True,True,True,none,True
synthetic/s7/0018,address,address,mock-c,"NO 2 & 4, JALAN BAYU 4, BANDAR SERI ALAM, 81750 MASAI, JOHOR",no 2 and 4 jln bayu 4 bdr seri alam 81750 masai johor,False,,"NO 2 & 4, JALAN BAYU 4, BANDAR SERI ALAM, 81750 MASAI, JOHOR",synthetic,demo,no 2 and 4 jln bayu 4 bdr seri alam 81750 masai johor,True,True,True,none,True
synthetic/s7/0018,address,address,mock-d,,,True,,"NO 2 & 4, JALAN BAYU 4, BANDAR SERI ALAM, 81750 MASAI, JOHOR",synthetic,demo,no 2 and 4 jln bayu 4 bdr seri alam 81750 masai johor,True,False,False,miss,False
synthetic/s7/0018,company,org,mock-a,OJC MARKETING SDN BHD,ojc marketing,False,,OJC MARKETING SDN BHD,synthetic,demo,ojc marketing,True,True,True,none,True
synthetic/s7/0018,company,org,mock-b,OJC MARKETING SDN BHD,ojc marketing,False,,OJC MARKETING SDN BHD,synthetic,demo,ojc marketing,True,True,True,none,True
synthetic/s7/0018,company,org,mock-c,OJC MARKETING SDN BHD,ojc marketing,False,,OJC MARKETING SDN BHD,synthetic,demo,ojc marketing,True,True,True,none,True
synthetic/s7/0018,company,org,mock-d,,,True,,OJC MARKETING SDN BHD,synthetic,demo,ojc marketing,True,False,False,miss,False
synthetic/s7/0018,date,date,mock-a,12/02/2018,2018-02-12,False,,12/02/2018,synthetic,demo,2018-02-12,True,True,True,none,True
synthetic/s7/0018,date,date,mock-b,12/02/2018,2018-02-12,False,,12/02/2018,synthetic,demo,2018-02-12,True,True,True,none,True
synthetic/s7/0018,date,date,mock-c,12/02/2018,2018-02-12,False,,12/02/2018,synthetic,demo,2018-02-12,True,True,True,none,True
synthetic/s7/0018,date,date,mock-d,,,True,,12/02/2018,synthetic,demo,2018-02-12,True,False,False,miss,False
synthetic/s7/0018,phone,phone,mock-a,06-739 1031,67391031,False,,06-739 1031,synthetic,demo,67391031,True,True,True,none,True
synthetic/s7/0018,phone,phone,mock-b,06-739 1031,67391031,False,,06-739 1031,synthetic,demo,67391031,True,True,True,none,True
synthetic/s7/0018,phone,phone,mock-c,06-739 1031,67391031,False,,06-739 1031,synthetic,demo,67391031,True,True,True,none,True
synthetic/s7/0018,phone,phone,mock-d,06-739 1031,67391031,False,line: 06-739 1031,06-739 1031,synthetic,demo,67391031,True,True,True,none,True
synthetic/s7/0018,tax,money,mock-a,0.39,0.39,False,,0.19,synthetic,demo,0.19,True,True,False,wrong_value,False
synthetic/s7/0018,tax,money,mock-b,0.39,0.39,False,,0.19,synthetic,demo,0.19,True,True,False,wrong_value,False
synthetic/s7/0018,tax,money,mock-c,0.39,0.39,False,,0.19,synthetic,demo,0.19,True,True,False,wrong_value,False
synthetic/s7/0018,tax,money,mock-d,0.39,0.39,False,line: 0.39,0.19,synthetic,demo,0.19,True,True,False,wrong_value,False
synthetic/s7/0018,total,money,mock-a,3.39,3.39,False,,3.39,synthetic,demo,3.39,True,True,True,none,True
synthetic/s7/0018,total,money,mock-b,6.39,6.39,False,,3.39,synthetic,demo,3.39,True,True,False,wrong_value,False
synthetic/s7/0018,total,money,mock-c,3.39,3.39,False,,3.39,synthetic,demo,3.39,True,True,True,none,True
synthetic/s7/0018,total,money,mock-d,3.39,3.39,False,line: 3.39,3.39,synthetic,demo,3.39,True,True,True,none,True
synthetic/s7/0019,address,address,mock-a,"NO.59 JALAN PERMAS 9/5, BANDAR BARU PERMAS JAYA, 81750 JOHOR BAHRU",no 59 jln permas 9 5 bdr baru permas jaya 81750 johor bahru,False,,"NO.59 JALAN PERMAS 9/5, BANDAR BARU PERMAS JAYA, 81750 JOHOR BAHRU",synthetic,demo,no 59 jln permas 9 5 bdr baru permas jaya 81750 johor bahru,True,True,True,none,True
synthetic/s7/0019,address,address,mock-b,"NO.59 JALAN PERMAS 9/5, BANDAR BARU PERMAS JAYA, 81750 JOHOR BAHRU",no 59 jln permas 9 5 bdr baru permas jaya 81750 johor bahru,False,,"NO.59 JALAN PERMAS 9/5, BANDAR BARU PERMAS JAYA, 81750 JOHOR BAHRU",synthetic,demo,no 59 jln permas 9 5 bdr baru permas jaya 81750 johor bahru,True,True,True,none,True
synthetic/s7/0019,address,address,mock-c,,,True,,"NO.59 JALAN PERMAS 9/5, BANDAR BARU PERMAS JAYA, 81750 JOHOR BAHRU",synthetic,demo,no 59 jln permas 9 5 bdr baru permas jaya 81750 johor bahru,True,False,False,miss,False
synthetic/s7/0019,address,address,mock-d,"NO.59 JALAN PERMAS 9/5, BANDAR BARU PERMAS JAYA, 81750 JOHOR BAHRU",no 59 jln permas 9 5 bdr baru permas jaya 81750 johor bahru,False,"line: NO.59 JALAN PERMAS 9/5, BANDAR BARU PERMAS JAYA, 81750 JOHOR BAHRU","NO.59 JALAN PERMAS 9/5, BANDAR BARU PERMAS JAYA, 81750 JOHOR BAHRU",synthetic,demo,no 59 jln permas 9 5 bdr baru permas jaya 81750 johor bahru,True,True,True,none,True
synthetic/s7/0019,company,org,mock-a,PERNIAGAAN ZHENG HUI,perniagaan zheng hui,False,,PERNIAGAAN ZHENG HUI,synthetic,demo,perniagaan zheng hui,True,True,True,none,True
synthetic/s7/0019,company,org,mock-b,PERNIAGAAN ZHENG HUI,perniagaan zheng hui,False,,PERNIAGAAN ZHENG HUI,synthetic,demo,perniagaan zheng hui,True,True,True,none,True
synthetic/s7/0019,company,org,mock-c,PERNIAGAAN ZHENG HUI,perniagaan zheng hui,False,,PERNIAGAAN ZHENG HUI,synthetic,demo,perniagaan zheng hui,True,True,True,none,True
synthetic/s7/0019,company,org,mock-d,PERNIAGAAN ZHENG HUI,perniagaan zheng hui,False,line: PERNIAGAAN ZHENG HUI,PERNIAGAAN ZHENG HUI,synthetic,demo,perniagaan zheng hui,True,True,True,none,True
synthetic/s7/0019,date,date,mock-a,26/11/2018,2018-11-26,False,,26/11/2018,synthetic,demo,2018-11-26,True,True,True,none,True
synthetic/s7/0019,date,date,mock-b,26/11/2018,2018-11-26,False,,26/11/2018,synthetic,demo,2018-11-26,True,True,True,none,True
synthetic/s7/0019,date,date,mock-c,26/11/2018,2018-11-26,False,,26/11/2018,synthetic,demo,2018-11-26,True,True,True,none,True
synthetic/s7/0019,date,date,mock-d,11/26/2018,2018-11-26,False,line: 11/26/2018,26/11/2018,synthetic,demo,2018-11-26,True,True,True,none,True
synthetic/s7/0019,phone,phone,mock-a,,,True,,,synthetic,demo,,False,False,True,none,True
synthetic/s7/0019,phone,phone,mock-b,,,True,,,synthetic,demo,,False,False,True,none,True
synthetic/s7/0019,phone,phone,mock-c,,,True,,,synthetic,demo,,False,False,True,none,True
synthetic/s7/0019,phone,phone,mock-d,,,True,,,synthetic,demo,,False,False,True,none,True
synthetic/s7/0019,tax,money,mock-a,,,True,,,synthetic,demo,,False,False,True,none,True
synthetic/s7/0019,tax,money,mock-b,,,True,,,synthetic,demo,,False,False,True,none,True
synthetic/s7/0019,tax,money,mock-c,,,True,,,synthetic,demo,,False,False,True,none,True
synthetic/s7/0019,tax,money,mock-d,,,True,,,synthetic,demo,,False,False,True,none,True
synthetic/s7/0019,total,money,mock-a,21.40,21.40,False,,21.40,synthetic,demo,21.40,True,True,True,none,True
synthetic/s7/0019,total,money,mock-b,,,True,,21.40,synthetic,demo,21.40,True,False,False,miss,False
synthetic/s7/0019,total,money,mock-c,21.40,21.40,False,,21.40,synthetic,demo,21.40,True,True,True,none,True
synthetic/s7/0019,total,money,mock-d,21.40,21.40,False,line: 21.40,21.40,synthetic,demo,21.40,True,True,True,none,True
synthetic/s7/0020,address,address,mock-a,"LOT 3, JALAN PELABUR 23/1, 40300 SHAH ALAM, SELANGOR",lot 3 jln pelabur 23 1 40300 shah alam selangor,False,,"LOT 3, JALAN PELABUR 23/1, 40300 SHAH ALAM, SELANGOR",synthetic,demo,lot 3 jln pelabur 23 1 40300 shah alam selangor,True,True,True,none,True
synthetic/s7/0020,address,address,mock-b,"LOT 3, JALAN PELABUR 23/1, 40300 SHAH ALAM, SELANGOR",lot 3 jln pelabur 23 1 40300 shah alam selangor,False,,"LOT 3, JALAN PELABUR 23/1, 40300 SHAH ALAM, SELANGOR",synthetic,demo,lot 3 jln pelabur 23 1 40300 shah alam selangor,True,True,True,none,True
synthetic/s7/0020,address,address,mock-c,"LOT 3, JALAN PELABUR 23/1, 40300 SHAH ALAM, SELANGOR",lot 3 jln pelabur 23 1 40300 shah alam selangor,False,,"LOT 3, JALAN PELABUR 23/1, 40300 SHAH ALAM, SELANGOR",synthetic,demo,lot 3 jln pelabur 23 1 40300 shah alam selangor,True,True,True,none,True
synthetic/s7/0020,address,address,mock-d,"LOT 3, JALAN PELABUR 23/1, 40300 SHAH ALAM, SELANGOR",lot 3 jln pelabur 23 1 40300 shah alam selangor,False,"line: LOT 3, JALAN PELABUR 23/1, 40300 SHAH ALAM, SELANGOR","LOT 3, JALAN PELABUR 23/1, 40300 SHAH ALAM, SELANGOR",synthetic,demo,lot 3 jln pelabur 23 1 40300 shah alam selangor,True,True,True,none,True
synthetic/s7/0020,company,org,mock-a,GARDENIA BAKERIES (KL) SDN BHD,gardenia bakeries kl,False,,GARDENIA BAKERIES (KL) SDN BHD,synthetic,demo,gardenia bakeries kl,True,True,True,none,True
synthetic/s7/0020,company,org,mock-b,GARDENIA BAKERIES (KL) SDN BHD,gardenia bakeries kl,False,,GARDENIA BAKERIES (KL) SDN BHD,synthetic,demo,gardenia bakeries kl,True,True,True,none,True
synthetic/s7/0020,company,org,mock-c,GARDENIA BAKERIES (KL) SDN BHD,gardenia bakeries kl,False,,GARDENIA BAKERIES (KL) SDN BHD,synthetic,demo,gardenia bakeries kl,True,True,True,none,True
synthetic/s7/0020,company,org,mock-d,GARDENIA BAKERIES (KL) SDN BHD,gardenia bakeries kl,False,line: GARDENIA BAKERIES (KL) SDN BHD,GARDENIA BAKERIES (KL) SDN BHD,synthetic,demo,gardenia bakeries kl,True,True,True,none,True
synthetic/s7/0020,date,date,mock-a,11/26/2019,2019-11-26,False,,26/11/2019,synthetic,demo,2019-11-26,True,True,True,none,True
synthetic/s7/0020,date,date,mock-b,11/26/2019,2019-11-26,False,,26/11/2019,synthetic,demo,2019-11-26,True,True,True,none,True
synthetic/s7/0020,date,date,mock-c,26/11/2019,2019-11-26,False,,26/11/2019,synthetic,demo,2019-11-26,True,True,True,none,True
synthetic/s7/0020,date,date,mock-d,26/11/2019,2019-11-26,False,line: 26/11/2019,26/11/2019,synthetic,demo,2019-11-26,True,True,True,none,True
synthetic/s7/0020,phone,phone,mock-a,,,True,,,synthetic,demo,,False,False,True,none,True
synthetic/s7/0020,phone,phone,mock-b,,,True,,,synthetic,demo,,False,False,True,none,True
synthetic/s7/0020,phone,phone,mock-c,,,True,,,synthetic,demo,,False,False,True,none,True
synthetic/s7/0020,phone,phone,mock-d,,,True,,,synthetic,demo,,False,False,True,none,True
synthetic/s7/0020,tax,money,mock-a,1.18,1.18,False,,1.28,synthetic,demo,1.28,True,True,False,wrong_value,False
synthetic/s7/0020,tax,money,mock-b,1.18,1.18,False,,1.28,synthetic,demo,1.28,True,True,False,wrong_value,False
synthetic/s7/0020,tax,money,mock-c,1.18,1.18,False,,1.28,synthetic,demo,1.28,True,True,False,wrong_value,False
synthetic/s7/0020,tax,money,mock-d,1.18,1.18,False,line: 1.18,1.28,synthetic,demo,1.28,True,True,False,wrong_value,False
synthetic/s7/0020,total,money,mock-a,22.68,22.68,False,,22.68,synthetic,demo,22.68,True,True,True,none,True
synthetic/s7/0020,total,money,mock-b,22.68,22.68,False,,22.68,synthetic,demo,22.68,True,True,True,none,True
synthetic/s7/0020,total,money,mock-c,12.68,12.68,False,,22.68,synthetic,demo,22.68,True,True,False,wrong_value,False
synthetic/s7/0020,total,money,mock-d,22.68,22.68,False,line: 22.68,22.68,synthetic,demo,22.68,True,True,True,none,True
synthetic/s7/0021,address,address,mock-a,"NO. 31G&33G, JALAN SETIA INDAH X, U13/X, 40170 SETIA ALAM",no 31g and 33g jln setia indah x u13 x 40170 setia alam,False,,"NO. 31G&33G, JALAN SETIA INDAH X, U13/X, 40170 SETIA ALAM",synthetic,demo,no 31g and 33g jln setia indah x u13 x 40170 setia alam,True,True,True,none,True
synthetic/s7/0021,address,address,mock-b,"NO. 31G&33G, JALAN SETIA INDAH X, U13/X, 40170 SETIA ALAM",no 31g and 33g jln setia indah x u13 x 40170 setia alam,False,,"NO. 31G&33G, JALAN SETIA INDAH X, U13/X, 40170 SETIA ALAM",synthetic,demo,no 31g and 33g jln setia indah x u13 x 40170 setia alam,True,True,True,none,True
synthetic/s7/0021,address,address,mock-c,"NO. 31G&33G, JALAN SETIA INDAH X, U13/X, 40170 SETIA ALAM",no 31g and 33g jln setia indah x u13 x 40170 setia alam,False,,"NO. 31G&33G, JALAN SETIA INDAH X, U13/X, 40170 SETIA ALAM",synthetic,demo,no 31g and 33g jln setia indah x u13 x 40170 setia alam,True,True,True,none,True
synthetic/s7/0021,address,address,mock-d,"NO. 31G&33G, JALAN SETIA INDAH X, U13/X, 40170 SETIA ALAM",no 31g and 33g jln setia indah x u13 x 40170 setia alam,False,"line: NO. 31G&33G, JALAN SETIA INDAH X, U13/X, 40170 SETIA ALAM","NO. 31G&33G, JALAN SETIA INDAH X, U13/X, 40170 SETIA ALAM",synthetic,demo,no 31g and 33g jln setia indah x u13 x 40170 setia alam,True,True,True,none,True
synthetic/s7/0021,company,org,mock-a,SANYU STATIONERY SHOP,sanyu stationery shop,False,,SANYU STATIONERY SHOP,synthetic,demo,sanyu stationery shop,True,True,True,none,True
synthetic/s7/0021,company,org,mock-b,SANYU STATIONERY SHOP,sanyu stationery shop,False,,SANYU STATIONERY SHOP,synthetic,demo,sanyu stationery shop,True,True,True,none,True
synthetic/s7/0021,company,org,mock-c,STATIONERY SHOP,stationery shop,False,,SANYU STATIONERY SHOP,synthetic,demo,sanyu stationery shop,True,True,False,wrong_value,False
synthetic/s7/0021,company,org,mock-d,SANYU STATIONERY SHOP,sanyu stationery shop,False,line: SANYU STATIONERY SHOP,SANYU STATIONERY SHOP,synthetic,demo,sanyu stationery shop,True,True,True,none,True
synthetic/s7/0021,date,date,mock-a,06/03/2018,2018-03-06,False,,06/03/2018,synthetic,demo,2018-03-06,True,True,True,none,True
synthetic/s7/0021,date,date,mock-b,06/03/2018,2018-03-06,False,,06/03/2018,synthetic,demo,2018-03-06,True,True,True,none,True
synthetic/s7/0021,date,date,mock-c,06/03/2018,2018-03-06,False,,06/03/2018,synthetic,demo,2018-03-06,True,True,True,none,True
synthetic/s7/0021,date,date,mock-d,06/03/2018,2018-03-06,False,line: 06/03/2018,06/03/2018,synthetic,demo,2018-03-06,True,True,True,none,True
synthetic/s7/0021,phone,phone,mock-a,,,True,,,synthetic,demo,,False,False,True,none,True
synthetic/s7/0021,phone,phone,mock-b,,,True,,,synthetic,demo,,False,False,True,none,True
synthetic/s7/0021,phone,phone,mock-c,,,True,,,synthetic,demo,,False,False,True,none,True
synthetic/s7/0021,phone,phone,mock-d,,,True,,,synthetic,demo,,False,False,True,none,True
synthetic/s7/0021,tax,money,mock-a,,,True,,,synthetic,demo,,False,False,True,none,True
synthetic/s7/0021,tax,money,mock-b,,,True,,,synthetic,demo,,False,False,True,none,True
synthetic/s7/0021,tax,money,mock-c,,,True,,,synthetic,demo,,False,False,True,none,True
synthetic/s7/0021,tax,money,mock-d,5.30,5.30,False,line: 5.30,,synthetic,demo,,False,True,False,hallucination,False
synthetic/s7/0021,total,money,mock-a,26.20,26.20,False,,26.20,synthetic,demo,26.20,True,True,True,none,True
synthetic/s7/0021,total,money,mock-b,23.80,23.80,False,,26.20,synthetic,demo,26.20,True,True,False,wrong_value,False
synthetic/s7/0021,total,money,mock-c,26.20,26.20,False,,26.20,synthetic,demo,26.20,True,True,True,none,True
synthetic/s7/0021,total,money,mock-d,26.20,26.20,False,line: 26.20,26.20,synthetic,demo,26.20,True,True,True,none,True
synthetic/s7/0022,address,address,mock-a,"LOT P.T. 2811, JALAN ANGSANA, TAMAN MUTIARA RINI",lot p t 2811 jln angsana tmn mutiara rini,False,,"LOT P.T. 2811, JALAN ANGSANA, TAMAN MUTIARA RINI, 81300 SKUDAI",synthetic,demo,lot p t 2811 jln angsana tmn mutiara rini 81300 skudai,True,True,False,wrong_value,False
synthetic/s7/0022,address,address,mock-b,"LOT P.T. 2811, JALAN ANGSANA, TAMAN MUTIARA RINI, 81300 SKUDAI",lot p t 2811 jln angsana tmn mutiara rini 81300 skudai,False,,"LOT P.T. 2811, JALAN ANGSANA, TAMAN MUTIARA RINI, 81300 SKUDAI",synthetic,demo,lot p t 2811 jln angsana tmn mutiara rini 81300 skudai,True,True,True,none,True
synthetic/s7/0022,address,address,mock-c,"LOT P.T. 2811, JALAN ANGSANA, TAMAN MUTIARA RINI, 81300 SKUDAI",lot p t 2811 jln angsana tmn mutiara rini 81300 skudai,False,,"LOT P.T. 2811, JALAN ANGSANA, TAMAN MUTIARA RINI, 81300 SKUDAI",synthetic,demo,lot p t 2811 jln angsana tmn mutiara rini 81300 skudai,True,True,True,none,True
synthetic/s7/0022,address,address,mock-d,"LOT P.T. 2811, JALAN ANGSANA, TAMAN MUTIARA RINI, 81300 SKUDAI",lot p t 2811 jln angsana tmn mutiara rini 81300 skudai,False,"line: LOT P.T. 2811, JALAN ANGSANA, TAMAN MUTIARA RINI, 81300 SKUDAI","LOT P.T. 2811, JALAN ANGSANA, TAMAN MUTIARA RINI, 81300 SKUDAI",synthetic,demo,lot p t 2811 jln angsana tmn mutiara rini 81300 skudai,True,True,True,none,True
synthetic/s7/0022,company,org,mock-a,99 SPEED MART S/B,99 speed mart s b,False,,99 SPEED MART S/B,synthetic,demo,99 speed mart s b,True,True,True,none,True
synthetic/s7/0022,company,org,mock-b,99 SPEED MART S/B,99 speed mart s b,False,,99 SPEED MART S/B,synthetic,demo,99 speed mart s b,True,True,True,none,True
synthetic/s7/0022,company,org,mock-c,SPEED MART S/B,speed mart s b,False,,99 SPEED MART S/B,synthetic,demo,99 speed mart s b,True,True,False,wrong_value,False
synthetic/s7/0022,company,org,mock-d,99 SPEED MART S/B,99 speed mart s b,False,line: 99 SPEED MART S/B,99 SPEED MART S/B,synthetic,demo,99 speed mart s b,True,True,True,none,True
synthetic/s7/0022,date,date,mock-a,12/03/2018,2018-03-12,False,,12/03/2018,synthetic,demo,2018-03-12,True,True,True,none,True
synthetic/s7/0022,date,date,mock-b,12/03/2018,2018-03-12,False,,12/03/2018,synthetic,demo,2018-03-12,True,True,True,none,True
synthetic/s7/0022,date,date,mock-c,12/03/2018,2018-03-12,False,,12/03/2018,synthetic,demo,2018-03-12,True,True,True,none,True
synthetic/s7/0022,date,date,mock-d,12/03/2018,2018-03-12,False,line: 12/03/2018,12/03/2018,synthetic,demo,2018-03-12,True,True,True,none,True
synthetic/s7/0022,phone,phone,mock-a,,,True,,,synthetic,demo,,False,False,True,none,True
synthetic/s7/0022,phone,phone,mock-b,,,True,,,synthetic,demo,,False,False,True,none,True
synthetic/s7/0022,phone,phone,mock-c,,,True,,,synthetic,demo,,False,False,True,none,True
synthetic/s7/0022,phone,phone,mock-d,,,True,,,synthetic,demo,,False,False,True,none,True
synthetic/s7/0022,tax,money,mock-a,,,True,,,synthetic,demo,,False,False,True,none,True
synthetic/s7/0022,tax,money,mock-b,,,True,,,synthetic,demo,,False,False,True,none,True
synthetic/s7/0022,tax,money,mock-c,,,True,,,synthetic,demo,,False,False,True,none,True
synthetic/s7/0022,tax,money,mock-d,,,True,,,synthetic,demo,,False,False,True,none,True
synthetic/s7/0022,total,money,mock-a,1.50,1.50,False,,1.50,synthetic,demo,1.50,True,True,True,none,True
synthetic/s7/0022,total,money,mock-b,1.50,1.50,False,,1.50,synthetic,demo,1.50,True,True,True,none,True
synthetic/s7/0022,total,money,mock-c,1.50,1.50,False,,1.50,synthetic,demo,1.50,True,True,True,none,True
synthetic/s7/0022,total,money,mock-d,,,True,,1.50,synthetic,demo,1.50,True,False,False,miss,False
synthetic/s7/0023,address,address,mock-a,"LOT 276 JALAN BANTING, 43800 DENGKIL, SELANGOR",lot 276 jln banting 43800 dengkil selangor,False,,"LOT 276 JALAN BANTING, 43800 DENGKIL, SELANGOR",synthetic,demo,lot 276 jln banting 43800 dengkil selangor,True,True,True,none,True
synthetic/s7/0023,address,address,mock-b,"LOT 276 JALAN BANTING, 43800 DENGKIL, SELANGOR",lot 276 jln banting 43800 dengkil selangor,False,,"LOT 276 JALAN BANTING, 43800 DENGKIL, SELANGOR",synthetic,demo,lot 276 jln banting 43800 dengkil selangor,True,True,True,none,True
synthetic/s7/0023,address,address,mock-c,"LOT 276 JALAN BANTING, 43800 DENGKIL, SELANGOR",lot 276 jln banting 43800 dengkil selangor,False,,"LOT 276 JALAN BANTING, 43800 DENGKIL, SELANGOR",synthetic,demo,lot 276 jln banting 43800 dengkil selangor,True,True,True,none,True
synthetic/s7/0023,address,address,mock-d,"LOT 276 JALAN BANTING, 43800 DENGKIL, SELANGOR",lot 276 jln banting 43800 dengkil selangor,False,"line: LOT 276 JALAN BANTING, 43800 DENGKIL, SELANGOR","LOT 276 JALAN BANTING, 43800 DENGKIL, SELANGOR",synthetic,demo,lot 276 jln banting 43800 dengkil selangor,True,True,True,none,True
synthetic/s7/0023,company,org,mock-a,KEDAI PAPAN YEW CHUAN,kedai papan yew chuan,False,,KEDAI PAPAN YEW CHUAN,synthetic,demo,kedai papan yew chuan,True,True,True,none,True
synthetic/s7/0023,company,org,mock-b,KEDAI PAPAN YEW CHUAN,kedai papan yew chuan,False,,KEDAI PAPAN YEW CHUAN,synthetic,demo,kedai papan yew chuan,True,True,True,none,True
synthetic/s7/0023,company,org,mock-c,KEDAI PAPAN YEW CHUAN,kedai papan yew chuan,False,,KEDAI PAPAN YEW CHUAN,synthetic,demo,kedai papan yew chuan,True,True,True,none,True
synthetic/s7/0023,company,org,mock-d,KEDAI PAPAN YEW CHUAN,kedai papan yew chuan,False,line: KEDAI PAPAN YEW CHUAN,KEDAI PAPAN YEW CHUAN,synthetic,demo,kedai papan yew chuan,True,True,True,none,True
synthetic/s7/0023,date,date,mock-a,14/04/2018,2018-04-14,False,,14/04/2018,synthetic,demo,2018-04-14,True,True,True,none,True
synthetic/s7/0023,date,date,mock-b,14/04/2018,2018-04-14,False,,14/04/2018,synthetic,demo,2018-04-14,True,True,True,none,True
synthetic/s7/0023,date,date,mock-c,14/04/2018,2018-04-14,False,,14/04/2018,synthetic,demo,2018-04-14,True,True,True,none,True
synthetic/s7/0023,date,date,mock-d,14/04/2018,2018-04-14,False,line: 14/04/2018,14/04/2018,synthetic,demo,2018-04-14,True,True,True,none,True
synthetic/s7/0023,phone,phone,mock-a,09-700 6341,97006341,False,,09-700 6341,synthetic,demo,97006341,True,True,True,none,True
synthetic/s7/0023,phone,phone,mock-b,09-700 6341,97006341,False,,09-700 6341,synthetic,demo,97006341,True,True,True,none,True
synthetic/s7/0023,phone,phone,mock-c,09-700 6341,97006341,False,,09-700 6341,synthetic,demo,97006341,True,True,True,none,True
synthetic/s7/0023,phone,phone,mock-d,,,True,,09-700 6341,synthetic,demo,97006341,True,False,False,miss,False
synthetic/s7/0023,tax,money,mock-a,0.39,0.39,False,,0.39,synthetic,demo,0.39,True,True,True,none,True
synthetic/s7/0023,tax,money,mock-b,0.39,0.39,False,,0.39,synthetic,demo,0.39,True,True,True,none,True
synthetic/s7/0023,tax,money,mock-c,0.39,0.39,False,,0.39,synthetic,demo,0.39,True,True,True,none,True
synthetic/s7/0023,tax,money,mock-d,0.39,0.39,False,line: 0.39,0.39,synthetic,demo,0.39,True,True,True,none,True
synthetic/s7/0023,total,money,mock-a,6.89,6.89,False,,6.89,synthetic,demo,6.89,True,True,True,none,True
synthetic/s7/0023,total,money,mock-b,1.89,1.89,False,,6.89,synthetic,demo,6.89,True,True,False,wrong_value,False
synthetic/s7/0023,total,money,mock-c,6.89,6.89,False,,6.89,synthetic,demo,6.89,True,True,True,none,True
synthetic/s7/0023,total,money,mock-d,6.89,6.89,False,line: 6.89,6.89,synthetic,demo,6.89,True,True,True,none,True
synthetic/s7/0024,address,address,mock-a,"NO 2 & 4, JALAN BAYU 4, BANDAR SERI ALAM, 81750 MASAI, JOHOR",no 2 and 4 jln bayu 4 bdr seri alam 81750 masai johor,False,,"NO 2 & 4, JALAN BAYU 4, BANDAR SERI ALAM, 81750 MASAI, JOHOR",synthetic,demo,no 2 and 4 jln bayu 4 bdr seri alam 81750 masai johor,True,True,True,none,True
synthetic/s7/0024,address,address,mock-b,"NO 2 & 4, JALAN BAYU 4, BANDAR SERI ALAM, 81750 MASAI, JOHOR",no 2 and 4 jln bayu 4 bdr seri alam 81750 masai johor,False,,"NO 2 & 4, JALAN BAYU 4, BANDAR SERI ALAM, 81750 MASAI, JOHOR",synthetic,demo,no 2 and 4 jln bayu 4 bdr seri alam 81750 masai johor,True,True,True,none,True
synthetic/s7/0024,address,address,mock-c,"NO 2 & 4, JALAN BAYU 4, BANDAR SERI ALAM, 81750 MASAI, JOHOR",no 2 and 4 jln bayu 4 bdr seri alam 81750 masai johor,False,,"NO 2 & 4, JALAN BAYU 4, BANDAR SERI ALAM, 81750 MASAI, JOHOR",synthetic,demo,no 2 and 4 jln bayu 4 bdr seri alam 81750 masai johor,True,True,True,none,True
synthetic/s7/0024,address,address,mock-d,"NO 2 & 4, JALAN BAYU 4, BANDAR SERI ALAM, 81750 MASAI, JOHOR",no 2 and 4 jln bayu 4 bdr seri alam 81750 masai johor,False,"line: NO 2 & 4, JALAN BAYU 4, BANDAR SERI ALAM, 81750 MASAI, JOHOR","NO 2 & 4, JALAN BAYU 4, BANDAR SERI ALAM, 81750 MASAI, JOHOR",synthetic,demo,no 2 and 4 jln bayu 4 bdr seri alam 81750 masai johor,True,True,True,none,True
synthetic/s7/0024,company,org,mock-a,MARKETING SDN BHD,marketing,False,,OJC MARKETING SDN BHD,synthetic,demo,ojc marketing,True,True,False,wrong_value,False
synthetic/s7/0024,company,org,mock-b,OJC MARKETING SDN BHD,ojc marketing,False,,OJC MARKETING SDN BHD,synthetic,demo,ojc marketing,True,True,True,none,True
synthetic/s7/0024,company,org,mock-c,OJC MARKETING SDN BHD,ojc marketing,False,,OJC MARKETING SDN BHD,synthetic,demo,ojc marketing,True,True,True,none,True
synthetic/s7/0024,company,org,mock-d,OJC MARKETING SDN BHD,ojc marketing,False,line: OJC MARKETING SDN BHD,OJC MARKETING SDN BHD,synthetic,demo,ojc marketing,True,True,True,none,True
synthetic/s7/0024,date,date,mock-a,03/27/2018,2018-03-27,False,,27/03/2018,synthetic,demo,2018-03-27,True,True,True,none,True
synthetic/s7/0024,date,date,mock-b,03/27/2018,2018-03-27,False,,27/03/2018,synthetic,demo,2018-03-27,True,True,True,none,True
synthetic/s7/0024,date,date,mock-c,27/03/2018,2018-03-27,False,,27/03/2018,synthetic,demo,2018-03-27,True,True,True,none,True
synthetic/s7/0024,date,date,mock-d,,,True,,27/03/2018,synthetic,demo,2018-03-27,True,False,False,miss,False
synthetic/s7/0024,phone,phone,mock-a,09-999 9219,99999219,False,,09-999 9219,synthetic,demo,99999219,True,True,True,none,True
synthetic/s7/0024,phone,phone,mock-b,09-999 9219,99999219,False,,09-999 9219,synthetic,demo,99999219,True,True,True,none,True
synthetic/s7/0024,phone,phone,mock-c,09-999 9219,99999219,False,,09-999 9219,synthetic,demo,99999219,True,True,True,none,True
synthetic/s7/0024,phone,phone,mock-d,09-999 9219,99999219,False,line: 09-999 9219,09-999 9219,synthetic,demo,99999219,True,True,True,none,True
synthetic/s7/0024,tax,money,mock-a,,,True,,,synthetic,demo,,False,False,True,none,True
synthetic/s7/0024,tax,money,mock-b,,,True,,,synthetic,demo,,False,False,True,none,True
synthetic/s7/0024,tax,money,mock-c,10.00,10.00,False,,,synthetic,demo,,False,True,False,hallucination,False
synthetic/s7/0024,tax,money,mock-d,,,True,,,synthetic,demo,,False,False,True,none,True
synthetic/s7/0024,total,money,mock-a,29.30,29.30,False,,29.30,synthetic,demo,29.30,True,True,True,none,True
synthetic/s7/0024,total,money,mock-b,29.30,29.30,False,,29.30,synthetic,demo,29.30,True,True,True,none,True
synthetic/s7/0024,total,money,mock-c,29.30,29.30,False,,29.30,synthetic,demo,29.30,True,True,True,none,True
synthetic/s7/0024,total,money,mock-d,29.30,29.30,False,line: 29.30,29.30,synthetic,demo,29.30,True,True,True,none,True
synthetic/s7/0025,address,address,mock-a,"NO.59 JALAN PERMAS 9/5, BANDAR BARU PERMAS JAYA, 81750 JOHOR BAHRU",no 59 jln permas 9 5 bdr baru permas jaya 81750 johor bahru,False,,"NO.59 JALAN PERMAS 9/5, BANDAR BARU PERMAS JAYA, 81750 JOHOR BAHRU",synthetic,demo,no 59 jln permas 9 5 bdr baru permas jaya 81750 johor bahru,True,True,True,none,True
synthetic/s7/0025,address,address,mock-b,"NO.59 JALAN PERMAS 9/5, BANDAR BARU PERMAS JAYA",no 59 jln permas 9 5 bdr baru permas jaya,False,,"NO.59 JALAN PERMAS 9/5, BANDAR BARU PERMAS JAYA, 81750 JOHOR BAHRU",synthetic,demo,no 59 jln permas 9 5 bdr baru permas jaya 81750 johor bahru,True,True,False,wrong_value,False
synthetic/s7/0025,address,address,mock-c,"NO.59 JALAN PERMAS 9/5, BANDAR BARU PERMAS JAYA, 81750 JOHOR BAHRU",no 59 jln permas 9 5 bdr baru permas jaya 81750 johor bahru,False,,"NO.59 JALAN PERMAS 9/5, BANDAR BARU PERMAS JAYA, 81750 JOHOR BAHRU",synthetic,demo,no 59 jln permas 9 5 bdr baru permas jaya 81750 johor bahru,True,True,True,none,True
synthetic/s7/0025,address,address,mock-d,"NO.59 JALAN PERMAS 9/5, BANDAR BARU PERMAS JAYA, 81750 JOHOR BAHRU",no 59 jln permas 9 5 bdr baru permas jaya 81750 johor bahru,False,"line: NO.59 JALAN PERMAS 9/5, BANDAR BARU PERMAS JAYA, 81750 JOHOR BAHRU","NO.59 JALAN PERMAS 9/5, BANDAR BARU PERMAS JAYA, 81750 JOHOR BAHRU",synthetic,demo,no 59 jln permas 9 5 bdr baru permas jaya 81750 johor bahru,True,True,True,none,True
synthetic/s7/0025,company,org,mock-a,PERNIAGAAN ZHENG HUI,perniagaan zheng hui,False,,PERNIAGAAN ZHENG HUI,synthetic,demo,perniagaan zheng hui,True,True,True,none,True
synthetic/s7/0025,company,org,mock-b,PERNIAGAAN ZHENG HUI,perniagaan zheng hui,False,,PERNIAGAAN ZHENG HUI,synthetic,demo,perniagaan zheng hui,True,True,True,none,True
synthetic/s7/0025,company,org,mock-c,PERNIAGAAN ZHENG HUI,perniagaan zheng hui,False,,PERNIAGAAN ZHENG HUI,synthetic,demo,perniagaan zheng hui,True,True,True,none,True
synthetic/s7/0025,company,org,mock-d,PERNIAGAAN ZHENG HUI,perniagaan zheng hui,False,line: PERNIAGAAN ZHENG HUI,PERNIAGAAN ZHENG HUI,synthetic,demo,perniagaan zheng hui,True,True,True,none,True
synthetic/s7/0025,date,date,mock-a,09/17/2018,2018-09-17,False,,17/09/2018,synthetic,demo,2018-09-17,True,True,True,none,True
synthetic/s7/0025,date,date,mock-b,17/09/2018,2018-09-17,False,,17/09/2018,synthetic,demo,2018-09-17,True,True,True,none,True
synthetic/s7/0025,date,date,mock-c,17/09/2018,2018-09-17,False,,17/09/2018,synthetic,demo,2018-09-17,True,True,True,none,True
synthetic/s7/0025,date,date,mock-d,17/09/2018,2018-09-17,False,line: 17/09/2018,17/09/2018,synthetic,demo,2018-09-17,True,True,True,none,True
synthetic/s7/0025,phone,phone,mock-a,28-223 2011,282232011,False,,08-223 2011,synthetic,demo,82232011,True,True,False,wrong_value,False
synthetic/s7/0025,phone,phone,mock-b,08-223 2011,82232011,False,,08-223 2011,synthetic,demo,82232011,True,True,True,none,True
synthetic/s7/0025,phone,phone,mock-c,08-223 2011,82232011,False,,08-223 2011,synthetic,demo,82232011,True,True,True,none,True
synthetic/s7/0025,phone,phone,mock-d,08-223 2011,82232011,False,line: 08-223 2011,08-223 2011,synthetic,demo,82232011,True,True,True,none,True
synthetic/s7/0025,tax,money,mock-a,0.79,0.79,False,,1.39,synthetic,demo,1.39,True,True,False,wrong_value,False
synthetic/s7/0025,tax,money,mock-b,0.79,0.79,False,,1.39,synthetic,demo,1.39,True,True,False,wrong_value,False
synthetic/s7/0025,tax,money,mock-c,1.39,1.39,False,,1.39,synthetic,demo,1.39,True,True,True,none,True
synthetic/s7/0025,tax,money,mock-d,1.39,1.39,False,line: 1.39,1.39,synthetic,demo,1.39,True,True,True,none,True
synthetic/s7/0025,total,money,mock-a,24.59,24.59,False,,24.59,synthetic,demo,24.59,True,True,True,none,True
synthetic/s7/0025,total,money,mock-b,,,True,,24.59,synthetic,demo,24.59,True,False,False,miss,False
synthetic/s7/0025,total,money,mock-c,23.99,23.99,False,,24.59,synthetic,demo,24.59,True,True,False,wrong_value,False
synthetic/s7/0025,total,money,mock-d,24.59,24.59,False,line: 24.59,24.59,synthetic,demo,24.59,True,True,True,none,True
synthetic/s7/0026,address,address,mock-a,"LOT 3, JALAN PELABUR 23/1, 40300 SHAH ALAM, SELANGOR",lot 3 jln pelabur 23 1 40300 shah alam selangor,False,,"LOT 3, JALAN PELABUR 23/1, 40300 SHAH ALAM, SELANGOR",synthetic,demo,lot 3 jln pelabur 23 1 40300 shah alam selangor,True,True,True,none,True
synthetic/s7/0026,address,address,mock-b,"LOT 3, JALAN PELABUR 23/1, 40300 SHAH ALAM, SELANGOR",lot 3 jln pelabur 23 1 40300 shah alam selangor,False,,"LOT 3, JALAN PELABUR 23/1, 40300 SHAH ALAM, SELANGOR",synthetic,demo,lot 3 jln pelabur 23 1 40300 shah alam selangor,True,True,True,none,True
synthetic/s7/0026,address,address,mock-c,"LOT 3, JALAN PELABUR 23/1, 40300 SHAH ALAM, SELANGOR",lot 3 jln pelabur 23 1 40300 shah alam selangor,False,,"LOT 3, JALAN PELABUR 23/1, 40300 SHAH ALAM, SELANGOR",synthetic,demo,lot 3 jln pelabur 23 1 40300 shah alam selangor,True,True,True,none,True
synthetic/s7/0026,address,address,mock-d,"LOT 3, JALAN PELABUR 23/1, 40300 SHAH ALAM, SELANGOR",lot 3 jln pelabur 23 1 40300 shah alam selangor,False,"line: LOT 3, JALAN PELABUR 23/1, 40300 SHAH ALAM, SELANGOR","LOT 3, JALAN PELABUR 23/1, 40300 SHAH ALAM, SELANGOR",synthetic,demo,lot 3 jln pelabur 23 1 40300 shah alam selangor,True,True,True,none,True
synthetic/s7/0026,company,org,mock-a,GARDENIA BAKERIES (KL) SDN,gardenia bakeries kl sdn,False,,GARDENIA BAKERIES (KL) SDN BHD,synthetic,demo,gardenia bakeries kl,True,True,False,wrong_value,False
synthetic/s7/0026,company,org,mock-b,GARDENIA BAKERIES (KL) SDN BHD,gardenia bakeries kl,False,,GARDENIA BAKERIES (KL) SDN BHD,synthetic,demo,gardenia bakeries kl,True,True,True,none,True
synthetic/s7/0026,company,org,mock-c,GARDENIA BAKERIES (KL) SDN BHD,gardenia bakeries kl,False,,GARDENIA BAKERIES (KL) SDN BHD,synthetic,demo,gardenia bakeries kl,True,True,True,none,True
synthetic/s7/0026,company,org,mock-d,GARDENIA BAKERIES (KL) SDN BHD,gardenia bakeries kl,False,line: GARDENIA BAKERIES (KL) SDN BHD,GARDENIA BAKERIES (KL) SDN BHD,synthetic,demo,gardenia bakeries kl,True,True,True,none,True
synthetic/s7/0026,date,date,mock-a,09/17/2019,2019-09-17,False,,17/09/2019,synthetic,demo,2019-09-17,True,True,True,none,True
synthetic/s7/0026,date,date,mock-b,17/09/2019,2019-09-17,False,,17/09/2019,synthetic,demo,2019-09-17,True,True,True,none,True
synthetic/s7/0026,date,date,mock-c,09/17/2019,2019-09-17,False,,17/09/2019,synthetic,demo,2019-09-17,True,True,True,none,True
synthetic/s7/0026,date,date,mock-d,17/09/2019,2019-09-17,False,line: 17/09/2019,17/09/2019,synthetic,demo,2019-09-17,True,True,True,none,True
synthetic/s7/0026,phone,phone,mock-a,09-200 9318,92009318,False,,09-200 9318,synthetic,demo,92009318,True,True,True,none,True
synthetic/s7/0026,phone,phone,mock-b,09-200 9318,92009318,False,,09-200 9318,synthetic,demo,92009318,True,True,True,none,True
synthetic/s7/0026,phone,phone,mock-c,,,True,,09-200 9318,synthetic,demo,92009318,True,False,False,miss,False
synthetic/s7/0026,phone,phone,mock-d,09-200 9318,92009318,False,line: 09-200 9318,09-200 9318,synthetic,demo,92009318,True,True,True,none,True
synthetic/s7/0026,tax,money,mock-a,0.09,0.09,False,,0.09,synthetic,demo,0.09,True,True,True,none,True
synthetic/s7/0026,tax,money,mock-b,8.09,8.09,False,,0.09,synthetic,demo,0.09,True,True,False,wrong_value,False
synthetic/s7/0026,tax,money,mock-c,0.09,0.09,False,,0.09,synthetic,demo,0.09,True,True,True,none,True
synthetic/s7/0026,tax,money,mock-d,0.99,0.99,False,line: 0.99,0.09,synthetic,demo,0.09,True,True,False,wrong_value,False
synthetic/s7/0026,total,money,mock-a,1.59,1.59,False,,1.59,synthetic,demo,1.59,True,True,True,none,True
synthetic/s7/0026,total,money,mock-b,1.59,1.59,False,,1.59,synthetic,demo,1.59,True,True,True,none,True
synthetic/s7/0026,total,money,mock-c,1.59,1.59,False,,1.59,synthetic,demo,1.59,True,True,True,none,True
synthetic/s7/0026,total,money,mock-d,,,True,,1.59,synthetic,demo,1.59,True,False,False,miss,False
synthetic/s7/0027,address,address,mock-a,"NO. 31G&33G, JALAN SETIA INDAH X, U13/X, 40170 SETIA ALAM",no 31g and 33g jln setia indah x u13 x 40170 setia alam,False,,"NO. 31G&33G, JALAN SETIA INDAH X, U13/X, 40170 SETIA ALAM",synthetic,demo,no 31g and 33g jln setia indah x u13 x 40170 setia alam,True,True,True,none,True
synthetic/s7/0027,address,address,mock-b,,,True,,"NO. 31G&33G, JALAN SETIA INDAH X, U13/X, 40170 SETIA ALAM",synthetic,demo,no 31g and 33g jln setia indah x u13 x 40170 setia alam,True,False,False,miss,False
synthetic/s7/0027,address,address,mock-c,"NO. 31G&33G, JALAN SETIA INDAH X, U13/X",no 31g and 33g jln setia indah x u13 x,False,,"NO. 31G&33G, JALAN SETIA INDAH X, U13/X, 40170 SETIA ALAM",synthetic,demo,no 31g and 33g jln setia indah x u13 x 40170 setia alam,True,True,False,wrong_value,False
synthetic/s7/0027,address,address,mock-d,"NO. 31G&33G, JALAN SETIA INDAH X, U13/X, 40170 SETIA ALAM",no 31g and 33g jln setia indah x u13 x 40170 setia alam,False,"line: NO. 31G&33G, JALAN SETIA INDAH X, U13/X, 40170 SETIA ALAM","NO. 31G&33G, JALAN SETIA INDAH X, U13/X, 40170 SETIA ALAM",synthetic,demo,no 31g and 33g jln setia indah x u13 x 40170 setia alam,True,True,True,none,True
synthetic/s7/0027,company,org,mock-a,SANYU STATIONERY SHOP,sanyu stationery shop,False,,SANYU STATIONERY SHOP,synthetic,demo,sanyu stationery shop,True,True,True,none,True
synthetic/s7/0027,company,org,mock-b,STATIONERY SHOP,stationery shop,False,,SANYU STATIONERY SHOP,synthetic,demo,sanyu stationery shop,True,True,False,wrong_value,False
synthetic/s7/0027,company,org,mock-c,SANYU STATIONERY SHOP,sanyu stationery shop,False,,SANYU STATIONERY SHOP,synthetic,demo,sanyu stationery shop,True,True,True,none,True
synthetic/s7/0027,company,org,mock-d,SANYU STATIONERY SHOP,sanyu stationery shop,False,line: SANYU STATIONERY SHOP,SANYU STATIONERY SHOP,synthetic,demo,sanyu stationery shop,True,True,True,none,True
synthetic/s7/0027,date,date,mock-a,25/02/2019,2019-02-25,False,,25/02/2019,synthetic,demo,2019-02-25,True,True,True,none,True
synthetic/s7/0027,date,date,mock-b,25/02/2019,2019-02-25,False,,25/02/2019,synthetic,demo,2019-02-25,True,True,True,none,True
synthetic/s7/0027,date,date,mock-c,25/02/2019,2019-02-25,False,,25/02/2019,synthetic,demo,2019-02-25,True,True,True,none,True
synthetic/s7/0027,date,date,mock-d,25/02/2019,2019-02-25,False,line: 25/02/2019,25/02/2019,synthetic,demo,2019-02-25,True,True,True,none,True
synthetic/s7/0027,phone,phone,mock-a,06-619 5057,66195057,False,,06-619 5057,synthetic,demo,66195057,True,True,True,none,True
synthetic/s7/0027,phone,phone,mock-b,96-619 5057,966195057,False,,06-619 5057,synthetic,demo,66195057,True,True,False,wrong_value,False
synthetic/s7/0027,phone,phone,mock-c,06-619 5057,66195057,False,,06-619 5057,synthetic,demo,66195057,True,True,True,none,True
synthetic/s7/0027,phone,phone,mock-d,06-619 5057,66195057,False,line: 06-619 5057,06-619 5057,synthetic,demo,66195057,True,True,True,none,True
synthetic/s7/0027,tax,money,mock-a,1.41,1.41,False,,1.41,synthetic,demo,1.41,True,True,True,none,True
synthetic/s7/0027,tax,money,mock-b,1.41,1.41,False,,1.41,synthetic,demo,1.41,True,True,True,none,True
synthetic/s7/0027,tax,money,mock-c,1.41,1.41,False,,1.41,synthetic,demo,1.41,True,True,True,none,True
synthetic/s7/0027,tax,money,mock-d,1.41,1.41,False,line: 1.41,1.41,synthetic,demo,1.41,True,True,True,none,True
synthetic/s7/0027,total,money,mock-a,24.91,24.91,False,,24.91,synthetic,demo,24.91,True,True,True,none,True
synthetic/s7/0027,total,money,mock-b,24.91,24.91,False,,24.91,synthetic,demo,24.91,True,True,True,none,True
synthetic/s7/0027,total,money,mock-c,24.91,24.91,False,,24.91,synthetic,demo,24.91,True,True,True,none,True
synthetic/s7/0027,total,money,mock-d,24.91,24.91,False,line: 24.91,24.91,synthetic,demo,24.91,True,True,True,none,True
synthetic/s7/0028,address,address,mock-a,"LOT P.T. 2811, JALAN ANGSANA, TAMAN MUTIARA RINI, 81300 SKUDAI",lot p t 2811 jln angsana tmn mutiara rini 81300 skudai,False,,"LOT P.T. 2811, JALAN ANGSANA, TAMAN MUTIARA RINI, 81300 SKUDAI",synthetic,demo,lot p t 2811 jln angsana tmn mutiara rini 81300 skudai,True,True,True,none,True
synthetic/s7/0028,address,address,mock-b,"LOT P.T. 2811, JALAN ANGSANA, TAMAN MUTIARA RINI, 81300 SKUDAI",lot p t 2811 jln angsana tmn mutiara rini 81300 skudai,False,,"LOT P.T. 2811, JALAN ANGSANA, TAMAN MUTIARA RINI, 81300 SKUDAI",synthetic,demo,lot p t 2811 jln angsana tmn mutiara rini 81300 skudai,True,True,True,none,True
synthetic/s7/0028,address,address,mock-c,,,True,,"LOT P.T. 2811, JALAN ANGSANA, TAMAN MUTIARA RINI, 81300 SKUDAI",synthetic,demo,lot p t 2811 jln angsana tmn mutiara rini 81300 skudai,True,False,False,miss,False
synthetic/s7/0028,address,address,mock-d,"LOT P.T. 2811, JALAN ANGSANA, TAMAN MUTIARA RINI, 81300 SKUDAI",lot p t 2811 jln angsana tmn mutiara rini 81300 skudai,False,"line: LOT P.T. 2811, JALAN ANGSANA, TAMAN MUTIARA RINI, 81300 SKUDAI","LOT P.T. 2811, JALAN ANGSANA, TAMAN MUTIARA RINI, 81300 SKUDAI",synthetic,demo,lot p t 2811 jln angsana tmn mutiara rini 81300 skudai,True,True,True,none,True
synthetic/s7/0028,company,org,mock-a,99 SPEED MART S/B,99 speed mart s b,False,,99 SPEED MART S/B,synthetic,demo,99 speed mart s b,True,True,True,none,True
synthetic/s7/0028,company,org,mock-b,99 SPEED MART S/B,99 speed mart s b,False,,99 SPEED MART S/B,synthetic,demo,99 speed mart s b,True,True,True,none,True
synthetic/s7/0028,company,org,mock-c,99 SPEED MART S/B,99 speed mart s b,False,,99 SPEED MART S/B,synthetic,demo,99 speed mart s b,True,True,True,none,True
synthetic/s7/0028,company,org,mock-d,99 SPEED MART S/B,99 speed mart s b,False,line: 99 SPEED MART S/B,99 SPEED MART S/B,synthetic,demo,99 speed mart s b,True,True,True,none,True
synthetic/s7/0028,date,date,mock-a,18/04/2019,2019-04-18,False,,18/04/2019,synthetic,demo,2019-04-18,True,True,True,none,True
synthetic/s7/0028,date,date,mock-b,04/18/2019,2019-04-18,False,,18/04/2019,synthetic,demo,2019-04-18,True,True,True,none,True
synthetic/s7/0028,date,date,mock-c,18/04/2019,2019-04-18,False,,18/04/2019,synthetic,demo,2019-04-18,True,True,True,none,True
synthetic/s7/0028,date,date,mock-d,18/04/2019,2019-04-18,False,line: 18/04/2019,18/04/2019,synthetic,demo,2019-04-18,True,True,True,none,True
synthetic/s7/0028,phone,phone,mock-a,08-346 8017,83468017,False,,08-346 8017,synthetic,demo,83468017,True,True,True,none,True
synthetic/s7/0028,phone,phone,mock-b,48-346 8017,483468017,False,,08-346 8017,synthetic,demo,83468017,True,True,False,wrong_value,False
synthetic/s7/0028,phone,phone,mock-c,08-346 8017,83468017,False,,08-346 8017,synthetic,demo,83468017,True,True,True,none,True
synthetic/s7/0028,phone,phone,mock-d,48-346 8017,483468017,False,line: 48-346 8017,08-346 8017,synthetic,demo,83468017,True,True,False,wrong_value,False
synthetic/s7/0028,tax,money,mock-a,1.37,1.37,False,,1.37,synthetic,demo,1.37,True,True,True,none,True
synthetic/s7/0028,tax,money,mock-b,1.37,1.37,False,,1.37,synthetic,demo,1.37,True,True,True,none,True
synthetic/s7/0028,tax,money,mock-c,1.37,1.37,False,,1.37,synthetic,demo,1.37,True,True,True,none,True
synthetic/s7/0028,tax,money,mock-d,1.37,1.37,False,line: 1.37,1.37,synthetic,demo,1.37,True,True,True,none,True
synthetic/s7/0028,total,money,mock-a,,,True,,24.27,synthetic,demo,24.27,True,False,False,miss,False
synthetic/s7/0028,total,money,mock-b,24.27,24.27,False,,24.27,synthetic,demo,24.27,True,True,True,none,True
synthetic/s7/0028,total,money,mock-c,24.27,24.27,False,,24.27,synthetic,demo,24.27,True,True,True,none,True
synthetic/s7/0028,total,money,mock-d,24.27,24.27,False,line: 24.27,24.27,synthetic,demo,24.27,True,True,True,none,True
synthetic/s7/0029,address,address,mock-a,"LOT 276 JALAN BANTING, 43800 DENGKIL, SELANGOR",lot 276 jln banting 43800 dengkil selangor,False,,"LOT 276 JALAN BANTING, 43800 DENGKIL, SELANGOR",synthetic,demo,lot 276 jln banting 43800 dengkil selangor,True,True,True,none,True
synthetic/s7/0029,address,address,mock-b,"LOT 276 JALAN BANTING, 43800 DENGKIL, SELANGOR",lot 276 jln banting 43800 dengkil selangor,False,,"LOT 276 JALAN BANTING, 43800 DENGKIL, SELANGOR",synthetic,demo,lot 276 jln banting 43800 dengkil selangor,True,True,True,none,True
synthetic/s7/0029,address,address,mock-c,"LOT 276 JALAN BANTING, 43800 DENGKIL, SELANGOR",lot 276 jln banting 43800 dengkil selangor,False,,"LOT 276 JALAN BANTING, 43800 DENGKIL, SELANGOR",synthetic,demo,lot 276 jln banting 43800 dengkil selangor,True,True,True,none,True
synthetic/s7/0029,address,address,mock-d,"LOT 276 JALAN BANTING, 43800 DENGKIL, SELANGOR",lot 276 jln banting 43800 dengkil selangor,False,"line: LOT 276 JALAN BANTING, 43800 DENGKIL, SELANGOR","LOT 276 JALAN BANTING, 43800 DENGKIL, SELANGOR",synthetic,demo,lot 276 jln banting 43800 dengkil selangor,True,True,True,none,True
synthetic/s7/0029,company,org,mock-a,KEDAI PAPAN YEW CHUAN,kedai papan yew chuan,False,,KEDAI PAPAN YEW CHUAN,synthetic,demo,kedai papan yew chuan,True,True,True,none,True
synthetic/s7/0029,company,org,mock-b,KEDAI PAPAN YEW CHUAN,kedai papan yew chuan,False,,KEDAI PAPAN YEW CHUAN,synthetic,demo,kedai papan yew chuan,True,True,True,none,True
synthetic/s7/0029,company,org,mock-c,KEDAI PAPAN YEW CHUAN,kedai papan yew chuan,False,,KEDAI PAPAN YEW CHUAN,synthetic,demo,kedai papan yew chuan,True,True,True,none,True
synthetic/s7/0029,company,org,mock-d,KEDAI PAPAN YEW CHUAN,kedai papan yew chuan,False,line: KEDAI PAPAN YEW CHUAN,KEDAI PAPAN YEW CHUAN,synthetic,demo,kedai papan yew chuan,True,True,True,none,True
synthetic/s7/0029,date,date,mock-a,02/10/2018,2018-10-02,False,,10/02/2018,synthetic,demo,2018-02-10,True,True,False,wrong_value,False
synthetic/s7/0029,date,date,mock-b,10/02/2018,2018-02-10,False,,10/02/2018,synthetic,demo,2018-02-10,True,True,True,none,True
synthetic/s7/0029,date,date,mock-c,02/10/2018,2018-10-02,False,,10/02/2018,synthetic,demo,2018-02-10,True,True,False,wrong_value,False
synthetic/s7/0029,date,date,mock-d,10/02/2018,2018-02-10,False,line: 10/02/2018,10/02/2018,synthetic,demo,2018-02-10,True,True,True,none,True
synthetic/s7/0029,phone,phone,mock-a,03-507 8983,35078983,False,,03-507 8983,synthetic,demo,35078983,True,True,True,none,True
synthetic/s7/0029,phone,phone,mock-b,03-507 8983,35078983,False,,03-507 8983,synthetic,demo,35078983,True,True,True,none,True
synthetic/s7/0029,phone,phone,mock-c,03-507 8983,35078983,False,,03-507 8983,synthetic,demo,35078983,True,True,True,none,True
synthetic/s7/0029,phone,phone,mock-d,03-507 8983,35078983,False,line: 03-507 8983,03-507 8983,synthetic,demo,35078983,True,True,True,none,True
synthetic/s7/0029,tax,money,mock-a,,,True,,,synthetic,demo,,False,False,True,none,True
synthetic/s7/0029,tax,money,mock-b,,,True,,,synthetic,demo,,False,False,True,none,True
synthetic/s7/0029,tax,money,mock-c,,,True,,,synthetic,demo,,False,False,True,none,True
synthetic/s7/0029,tax,money,mock-d,,,True,,,synthetic,demo,,False,False,True,none,True
synthetic/s7/0029,total,money,mock-a,20.00,20.00,False,,20.00,synthetic,demo,20.00,True,True,True,none,True
synthetic/s7/0029,total,money,mock-b,30.00,30.00,False,,20.00,synthetic,demo,20.00,True,True,False,wrong_value,False
synthetic/s7/0029,total,money,mock-c,18.80,18.80,False,,20.00,synthetic,demo,20.00,True,True,False,wrong_value,False
synthetic/s7/0029,total,money,mock-d,20.00,20.00,False,line: 20.00,20.00,synthetic,demo,20.00,True,True,True,none,True
synthetic/s7/0030,address,address,mock-a,"NO 2 & 4, JALAN BAYU 4, BANDAR SERI ALAM, 81750 MASAI, JOHOR",no 2 and 4 jln bayu 4 bdr seri alam 81750 masai johor,False,,"NO 2 & 4, JALAN BAYU 4, BANDAR SERI ALAM, 81750 MASAI, JOHOR",synthetic,demo,no 2 and 4 jln bayu 4 bdr seri alam 81750 masai johor,True,True,True,none,True
synthetic/s7/0030,address,address,mock-b,"NO 2 & 4, JALAN BAYU 4, BANDAR SERI ALAM, 81750 MASAI, JOHOR",no 2 and 4 jln bayu 4 bdr seri alam 81750 masai johor,False,,"NO 2 & 4, JALAN BAYU 4, BANDAR SERI ALAM, 81750 MASAI, JOHOR",synthetic,demo,no 2 and 4 jln bayu 4 bdr seri alam 81750 masai johor,True,True,True,none,True
synthetic/s7/0030,address,address,mock-c,"NO 2 & 4, JALAN BAYU 4, BANDAR SERI ALAM, 81750 MASAI, JOHOR",no 2 and 4 jln bayu 4 bdr seri alam 81750 masai johor,False,,"NO 2 & 4, JALAN BAYU 4, BANDAR SERI ALAM, 81750 MASAI, JOHOR",synthetic,demo,no 2 and 4 jln bayu 4 bdr seri alam 81750 masai johor,True,True,True,none,True
synthetic/s7/0030,address,address,mock-d,"NO 2 & 4, JALAN BAYU 4, BANDAR SERI ALAM, 81750 MASAI, JOHOR",no 2 and 4 jln bayu 4 bdr seri alam 81750 masai johor,False,"line: NO 2 & 4, JALAN BAYU 4, BANDAR SERI ALAM, 81750 MASAI, JOHOR","NO 2 & 4, JALAN BAYU 4, BANDAR SERI ALAM, 81750 MASAI, JOHOR",synthetic,demo,no 2 and 4 jln bayu 4 bdr seri alam 81750 masai johor,True,True,True,none,True
synthetic/s7/0030,company,org,mock-a,OJC MARKETING SDN BHD,ojc marketing,False,,OJC MARKETING SDN BHD,synthetic,demo,ojc marketing,True,True,True,none,True
synthetic/s7/0030,company,org,mock-b,OJC MARKETING SDN BHD,ojc marketing,False,,OJC MARKETING SDN BHD,synthetic,demo,ojc marketing,True,True,True,none,True
synthetic/s7/0030,company,org,mock-c,MARKETING SDN BHD,marketing,False,,OJC MARKETING SDN BHD,synthetic,demo,ojc marketing,True,True,False,wrong_value,False
synthetic/s7/0030,company,org,mock-d,OJC MARKETING SDN BHD,ojc marketing,False,line: OJC MARKETING SDN BHD,OJC MARKETING SDN BHD,synthetic,demo,ojc marketing,True,True,True,none,True
synthetic/s7/0030,date,date,mock-a,06/12/2019,2019-12-06,False,,06/12/2019,synthetic,demo,2019-12-06,True,True,True,none,True
synthetic/s7/0030,date,date,mock-b,06/12/2019,2019-12-06,False,,06/12/2019,synthetic,demo,2019-12-06,True,True,True,none,True
synthetic/s7/0030,date,date,mock-c,06/12/2019,2019-12-06,False,,06/12/2019,synthetic,demo,2019-12-06,True,True,True,none,True
synthetic/s7/0030,date,date,mock-d,06/12/2019,2019-12-06,False,line: 06/12/2019,06/12/2019,synthetic,demo,2019-12-06,True,True,True,none,True
synthetic/s7/0030,phone,phone,mock-a,,,True,,,synthetic,demo,,False,False,True,none,True
synthetic/s7/0030,phone,phone,mock-b,,,True,,,synthetic,demo,,False,False,True,none,True
synthetic/s7/0030,phone,phone,mock-c,,,True,,,synthetic,demo,,False,False,True,none,True
synthetic/s7/0030,phone,phone,mock-d,,,True,,,synthetic,demo,,False,False,True,none,True
synthetic/s7/0030,tax,money,mock-a,2.18,2.18,False,,2.18,synthetic,demo,2.18,True,True,True,none,True
synthetic/s7/0030,tax,money,mock-b,2.18,2.18,False,,2.18,synthetic,demo,2.18,True,True,True,none,True
synthetic/s7/0030,tax,money,mock-c,2.18,2.18,False,,2.18,synthetic,demo,2.18,True,True,True,none,True
synthetic/s7/0030,tax,money,mock-d,2.18,2.18,False,line: 2.18,2.18,synthetic,demo,2.18,True,True,True,none,True
synthetic/s7/0030,total,money,mock-a,38.58,38.58,False,,38.58,synthetic,demo,38.58,True,True,True,none,True
synthetic/s7/0030,total,money,mock-b,38.58,38.58,False,,38.58,synthetic,demo,38.58,True,True,True,none,True
synthetic/s7/0030,total,money,mock-c,38.58,38.58,False,,38.58,synthetic,demo,38.58,True,True,True,none,True
synthetic/s7/0030,total,money,mock-d,,,True,,38.58,synthetic,demo,38.58,True,False,False,miss,False
synthetic/s7/0031,address,address,mock-a,"NO.59 JALAN PERMAS 9/5, BANDAR BARU PERMAS JAYA, 81750 JOHOR BAHRU",no 59 jln permas 9 5 bdr baru permas jaya 81750 johor bahru,False,,"NO.59 JALAN PERMAS 9/5, BANDAR BARU PERMAS JAYA, 81750 JOHOR BAHRU",synthetic,demo,no 59 jln permas 9 5 bdr baru permas jaya 81750 johor bahru,True,True,True,none,True
synthetic/s7/0031,address,address,mock-b,"NO.59 JALAN PERMAS 9/5, BANDAR BARU PERMAS JAYA, 81750 JOHOR BAHRU",no 59 jln permas 9 5 bdr baru permas jaya 81750 johor bahru,False,,"NO.59 JALAN PERMAS 9/5, BANDAR BARU PERMAS JAYA, 81750 JOHOR BAHRU",synthetic,demo,no 59 jln permas 9 5 bdr baru permas jaya 81750 johor bahru,True,True,True,none,True
synthetic/s7/0031,address,address,mock-c,"NO.59 JALAN PERMAS 9/5, BANDAR BARU PERMAS JAYA, 81750 JOHOR BAHRU",no 59 jln permas 9 5 bdr baru permas jaya 81750 johor bahru,False,,"NO.59 JALAN PERMAS 9/5, BANDAR BARU PERMAS JAYA, 81750 JOHOR BAHRU",synthetic,demo,no 59 jln permas 9 5 bdr baru permas jaya 81750 johor bahru,True,True,True,none,True
synthetic/s7/0031,address,address,mock-d,"NO.59 JALAN PERMAS 9/5, BANDAR BARU PERMAS JAYA, 81750 JOHOR BAHRU",no 59 jln permas 9 5 bdr baru permas jaya 81750 johor bahru,False,"line: NO.59 JALAN PERMAS 9/5, BANDAR BARU PERMAS JAYA, 81750 JOHOR BAHRU","NO.59 JALAN PERMAS 9/5, BANDAR BARU PERMAS JAYA, 81750 JOHOR BAHRU",synthetic,demo,no 59 jln permas 9 5 bdr baru permas jaya 81750 johor bahru,True,True,True,none,True
synthetic/s7/0031,company,org,mock-a,PERNIAGAAN ZHENG HUI,perniagaan zheng hui,False,,PERNIAGAAN ZHENG HUI,synthetic,demo,perniagaan zheng hui,True,True,True,none,True
synthetic/s7/0031,company,org,mock-b,PERNIAGAAN ZHENG HUI,perniagaan zheng hui,False,,PERNIAGAAN ZHENG HUI,synthetic,demo,perniagaan zheng hui,True,True,True,none,True
synthetic/s7/0031,company,org,mock-c,PERNIAGAAN ZHENG HUI,perniagaan zheng hui,False,,PERNIAGAAN ZHENG HUI,synthetic,demo,perniagaan zheng hui,True,True,True,none,True
synthetic/s7/0031,company,org,mock-d,PERNIAGAAN ZHENG HUI,perniagaan zheng hui,False,line: PERNIAGAAN ZHENG HUI,PERNIAGAAN ZHENG HUI,synthetic,demo,perniagaan zheng hui,True,True,True,none,True
synthetic/s7/0031,date,date,mock-a,15/08/2018,2018-08-15,False,,15/08/2018,synthetic,demo,2018-08-15,True,True,True,none,True
synthetic/s7/0031,date,date,mock-b,15/08/2018,2018-08-15,False,,15/08/2018,synthetic,demo,2018-08-15,True,True,True,none,True
synthetic/s7/0031,date,date,mock-c,08/15/2018,2018-08-15,False,,15/08/2018,synthetic,demo,2018-08-15,True,True,True,none,True
synthetic/s7/0031,date,date,mock-d,15/08/2018,2018-08-15,False,line: 15/08/2018,15/08/2018,synthetic,demo,2018-08-15,True,True,True,none,True
synthetic/s7/0031,phone,phone,mock-a,09-334 2716,93342716,False,,09-334 2716,synthetic,demo,93342716,True,True,True,none,True
synthetic/s7/0031,phone,phone,mock-b,09-334 2716,93342716,False,,09-334 2716,synthetic,demo,93342716,True,True,True,none,True
synthetic/s7/0031,phone,phone,mock-c,09-334 2716,93342716,False,,09-334 2716,synthetic,demo,93342716,True,True,True,none,True
synthetic/s7/0031,phone,phone,mock-d,09-334 2716,93342716,False,line: 09-334 2716,09-334 2716,synthetic,demo,93342716,True,True,True,none,True
synthetic/s7/0031,tax,money,mock-a,2.89,2.89,False,,2.89,synthetic,demo,2.89,True,True,True,none,True
synthetic/s7/0031,tax,money,mock-b,2.89,2.89,False,,2.89,synthetic,demo,2.89,True,True,True,none,True
synthetic/s7/0031,tax,money,mock-c,2.89,2.89,False,,2.89,synthetic,demo,2.89,True,True,True,none,True
synthetic/s7/0031,tax,money,mock-d,2.89,2.89,False,line: 2.89,2.89,synthetic,demo,2.89,True,True,True,none,True
synthetic/s7/0031,total,money,mock-a,51.09,51.09,False,,51.09,synthetic,demo,51.09,True,True,True,none,True
synthetic/s7/0031,total,money,mock-b,51.59,51.59,False,,51.09,synthetic,demo,51.09,True,True,False,wrong_value,False
synthetic/s7/0031,total,money,mock-c,48.69,48.69,False,,51.09,synthetic,demo,51.09,True,True,False,wrong_value,False
synthetic/s7/0031,total,money,mock-d,51.09,51.09,False,line: 51.09,51.09,synthetic,demo,51.09,True,True,True,none,True
synthetic/s7/0032,address,address,mock-a,"LOT 3, JALAN PELABUR 23/1, 40300 SHAH ALAM",lot 3 jln pelabur 23 1 40300 shah alam,False,,"LOT 3, JALAN PELABUR 23/1, 40300 SHAH ALAM, SELANGOR",synthetic,demo,lot 3 jln pelabur 23 1 40300 shah alam selangor,True,True,False,wrong_value,False
synthetic/s7/0032,address,address,mock-b,"LOT 3, JALAN PELABUR 23/1, 40300 SHAH ALAM",lot 3 jln pelabur 23 1 40300 shah alam,False,,"LOT 3, JALAN PELABUR 23/1, 40300 SHAH ALAM, SELANGOR",synthetic,demo,lot 3 jln pelabur 23 1 40300 shah alam selangor,True,True,False,wrong_value,False
synthetic/s7/0032,address,address,mock-c,"LOT 3, JALAN PELABUR 23/1, 40300 SHAH ALAM",lot 3 jln pelabur 23 1 40300 shah alam,False,,"LOT 3, JALAN PELABUR 23/1, 40300 SHAH ALAM, SELANGOR",synthetic,demo,lot 3 jln pelabur 23 1 40300 shah alam selangor,True,True,False,wrong_value,False
synthetic/s7/0032,address,address,mock-d,"LOT 3, JALAN PELABUR 23/1, 40300 SHAH ALAM",lot 3 jln pelabur 23 1 40300 shah alam,False,"line: LOT 3, JALAN PELABUR 23/1, 40300 SHAH ALAM","LOT 3, JALAN PELABUR 23/1, 40300 SHAH ALAM, SELANGOR",synthetic,demo,lot 3 jln pelabur 23 1 40300 shah alam selangor,True,True,False,wrong_value,False
synthetic/s7/0032,company,org,mock-a,GARDENIA BAKERIES (KL) SDN BHD,gardenia bakeries kl,False,,GARDENIA BAKERIES (KL) SDN BHD,synthetic,demo,gardenia bakeries kl,True,True,True,none,True
synthetic/s7/0032,company,org,mock-b,GARDENIA BAKERIES (KL) SDN BHD,gardenia bakeries kl,False,,GARDENIA BAKERIES (KL) SDN BHD,synthetic,demo,gardenia bakeries kl,True,True,True,none,True
synthetic/s7/0032,company,org,mock-c,GARDENIA BAKERIES (KL) SDN BHD,gardenia bakeries kl,False,,GARDENIA BAKERIES (KL) SDN BHD,synthetic,demo,gardenia bakeries kl,True,True,True,none,True
synthetic/s7/0032,company,org,mock-d,GARDENIA BAKERIES (KL) SDN BHD,gardenia bakeries kl,False,line: GARDENIA BAKERIES (KL) SDN BHD,GARDENIA BAKERIES (KL) SDN BHD,synthetic,demo,gardenia bakeries kl,True,True,True,none,True
synthetic/s7/0032,date,date,mock-a,03/02/2019,2019-02-03,False,,02/03/2019,synthetic,demo,2019-03-02,True,True,False,wrong_value,False
synthetic/s7/0032,date,date,mock-b,03/02/2019,2019-02-03,False,,02/03/2019,synthetic,demo,2019-03-02,True,True,False,wrong_value,False
synthetic/s7/0032,date,date,mock-c,03/02/2019,2019-02-03,False,,02/03/2019,synthetic,demo,2019-03-02,True,True,False,wrong_value,False
synthetic/s7/0032,date,date,mock-d,03/02/2019,2019-02-03,False,line: 03/02/2019,02/03/2019,synthetic,demo,2019-03-02,True,True,False,wrong_value,False
synthetic/s7/0032,phone,phone,mock-a,,,True,,,synthetic,demo,,False,False,True,none,True
synthetic/s7/0032,phone,phone,mock-b,03-1234 5678,312345678,False,,,synthetic,demo,,False,True,False,hallucination,False
synthetic/s7/0032,phone,phone,mock-c,,,True,,,synthetic,demo,,False,False,True,none,True
synthetic/s7/0032,phone,phone,mock-d,,,True,,,synthetic,demo,,False,False,True,none,True
synthetic/s7/0032,tax,money,mock-a,,,True,,,synthetic,demo,,False,False,True,none,True
synthetic/s7/0032,tax,money,mock-b,,,True,,,synthetic,demo,,False,False,True,none,True
synthetic/s7/0032,tax,money,mock-c,,,True,,,synthetic,demo,,False,False,True,none,True
synthetic/s7/0032,tax,money,mock-d,,,True,,,synthetic,demo,,False,False,True,none,True
synthetic/s7/0032,total,money,mock-a,26.20,26.20,False,,26.20,synthetic,demo,26.20,True,True,True,none,True
synthetic/s7/0032,total,money,mock-b,26.20,26.20,False,,26.20,synthetic,demo,26.20,True,True,True,none,True
synthetic/s7/0032,total,money,mock-c,26.20,26.20,False,,26.20,synthetic,demo,26.20,True,True,True,none,True
synthetic/s7/0032,total,money,mock-d,26.20,26.20,False,line: 26.20,26.20,synthetic,demo,26.20,True,True,True,none,True
synthetic/s7/0033,address,address,mock-a,,,True,,"NO. 31G&33G, JALAN SETIA INDAH X, U13/X, 40170 SETIA ALAM",synthetic,demo,no 31g and 33g jln setia indah x u13 x 40170 setia alam,True,False,False,miss,False
synthetic/s7/0033,address,address,mock-b,"NO. 31G&33G, JALAN SETIA INDAH X, U13/X, 40170 SETIA ALAM",no 31g and 33g jln setia indah x u13 x 40170 setia alam,False,,"NO. 31G&33G, JALAN SETIA INDAH X, U13/X, 40170 SETIA ALAM",synthetic,demo,no 31g and 33g jln setia indah x u13 x 40170 setia alam,True,True,True,none,True
synthetic/s7/0033,address,address,mock-c,"NO. 31G&33G, JALAN SETIA INDAH X, U13/X",no 31g and 33g jln setia indah x u13 x,False,,"NO. 31G&33G, JALAN SETIA INDAH X, U13/X, 40170 SETIA ALAM",synthetic,demo,no 31g and 33g jln setia indah x u13 x 40170 setia alam,True,True,False,wrong_value,False
synthetic/s7/0033,address,address,mock-d,"NO. 31G&33G, JALAN SETIA INDAH X, U13/X, 40170 SETIA ALAM",no 31g and 33g jln setia indah x u13 x 40170 setia alam,False,"line: NO. 31G&33G, JALAN SETIA INDAH X, U13/X, 40170 SETIA ALAM","NO. 31G&33G, JALAN SETIA INDAH X, U13/X, 40170 SETIA ALAM",synthetic,demo,no 31g and 33g jln setia indah x u13 x 40170 setia alam,True,True,True,none,True
synthetic/s7/0033,company,org,mock-a,STATIONERY SHOP,stationery shop,False,,SANYU STATIONERY SHOP,synthetic,demo,sanyu stationery shop,True,True,False,wrong_value,False
synthetic/s7/0033,company,org,mock-b,STATIONERY SHOP,stationery shop,False,,SANYU STATIONERY SHOP,synthetic,demo,sanyu stationery shop,True,True,False,wrong_value,False
synthetic/s7/0033,company,org,mock-c,SANYU STATIONERY SHOP,sanyu stationery shop,False,,SANYU STATIONERY SHOP,synthetic,demo,sanyu stationery shop,True,True,True,none,True
synthetic/s7/0033,company,org,mock-d,,,True,,SANYU STATIONERY SHOP,synthetic,demo,sanyu stationery shop,True,False,False,miss,False
synthetic/s7/0033,date,date,mock-a,18/09/2019,2019-09-18,False,,18/09/2019,synthetic,demo,2019-09-18,True,True,True,none,True
synthetic/s7/0033,date,date,mock-b,18/09/2019,2019-09-18,False,,18/09/2019,synthetic,demo,2019-09-18,True,True,True,none,True
synthetic/s7/0033,date,date,mock-c,18/09/2019,2019-09-18,False,,18/09/2019,synthetic,demo,2019-09-18,True,True,True,none,True
synthetic/s7/0033,date,date,mock-d,18/09/2019,2019-09-18,False,line: 18/09/2019,18/09/2019,synthetic,demo,2019-09-18,True,True,True,none,True
synthetic/s7/0033,phone,phone,mock-a,03-375 1275,33751275,False,,03-375 1275,synthetic,demo,33751275,True,True,True,none,True
synthetic/s7/0033,phone,phone,mock-b,03-375 1275,33751275,False,,03-375 1275,synthetic,demo,33751275,True,True,True,none,True
synthetic/s7/0033,phone,phone,mock-c,03-375 1275,33751275,False,,03-375 1275,synthetic,demo,33751275,True,True,True,none,True
synthetic/s7/0033,phone,phone,mock-d,03-375 1275,33751275,False,line: 03-375 1275,03-375 1275,synthetic,demo,33751275,True,True,True,none,True
synthetic/s7/0033,tax,money,mock-a,,,True,,,synthetic,demo,,False,False,True,none,True
synthetic/s7/0033,tax,money,mock-b,,,True,,,synthetic,demo,,False,False,True,none,True
synthetic/s7/0033,tax,money,mock-c,5.30,5.30,False,,,synthetic,demo,,False,True,False,hallucination,False
synthetic/s7/0033,tax,money,mock-d,,,True,,,synthetic,demo,,False,False,True,none,True
synthetic/s7/0033,total,money,mock-a,16.70,16.70,False,,16.70,synthetic,demo,16.70,True,True,True,none,True
synthetic/s7/0033,total,money,mock-b,16.70,16.70,False,,16.70,synthetic,demo,16.70,True,True,True,none,True
synthetic/s7/0033,total,money,mock-c,16.70,16.70,False,,16.70,synthetic,demo,16.70,True,True,True,none,True
synthetic/s7/0033,total,money,mock-d,16.70,16.70,False,line: 16.70,16.70,synthetic,demo,16.70,True,True,True,none,True
synthetic/s7/0034,address,address,mock-a,"LOT P.T. 2811, JALAN ANGSANA, TAMAN MUTIARA RINI, 81300 SKUDAI",lot p t 2811 jln angsana tmn mutiara rini 81300 skudai,False,,"LOT P.T. 2811, JALAN ANGSANA, TAMAN MUTIARA RINI, 81300 SKUDAI",synthetic,demo,lot p t 2811 jln angsana tmn mutiara rini 81300 skudai,True,True,True,none,True
synthetic/s7/0034,address,address,mock-b,"LOT P.T. 2811, JALAN ANGSANA, TAMAN MUTIARA RINI, 81300 SKUDAI",lot p t 2811 jln angsana tmn mutiara rini 81300 skudai,False,,"LOT P.T. 2811, JALAN ANGSANA, TAMAN MUTIARA RINI, 81300 SKUDAI",synthetic,demo,lot p t 2811 jln angsana tmn mutiara rini 81300 skudai,True,True,True,none,True
synthetic/s7/0034,address,address,mock-c,"LOT P.T. 2811, JALAN ANGSANA, TAMAN MUTIARA RINI, 81300 SKUDAI",lot p t 2811 jln angsana tmn mutiara rini 81300 skudai,False,,"LOT P.T. 2811, JALAN ANGSANA, TAMAN MUTIARA RINI, 81300 SKUDAI",synthetic,demo,lot p t 2811 jln angsana tmn mutiara rini 81300 skudai,True,True,True,none,True
synthetic/s7/0034,address,address,mock-d,,,True,,"LOT P.T. 2811, JALAN ANGSANA, TAMAN MUTIARA RINI, 81300 SKUDAI",synthetic,demo,lot p t 2811 jln angsana tmn mutiara rini 81300 skudai,True,False,False,miss,False
synthetic/s7/0034,company,org,mock-a,99 SPEED MART S/B,99 speed mart s b,False,,99 SPEED MART S/B,synthetic,demo,99 speed mart s b,True,True,True,none,True
synthetic/s7/0034,company,org,mock-b,,,True,,99 SPEED MART S/B,synthetic,demo,99 speed mart s b,True,False,False,miss,False
synthetic/s7/0034,company,org,mock-c,99 SPEED MART S/B,99 speed mart s b,False,,99 SPEED MART S/B,synthetic,demo,99 speed mart s b,True,True,True,none,True
synthetic/s7/0034,company,org,mock-d,99 SPEED MART S/B,99 speed mart s b,False,line: 99 SPEED MART S/B,99 SPEED MART S/B,synthetic,demo,99 speed mart s b,True,True,True,none,True
synthetic/s7/0034,date,date,mock-a,03/10/2018,2018-10-03,False,,03/10/2018,synthetic,demo,2018-10-03,True,True,True,none,True
synthetic/s7/0034,date,date,mock-b,03/10/2018,2018-10-03,False,,03/10/2018,synthetic,demo,2018-10-03,True,True,True,none,True
synthetic/s7/0034,date,date,mock-c,03/10/2018,2018-10-03,False,,03/10/2018,synthetic,demo,2018-10-03,True,True,True,none,True
synthetic/s7/0034,date,date,mock-d,03/10/2018,2018-10-03,False,line: 03/10/2018,03/10/2018,synthetic,demo,2018-10-03,True,True,True,none,True
synthetic/s7/0034,phone,phone,mock-a,05-666 7844,56667844,False,,05-666 7844,synthetic,demo,56667844,True,True,True,none,True
synthetic/s7/0034,phone,phone,mock-b,05-666 7844,56667844,False,,05-666 7844,synthetic,demo,56667844,True,True,True,none,True
synthetic/s7/0034,phone,phone,mock-c,05-666 7844,56667844,False,,05-666 7844,synthetic,demo,56667844,True,True,True,none,True
synthetic/s7/0034,phone,phone,mock-d,15-666 7844,56667844,False,line: 15-666 7844,05-666 7844,synthetic,demo,56667844,True,True,True,none,True
synthetic/s7/0034,tax,money,mock-a,,,True,,,synthetic,demo,,False,False,True,none,True
synthetic/s7/0034,tax,money,mock-b,,,True,,,synthetic,demo,,False,False,True,none,True
synthetic/s7/0034,tax,money,mock-c,,,True,,,synthetic,demo,,False,False,True,none,True
synthetic/s7/0034,tax,money,mock-d,,,True,,,synthetic,demo,,False,False,True,none,True
synthetic/s7/0034,total,money,mock-a,6.50,6.50,False,,6.50,synthetic,demo,6.50,True,True,True,none,True
synthetic/s7/0034,total,money,mock-b,2.50,2.50,False,,6.50,synthetic,demo,6.50,True,True,False,wrong_value,False
synthetic/s7/0034,total,money,mock-c,6.50,6.50,False,,6.50,synthetic,demo,6.50,True,True,True,none,True
synthetic/s7/0034,total,money,mock-d,6.50,6.50,False,line: 6.50,6.50,synthetic,demo,6.50,True,True,True,none,True
synthetic/s7/0035,address,address,mock-a,"LOT 276 JALAN BANTING, 43800 DENGKIL, SELANGOR",lot 276 jln banting 43800 dengkil selangor,False,,"LOT 276 JALAN BANTING, 43800 DENGKIL, SELANGOR",synthetic,demo,lot 276 jln banting 43800 dengkil selangor,True,True,True,none,True
synthetic/s7/0035,address,address,mock-b,"LOT 276 JALAN BANTING, 43800 DENGKIL, SELANGOR",lot 276 jln banting 43800 dengkil selangor,False,,"LOT 276 JALAN BANTING, 43800 DENGKIL, SELANGOR",synthetic,demo,lot 276 jln banting 43800 dengkil selangor,True,True,True,none,True
synthetic/s7/0035,address,address,mock-c,"LOT 276 JALAN BANTING, 43800 DENGKIL, SELANGOR",lot 276 jln banting 43800 dengkil selangor,False,,"LOT 276 JALAN BANTING, 43800 DENGKIL, SELANGOR",synthetic,demo,lot 276 jln banting 43800 dengkil selangor,True,True,True,none,True
synthetic/s7/0035,address,address,mock-d,,,True,,"LOT 276 JALAN BANTING, 43800 DENGKIL, SELANGOR",synthetic,demo,lot 276 jln banting 43800 dengkil selangor,True,False,False,miss,False
synthetic/s7/0035,company,org,mock-a,KEDAI PAPAN YEW CHUAN,kedai papan yew chuan,False,,KEDAI PAPAN YEW CHUAN,synthetic,demo,kedai papan yew chuan,True,True,True,none,True
synthetic/s7/0035,company,org,mock-b,KEDAI PAPAN YEW CHUAN,kedai papan yew chuan,False,,KEDAI PAPAN YEW CHUAN,synthetic,demo,kedai papan yew chuan,True,True,True,none,True
synthetic/s7/0035,company,org,mock-c,KEDAI PAPAN YEW CHUAN,kedai papan yew chuan,False,,KEDAI PAPAN YEW CHUAN,synthetic,demo,kedai papan yew chuan,True,True,True,none,True
synthetic/s7/0035,company,org,mock-d,KEDAI PAPAN YEW CHUAN,kedai papan yew chuan,False,line: KEDAI PAPAN YEW CHUAN,KEDAI PAPAN YEW CHUAN,synthetic,demo,kedai papan yew chuan,True,True,True,none,True
synthetic/s7/0035,date,date,mock-a,02/09/2018,2018-09-02,False,,02/09/2018,synthetic,demo,2018-09-02,True,True,True,none,True
synthetic/s7/0035,date,date,mock-b,02/09/2018,2018-09-02,False,,02/09/2018,synthetic,demo,2018-09-02,True,True,True,none,True
synthetic/s7/0035,date,date,mock-c,09/02/2018,2018-02-09,False,,02/09/2018,synthetic,demo,2018-09-02,True,True,False,wrong_value,False
synthetic/s7/0035,date,date,mock-d,02/09/2018,2018-09-02,False,line: 02/09/2018,02/09/2018,synthetic,demo,2018-09-02,True,True,True,none,True
synthetic/s7/0035,phone,phone,mock-a,05-743 5997,57435997,False,,05-743 5997,synthetic,demo,57435997,True,True,True,none,True
synthetic/s7/0035,phone,phone,mock-b,05-743 5997,57435997,False,,05-743 5997,synthetic,demo,57435997,True,True,True,none,True
synthetic/s7/0035,phone,phone,mock-c,05-743 5997,57435997,False,,05-743 5997,synthetic,demo,57435997,True,True,True,none,True
synthetic/s7/0035,phone,phone,mock-d,05-743 5997,57435997,False,line: 05-743 5997,05-743 5997,synthetic,demo,57435997,True,True,True,none,True
synthetic/s7/0035,tax,money,mock-a,0.14,0.14,False,,0.14,synthetic,demo,0.14,True,True,True,none,True
synthetic/s7/0035,tax,money,mock-b,0.19,0.19,False,,0.14,synthetic,demo,0.14,True,True,False,wrong_value,False
synthetic/s7/0035,tax,money,mock-c,0.14,0.14,False,,0.14,synthetic,demo,0.14,True,True,True,none,True
synthetic/s7/0035,tax,money,mock-d,0.14,0.14,False,line: 0.14,0.14,synthetic,demo,0.14,True,True,True,none,True
synthetic/s7/0035,total,money,mock-a,2.44,2.44,False,,2.44,synthetic,demo,2.44,True,True,True,none,True
synthetic/s7/0035,total,money,mock-b,2.44,2.44,False,,2.44,synthetic,demo,2.44,True,True,True,none,True
synthetic/s7/0035,total,money,mock-c,2.44,2.44,False,,2.44,synthetic,demo,2.44,True,True,True,none,True
synthetic/s7/0035,total,money,mock-d,2.44,2.44,False,line: 2.44,2.44,synthetic,demo,2.44,True,True,True,none,True
synthetic/s7/0036,address,address,mock-a,"NO 2 & 4, JALAN BAYU 4, BANDAR SERI ALAM, 81750 MASAI, JOHOR",no 2 and 4 jln bayu 4 bdr seri alam 81750 masai johor,False,,"NO 2 & 4, JALAN BAYU 4, BANDAR SERI ALAM, 81750 MASAI, JOHOR",synthetic,demo,no 2 and 4 jln bayu 4 bdr seri alam 81750 masai johor,True,True,True,none,True
synthetic/s7/0036,address,address,mock-b,"NO 2 & 4, JALAN BAYU 4, BANDAR SERI ALAM, 81750 MASAI, JOHOR",no 2 and 4 jln bayu 4 bdr seri alam 81750 masai johor,False,,"NO 2 & 4, JALAN BAYU 4, BANDAR SERI ALAM, 81750 MASAI, JOHOR",synthetic,demo,no 2 and 4 jln bayu 4 bdr seri alam 81750 masai johor,True,True,True,none,True
synthetic/s7/0036,address,address,mock-c,"NO 2 & 4, JALAN BAYU 4, BANDAR SERI ALAM, 81750 MASAI, JOHOR",no 2 and 4 jln bayu 4 bdr seri alam 81750 masai johor,False,,"NO 2 & 4, JALAN BAYU 4, BANDAR SERI ALAM, 81750 MASAI, JOHOR",synthetic,demo,no 2 and 4 jln bayu 4 bdr seri alam 81750 masai johor,True,True,True,none,True
synthetic/s7/0036,address,address,mock-d,"NO 2 & 4, JALAN BAYU 4, BANDAR SERI ALAM, 81750 MASAI, JOHOR",no 2 and 4 jln bayu 4 bdr seri alam 81750 masai johor,False,"line: NO 2 & 4, JALAN BAYU 4, BANDAR SERI ALAM, 81750 MASAI, JOHOR","NO 2 & 4, JALAN BAYU 4, BANDAR SERI ALAM, 81750 MASAI, JOHOR",synthetic,demo,no 2 and 4 jln bayu 4 bdr seri alam 81750 masai johor,True,True,True,none,True
synthetic/s7/0036,company,org,mock-a,MARKETING SDN BHD,marketing,False,,OJC MARKETING SDN BHD,synthetic,demo,ojc marketing,True,True,False,wrong_value,False
synthetic/s7/0036,company,org,mock-b,,,True,,OJC MARKETING SDN BHD,synthetic,demo,ojc marketing,True,False,False,miss,False
synthetic/s7/0036,company,org,mock-c,OJC MARKETING SDN BHD,ojc marketing,False,,OJC MARKETING SDN BHD,synthetic,demo,ojc marketing,True,True,True,none,True
synthetic/s7/0036,company,org,mock-d,,,True,,OJC MARKETING SDN BHD,synthetic,demo,ojc marketing,True,False,False,miss,False
synthetic/s7/0036,date,date,mock-a,10/08/2018,2018-08-10,False,,10/08/2018,synthetic,demo,2018-08-10,True,True,True,none,True
synthetic/s7/0036,date,date,mock-b,10/08/2018,2018-08-10,False,,10/08/2018,synthetic,demo,2018-08-10,True,True,True,none,True
synthetic/s7/0036,date,date,mock-c,10/08/2018,2018-08-10,False,,10/08/2018,synthetic,demo,2018-08-10,True,True,True,none,True
synthetic/s7/0036,date,date,mock-d,10/08/2018,2018-08-10,False,line: 10/08/2018,10/08/2018,synthetic,demo,2018-08-10,True,True,True,none,True
synthetic/s7/0036,phone,phone,mock-a,03-850 9284,38509284,False,,03-850 9284,synthetic,demo,38509284,True,True,True,none,True
synthetic/s7/0036,phone,phone,mock-b,03-850 9284,38509284,False,,03-850 9284,synthetic,demo,38509284,True,True,True,none,True
synthetic/s7/0036,phone,phone,mock-c,03-850 9284,38509284,False,,03-850 9284,synthetic,demo,38509284,True,True,True,none,True
synthetic/s7/0036,phone,phone,mock-d,03-850 9284,38509284,False,line: 03-850 9284,03-850 9284,synthetic,demo,38509284,True,True,True,none,True
synthetic/s7/0036,tax,money,mock-a,,,True,,,synthetic,demo,,False,False,True,none,True
synthetic/s7/0036,tax,money,mock-b,,,True,,,synthetic,demo,,False,False,True,none,True
synthetic/s7/0036,tax,money,mock-c,,,True,,,synthetic,demo,,False,False,True,none,True
synthetic/s7/0036,tax,money,mock-d,,,True,,,synthetic,demo,,False,False,True,none,True
synthetic/s7/0036,total,money,mock-a,40.90,40.90,False,,40.90,synthetic,demo,40.90,True,True,True,none,True
synthetic/s7/0036,total,money,mock-b,40.90,40.90,False,,40.90,synthetic,demo,40.90,True,True,True,none,True
synthetic/s7/0036,total,money,mock-c,40.90,40.90,False,,40.90,synthetic,demo,40.90,True,True,True,none,True
synthetic/s7/0036,total,money,mock-d,40.90,40.90,False,line: 40.90,40.90,synthetic,demo,40.90,True,True,True,none,True
synthetic/s7/0037,address,address,mock-a,"NO.59 JALAN PERMAS 9/5, BANDAR BARU PERMAS JAYA, 81750 JOHOR BAHRU",no 59 jln permas 9 5 bdr baru permas jaya 81750 johor bahru,False,,"NO.59 JALAN PERMAS 9/5, BANDAR BARU PERMAS JAYA, 81750 JOHOR BAHRU",synthetic,demo,no 59 jln permas 9 5 bdr baru permas jaya 81750 johor bahru,True,True,True,none,True
synthetic/s7/0037,address,address,mock-b,"NO.59 JALAN PERMAS 9/5, BANDAR BARU PERMAS JAYA, 81750 JOHOR BAHRU",no 59 jln permas 9 5 bdr baru permas jaya 81750 johor bahru,False,,"NO.59 JALAN PERMAS 9/5, BANDAR BARU PERMAS JAYA, 81750 JOHOR BAHRU",synthetic,demo,no 59 jln permas 9 5 bdr baru permas jaya 81750 johor bahru,True,True,True,none,True
synthetic/s7/0037,address,address,mock-c,"NO.59 JALAN PERMAS 9/5, BANDAR BARU PERMAS JAYA, 81750 JOHOR BAHRU",no 59 jln permas 9 5 bdr baru permas jaya 81750 johor bahru,False,,"NO.59 JALAN PERMAS 9/5, BANDAR BARU PERMAS JAYA, 81750 JOHOR BAHRU",synthetic,demo,no 59 jln permas 9 5 bdr baru permas jaya 81750 johor bahru,True,True,True,none,True
synthetic/s7/0037,address,address,mock-d,"NO.59 JALAN PERMAS 9/5, BANDAR BARU PERMAS JAYA, 81750 JOHOR BAHRU",no 59 jln permas 9 5 bdr baru permas jaya 81750 johor bahru,False,"line: NO.59 JALAN PERMAS 9/5, BANDAR BARU PERMAS JAYA, 81750 JOHOR BAHRU","NO.59 JALAN PERMAS 9/5, BANDAR BARU PERMAS JAYA, 81750 JOHOR BAHRU",synthetic,demo,no 59 jln permas 9 5 bdr baru permas jaya 81750 johor bahru,True,True,True,none,True
synthetic/s7/0037,company,org,mock-a,PERNIAGAAN ZHENG HUI,perniagaan zheng hui,False,,PERNIAGAAN ZHENG HUI,synthetic,demo,perniagaan zheng hui,True,True,True,none,True
synthetic/s7/0037,company,org,mock-b,PERNIAGAAN ZHENG HUI,perniagaan zheng hui,False,,PERNIAGAAN ZHENG HUI,synthetic,demo,perniagaan zheng hui,True,True,True,none,True
synthetic/s7/0037,company,org,mock-c,PERNIAGAAN ZHENG HUI,perniagaan zheng hui,False,,PERNIAGAAN ZHENG HUI,synthetic,demo,perniagaan zheng hui,True,True,True,none,True
synthetic/s7/0037,company,org,mock-d,PERNIAGAAN ZHENG HUI,perniagaan zheng hui,False,line: PERNIAGAAN ZHENG HUI,PERNIAGAAN ZHENG HUI,synthetic,demo,perniagaan zheng hui,True,True,True,none,True
synthetic/s7/0037,date,date,mock-a,16/04/2019,2019-04-16,False,,16/04/2019,synthetic,demo,2019-04-16,True,True,True,none,True
synthetic/s7/0037,date,date,mock-b,04/16/2019,2019-04-16,False,,16/04/2019,synthetic,demo,2019-04-16,True,True,True,none,True
synthetic/s7/0037,date,date,mock-c,16/04/2019,2019-04-16,False,,16/04/2019,synthetic,demo,2019-04-16,True,True,True,none,True
synthetic/s7/0037,date,date,mock-d,16/04/2019,2019-04-16,False,line: 16/04/2019,16/04/2019,synthetic,demo,2019-04-16,True,True,True,none,True
synthetic/s7/0037,phone,phone,mock-a,06-618 6042,66186042,False,,06-618 6042,synthetic,demo,66186042,True,True,True,none,True
synthetic/s7/0037,phone,phone,mock-b,06-618 6042,66186042,False,,06-618 6042,synthetic,demo,66186042,True,True,True,none,True
synthetic/s7/0037,phone,phone,mock-c,06-618 6042,66186042,False,,06-618 6042,synthetic,demo,66186042,True,True,True,none,True
synthetic/s7/0037,phone,phone,mock-d,06-618 6042,66186042,False,line: 06-618 6042,06-618 6042,synthetic,demo,66186042,True,True,True,none,True
synthetic/s7/0037,tax,money,mock-a,,,True,,,synthetic,demo,,False,False,True,none,True
synthetic/s7/0037,tax,money,mock-b,,,True,,,synthetic,demo,,False,False,True,none,True
synthetic/s7/0037,tax,money,mock-c,0.00,0.00,False,,,synthetic,demo,,False,True,False,hallucination,False
synthetic/s7/0037,tax,money,mock-d,,,True,,,synthetic,demo,,False,False,True,none,True
synthetic/s7/0037,total,money,mock-a,41.40,41.40,False,,21.40,synthetic,demo,21.40,True,True,False,wrong_value,False
synthetic/s7/0037,total,money,mock-b,41.40,41.40,False,,21.40,synthetic,demo,21.40,True,True,False,wrong_value,False
synthetic/s7/0037,total,money,mock-c,41.40,41.40,False,,21.40,synthetic,demo,21.40,True,True,False,wrong_value,False
synthetic/s7/0037,total,money,mock-d,41.40,41.40,False,line: 41.40,21.40,synthetic,demo,21.40,True,True,False,wrong_value,False
synthetic/s7/0038,address,address,mock-a,"LOT 3, JALAN PELABUR 23/1, 40300 SHAH ALAM, SELANGOR",lot 3 jln pelabur 23 1 40300 shah alam selangor,False,,"LOT 3, JALAN PELABUR 23/1, 40300 SHAH ALAM, SELANGOR",synthetic,demo,lot 3 jln pelabur 23 1 40300 shah alam selangor,True,True,True,none,True
synthetic/s7/0038,address,address,mock-b,,,True,,"LOT 3, JALAN PELABUR 23/1, 40300 SHAH ALAM, SELANGOR",synthetic,demo,lot 3 jln pelabur 23 1 40300 shah alam selangor,True,False,False,miss,False
synthetic/s7/0038,address,address,mock-c,"LOT 3, JALAN PELABUR 23/1, 40300 SHAH ALAM, SELANGOR",lot 3 jln pelabur 23 1 40300 shah alam selangor,False,,"LOT 3, JALAN PELABUR 23/1, 40300 SHAH ALAM, SELANGOR",synthetic,demo,lot 3 jln pelabur 23 1 40300 shah alam selangor,True,True,True,none,True
synthetic/s7/0038,address,address,mock-d,"LOT 3, JALAN PELABUR 23/1, 40300 SHAH ALAM, SELANGOR",lot 3 jln pelabur 23 1 40300 shah alam selangor,False,"line: LOT 3, JALAN PELABUR 23/1, 40300 SHAH ALAM, SELANGOR","LOT 3, JALAN PELABUR 23/1, 40300 SHAH ALAM, SELANGOR",synthetic,demo,lot 3 jln pelabur 23 1 40300 shah alam selangor,True,True,True,none,True
synthetic/s7/0038,company,org,mock-a,GARDENIA BAKERIES (KL) SDN BHD,gardenia bakeries kl,False,,GARDENIA BAKERIES (KL) SDN BHD,synthetic,demo,gardenia bakeries kl,True,True,True,none,True
synthetic/s7/0038,company,org,mock-b,GARDENIA BAKERIES (KL) SDN BHD,gardenia bakeries kl,False,,GARDENIA BAKERIES (KL) SDN BHD,synthetic,demo,gardenia bakeries kl,True,True,True,none,True
synthetic/s7/0038,company,org,mock-c,GARDENIA BAKERIES (KL) SDN BHD,gardenia bakeries kl,False,,GARDENIA BAKERIES (KL) SDN BHD,synthetic,demo,gardenia bakeries kl,True,True,True,none,True
synthetic/s7/0038,company,org,mock-d,GARDENIA BAKERIES (KL) SDN BHD,gardenia bakeries kl,False,line: GARDENIA BAKERIES (KL) SDN BHD,GARDENIA BAKERIES (KL) SDN BHD,synthetic,demo,gardenia bakeries kl,True,True,True,none,True
synthetic/s7/0038,date,date,mock-a,11/04/2018,2018-04-11,False,,11/04/2018,synthetic,demo,2018-04-11,True,True,True,none,True
synthetic/s7/0038,date,date,mock-b,11/04/2018,2018-04-11,False,,11/04/2018,synthetic,demo,2018-04-11,True,True,True,none,True
synthetic/s7/0038,date,date,mock-c,11/04/2018,2018-04-11,False,,11/04/2018,synthetic,demo,2018-04-11,True,True,True,none,True
synthetic/s7/0038,date,date,mock-d,11/04/2018,2018-04-11,False,line: 11/04/2018,11/04/2018,synthetic,demo,2018-04-11,True,True,True,none,True
synthetic/s7/0038,phone,phone,mock-a,,,True,,,synthetic,demo,,False,False,True,none,True
synthetic/s7/0038,phone,phone,mock-b,,,True,,,synthetic,demo,,False,False,True,none,True
synthetic/s7/0038,phone,phone,mock-c,,,True,,,synthetic,demo,,False,False,True,none,True
synthetic/s7/0038,phone,phone,mock-d,,,True,,,synthetic,demo,,False,False,True,none,True
synthetic/s7/0038,tax,money,mock-a,3.23,3.23,False,,3.23,synthetic,demo,3.23,True,True,True,none,True
synthetic/s7/0038,tax,money,mock-b,3.23,3.23,False,,3.23,synthetic,demo,3.23,True,True,True,none,True
synthetic/s7/0038,tax,money,mock-c,3.23,3.23,False,,3.23,synthetic,demo,3.23,True,True,True,none,True
synthetic/s7/0038,tax,money,mock-d,3.23,3.23,False,line: 3.23,3.23,synthetic,demo,3.23,True,True,True,none,True
synthetic/s7/0038,total,money,mock-a,57.09,57.09,False,,57.03,synthetic,demo,57.03,True,True,False,wrong_value,False
synthetic/s7/0038,total,money,mock-b,57.03,57.03,False,,57.03,synthetic,demo,57.03,True,True,True,none,True
synthetic/s7/0038,total,money,mock-c,57.03,57.03,False,,57.03,synthetic,demo,57.03,True,True,True,none,True
synthetic/s7/0038,total,money,mock-d,57.03,57.03,False,line: 57.03,57.03,synthetic,demo,57.03,True,True,True,none,True
synthetic/s7/0039,address,address,mock-a,"NO. 31G&33G, JALAN SETIA INDAH X, U13/X",no 31g and 33g jln setia indah x u13 x,False,,"NO. 31G&33G, JALAN SETIA INDAH X, U13/X, 40170 SETIA ALAM",synthetic,demo,no 31g and 33g jln setia indah x u13 x 40170 setia alam,True,True,False,wrong_value,False
synthetic/s7/0039,address,address,mock-b,"NO. 31G&33G, JALAN SETIA INDAH X, U13/X, 40170 SETIA ALAM",no 31g and 33g jln setia indah x u13 x 40170 setia alam,False,,"NO. 31G&33G, JALAN SETIA INDAH X, U13/X, 40170 SETIA ALAM",synthetic,demo,no 31g and 33g jln setia indah x u13 x 40170 setia alam,True,True,True,none,True
synthetic/s7/0039,address,address,mock-c,"NO. 31G&33G, JALAN SETIA INDAH X, U13/X, 40170 SETIA ALAM",no 31g and 33g jln setia indah x u13 x 40170 setia alam,False,,"NO. 31G&33G, JALAN SETIA INDAH X, U13/X, 40170 SETIA ALAM",synthetic,demo,no 31g and 33g jln setia indah x u13 x 40170 setia alam,True,True,True,none,True
synthetic/s7/0039,address,address,mock-d,"NO. 31G&33G, JALAN SETIA INDAH X, U13/X, 40170 SETIA ALAM",no 31g and 33g jln setia indah x u13 x 40170 setia alam,False,"line: NO. 31G&33G, JALAN SETIA INDAH X, U13/X, 40170 SETIA ALAM","NO. 31G&33G, JALAN SETIA INDAH X, U13/X, 40170 SETIA ALAM",synthetic,demo,no 31g and 33g jln setia indah x u13 x 40170 setia alam,True,True,True,none,True
synthetic/s7/0039,company,org,mock-a,,,True,,SANYU STATIONERY SHOP,synthetic,demo,sanyu stationery shop,True,False,False,miss,False
synthetic/s7/0039,company,org,mock-b,SANYU STATIONERY SHOP,sanyu stationery shop,False,,SANYU STATIONERY SHOP,synthetic,demo,sanyu stationery shop,True,True,True,none,True
synthetic/s7/0039,company,org,mock-c,SANYU STATIONERY SHOP,sanyu stationery shop,False,,SANYU STATIONERY SHOP,synthetic,demo,sanyu stationery shop,True,True,True,none,True
synthetic/s7/0039,company,org,mock-d,,,True,,SANYU STATIONERY SHOP,synthetic,demo,sanyu stationery shop,True,False,False,miss,False
synthetic/s7/0039,date,date,mock-a,02/02/2019,2019-02-02,False,,02/02/2019,synthetic,demo,2019-02-02,True,True,True,none,True
synthetic/s7/0039,date,date,mock-b,,,True,,02/02/2019,synthetic,demo,2019-02-02,True,False,False,miss,False
synthetic/s7/0039,date,date,mock-c,02/02/2019,2019-02-02,False,,02/02/2019,synthetic,demo,2019-02-02,True,True,True,none,True
synthetic/s7/0039,date,date,mock-d,02/02/2019,2019-02-02,False,line: 02/02/2019,02/02/2019,synthetic,demo,2019-02-02,True,True,True,none,True
synthetic/s7/0039,phone,phone,mock-a,05-556 1059,55561059,False,,05-556 1059,synthetic,demo,55561059,True,True,True,none,True
synthetic/s7/0039,phone,phone,mock-b,05-556 1059,55561059,False,,05-556 1059,synthetic,demo,55561059,True,True,True,none,True
synthetic/s7/0039,phone,phone,mock-c,05-556 1059,55561059,False,,05-556 1059,synthetic,demo,55561059,True,True,True,none,True
synthetic/s7/0039,phone,phone,mock-d,25-556 1059,255561059,False,line: 25-556 1059,05-556 1059,synthetic,demo,55561059,True,True,False,wrong_value,False
synthetic/s7/0039,tax,money,mock-a,1.41,1.41,False,,1.41,synthetic,demo,1.41,True,True,True,none,True
synthetic/s7/0039,tax,money,mock-b,1.41,1.41,False,,1.41,synthetic,demo,1.41,True,True,True,none,True
synthetic/s7/0039,tax,money,mock-c,1.41,1.41,False,,1.41,synthetic,demo,1.41,True,True,True,none,True
synthetic/s7/0039,tax,money,mock-d,1.41,1.41,False,line: 1.41,1.41,synthetic,demo,1.41,True,True,True,none,True
synthetic/s7/0039,total,money,mock-a,24.31,24.31,False,,24.91,synthetic,demo,24.91,True,True,False,wrong_value,False
synthetic/s7/0039,total,money,mock-b,24.31,24.31,False,,24.91,synthetic,demo,24.91,True,True,False,wrong_value,False
synthetic/s7/0039,total,money,mock-c,24.31,24.31,False,,24.91,synthetic,demo,24.91,True,True,False,wrong_value,False
synthetic/s7/0039,total,money,mock-d,24.31,24.31,False,line: 24.31,24.91,synthetic,demo,24.91,True,True,False,wrong_value,False
synthetic/s7/0040,address,address,mock-a,"LOT P.T. 2811, JALAN ANGSANA, TAMAN MUTIARA RINI, 81300 SKUDAI",lot p t 2811 jln angsana tmn mutiara rini 81300 skudai,False,,"LOT P.T. 2811, JALAN ANGSANA, TAMAN MUTIARA RINI, 81300 SKUDAI",synthetic,demo,lot p t 2811 jln angsana tmn mutiara rini 81300 skudai,True,True,True,none,True
synthetic/s7/0040,address,address,mock-b,"LOT P.T. 2811, JALAN ANGSANA, TAMAN MUTIARA RINI, 81300 SKUDAI",lot p t 2811 jln angsana tmn mutiara rini 81300 skudai,False,,"LOT P.T. 2811, JALAN ANGSANA, TAMAN MUTIARA RINI, 81300 SKUDAI",synthetic,demo,lot p t 2811 jln angsana tmn mutiara rini 81300 skudai,True,True,True,none,True
synthetic/s7/0040,address,address,mock-c,"LOT P.T. 2811, JALAN ANGSANA, TAMAN MUTIARA RINI, 81300 SKUDAI",lot p t 2811 jln angsana tmn mutiara rini 81300 skudai,False,,"LOT P.T. 2811, JALAN ANGSANA, TAMAN MUTIARA RINI, 81300 SKUDAI",synthetic,demo,lot p t 2811 jln angsana tmn mutiara rini 81300 skudai,True,True,True,none,True
synthetic/s7/0040,address,address,mock-d,"LOT P.T. 2811, JALAN ANGSANA, TAMAN MUTIARA RINI, 81300 SKUDAI",lot p t 2811 jln angsana tmn mutiara rini 81300 skudai,False,"line: LOT P.T. 2811, JALAN ANGSANA, TAMAN MUTIARA RINI, 81300 SKUDAI","LOT P.T. 2811, JALAN ANGSANA, TAMAN MUTIARA RINI, 81300 SKUDAI",synthetic,demo,lot p t 2811 jln angsana tmn mutiara rini 81300 skudai,True,True,True,none,True
synthetic/s7/0040,company,org,mock-a,99 SPEED MART S/B,99 speed mart s b,False,,99 SPEED MART S/B,synthetic,demo,99 speed mart s b,True,True,True,none,True
synthetic/s7/0040,company,org,mock-b,99 SPEED MART S/B,99 speed mart s b,False,,99 SPEED MART S/B,synthetic,demo,99 speed mart s b,True,True,True,none,True
synthetic/s7/0040,company,org,mock-c,99 SPEED MART S/B,99 speed mart s b,False,,99 SPEED MART S/B,synthetic,demo,99 speed mart s b,True,True,True,none,True
synthetic/s7/0040,company,org,mock-d,99 SPEED MART S/B,99 speed mart s b,False,line: 99 SPEED MART S/B,99 SPEED MART S/B,synthetic,demo,99 speed mart s b,True,True,True,none,True
synthetic/s7/0040,date,date,mock-a,18/06/2018,2018-06-18,False,,18/06/2018,synthetic,demo,2018-06-18,True,True,True,none,True
synthetic/s7/0040,date,date,mock-b,06/18/2018,2018-06-18,False,,18/06/2018,synthetic,demo,2018-06-18,True,True,True,none,True
synthetic/s7/0040,date,date,mock-c,18/06/2018,2018-06-18,False,,18/06/2018,synthetic,demo,2018-06-18,True,True,True,none,True
synthetic/s7/0040,date,date,mock-d,18/06/2018,2018-06-18,False,line: 18/06/2018,18/06/2018,synthetic,demo,2018-06-18,True,True,True,none,True
synthetic/s7/0040,phone,phone,mock-a,05-490 2374,54902374,False,,05-490 2374,synthetic,demo,54902374,True,True,True,none,True
synthetic/s7/0040,phone,phone,mock-b,,,True,,05-490 2374,synthetic,demo,54902374,True,False,False,miss,False
synthetic/s7/0040,phone,phone,mock-c,05-490 2374,54902374,False,,05-490 2374,synthetic,demo,54902374,True,True,True,none,True
synthetic/s7/0040,phone,phone,mock-d,05-490 2374,54902374,False,line: 05-490 2374,05-490 2374,synthetic,demo,54902374,True,True,True,none,True
synthetic/s7/0040,tax,money,mock-a,,,True,,0.39,synthetic,demo,0.39,True,False,False,miss,False
synthetic/s7/0040,tax,money,mock-b,0.39,0.39,False,,0.39,synthetic,demo,0.39,True,True,True,none,True
synthetic/s7/0040,tax,money,mock-c,0.39,0.39,False,,0.39,synthetic,demo,0.39,True,True,True,none,True
synthetic/s7/0040,tax,money,mock-d,0.39,0.39,False,line: 0.39,0.39,synthetic,demo,0.39,True,True,True,none,True
synthetic/s7/0040,total,money,mock-a,6.89,6.89,False,,6.89,synthetic,demo,6.89,True,True,True,none,True
synthetic/s7/0040,total,money,mock-b,6.89,6.89,False,,6.89,synthetic,demo,6.89,True,True,True,none,True
synthetic/s7/0040,total,money,mock-c,6.85,6.85,False,,6.89,synthetic,demo,6.89,True,True,False,wrong_value,False
synthetic/s7/0040,total,money,mock-d,6.89,6.89,False,line: 6.89,6.89,synthetic,demo,6.89,True,True,True,none,True
synthetic/s7/0041,address,address,mock-a,"LOT 276 JALAN BANTING, 43800 DENGKIL, SELANGOR",lot 276 jln banting 43800 dengkil selangor,False,,"LOT 276 JALAN BANTING, 43800 DENGKIL, SELANGOR",synthetic,demo,lot 276 jln banting 43800 dengkil selangor,True,True,True,none,True
synthetic/s7/0041,address,address,mock-b,"LOT 276 JALAN BANTING, 43800 DENGKIL, SELANGOR",lot 276 jln banting 43800 dengkil selangor,False,,"LOT 276 JALAN BANTING, 43800 DENGKIL, SELANGOR",synthetic,demo,lot 276 jln banting 43800 dengkil selangor,True,True,True,none,True
synthetic/s7/0041,address,address,mock-c,"LOT 276 JALAN BANTING, 43800 DENGKIL, SELANGOR",lot 276 jln banting 43800 dengkil selangor,False,,"LOT 276 JALAN BANTING, 43800 DENGKIL, SELANGOR",synthetic,demo,lot 276 jln banting 43800 dengkil selangor,True,True,True,none,True
synthetic/s7/0041,address,address,mock-d,,,True,,"LOT 276 JALAN BANTING, 43800 DENGKIL, SELANGOR",synthetic,demo,lot 276 jln banting 43800 dengkil selangor,True,False,False,miss,False
synthetic/s7/0041,company,org,mock-a,KEDAI PAPAN YEW CHUAN,kedai papan yew chuan,False,,KEDAI PAPAN YEW CHUAN,synthetic,demo,kedai papan yew chuan,True,True,True,none,True
synthetic/s7/0041,company,org,mock-b,KEDAI PAPAN YEW CHUAN,kedai papan yew chuan,False,,KEDAI PAPAN YEW CHUAN,synthetic,demo,kedai papan yew chuan,True,True,True,none,True
synthetic/s7/0041,company,org,mock-c,KEDAI PAPAN YEW CHUAN,kedai papan yew chuan,False,,KEDAI PAPAN YEW CHUAN,synthetic,demo,kedai papan yew chuan,True,True,True,none,True
synthetic/s7/0041,company,org,mock-d,,,True,,KEDAI PAPAN YEW CHUAN,synthetic,demo,kedai papan yew chuan,True,False,False,miss,False
synthetic/s7/0041,date,date,mock-a,21/04/2018,2018-04-21,False,,21/04/2018,synthetic,demo,2018-04-21,True,True,True,none,True
synthetic/s7/0041,date,date,mock-b,21/04/2018,2018-04-21,False,,21/04/2018,synthetic,demo,2018-04-21,True,True,True,none,True
synthetic/s7/0041,date,date,mock-c,21/04/2018,2018-04-21,False,,21/04/2018,synthetic,demo,2018-04-21,True,True,True,none,True
synthetic/s7/0041,date,date,mock-d,21/04/2018,2018-04-21,False,line: 21/04/2018,21/04/2018,synthetic,demo,2018-04-21,True,True,True,none,True
synthetic/s7/0041,phone,phone,mock-a,06-700 1682,67001682,False,,06-700 1682,synthetic,demo,67001682,True,True,True,none,True
synthetic/s7/0041,phone,phone,mock-b,06-700 1682,67001682,False,,06-700 1682,synthetic,demo,67001682,True,True,True,none,True
synthetic/s7/0041,phone,phone,mock-c,06-700 1682,67001682,False,,06-700 1682,synthetic,demo,67001682,True,True,True,none,True
synthetic/s7/0041,phone,phone,mock-d,06-700 1682,67001682,False,line: 06-700 1682,06-700 1682,synthetic,demo,67001682,True,True,True,none,True
synthetic/s7/0041,tax,money,mock-a,0.77,0.77,False,,0.77,synthetic,demo,0.77,True,True,True,none,True
synthetic/s7/0041,tax,money,mock-b,0.77,0.77,False,,0.77,synthetic,demo,0.77,True,True,True,none,True
synthetic/s7/0041,tax,money,mock-c,0.77,0.77,False,,0.77,synthetic,demo,0.77,True,True,True,none,True
synthetic/s7/0041,tax,money,mock-d,0.77,0.77,False,line: 0.77,0.77,synthetic,demo,0.77,True,True,True,none,True
synthetic/s7/0041,total,money,mock-a,13.67,13.67,False,,13.67,synthetic,demo,13.67,True,True,True,none,True
synthetic/s7/0041,total,money,mock-b,13.67,13.67,False,,13.67,synthetic,demo,13.67,True,True,True,none,True
synthetic/s7/0041,total,money,mock-c,13.67,13.67,False,,13.67,synthetic,demo,13.67,True,True,True,none,True
synthetic/s7/0041,total,money,mock-d,13.67,13.67,False,line: 13.67,13.67,synthetic,demo,13.67,True,True,True,none,True
synthetic/s7/0042,address,address,mock-a,"NO 2 & 4, JALAN BAYU 4, BANDAR SERI ALAM, 81750 MASAI, JOHOR",no 2 and 4 jln bayu 4 bdr seri alam 81750 masai johor,False,,"NO 2 & 4, JALAN BAYU 4, BANDAR SERI ALAM, 81750 MASAI, JOHOR",synthetic,demo,no 2 and 4 jln bayu 4 bdr seri alam 81750 masai johor,True,True,True,none,True
synthetic/s7/0042,address,address,mock-b,"NO 2 & 4, JALAN BAYU 4, BANDAR SERI ALAM, 81750 MASAI, JOHOR",no 2 and 4 jln bayu 4 bdr seri alam 81750 masai johor,False,,"NO 2 & 4, JALAN BAYU 4, BANDAR SERI ALAM, 81750 MASAI, JOHOR",synthetic,demo,no 2 and 4 jln bayu 4 bdr seri alam 81750 masai johor,True,True,True,none,True
synthetic/s7/0042,address,address,mock-c,"NO 2 & 4, JALAN BAYU 4, BANDAR SERI ALAM, 81750 MASAI, JOHOR",no 2 and 4 jln bayu 4 bdr seri alam 81750 masai johor,False,,"NO 2 & 4, JALAN BAYU 4, BANDAR SERI ALAM, 81750 MASAI, JOHOR",synthetic,demo,no 2 and 4 jln bayu 4 bdr seri alam 81750 masai johor,True,True,True,none,True
synthetic/s7/0042,address,address,mock-d,,,True,,"NO 2 & 4, JALAN BAYU 4, BANDAR SERI ALAM, 81750 MASAI, JOHOR",synthetic,demo,no 2 and 4 jln bayu 4 bdr seri alam 81750 masai johor,True,False,False,miss,False
synthetic/s7/0042,company,org,mock-a,MARKETING SDN BHD,marketing,False,,OJC MARKETING SDN BHD,synthetic,demo,ojc marketing,True,True,False,wrong_value,False
synthetic/s7/0042,company,org,mock-b,OJC MARKETING SDN BHD,ojc marketing,False,,OJC MARKETING SDN BHD,synthetic,demo,ojc marketing,True,True,True,none,True
synthetic/s7/0042,company,org,mock-c,OJC MARKETING SDN BHD,ojc marketing,False,,OJC MARKETING SDN BHD,synthetic,demo,ojc marketing,True,True,True,none,True
synthetic/s7/0042,company,org,mock-d,OJC MARKETING SDN BHD,ojc marketing,False,line: OJC MARKETING SDN BHD,OJC MARKETING SDN BHD,synthetic,demo,ojc marketing,True,True,True,none,True
synthetic/s7/0042,date,date,mock-a,,,True,,10/11/2018,synthetic,demo,2018-11-10,True,False,False,miss,False
synthetic/s7/0042,date,date,mock-b,10/11/2018,2018-11-10,False,,10/11/2018,synthetic,demo,2018-11-10,True,True,True,none,True
synthetic/s7/0042,date,date,mock-c,10/11/2018,2018-11-10,False,,10/11/2018,synthetic,demo,2018-11-10,True,True,True,none,True
synthetic/s7/0042,date,date,mock-d,10/11/2018,2018-11-10,False,line: 10/11/2018,10/11/2018,synthetic,demo,2018-11-10,True,True,True,none,True
synthetic/s7/0042,phone,phone,mock-a,,,True,,,synthetic,demo,,False,False,True,none,True
synthetic/s7/0042,phone,phone,mock-b,03-1234 5678,312345678,False,,,synthetic,demo,,False,True,False,hallucination,False
synthetic/s7/0042,phone,phone,mock-c,,,True,,,synthetic,demo,,False,False,True,none,True
synthetic/s7/0042,phone,phone,mock-d,,,True,,,synthetic,demo,,False,False,True,none,True
synthetic/s7/0042,tax,money,mock-a,,,True,,,synthetic,demo,,False,False,True,none,True
synthetic/s7/0042,tax,money,mock-b,,,True,,,synthetic,demo,,False,False,True,none,True
synthetic/s7/0042,tax,money,mock-c,,,True,,,synthetic,demo,,False,False,True,none,True
synthetic/s7/0042,tax,money,mock-d,,,True,,,synthetic,demo,,False,False,True,none,True
synthetic/s7/0042,total,money,mock-a,2.30,2.30,False,,2.30,synthetic,demo,2.30,True,True,True,none,True
synthetic/s7/0042,total,money,mock-b,2.30,2.30,False,,2.30,synthetic,demo,2.30,True,True,True,none,True
synthetic/s7/0042,total,money,mock-c,2.50,2.50,False,,2.30,synthetic,demo,2.30,True,True,False,wrong_value,False
synthetic/s7/0042,total,money,mock-d,2.30,2.30,False,line: 2.30,2.30,synthetic,demo,2.30,True,True,True,none,True
synthetic/s7/0043,address,address,mock-a,"NO.59 JALAN PERMAS 9/5, BANDAR BARU PERMAS JAYA, 81750 JOHOR BAHRU",no 59 jln permas 9 5 bdr baru permas jaya 81750 johor bahru,False,,"NO.59 JALAN PERMAS 9/5, BANDAR BARU PERMAS JAYA, 81750 JOHOR BAHRU",synthetic,demo,no 59 jln permas 9 5 bdr baru permas jaya 81750 johor bahru,True,True,True,none,True
synthetic/s7/0043,address,address,mock-b,"NO.59 JALAN PERMAS 9/5, BANDAR BARU PERMAS JAYA, 81750 JOHOR BAHRU",no 59 jln permas 9 5 bdr baru permas jaya 81750 johor bahru,False,,"NO.59 JALAN PERMAS 9/5, BANDAR BARU PERMAS JAYA, 81750 JOHOR BAHRU",synthetic,demo,no 59 jln permas 9 5 bdr baru permas jaya 81750 johor bahru,True,True,True,none,True
synthetic/s7/0043,address,address,mock-c,"NO.59 JALAN PERMAS 9/5, BANDAR BARU PERMAS JAYA",no 59 jln permas 9 5 bdr baru permas jaya,False,,"NO.59 JALAN PERMAS 9/5, BANDAR BARU PERMAS JAYA, 81750 JOHOR BAHRU",synthetic,demo,no 59 jln permas 9 5 bdr baru permas jaya 81750 johor bahru,True,True,False,wrong_value,False
synthetic/s7/0043,address,address,mock-d,"NO.59 JALAN PERMAS 9/5, BANDAR BARU PERMAS JAYA, 81750 JOHOR BAHRU",no 59 jln permas 9 5 bdr baru permas jaya 81750 johor bahru,False,"line: NO.59 JALAN PERMAS 9/5, BANDAR BARU PERMAS JAYA, 81750 JOHOR BAHRU","NO.59 JALAN PERMAS 9/5, BANDAR BARU PERMAS JAYA, 81750 JOHOR BAHRU",synthetic,demo,no 59 jln permas 9 5 bdr baru permas jaya 81750 johor bahru,True,True,True,none,True
synthetic/s7/0043,company,org,mock-a,ZHENG HUI,zheng hui,False,,PERNIAGAAN ZHENG HUI,synthetic,demo,perniagaan zheng hui,True,True,False,wrong_value,False
synthetic/s7/0043,company,org,mock-b,PERNIAGAAN ZHENG HUI,perniagaan zheng hui,False,,PERNIAGAAN ZHENG HUI,synthetic,demo,perniagaan zheng hui,True,True,True,none,True
synthetic/s7/0043,company,org,mock-c,PERNIAGAAN ZHENG HUI,perniagaan zheng hui,False,,PERNIAGAAN ZHENG HUI,synthetic,demo,perniagaan zheng hui,True,True,True,none,True
synthetic/s7/0043,company,org,mock-d,PERNIAGAAN ZHENG HUI,perniagaan zheng hui,False,line: PERNIAGAAN ZHENG HUI,PERNIAGAAN ZHENG HUI,synthetic,demo,perniagaan zheng hui,True,True,True,none,True
synthetic/s7/0043,date,date,mock-a,24/08/2018,2018-08-24,False,,24/08/2018,synthetic,demo,2018-08-24,True,True,True,none,True
synthetic/s7/0043,date,date,mock-b,24/08/2018,2018-08-24,False,,24/08/2018,synthetic,demo,2018-08-24,True,True,True,none,True
synthetic/s7/0043,date,date,mock-c,24/08/2018,2018-08-24,False,,24/08/2018,synthetic,demo,2018-08-24,True,True,True,none,True
synthetic/s7/0043,date,date,mock-d,24/08/2018,2018-08-24,False,line: 24/08/2018,24/08/2018,synthetic,demo,2018-08-24,True,True,True,none,True
synthetic/s7/0043,phone,phone,mock-a,,,True,,,synthetic,demo,,False,False,True,none,True
synthetic/s7/0043,phone,phone,mock-b,,,True,,,synthetic,demo,,False,False,True,none,True
synthetic/s7/0043,phone,phone,mock-c,,,True,,,synthetic,demo,,False,False,True,none,True
synthetic/s7/0043,phone,phone,mock-d,,,True,,,synthetic,demo,,False,False,True,none,True
synthetic/s7/0043,tax,money,mock-a,,,True,,,synthetic,demo,,False,False,True,none,True
synthetic/s7/0043,tax,money,mock-b,,,True,,,synthetic,demo,,False,False,True,none,True
synthetic/s7/0043,tax,money,mock-c,,,True,,,synthetic,demo,,False,False,True,none,True
synthetic/s7/0043,tax,money,mock-d,,,True,,,synthetic,demo,,False,False,True,none,True
synthetic/s7/0043,total,money,mock-a,21.80,21.80,False,,21.80,synthetic,demo,21.80,True,True,True,none,True
synthetic/s7/0043,total,money,mock-b,21.80,21.80,False,,21.80,synthetic,demo,21.80,True,True,True,none,True
synthetic/s7/0043,total,money,mock-c,25.80,25.80,False,,21.80,synthetic,demo,21.80,True,True,False,wrong_value,False
synthetic/s7/0043,total,money,mock-d,21.80,21.80,False,line: 21.80,21.80,synthetic,demo,21.80,True,True,True,none,True
synthetic/s7/0044,address,address,mock-a,"LOT 3, JALAN PELABUR 23/1, 40300 SHAH ALAM, SELANGOR",lot 3 jln pelabur 23 1 40300 shah alam selangor,False,,"LOT 3, JALAN PELABUR 23/1, 40300 SHAH ALAM, SELANGOR",synthetic,demo,lot 3 jln pelabur 23 1 40300 shah alam selangor,True,True,True,none,True
synthetic/s7/0044,address,address,mock-b,"LOT 3, JALAN PELABUR 23/1, 40300 SHAH ALAM, SELANGOR",lot 3 jln pelabur 23 1 40300 shah alam selangor,False,,"LOT 3, JALAN PELABUR 23/1, 40300 SHAH ALAM, SELANGOR",synthetic,demo,lot 3 jln pelabur 23 1 40300 shah alam selangor,True,True,True,none,True
synthetic/s7/0044,address,address,mock-c,"LOT 3, JALAN PELABUR 23/1, 40300 SHAH ALAM, SELANGOR",lot 3 jln pelabur 23 1 40300 shah alam selangor,False,,"LOT 3, JALAN PELABUR 23/1, 40300 SHAH ALAM, SELANGOR",synthetic,demo,lot 3 jln pelabur 23 1 40300 shah alam selangor,True,True,True,none,True
synthetic/s7/0044,address,address,mock-d,"LOT 3, JALAN PELABUR 23/1, 40300 SHAH ALAM, SELANGOR",lot 3 jln pelabur 23 1 40300 shah alam selangor,False,"line: LOT 3, JALAN PELABUR 23/1, 40300 SHAH ALAM, SELANGOR","LOT 3, JALAN PELABUR 23/1, 40300 SHAH ALAM, SELANGOR",synthetic,demo,lot 3 jln pelabur 23 1 40300 shah alam selangor,True,True,True,none,True
synthetic/s7/0044,company,org,mock-a,GARDENIA BAKERIES (KL) SDN BHD,gardenia bakeries kl,False,,GARDENIA BAKERIES (KL) SDN BHD,synthetic,demo,gardenia bakeries kl,True,True,True,none,True
synthetic/s7/0044,company,org,mock-b,GARDENIA BAKERIES (KL) SDN BHD,gardenia bakeries kl,False,,GARDENIA BAKERIES (KL) SDN BHD,synthetic,demo,gardenia bakeries kl,True,True,True,none,True
synthetic/s7/0044,company,org,mock-c,GARDENIA BAKERIES (KL) SDN BHD,gardenia bakeries kl,False,,GARDENIA BAKERIES (KL) SDN BHD,synthetic,demo,gardenia bakeries kl,True,True,True,none,True
synthetic/s7/0044,company,org,mock-d,GARDENIA BAKERIES (KL) SDN BHD,gardenia bakeries kl,False,line: GARDENIA BAKERIES (KL) SDN BHD,GARDENIA BAKERIES (KL) SDN BHD,synthetic,demo,gardenia bakeries kl,True,True,True,none,True
synthetic/s7/0044,date,date,mock-a,05/09/2018,2018-09-05,False,,05/09/2018,synthetic,demo,2018-09-05,True,True,True,none,True
synthetic/s7/0044,date,date,mock-b,05/09/2018,2018-09-05,False,,05/09/2018,synthetic,demo,2018-09-05,True,True,True,none,True
synthetic/s7/0044,date,date,mock-c,09/05/2018,2018-05-09,False,,05/09/2018,synthetic,demo,2018-09-05,True,True,False,wrong_value,False
synthetic/s7/0044,date,date,mock-d,05/09/2018,2018-09-05,False,line: 05/09/2018,05/09/2018,synthetic,demo,2018-09-05,True,True,True,none,True
synthetic/s7/0044,phone,phone,mock-a,,,True,,,synthetic,demo,,False,False,True,none,True
synthetic/s7/0044,phone,phone,mock-b,,,True,,,synthetic,demo,,False,False,True,none,True
synthetic/s7/0044,phone,phone,mock-c,,,True,,,synthetic,demo,,False,False,True,none,True
synthetic/s7/0044,phone,phone,mock-d,,,True,,,synthetic,demo,,False,False,True,none,True
synthetic/s7/0044,tax,money,mock-a,0.86,0.86,False,,0.86,synthetic,demo,0.86,True,True,True,none,True
synthetic/s7/0044,tax,money,mock-b,0.86,0.86,False,,0.86,synthetic,demo,0.86,True,True,True,none,True
synthetic/s7/0044,tax,money,mock-c,0.86,0.86,False,,0.86,synthetic,demo,0.86,True,True,True,none,True
synthetic/s7/0044,tax,money,mock-d,0.86,0.86,False,line: 0.86,0.86,synthetic,demo,0.86,True,True,True,none,True
synthetic/s7/0044,total,money,mock-a,15.26,15.26,False,,15.26,synthetic,demo,15.26,True,True,True,none,True
synthetic/s7/0044,total,money,mock-b,15.26,15.26,False,,15.26,synthetic,demo,15.26,True,True,True,none,True
synthetic/s7/0044,total,money,mock-c,15.26,15.26,False,,15.26,synthetic,demo,15.26,True,True,True,none,True
synthetic/s7/0044,total,money,mock-d,15.26,15.26,False,line: 15.26,15.26,synthetic,demo,15.26,True,True,True,none,True
synthetic/s7/0045,address,address,mock-a,"NO. 31G&33G, JALAN SETIA INDAH X, U13/X, 40170 SETIA ALAM",no 31g and 33g jln setia indah x u13 x 40170 setia alam,False,,"NO. 31G&33G, JALAN SETIA INDAH X, U13/X, 40170 SETIA ALAM",synthetic,demo,no 31g and 33g jln setia indah x u13 x 40170 setia alam,True,True,True,none,True
synthetic/s7/0045,address,address,mock-b,"NO. 31G&33G, JALAN SETIA INDAH X, U13/X, 40170 SETIA ALAM",no 31g and 33g jln setia indah x u13 x 40170 setia alam,False,,"NO. 31G&33G, JALAN SETIA INDAH X, U13/X, 40170 SETIA ALAM",synthetic,demo,no 31g and 33g jln setia indah x u13 x 40170 setia alam,True,True,True,none,True
synthetic/s7/0045,address,address,mock-c,"NO. 31G&33G, JALAN SETIA INDAH X, U13/X, 40170 SETIA ALAM",no 31g and 33g jln setia indah x u13 x 40170 setia alam,False,,"NO. 31G&33G, JALAN SETIA INDAH X, U13/X, 40170 SETIA ALAM",synthetic,demo,no 31g and 33g jln setia indah x u13 x 40170 setia alam,True,True,True,none,True
synthetic/s7/0045,address,address,mock-d,"NO. 31G&33G, JALAN SETIA INDAH X, U13/X, 40170 SETIA ALAM",no 31g and 33g jln setia indah x u13 x 40170 setia alam,False,"line: NO. 31G&33G, JALAN SETIA INDAH X, U13/X, 40170 SETIA ALAM","NO. 31G&33G, JALAN SETIA INDAH X, U13/X, 40170 SETIA ALAM",synthetic,demo,no 31g and 33g jln setia indah x u13 x 40170 setia alam,True,True,True,none,True
synthetic/s7/0045,company,org,mock-a,STATIONERY SHOP,stationery shop,False,,SANYU STATIONERY SHOP,synthetic,demo,sanyu stationery shop,True,True,False,wrong_value,False
synthetic/s7/0045,company,org,mock-b,SANYU STATIONERY SHOP,sanyu stationery shop,False,,SANYU STATIONERY SHOP,synthetic,demo,sanyu stationery shop,True,True,True,none,True
synthetic/s7/0045,company,org,mock-c,SANYU STATIONERY SHOP,sanyu stationery shop,False,,SANYU STATIONERY SHOP,synthetic,demo,sanyu stationery shop,True,True,True,none,True
synthetic/s7/0045,company,org,mock-d,SANYU STATIONERY SHOP,sanyu stationery shop,False,line: SANYU STATIONERY SHOP,SANYU STATIONERY SHOP,synthetic,demo,sanyu stationery shop,True,True,True,none,True
synthetic/s7/0045,date,date,mock-a,18/01/2018,2018-01-18,False,,18/01/2018,synthetic,demo,2018-01-18,True,True,True,none,True
synthetic/s7/0045,date,date,mock-b,18/01/2018,2018-01-18,False,,18/01/2018,synthetic,demo,2018-01-18,True,True,True,none,True
synthetic/s7/0045,date,date,mock-c,18/01/2018,2018-01-18,False,,18/01/2018,synthetic,demo,2018-01-18,True,True,True,none,True
synthetic/s7/0045,date,date,mock-d,18/01/2018,2018-01-18,False,line: 18/01/2018,18/01/2018,synthetic,demo,2018-01-18,True,True,True,none,True
synthetic/s7/0045,phone,phone,mock-a,,,True,,,synthetic,demo,,False,False,True,none,True
synthetic/s7/0045,phone,phone,mock-b,,,True,,,synthetic,demo,,False,False,True,none,True
synthetic/s7/0045,phone,phone,mock-c,,,True,,,synthetic,demo,,False,False,True,none,True
synthetic/s7/0045,phone,phone,mock-d,03-1234 5678,312345678,False,line: 03-1234 5678,,synthetic,demo,,False,True,False,hallucination,False
synthetic/s7/0045,tax,money,mock-a,0.43,0.43,False,,0.43,synthetic,demo,0.43,True,True,True,none,True
synthetic/s7/0045,tax,money,mock-b,0.43,0.43,False,,0.43,synthetic,demo,0.43,True,True,True,none,True
synthetic/s7/0045,tax,money,mock-c,0.43,0.43,False,,0.43,synthetic,demo,0.43,True,True,True,none,True
synthetic/s7/0045,tax,money,mock-d,0.43,0.43,False,line: 0.43,0.43,synthetic,demo,0.43,True,True,True,none,True
synthetic/s7/0045,total,money,mock-a,7.53,7.53,False,,7.53,synthetic,demo,7.53,True,True,True,none,True
synthetic/s7/0045,total,money,mock-b,7.53,7.53,False,,7.53,synthetic,demo,7.53,True,True,True,none,True
synthetic/s7/0045,total,money,mock-c,7.53,7.53,False,,7.53,synthetic,demo,7.53,True,True,True,none,True
synthetic/s7/0045,total,money,mock-d,7.53,7.53,False,line: 7.53,7.53,synthetic,demo,7.53,True,True,True,none,True
synthetic/s7/0046,address,address,mock-a,"LOT P.T. 2811, JALAN ANGSANA, TAMAN MUTIARA RINI, 81300 SKUDAI",lot p t 2811 jln angsana tmn mutiara rini 81300 skudai,False,,"LOT P.T. 2811, JALAN ANGSANA, TAMAN MUTIARA RINI, 81300 SKUDAI",synthetic,demo,lot p t 2811 jln angsana tmn mutiara rini 81300 skudai,True,True,True,none,True
synthetic/s7/0046,address,address,mock-b,"LOT P.T. 2811, JALAN ANGSANA, TAMAN MUTIARA RINI, 81300 SKUDAI",lot p t 2811 jln angsana tmn mutiara rini 81300 skudai,False,,"LOT P.T. 2811, JALAN ANGSANA, TAMAN MUTIARA RINI, 81300 SKUDAI",synthetic,demo,lot p t 2811 jln angsana tmn mutiara rini 81300 skudai,True,True,True,none,True
synthetic/s7/0046,address,address,mock-c,"LOT P.T. 2811, JALAN ANGSANA, TAMAN MUTIARA RINI, 81300 SKUDAI",lot p t 2811 jln angsana tmn mutiara rini 81300 skudai,False,,"LOT P.T. 2811, JALAN ANGSANA, TAMAN MUTIARA RINI, 81300 SKUDAI",synthetic,demo,lot p t 2811 jln angsana tmn mutiara rini 81300 skudai,True,True,True,none,True
synthetic/s7/0046,address,address,mock-d,"LOT P.T. 2811, JALAN ANGSANA, TAMAN MUTIARA RINI, 81300 SKUDAI",lot p t 2811 jln angsana tmn mutiara rini 81300 skudai,False,"line: LOT P.T. 2811, JALAN ANGSANA, TAMAN MUTIARA RINI, 81300 SKUDAI","LOT P.T. 2811, JALAN ANGSANA, TAMAN MUTIARA RINI, 81300 SKUDAI",synthetic,demo,lot p t 2811 jln angsana tmn mutiara rini 81300 skudai,True,True,True,none,True
synthetic/s7/0046,company,org,mock-a,99 SPEED MART S/B,99 speed mart s b,False,,99 SPEED MART S/B,synthetic,demo,99 speed mart s b,True,True,True,none,True
synthetic/s7/0046,company,org,mock-b,99 SPEED MART S/B,99 speed mart s b,False,,99 SPEED MART S/B,synthetic,demo,99 speed mart s b,True,True,True,none,True
synthetic/s7/0046,company,org,mock-c,SPEED MART S/B,speed mart s b,False,,99 SPEED MART S/B,synthetic,demo,99 speed mart s b,True,True,False,wrong_value,False
synthetic/s7/0046,company,org,mock-d,99 SPEED MART S/B,99 speed mart s b,False,line: 99 SPEED MART S/B,99 SPEED MART S/B,synthetic,demo,99 speed mart s b,True,True,True,none,True
synthetic/s7/0046,date,date,mock-a,11/03/2018,2018-03-11,False,,03/11/2018,synthetic,demo,2018-11-03,True,True,False,wrong_value,False
synthetic/s7/0046,date,date,mock-b,11/03/2018,2018-03-11,False,,03/11/2018,synthetic,demo,2018-11-03,True,True,False,wrong_value,False
synthetic/s7/0046,date,date,mock-c,03/11/2018,2018-11-03,False,,03/11/2018,synthetic,demo,2018-11-03,True,True,True,none,True
synthetic/s7/0046,date,date,mock-d,11/03/2018,2018-03-11,False,line: 11/03/2018,03/11/2018,synthetic,demo,2018-11-03,True,True,False,wrong_value,False
synthetic/s7/0046,phone,phone,mock-a,,,True,,,synthetic,demo,,False,False,True,none,True
synthetic/s7/0046,phone,phone,mock-b,03-1234 5678,312345678,False,,,synthetic,demo,,False,True,False,hallucination,False
synthetic/s7/0046,phone,phone,mock-c,,,True,,,synthetic,demo,,False,False,True,none,True
synthetic/s7/0046,phone,phone,mock-d,,,True,,,synthetic,demo,,False,False,True,none,True
synthetic/s7/0046,tax,money,mock-a,,,True,,1.90,synthetic,demo,1.90,True,False,False,miss,False
synthetic/s7/0046,tax,money,mock-b,1.90,1.90,False,,1.90,synthetic,demo,1.90,True,True,True,none,True
synthetic/s7/0046,tax,money,mock-c,0.00,0.00,False,,1.90,synthetic,demo,1.90,True,True,False,wrong_value,False
synthetic/s7/0046,tax,money,mock-d,1.90,1.90,False,line: 1.90,1.90,synthetic,demo,1.90,True,True,True,none,True
synthetic/s7/0046,total,money,mock-a,33.60,33.60,False,,33.60,synthetic,demo,33.60,True,True,True,none,True
synthetic/s7/0046,total,money,mock-b,33.60,33.60,False,,33.60,synthetic,demo,33.60,True,True,True,none,True
synthetic/s7/0046,total,money,mock-c,33.60,33.60,False,,33.60,synthetic,demo,33.60,True,True,True,none,True
synthetic/s7/0046,total,money,mock-d,33.60,33.60,False,line: 33.60,33.60,synthetic,demo,33.60,True,True,True,none,True
synthetic/s7/0047,address,address,mock-a,"LOT 276 JALAN BANTING, 43800 DENGKIL, SELANGOR",lot 276 jln banting 43800 dengkil selangor,False,,"LOT 276 JALAN BANTING, 43800 DENGKIL, SELANGOR",synthetic,demo,lot 276 jln banting 43800 dengkil selangor,True,True,True,none,True
synthetic/s7/0047,address,address,mock-b,"LOT 276 JALAN BANTING, 43800 DENGKIL, SELANGOR",lot 276 jln banting 43800 dengkil selangor,False,,"LOT 276 JALAN BANTING, 43800 DENGKIL, SELANGOR",synthetic,demo,lot 276 jln banting 43800 dengkil selangor,True,True,True,none,True
synthetic/s7/0047,address,address,mock-c,"LOT 276 JALAN BANTING, 43800 DENGKIL, SELANGOR",lot 276 jln banting 43800 dengkil selangor,False,,"LOT 276 JALAN BANTING, 43800 DENGKIL, SELANGOR",synthetic,demo,lot 276 jln banting 43800 dengkil selangor,True,True,True,none,True
synthetic/s7/0047,address,address,mock-d,"LOT 276 JALAN BANTING, 43800 DENGKIL, SELANGOR",lot 276 jln banting 43800 dengkil selangor,False,"line: LOT 276 JALAN BANTING, 43800 DENGKIL, SELANGOR","LOT 276 JALAN BANTING, 43800 DENGKIL, SELANGOR",synthetic,demo,lot 276 jln banting 43800 dengkil selangor,True,True,True,none,True
synthetic/s7/0047,company,org,mock-a,KEDAI PAPAN YEW CHUAN,kedai papan yew chuan,False,,KEDAI PAPAN YEW CHUAN,synthetic,demo,kedai papan yew chuan,True,True,True,none,True
synthetic/s7/0047,company,org,mock-b,,,True,,KEDAI PAPAN YEW CHUAN,synthetic,demo,kedai papan yew chuan,True,False,False,miss,False
synthetic/s7/0047,company,org,mock-c,KEDAI PAPAN YEW CHUAN,kedai papan yew chuan,False,,KEDAI PAPAN YEW CHUAN,synthetic,demo,kedai papan yew chuan,True,True,True,none,True
synthetic/s7/0047,company,org,mock-d,KEDAI PAPAN YEW CHUAN,kedai papan yew chuan,False,line: KEDAI PAPAN YEW CHUAN,KEDAI PAPAN YEW CHUAN,synthetic,demo,kedai papan yew chuan,True,True,True,none,True
synthetic/s7/0047,date,date,mock-a,15/08/2019,2019-08-15,False,,15/08/2019,synthetic,demo,2019-08-15,True,True,True,none,True
synthetic/s7/0047,date,date,mock-b,,,True,,15/08/2019,synthetic,demo,2019-08-15,True,False,False,miss,False
synthetic/s7/0047,date,date,mock-c,15/08/2019,2019-08-15,False,,15/08/2019,synthetic,demo,2019-08-15,True,True,True,none,True
synthetic/s7/0047,date,date,mock-d,,,True,,15/08/2019,synthetic,demo,2019-08-15,True,False,False,miss,False
synthetic/s7/0047,phone,phone,mock-a,03-731 4248,37314248,False,,03-731 4248,synthetic,demo,37314248,True,True,True,none,True
synthetic/s7/0047,phone,phone,mock-b,03-731 4248,37314248,False,,03-731 4248,synthetic,demo,37314248,True,True,True,none,True
synthetic/s7/0047,phone,phone,mock-c,03-731 4248,37314248,False,,03-731 4248,synthetic,demo,37314248,True,True,True,none,True
synthetic/s7/0047,phone,phone,mock-d,03-731 4248,37314248,False,line: 03-731 4248,03-731 4248,synthetic,demo,37314248,True,True,True,none,True
synthetic/s7/0047,tax,money,mock-a,,,True,,,synthetic,demo,,False,False,True,none,True
synthetic/s7/0047,tax,money,mock-b,,,True,,,synthetic,demo,,False,False,True,none,True
synthetic/s7/0047,tax,money,mock-c,,,True,,,synthetic,demo,,False,False,True,none,True
synthetic/s7/0047,tax,money,mock-d,,,True,,,synthetic,demo,,False,False,True,none,True
synthetic/s7/0047,total,money,mock-a,4.80,4.80,False,,4.80,synthetic,demo,4.80,True,True,True,none,True
synthetic/s7/0047,total,money,mock-b,4.80,4.80,False,,4.80,synthetic,demo,4.80,True,True,True,none,True
synthetic/s7/0047,total,money,mock-c,4.80,4.80,False,,4.80,synthetic,demo,4.80,True,True,True,none,True
synthetic/s7/0047,total,money,mock-d,4.80,4.80,False,line: 4.80,4.80,synthetic,demo,4.80,True,True,True,none,True
synthetic/s7/0048,address,address,mock-a,"NO 2 & 4, JALAN BAYU 4, BANDAR SERI ALAM, 81750 MASAI",no 2 and 4 jln bayu 4 bdr seri alam 81750 masai,False,,"NO 2 & 4, JALAN BAYU 4, BANDAR SERI ALAM, 81750 MASAI, JOHOR",synthetic,demo,no 2 and 4 jln bayu 4 bdr seri alam 81750 masai johor,True,True,False,wrong_value,False
synthetic/s7/0048,address,address,mock-b,"NO 2 & 4, JALAN BAYU 4, BANDAR SERI ALAM, 81750 MASAI, JOHOR",no 2 and 4 jln bayu 4 bdr seri alam 81750 masai johor,False,,"NO 2 & 4, JALAN BAYU 4, BANDAR SERI ALAM, 81750 MASAI, JOHOR",synthetic,demo,no 2 and 4 jln bayu 4 bdr seri alam 81750 masai johor,True,True,True,none,True
synthetic/s7/0048,address,address,mock-c,"NO 2 & 4, JALAN BAYU 4, BANDAR SERI ALAM, 81750 MASAI, JOHOR",no 2 and 4 jln bayu 4 bdr seri alam 81750 masai johor,False,,"NO 2 & 4, JALAN BAYU 4, BANDAR SERI ALAM, 81750 MASAI, JOHOR",synthetic,demo,no 2 and 4 jln bayu 4 bdr seri alam 81750 masai johor,True,True,True,none,True
synthetic/s7/0048,address,address,mock-d,"NO 2 & 4, JALAN BAYU 4, BANDAR SERI ALAM, 81750 MASAI, JOHOR",no 2 and 4 jln bayu 4 bdr seri alam 81750 masai johor,False,"line: NO 2 & 4, JALAN BAYU 4, BANDAR SERI ALAM, 81750 MASAI, JOHOR","NO 2 & 4, JALAN BAYU 4, BANDAR SERI ALAM, 81750 MASAI, JOHOR",synthetic,demo,no 2 and 4 jln bayu 4 bdr seri alam 81750 masai johor,True,True,True,none,True
synthetic/s7/0048,company,org,mock-a,OJC MARKETING SDN BHD,ojc marketing,False,,OJC MARKETING SDN BHD,synthetic,demo,ojc marketing,True,True,True,none,True
synthetic/s7/0048,company,org,mock-b,,,True,,OJC MARKETING SDN BHD,synthetic,demo,ojc marketing,True,False,False,miss,False
synthetic/s7/0048,company,org,mock-c,OJC MARKETING SDN BHD,ojc marketing,False,,OJC MARKETING SDN BHD,synthetic,demo,ojc marketing,True,True,True,none,True
synthetic/s7/0048,company,org,mock-d,OJC MARKETING SDN BHD,ojc marketing,False,line: OJC MARKETING SDN BHD,OJC MARKETING SDN BHD,synthetic,demo,ojc marketing,True,True,True,none,True
synthetic/s7/0048,date,date,mock-a,05/11/2019,2019-11-05,False,,11/05/2019,synthetic,demo,2019-05-11,True,True,False,wrong_value,False
synthetic/s7/0048,date,date,mock-b,11/05/2019,2019-05-11,False,,11/05/2019,synthetic,demo,2019-05-11,True,True,True,none,True
synthetic/s7/0048,date,date,mock-c,11/05/2019,2019-05-11,False,,11/05/2019,synthetic,demo,2019-05-11,True,True,True,none,True
synthetic/s7/0048,date,date,mock-d,11/05/2019,2019-05-11,False,line: 11/05/2019,11/05/2019,synthetic,demo,2019-05-11,True,True,True,none,True
synthetic/s7/0048,phone,phone,mock-a,08-201 4566,82014566,False,,08-201 4566,synthetic,demo,82014566,True,True,True,none,True
synthetic/s7/0048,phone,phone,mock-b,08-201 4566,82014566,False,,08-201 4566,synthetic,demo,82014566,True,True,True,none,True
synthetic/s7/0048,phone,phone,mock-c,08-201 4566,82014566,False,,08-201 4566,synthetic,demo,82014566,True,True,True,none,True
synthetic/s7/0048,phone,phone,mock-d,,,True,,08-201 4566,synthetic,demo,82014566,True,False,False,miss,False
synthetic/s7/0048,tax,money,mock-a,0.28,0.28,False,,0.28,synthetic,demo,0.28,True,True,True,none,True
synthetic/s7/0048,tax,money,mock-b,0.28,0.28,False,,0.28,synthetic,demo,0.28,True,True,True,none,True
synthetic/s7/0048,tax,money,mock-c,0.28,0.28,False,,0.28,synthetic,demo,0.28,True,True,True,none,True
synthetic/s7/0048,tax,money,mock-d,0.28,0.28,False,line: 0.28,0.28,synthetic,demo,0.28,True,True,True,none,True
synthetic/s7/0048,total,money,mock-a,4.98,4.98,False,,4.98,synthetic,demo,4.98,True,True,True,none,True
synthetic/s7/0048,total,money,mock-b,4.98,4.98,False,,4.98,synthetic,demo,4.98,True,True,True,none,True
synthetic/s7/0048,total,money,mock-c,4.98,4.98,False,,4.98,synthetic,demo,4.98,True,True,True,none,True
synthetic/s7/0048,total,money,mock-d,4.98,4.98,False,line: 4.98,4.98,synthetic,demo,4.98,True,True,True,none,True
synthetic/s7/0049,address,address,mock-a,"NO.59 JALAN PERMAS 9/5, BANDAR BARU PERMAS JAYA, 81750 JOHOR BAHRU",no 59 jln permas 9 5 bdr baru permas jaya 81750 johor bahru,False,,"NO.59 JALAN PERMAS 9/5, BANDAR BARU PERMAS JAYA, 81750 JOHOR BAHRU",synthetic,demo,no 59 jln permas 9 5 bdr baru permas jaya 81750 johor bahru,True,True,True,none,True
synthetic/s7/0049,address,address,mock-b,"NO.59 JALAN PERMAS 9/5, BANDAR BARU PERMAS JAYA, 81750 JOHOR BAHRU",no 59 jln permas 9 5 bdr baru permas jaya 81750 johor bahru,False,,"NO.59 JALAN PERMAS 9/5, BANDAR BARU PERMAS JAYA, 81750 JOHOR BAHRU",synthetic,demo,no 59 jln permas 9 5 bdr baru permas jaya 81750 johor bahru,True,True,True,none,True
synthetic/s7/0049,address,address,mock-c,"NO.59 JALAN PERMAS 9/5, BANDAR BARU PERMAS JAYA, 81750 JOHOR BAHRU",no 59 jln permas 9 5 bdr baru permas jaya 81750 johor bahru,False,,"NO.59 JALAN PERMAS 9/5, BANDAR BARU PERMAS JAYA, 81750 JOHOR BAHRU",synthetic,demo,no 59 jln permas 9 5 bdr baru permas jaya 81750 johor bahru,True,True,True,none,True
synthetic/s7/0049,address,address,mock-d,"NO.59 JALAN PERMAS 9/5, BANDAR BARU PERMAS JAYA, 81750 JOHOR BAHRU",no 59 jln permas 9 5 bdr baru permas jaya 81750 johor bahru,False,"line: NO.59 JALAN PERMAS 9/5, BANDAR BARU PERMAS JAYA, 81750 JOHOR BAHRU","NO.59 JALAN PERMAS 9/5, BANDAR BARU PERMAS JAYA, 81750 JOHOR BAHRU",synthetic,demo,no 59 jln permas 9 5 bdr baru permas jaya 81750 johor bahru,True,True,True,none,True
synthetic/s7/0049,company,org,mock-a,PERNIAGAAN ZHENG HUI,perniagaan zheng hui,False,,PERNIAGAAN ZHENG HUI,synthetic,demo,perniagaan zheng hui,True,True,True,none,True
synthetic/s7/0049,company,org,mock-b,PERNIAGAAN ZHENG HUI,perniagaan zheng hui,False,,PERNIAGAAN ZHENG HUI,synthetic,demo,perniagaan zheng hui,True,True,True,none,True
synthetic/s7/0049,company,org,mock-c,PERNIAGAAN ZHENG HUI,perniagaan zheng hui,False,,PERNIAGAAN ZHENG HUI,synthetic,demo,perniagaan zheng hui,True,True,True,none,True
synthetic/s7/0049,company,org,mock-d,PERNIAGAAN ZHENG HUI,perniagaan zheng hui,False,line: PERNIAGAAN ZHENG HUI,PERNIAGAAN ZHENG HUI,synthetic,demo,perniagaan zheng hui,True,True,True,none,True
synthetic/s7/0049,date,date,mock-a,23/09/2019,2019-09-23,False,,23/09/2019,synthetic,demo,2019-09-23,True,True,True,none,True
synthetic/s7/0049,date,date,mock-b,23/09/2019,2019-09-23,False,,23/09/2019,synthetic,demo,2019-09-23,True,True,True,none,True
synthetic/s7/0049,date,date,mock-c,23/09/2019,2019-09-23,False,,23/09/2019,synthetic,demo,2019-09-23,True,True,True,none,True
synthetic/s7/0049,date,date,mock-d,23/09/2019,2019-09-23,False,line: 23/09/2019,23/09/2019,synthetic,demo,2019-09-23,True,True,True,none,True
synthetic/s7/0049,phone,phone,mock-a,,,True,,,synthetic,demo,,False,False,True,none,True
synthetic/s7/0049,phone,phone,mock-b,,,True,,,synthetic,demo,,False,False,True,none,True
synthetic/s7/0049,phone,phone,mock-c,,,True,,,synthetic,demo,,False,False,True,none,True
synthetic/s7/0049,phone,phone,mock-d,,,True,,,synthetic,demo,,False,False,True,none,True
synthetic/s7/0049,tax,money,mock-a,0.96,0.96,False,,0.96,synthetic,demo,0.96,True,True,True,none,True
synthetic/s7/0049,tax,money,mock-b,0.96,0.96,False,,0.96,synthetic,demo,0.96,True,True,True,none,True
synthetic/s7/0049,tax,money,mock-c,0.96,0.96,False,,0.96,synthetic,demo,0.96,True,True,True,none,True
synthetic/s7/0049,tax,money,mock-d,0.96,0.96,False,line: 0.96,0.96,synthetic,demo,0.96,True,True,True,none,True
synthetic/s7/0049,total,money,mock-a,14.96,14.96,False,,16.96,synthetic,demo,16.96,True,True,False,wrong_value,False
synthetic/s7/0049,total,money,mock-b,14.96,14.96,False,,16.96,synthetic,demo,16.96,True,True,False,wrong_value,False
synthetic/s7/0049,total,money,mock-c,14.96,14.96,False,,16.96,synthetic,demo,16.96,True,True,False,wrong_value,False
synthetic/s7/0049,total,money,mock-d,14.96,14.96,False,line: 14.96,16.96,synthetic,demo,16.96,True,True,False,wrong_value,False
synthetic/s7/0050,address,address,mock-a,"LOT 3, JALAN PELABUR 23/1, 40300 SHAH ALAM, SELANGOR",lot 3 jln pelabur 23 1 40300 shah alam selangor,False,,"LOT 3, JALAN PELABUR 23/1, 40300 SHAH ALAM, SELANGOR",synthetic,demo,lot 3 jln pelabur 23 1 40300 shah alam selangor,True,True,True,none,True
synthetic/s7/0050,address,address,mock-b,,,True,,"LOT 3, JALAN PELABUR 23/1, 40300 SHAH ALAM, SELANGOR",synthetic,demo,lot 3 jln pelabur 23 1 40300 shah alam selangor,True,False,False,miss,False
synthetic/s7/0050,address,address,mock-c,"LOT 3, JALAN PELABUR 23/1, 40300 SHAH ALAM, SELANGOR",lot 3 jln pelabur 23 1 40300 shah alam selangor,False,,"LOT 3, JALAN PELABUR 23/1, 40300 SHAH ALAM, SELANGOR",synthetic,demo,lot 3 jln pelabur 23 1 40300 shah alam selangor,True,True,True,none,True
synthetic/s7/0050,address,address,mock-d,"LOT 3, JALAN PELABUR 23/1, 40300 SHAH ALAM, SELANGOR",lot 3 jln pelabur 23 1 40300 shah alam selangor,False,"line: LOT 3, JALAN PELABUR 23/1, 40300 SHAH ALAM, SELANGOR","LOT 3, JALAN PELABUR 23/1, 40300 SHAH ALAM, SELANGOR",synthetic,demo,lot 3 jln pelabur 23 1 40300 shah alam selangor,True,True,True,none,True
synthetic/s7/0050,company,org,mock-a,GARDENIA BAKERIES (KL) SDN BHD,gardenia bakeries kl,False,,GARDENIA BAKERIES (KL) SDN BHD,synthetic,demo,gardenia bakeries kl,True,True,True,none,True
synthetic/s7/0050,company,org,mock-b,GARDENIA BAKERIES (KL) SDN BHD,gardenia bakeries kl,False,,GARDENIA BAKERIES (KL) SDN BHD,synthetic,demo,gardenia bakeries kl,True,True,True,none,True
synthetic/s7/0050,company,org,mock-c,GARDENIA BAKERIES (KL) SDN BHD,gardenia bakeries kl,False,,GARDENIA BAKERIES (KL) SDN BHD,synthetic,demo,gardenia bakeries kl,True,True,True,none,True
synthetic/s7/0050,company,org,mock-d,GARDENIA BAKERIES (KL) SDN BHD,gardenia bakeries kl,False,line: GARDENIA BAKERIES (KL) SDN BHD,GARDENIA BAKERIES (KL) SDN BHD,synthetic,demo,gardenia bakeries kl,True,True,True,none,True
synthetic/s7/0050,date,date,mock-a,15/02/2019,2019-02-15,False,,15/02/2019,synthetic,demo,2019-02-15,True,True,True,none,True
synthetic/s7/0050,date,date,mock-b,,,True,,15/02/2019,synthetic,demo,2019-02-15,True,False,False,miss,False
synthetic/s7/0050,date,date,mock-c,15/02/2019,2019-02-15,False,,15/02/2019,synthetic,demo,2019-02-15,True,True,True,none,True
synthetic/s7/0050,date,date,mock-d,,,True,,15/02/2019,synthetic,demo,2019-02-15,True,False,False,miss,False
synthetic/s7/0050,phone,phone,mock-a,,,True,,08-636 5289,synthetic,demo,86365289,True,False,False,miss,False
synthetic/s7/0050,phone,phone,mock-b,08-636 5289,86365289,False,,08-636 5289,synthetic,demo,86365289,True,True,True,none,True
synthetic/s7/0050,phone,phone,mock-c,08-636 5289,86365289,False,,08-636 5289,synthetic,demo,86365289,True,True,True,none,True
synthetic/s7/0050,phone,phone,mock-d,,,True,,08-636 5289,synthetic,demo,86365289,True,False,False,miss,False
synthetic/s7/0050,tax,money,mock-a,2.35,2.35,False,,2.35,synthetic,demo,2.35,True,True,True,none,True
synthetic/s7/0050,tax,money,mock-b,,,True,,2.35,synthetic,demo,2.35,True,False,False,miss,False
synthetic/s7/0050,tax,money,mock-c,2.35,2.35,False,,2.35,synthetic,demo,2.35,True,True,True,none,True
synthetic/s7/0050,tax,money,mock-d,2.39,2.39,False,line: 2.39,2.35,synthetic,demo,2.35,True,True,False,wrong_value,False
synthetic/s7/0050,total,money,mock-a,41.45,41.45,False,,41.45,synthetic,demo,41.45,True,True,True,none,True
synthetic/s7/0050,total,money,mock-b,41.45,41.45,False,,41.45,synthetic,demo,41.45,True,True,True,none,True
synthetic/s7/0050,total,money,mock-c,41.45,41.45,False,,41.45,synthetic,demo,41.45,True,True,True,none,True
synthetic/s7/0050,total,money,mock-d,41.45,41.45,False,line: 41.45,41.45,synthetic,demo,41.45,True,True,True,none,True
synthetic/s7/0051,address,address,mock-a,"NO. 31G&33G, JALAN SETIA INDAH X, U13/X, 40170 SETIA ALAM",no 31g and 33g jln setia indah x u13 x 40170 setia alam,False,,"NO. 31G&33G, JALAN SETIA INDAH X, U13/X, 40170 SETIA ALAM",synthetic,demo,no 31g and 33g jln setia indah x u13 x 40170 setia alam,True,True,True,none,True
synthetic/s7/0051,address,address,mock-b,"NO. 31G&33G, JALAN SETIA INDAH X, U13/X, 40170 SETIA ALAM",no 31g and 33g jln setia indah x u13 x 40170 setia alam,False,,"NO. 31G&33G, JALAN SETIA INDAH X, U13/X, 40170 SETIA ALAM",synthetic,demo,no 31g and 33g jln setia indah x u13 x 40170 setia alam,True,True,True,none,True
synthetic/s7/0051,address,address,mock-c,,,True,,"NO. 31G&33G, JALAN SETIA INDAH X, U13/X, 40170 SETIA ALAM",synthetic,demo,no 31g and 33g jln setia indah x u13 x 40170 setia alam,True,False,False,miss,False
synthetic/s7/0051,address,address,mock-d,"NO. 31G&33G, JALAN SETIA INDAH X, U13/X, 40170 SETIA ALAM",no 31g and 33g jln setia indah x u13 x 40170 setia alam,False,"line: NO. 31G&33G, JALAN SETIA INDAH X, U13/X, 40170 SETIA ALAM","NO. 31G&33G, JALAN SETIA INDAH X, U13/X, 40170 SETIA ALAM",synthetic,demo,no 31g and 33g jln setia indah x u13 x 40170 setia alam,True,True,True,none,True
synthetic/s7/0051,company,org,mock-a,SANYU STATIONERY SHOP,sanyu stationery shop,False,,SANYU STATIONERY SHOP,synthetic,demo,sanyu stationery shop,True,True,True,none,True
synthetic/s7/0051,company,org,mock-b,SANYU STATIONERY SHOP,sanyu stationery shop,False,,SANYU STATIONERY SHOP,synthetic,demo,sanyu stationery shop,True,True,True,none,True
synthetic/s7/0051,company,org,mock-c,SANYU STATIONERY SHOP,sanyu stationery shop,False,,SANYU STATIONERY SHOP,synthetic,demo,sanyu stationery shop,True,True,True,none,True
synthetic/s7/0051,company,org,mock-d,SANYU STATIONERY SHOP,sanyu stationery shop,False,line: SANYU STATIONERY SHOP,SANYU STATIONERY SHOP,synthetic,demo,sanyu stationery shop,True,True,True,none,True
synthetic/s7/0051,date,date,mock-a,27/11/2019,2019-11-27,False,,27/11/2019,synthetic,demo,2019-11-27,True,True,True,none,True
synthetic/s7/0051,date,date,mock-b,27/11/2019,2019-11-27,False,,27/11/2019,synthetic,demo,2019-11-27,True,True,True,none,True
synthetic/s7/0051,date,date,mock-c,27/11/2019,2019-11-27,False,,27/11/2019,synthetic,demo,2019-11-27,True,True,True,none,True
synthetic/s7/0051,date,date,mock-d,27/11/2019,2019-11-27,False,line: 27/11/2019,27/11/2019,synthetic,demo,2019-11-27,True,True,True,none,True
synthetic/s7/0051,phone,phone,mock-a,,,True,,,synthetic,demo,,False,False,True,none,True
synthetic/s7/0051,phone,phone,mock-b,,,True,,,synthetic,demo,,False,False,True,none,True
synthetic/s7/0051,phone,phone,mock-c,,,True,,,synthetic,demo,,False,False,True,none,True
synthetic/s7/0051,phone,phone,mock-d,,,True,,,synthetic,demo,,False,False,True,none,True
synthetic/s7/0051,tax,money,mock-a,1.08,1.08,False,,1.08,synthetic,demo,1.08,True,True,True,none,True
synthetic/s7/0051,tax,money,mock-b,1.08,1.08,False,,1.08,synthetic,demo,1.08,True,True,True,none,True
synthetic/s7/0051,tax,money,mock-c,8.08,8.08,False,,1.08,synthetic,demo,1.08,True,True,False,wrong_value,False
synthetic/s7/0051,tax,money,mock-d,1.08,1.08,False,line: 1.08,1.08,synthetic,demo,1.08,True,True,True,none,True
synthetic/s7/0051,total,money,mock-a,19.08,19.08,False,,19.08,synthetic,demo,19.08,True,True,True,none,True
synthetic/s7/0051,total,money,mock-b,19.08,19.08,False,,19.08,synthetic,demo,19.08,True,True,True,none,True
synthetic/s7/0051,total,money,mock-c,19.08,19.08,False,,19.08,synthetic,demo,19.08,True,True,True,none,True
synthetic/s7/0051,total,money,mock-d,19.08,19.08,False,line: 19.08,19.08,synthetic,demo,19.08,True,True,True,none,True
synthetic/s7/0052,address,address,mock-a,"LOT P.T. 2811, JALAN ANGSANA, TAMAN MUTIARA RINI, 81300 SKUDAI",lot p t 2811 jln angsana tmn mutiara rini 81300 skudai,False,,"LOT P.T. 2811, JALAN ANGSANA, TAMAN MUTIARA RINI, 81300 SKUDAI",synthetic,demo,lot p t 2811 jln angsana tmn mutiara rini 81300 skudai,True,True,True,none,True
synthetic/s7/0052,address,address,mock-b,"LOT P.T. 2811, JALAN ANGSANA, TAMAN MUTIARA RINI",lot p t 2811 jln angsana tmn mutiara rini,False,,"LOT P.T. 2811, JALAN ANGSANA, TAMAN MUTIARA RINI, 81300 SKUDAI",synthetic,demo,lot p t 2811 jln angsana tmn mutiara rini 81300 skudai,True,True,False,wrong_value,False
synthetic/s7/0052,address,address,mock-c,"LOT P.T. 2811, JALAN ANGSANA, TAMAN MUTIARA RINI, 81300 SKUDAI",lot p t 2811 jln angsana tmn mutiara rini 81300 skudai,False,,"LOT P.T. 2811, JALAN ANGSANA, TAMAN MUTIARA RINI, 81300 SKUDAI",synthetic,demo,lot p t 2811 jln angsana tmn mutiara rini 81300 skudai,True,True,True,none,True
synthetic/s7/0052,address,address,mock-d,"LOT P.T. 2811, JALAN ANGSANA, TAMAN MUTIARA RINI",lot p t 2811 jln angsana tmn mutiara rini,False,"line: LOT P.T. 2811, JALAN ANGSANA, TAMAN MUTIARA RINI","LOT P.T. 2811, JALAN ANGSANA, TAMAN MUTIARA RINI, 81300 SKUDAI",synthetic,demo,lot p t 2811 jln angsana tmn mutiara rini 81300 skudai,True,True,False,wrong_value,False
synthetic/s7/0052,company,org,mock-a,99 SPEED MART,99 speed mart,False,,99 SPEED MART S/B,synthetic,demo,99 speed mart s b,True,True,False,wrong_value,False
synthetic/s7/0052,company,org,mock-b,99 SPEED MART,99 speed mart,False,,99 SPEED MART S/B,synthetic,demo,99 speed mart s b,True,True,False,wrong_value,False
synthetic/s7/0052,company,org,mock-c,,,True,,99 SPEED MART S/B,synthetic,demo,99 speed mart s b,True,False,False,miss,False
synthetic/s7/0052,company,org,mock-d,99 SPEED MART S/B,99 speed mart s b,False,line: 99 SPEED MART S/B,99 SPEED MART S/B,synthetic,demo,99 speed mart s b,True,True,True,none,True
synthetic/s7/0052,date,date,mock-a,06/01/2019,2019-01-06,False,,06/01/2019,synthetic,demo,2019-01-06,True,True,True,none,True
synthetic/s7/0052,date,date,mock-b,06/01/2019,2019-01-06,False,,06/01/2019,synthetic,demo,2019-01-06,True,True,True,none,True
synthetic/s7/0052,date,date,mock-c,06/01/2019,2019-01-06,False,,06/01/2019,synthetic,demo,2019-01-06,True,True,True,none,True
synthetic/s7/0052,date,date,mock-d,06/01/2019,2019-01-06,False,line: 06/01/2019,06/01/2019,synthetic,demo,2019-01-06,True,True,True,none,True
synthetic/s7/0052,phone,phone,mock-a,03-960 6428,39606428,False,,03-960 6428,synthetic,demo,39606428,True,True,True,none,True
synthetic/s7/0052,phone,phone,mock-b,03-960 6428,39606428,False,,03-960 6428,synthetic,demo,39606428,True,True,True,none,True
synthetic/s7/0052,phone,phone,mock-c,03-960 6428,39606428,False,,03-960 6428,synthetic,demo,39606428,True,True,True,none,True
synthetic/s7/0052,phone,phone,mock-d,03-960 6428,39606428,False,line: 03-960 6428,03-960 6428,synthetic,demo,39606428,True,True,True,none,True
synthetic/s7/0052,tax,money,mock-a,3.48,3.48,False,,3.28,synthetic,demo,3.28,True,True,False,wrong_value,False
synthetic/s7/0052,tax,money,mock-b,,,True,,3.28,synthetic,demo,3.28,True,False,False,miss,False
synthetic/s7/0052,tax,money,mock-c,3.28,3.28,False,,3.28,synthetic,demo,3.28,True,True,True,none,True
synthetic/s7/0052,tax,money,mock-d,3.28,3.28,False,line: 3.28,3.28,synthetic,demo,3.28,True,True,True,none,True
synthetic/s7/0052,total,money,mock-a,57.88,57.88,False,,57.88,synthetic,demo,57.88,True,True,True,none,True
synthetic/s7/0052,total,money,mock-b,57.88,57.88,False,,57.88,synthetic,demo,57.88,True,True,True,none,True
synthetic/s7/0052,total,money,mock-c,57.88,57.88,False,,57.88,synthetic,demo,57.88,True,True,True,none,True
synthetic/s7/0052,total,money,mock-d,57.88,57.88,False,line: 57.88,57.88,synthetic,demo,57.88,True,True,True,none,True
synthetic/s7/0053,address,address,mock-a,"LOT 276 JALAN BANTING, 43800 DENGKIL, SELANGOR",lot 276 jln banting 43800 dengkil selangor,False,,"LOT 276 JALAN BANTING, 43800 DENGKIL, SELANGOR",synthetic,demo,lot 276 jln banting 43800 dengkil selangor,True,True,True,none,True
synthetic/s7/0053,address,address,mock-b,"LOT 276 JALAN BANTING, 43800 DENGKIL, SELANGOR",lot 276 jln banting 43800 dengkil selangor,False,,"LOT 276 JALAN BANTING, 43800 DENGKIL, SELANGOR",synthetic,demo,lot 276 jln banting 43800 dengkil selangor,True,True,True,none,True
synthetic/s7/0053,address,address,mock-c,"LOT 276 JALAN BANTING, 43800 DENGKIL, SELANGOR",lot 276 jln banting 43800 dengkil selangor,False,,"LOT 276 JALAN BANTING, 43800 DENGKIL, SELANGOR",synthetic,demo,lot 276 jln banting 43800 dengkil selangor,True,True,True,none,True
synthetic/s7/0053,address,address,mock-d,"LOT 276 JALAN BANTING, 43800 DENGKIL, SELANGOR",lot 276 jln banting 43800 dengkil selangor,False,"line: LOT 276 JALAN BANTING, 43800 DENGKIL, SELANGOR","LOT 276 JALAN BANTING, 43800 DENGKIL, SELANGOR",synthetic,demo,lot 276 jln banting 43800 dengkil selangor,True,True,True,none,True
synthetic/s7/0053,company,org,mock-a,KEDAI PAPAN YEW CHUAN,kedai papan yew chuan,False,,KEDAI PAPAN YEW CHUAN,synthetic,demo,kedai papan yew chuan,True,True,True,none,True
synthetic/s7/0053,company,org,mock-b,KEDAI PAPAN YEW CHUAN,kedai papan yew chuan,False,,KEDAI PAPAN YEW CHUAN,synthetic,demo,kedai papan yew chuan,True,True,True,none,True
synthetic/s7/0053,company,org,mock-c,KEDAI PAPAN YEW CHUAN,kedai papan yew chuan,False,,KEDAI PAPAN YEW CHUAN,synthetic,demo,kedai papan yew chuan,True,True,True,none,True
synthetic/s7/0053,company,org,mock-d,PAPAN YEW CHUAN,papan yew chuan,False,line: PAPAN YEW CHUAN,KEDAI PAPAN YEW CHUAN,synthetic,demo,kedai papan yew chuan,True,True,False,wrong_value,False
synthetic/s7/0053,date,date,mock-a,27/07/2018,2018-07-27,False,,27/07/2018,synthetic,demo,2018-07-27,True,True,True,none,True
synthetic/s7/0053,date,date,mock-b,27/07/2018,2018-07-27,False,,27/07/2018,synthetic,demo,2018-07-27,True,True,True,none,True
synthetic/s7/0053,date,date,mock-c,27/07/2018,2018-07-27,False,,27/07/2018,synthetic,demo,2018-07-27,True,True,True,none,True
synthetic/s7/0053,date,date,mock-d,,,True,,27/07/2018,synthetic,demo,2018-07-27,True,False,False,miss,False
synthetic/s7/0053,phone,phone,mock-a,06-499 2251,64992251,False,,06-499 2251,synthetic,demo,64992251,True,True,True,none,True
synthetic/s7/0053,phone,phone,mock-b,06-499 2251,64992251,False,,06-499 2251,synthetic,demo,64992251,True,True,True,none,True
synthetic/s7/0053,phone,phone,mock-c,06-499 2251,64992251,False,,06-499 2251,synthetic,demo,64992251,True,True,True,none,True
synthetic/s7/0053,phone,phone,mock-d,06-499 2251,64992251,False,line: 06-499 2251,06-499 2251,synthetic,demo,64992251,True,True,True,none,True
synthetic/s7/0053,tax,money,mock-a,5.17,5.17,False,,1.17,synthetic,demo,1.17,True,True,False,wrong_value,False
synthetic/s7/0053,tax,money,mock-b,1.17,1.17,False,,1.17,synthetic,demo,1.17,True,True,True,none,True
synthetic/s7/0053,tax,money,mock-c,1.17,1.17,False,,1.17,synthetic,demo,1.17,True,True,True,none,True
synthetic/s7/0053,tax,money,mock-d,1.17,1.17,False,line: 1.17,1.17,synthetic,demo,1.17,True,True,True,none,True
synthetic/s7/0053,total,money,mock-a,20.67,20.67,False,,20.67,synthetic,demo,20.67,True,True,True,none,True
synthetic/s7/0053,total,money,mock-b,,,True,,20.67,synthetic,demo,20.67,True,False,False,miss,False
synthetic/s7/0053,total,money,mock-c,20.67,20.67,False,,20.67,synthetic,demo,20.67,True,True,True,none,True
synthetic/s7/0053,total,money,mock-d,20.67,20.67,False,line: 20.67,20.67,synthetic,demo,20.67,True,True,True,none,True
synthetic/s7/0054,address,address,mock-a,"NO 2 & 4, JALAN BAYU 4, BANDAR SERI ALAM, 81750 MASAI, JOHOR",no 2 and 4 jln bayu 4 bdr seri alam 81750 masai johor,False,,"NO 2 & 4, JALAN BAYU 4, BANDAR SERI ALAM, 81750 MASAI, JOHOR",synthetic,demo,no 2 and 4 jln bayu 4 bdr seri alam 81750 masai johor,True,True,True,none,True
synthetic/s7/0054,address,address,mock-b,"NO 2 & 4, JALAN BAYU 4, BANDAR SERI ALAM, 81750 MASAI, JOHOR",no 2 and 4 jln bayu 4 bdr seri alam 81750 masai johor,False,,"NO 2 & 4, JALAN BAYU 4, BANDAR SERI ALAM, 81750 MASAI, JOHOR",synthetic,demo,no 2 and 4 jln bayu 4 bdr seri alam 81750 masai johor,True,True,True,none,True
synthetic/s7/0054,address,address,mock-c,"NO 2 & 4, JALAN BAYU 4, BANDAR SERI ALAM, 81750 MASAI, JOHOR",no 2 and 4 jln bayu 4 bdr seri alam 81750 masai johor,False,,"NO 2 & 4, JALAN BAYU 4, BANDAR SERI ALAM, 81750 MASAI, JOHOR",synthetic,demo,no 2 and 4 jln bayu 4 bdr seri alam 81750 masai johor,True,True,True,none,True
synthetic/s7/0054,address,address,mock-d,"NO 2 & 4, JALAN BAYU 4, BANDAR SERI ALAM, 81750 MASAI, JOHOR",no 2 and 4 jln bayu 4 bdr seri alam 81750 masai johor,False,"line: NO 2 & 4, JALAN BAYU 4, BANDAR SERI ALAM, 81750 MASAI, JOHOR","NO 2 & 4, JALAN BAYU 4, BANDAR SERI ALAM, 81750 MASAI, JOHOR",synthetic,demo,no 2 and 4 jln bayu 4 bdr seri alam 81750 masai johor,True,True,True,none,True
synthetic/s7/0054,company,org,mock-a,OJC MARKETING SDN BHD,ojc marketing,False,,OJC MARKETING SDN BHD,synthetic,demo,ojc marketing,True,True,True,none,True
synthetic/s7/0054,company,org,mock-b,,,True,,OJC MARKETING SDN BHD,synthetic,demo,ojc marketing,True,False,False,miss,False
synthetic/s7/0054,company,org,mock-c,OJC MARKETING SDN BHD,ojc marketing,False,,OJC MARKETING SDN BHD,synthetic,demo,ojc marketing,True,True,True,none,True
synthetic/s7/0054,company,org,mock-d,OJC MARKETING SDN BHD,ojc marketing,False,line: OJC MARKETING SDN BHD,OJC MARKETING SDN BHD,synthetic,demo,ojc marketing,True,True,True,none,True
synthetic/s7/0054,date,date,mock-a,01/28/2019,2019-01-28,False,,28/01/2019,synthetic,demo,2019-01-28,True,True,True,none,True
synthetic/s7/0054,date,date,mock-b,28/01/2019,2019-01-28,False,,28/01/2019,synthetic,demo,2019-01-28,True,True,True,none,True
synthetic/s7/0054,date,date,mock-c,28/01/2019,2019-01-28,False,,28/01/2019,synthetic,demo,2019-01-28,True,True,True,none,True
synthetic/s7/0054,date,date,mock-d,28/01/2019,2019-01-28,False,line: 28/01/2019,28/01/2019,synthetic,demo,2019-01-28,True,True,True,none,True
synthetic/s7/0054,phone,phone,mock-a,04-355 5353,43555353,False,,04-355 5353,synthetic,demo,43555353,True,True,True,none,True
synthetic/s7/0054,phone,phone,mock-b,04-355 5353,43555353,False,,04-355 5353,synthetic,demo,43555353,True,True,True,none,True
synthetic/s7/0054,phone,phone,mock-c,04-355 5353,43555353,False,,04-355 5353,synthetic,demo,43555353,True,True,True,none,True
synthetic/s7/0054,phone,phone,mock-d,04-355 5353,43555353,False,line: 04-355 5353,04-355 5353,synthetic,demo,43555353,True,True,True,none,True
synthetic/s7/0054,tax,money,mock-a,,,True,,,synthetic,demo,,False,False,True,none,True
synthetic/s7/0054,tax,money,mock-b,,,True,,,synthetic,demo,,False,False,True,none,True
synthetic/s7/0054,tax,money,mock-c,,,True,,,synthetic,demo,,False,False,True,none,True
synthetic/s7/0054,tax,money,mock-d,,,True,,,synthetic,demo,,False,False,True,none,True
synthetic/s7/0054,total,money,mock-a,1.50,1.50,False,,1.50,synthetic,demo,1.50,True,True,True,none,True
synthetic/s7/0054,total,money,mock-b,1.50,1.50,False,,1.50,synthetic,demo,1.50,True,True,True,none,True
synthetic/s7/0054,total,money,mock-c,1.50,1.50,False,,1.50,synthetic,demo,1.50,True,True,True,none,True
synthetic/s7/0054,total,money,mock-d,1.50,1.50,False,line: 1.50,1.50,synthetic,demo,1.50,True,True,True,none,True
synthetic/s7/0055,address,address,mock-a,"NO.59 JALAN PERMAS 9/5, BANDAR BARU PERMAS JAYA, 81750 JOHOR BAHRU",no 59 jln permas 9 5 bdr baru permas jaya 81750 johor bahru,False,,"NO.59 JALAN PERMAS 9/5, BANDAR BARU PERMAS JAYA, 81750 JOHOR BAHRU",synthetic,demo,no 59 jln permas 9 5 bdr baru permas jaya 81750 johor bahru,True,True,True,none,True
synthetic/s7/0055,address,address,mock-b,"NO.59 JALAN PERMAS 9/5, BANDAR BARU PERMAS JAYA, 81750 JOHOR BAHRU",no 59 jln permas 9 5 bdr baru permas jaya 81750 johor bahru,False,,"NO.59 JALAN PERMAS 9/5, BANDAR BARU PERMAS JAYA, 81750 JOHOR BAHRU",synthetic,demo,no 59 jln permas 9 5 bdr baru permas jaya 81750 johor bahru,True,True,True,none,True
synthetic/s7/0055,address,address,mock-c,"NO.59 JALAN PERMAS 9/5, BANDAR BARU PERMAS JAYA, 81750 JOHOR BAHRU",no 59 jln permas 9 5 bdr baru permas jaya 81750 johor bahru,False,,"NO.59 JALAN PERMAS 9/5, BANDAR BARU PERMAS JAYA, 81750 JOHOR BAHRU",synthetic,demo,no 59 jln permas 9 5 bdr baru permas jaya 81750 johor bahru,True,True,True,none,True
synthetic/s7/0055,address,address,mock-d,"NO.59 JALAN PERMAS 9/5, BANDAR BARU PERMAS JAYA, 81750 JOHOR BAHRU",no 59 jln permas 9 5 bdr baru permas jaya 81750 johor bahru,False,"line: NO.59 JALAN PERMAS 9/5, BANDAR BARU PERMAS JAYA, 81750 JOHOR BAHRU","NO.59 JALAN PERMAS 9/5, BANDAR BARU PERMAS JAYA, 81750 JOHOR BAHRU",synthetic,demo,no 59 jln permas 9 5 bdr baru permas jaya 81750 johor bahru,True,True,True,none,True
synthetic/s7/0055,company,org,mock-a,PERNIAGAAN ZHENG HUI,perniagaan zheng hui,False,,PERNIAGAAN ZHENG HUI,synthetic,demo,perniagaan zheng hui,True,True,True,none,True
synthetic/s7/0055,company,org,mock-b,PERNIAGAAN ZHENG HUI,perniagaan zheng hui,False,,PERNIAGAAN ZHENG HUI,synthetic,demo,perniagaan zheng hui,True,True,True,none,True
synthetic/s7/0055,company,org,mock-c,PERNIAGAAN ZHENG HUI,perniagaan zheng hui,False,,PERNIAGAAN ZHENG HUI,synthetic,demo,perniagaan zheng hui,True,True,True,none,True
synthetic/s7/0055,company,org,mock-d,,,True,,PERNIAGAAN ZHENG HUI,synthetic,demo,perniagaan zheng hui,True,False,False,miss,False
synthetic/s7/0055,date,date,mock-a,07/06/2019,2019-06-07,False,,07/06/2019,synthetic,demo,2019-06-07,True,True,True,none,True
synthetic/s7/0055,date,date,mock-b,06/07/2019,2019-07-06,False,,07/06/2019,synthetic,demo,2019-06-07,True,True,False,wrong_value,False
synthetic/s7/0055,date,date,mock-c,07/06/2019,2019-06-07,False,,07/06/2019,synthetic,demo,2019-06-07,True,True,True,none,True
synthetic/s7/0055,date,date,mock-d,07/06/2019,2019-06-07,False,line: 07/06/2019,07/06/2019,synthetic,demo,2019-06-07,True,True,True,none,True
synthetic/s7/0055,phone,phone,mock-a,,,True,,,synthetic,demo,,False,False,True,none,True
synthetic/s7/0055,phone,phone,mock-b,,,True,,,synthetic,demo,,False,False,True,none,True
synthetic/s7/0055,phone,phone,mock-c,,,True,,,synthetic,demo,,False,False,True,none,True
synthetic/s7/0055,phone,phone,mock-d,,,True,,,synthetic,demo,,False,False,True,none,True
synthetic/s7/0055,tax,money,mock-a,,,True,,,synthetic,demo,,False,False,True,none,True
synthetic/s7/0055,tax,money,mock-b,,,True,,,synthetic,demo,,False,False,True,none,True
synthetic/s7/0055,tax,money,mock-c,,,True,,,synthetic,demo,,False,False,True,none,True
synthetic/s7/0055,tax,money,mock-d,,,True,,,synthetic,demo,,False,False,True,none,True
synthetic/s7/0055,total,money,mock-a,21.48,21.48,False,,21.40,synthetic,demo,21.40,True,True,False,wrong_value,False
synthetic/s7/0055,total,money,mock-b,21.40,21.40,False,,21.40,synthetic,demo,21.40,True,True,True,none,True
synthetic/s7/0055,total,money,mock-c,21.40,21.40,False,,21.40,synthetic,demo,21.40,True,True,True,none,True
synthetic/s7/0055,total,money,mock-d,21.40,21.40,False,line: 21.40,21.40,synthetic,demo,21.40,True,True,True,none,True
synthetic/s7/0056,address,address,mock-a,"LOT 3, JALAN PELABUR 23/1, 40300 SHAH ALAM, SELANGOR",lot 3 jln pelabur 23 1 40300 shah alam selangor,False,,"LOT 3, JALAN PELABUR 23/1, 40300 SHAH ALAM, SELANGOR",synthetic,demo,lot 3 jln pelabur 23 1 40300 shah alam selangor,True,True,True,none,True
synthetic/s7/0056,address,address,mock-b,,,True,,"LOT 3, JALAN PELABUR 23/1, 40300 SHAH ALAM, SELANGOR",synthetic,demo,lot 3 jln pelabur 23 1 40300 shah alam selangor,True,False,False,miss,False
synthetic/s7/0056,address,address,mock-c,"LOT 3, JALAN PELABUR 23/1, 40300 SHAH ALAM, SELANGOR",lot 3 jln pelabur 23 1 40300 shah alam selangor,False,,"LOT 3, JALAN PELABUR 23/1, 40300 SHAH ALAM, SELANGOR",synthetic,demo,lot 3 jln pelabur 23 1 40300 shah alam selangor,True,True,True,none,True
synthetic/s7/0056,address,address,mock-d,"LOT 3, JALAN PELABUR 23/1, 40300 SHAH ALAM",lot 3 jln pelabur 23 1 40300 shah alam,False,"line: LOT 3, JALAN PELABUR 23/1, 40300 SHAH ALAM","LOT 3, JALAN PELABUR 23/1, 40300 SHAH ALAM, SELANGOR",synthetic,demo,lot 3 jln pelabur 23 1 40300 shah alam selangor,True,True,False,wrong_value,False
synthetic/s7/0056,company,org,mock-a,GARDENIA BAKERIES (KL) SDN BHD,gardenia bakeries kl,False,,GARDENIA BAKERIES (KL) SDN BHD,synthetic,demo,gardenia bakeries kl,True,True,True,none,True
synthetic/s7/0056,company,org,mock-b,GARDENIA BAKERIES (KL) SDN,gardenia bakeries kl sdn,False,,GARDENIA BAKERIES (KL) SDN BHD,synthetic,demo,gardenia bakeries kl,True,True,False,wrong_value,False
synthetic/s7/0056,company,org,mock-c,GARDENIA BAKERIES (KL) SDN BHD,gardenia bakeries kl,False,,GARDENIA BAKERIES (KL) SDN BHD,synthetic,demo,gardenia bakeries kl,True,True,True,none,True
synthetic/s7/0056,company,org,mock-d,GARDENIA BAKERIES (KL) SDN BHD,gardenia bakeries kl,False,line: GARDENIA BAKERIES (KL) SDN BHD,GARDENIA BAKERIES (KL) SDN BHD,synthetic,demo,gardenia bakeries kl,True,True,True,none,True
synthetic/s7/0056,date,date,mock-a,02/12/2019,2019-12-02,False,,02/12/2019,synthetic,demo,2019-12-02,True,True,True,none,True
synthetic/s7/0056,date,date,mock-b,02/12/2019,2019-12-02,False,,02/12/2019,synthetic,demo,2019-12-02,True,True,True,none,True
synthetic/s7/0056,date,date,mock-c,02/12/2019,2019-12-02,False,,02/12/2019,synthetic,demo,2019-12-02,True,True,True,none,True
synthetic/s7/0056,date,date,mock-d,02/12/2019,2019-12-02,False,line: 02/12/2019,02/12/2019,synthetic,demo,2019-12-02,True,True,True,none,True
synthetic/s7/0056,phone,phone,mock-a,03-1234 5678,312345678,False,,,synthetic,demo,,False,True,False,hallucination,False
synthetic/s7/0056,phone,phone,mock-b,03-1234 5678,312345678,False,,,synthetic,demo,,False,True,False,hallucination,False
synthetic/s7/0056,phone,phone,mock-c,03-1234 5678,312345678,False,,,synthetic,demo,,False,True,False,hallucination,False
synthetic/s7/0056,phone,phone,mock-d,03-1234 5678,312345678,False,line: 03-1234 5678,,synthetic,demo,,False,True,False,hallucination,False
synthetic/s7/0056,tax,money,mock-a,1.70,1.70,False,,1.70,synthetic,demo,1.70,True,True,True,none,True
synthetic/s7/0056,tax,money,mock-b,1.77,1.77,False,,1.70,synthetic,demo,1.70,True,True,False,wrong_value,False
synthetic/s7/0056,tax,money,mock-c,4.70,4.70,False,,1.70,synthetic,demo,1.70,True,True,False,wrong_value,False
synthetic/s7/0056,tax,money,mock-d,1.70,1.70,False,line: 1.70,1.70,synthetic,demo,1.70,True,True,True,none,True
synthetic/s7/0056,total,money,mock-a,30.00,30.00,False,,30.00,synthetic,demo,30.00,True,True,True,none,True
synthetic/s7/0056,total,money,mock-b,30.00,30.00,False,,30.00,synthetic,demo,30.00,True,True,True,none,True
synthetic/s7/0056,total,money,mock-c,30.00,30.00,False,,30.00,synthetic,demo,30.00,True,True,True,none,True
synthetic/s7/0056,total,money,mock-d,29.40,29.40,False,line: 29.40,30.00,synthetic,demo,30.00,True,True,False,wrong_value,False
synthetic/s7/0057,address,address,mock-a,"NO. 31G&33G, JALAN SETIA INDAH X, U13/X, 40170 SETIA ALAM",no 31g and 33g jln setia indah x u13 x 40170 setia alam,False,,"NO. 31G&33G, JALAN SETIA INDAH X, U13/X, 40170 SETIA ALAM",synthetic,demo,no 31g and 33g jln setia indah x u13 x 40170 setia alam,True,True,True,none,True
synthetic/s7/0057,address,address,mock-b,"NO. 31G&33G, JALAN SETIA INDAH X, U13/X, 40170 SETIA ALAM",no 31g and 33g jln setia indah x u13 x 40170 setia alam,False,,"NO. 31G&33G, JALAN SETIA INDAH X, U13/X, 40170 SETIA ALAM",synthetic,demo,no 31g and 33g jln setia indah x u13 x 40170 setia alam,True,True,True,none,True
synthetic/s7/0057,address,address,mock-c,"NO. 31G&33G, JALAN SETIA INDAH X, U13/X, 40170 SETIA ALAM",no 31g and 33g jln setia indah x u13 x 40170 setia alam,False,,"NO. 31G&33G, JALAN SETIA INDAH X, U13/X, 40170 SETIA ALAM",synthetic,demo,no 31g and 33g jln setia indah x u13 x 40170 setia alam,True,True,True,none,True
synthetic/s7/0057,address,address,mock-d,,,True,,"NO. 31G&33G, JALAN SETIA INDAH X, U13/X, 40170 SETIA ALAM",synthetic,demo,no 31g and 33g jln setia indah x u13 x 40170 setia alam,True,False,False,miss,False
synthetic/s7/0057,company,org,mock-a,SANYU STATIONERY SHOP,sanyu stationery shop,False,,SANYU STATIONERY SHOP,synthetic,demo,sanyu stationery shop,True,True,True,none,True
synthetic/s7/0057,company,org,mock-b,SANYU STATIONERY SHOP,sanyu stationery shop,False,,SANYU STATIONERY SHOP,synthetic,demo,sanyu stationery shop,True,True,True,none,True
synthetic/s7/0057,company,org,mock-c,SANYU STATIONERY SHOP,sanyu stationery shop,False,,SANYU STATIONERY SHOP,synthetic,demo,sanyu stationery shop,True,True,True,none,True
synthetic/s7/0057,company,org,mock-d,,,True,,SANYU STATIONERY SHOP,synthetic,demo,sanyu stationery shop,True,False,False,miss,False
synthetic/s7/0057,date,date,mock-a,14/06/2019,2019-06-14,False,,14/06/2019,synthetic,demo,2019-06-14,True,True,True,none,True
synthetic/s7/0057,date,date,mock-b,14/06/2019,2019-06-14,False,,14/06/2019,synthetic,demo,2019-06-14,True,True,True,none,True
synthetic/s7/0057,date,date,mock-c,14/06/2019,2019-06-14,False,,14/06/2019,synthetic,demo,2019-06-14,True,True,True,none,True
synthetic/s7/0057,date,date,mock-d,14/06/2019,2019-06-14,False,line: 14/06/2019,14/06/2019,synthetic,demo,2019-06-14,True,True,True,none,True
synthetic/s7/0057,phone,phone,mock-a,08-344 5928,83445928,False,,08-344 5928,synthetic,demo,83445928,True,True,True,none,True
synthetic/s7/0057,phone,phone,mock-b,78-344 5928,783445928,False,,08-344 5928,synthetic,demo,83445928,True,True,False,wrong_value,False
synthetic/s7/0057,phone,phone,mock-c,08-344 5928,83445928,False,,08-344 5928,synthetic,demo,83445928,True,True,True,none,True
synthetic/s7/0057,phone,phone,mock-d,08-344 5928,83445928,False,line: 08-344 5928,08-344 5928,synthetic,demo,83445928,True,True,True,none,True
synthetic/s7/0057,tax,money,mock-a,,,True,,,synthetic,demo,,False,False,True,none,True
synthetic/s7/0057,tax,money,mock-b,,,True,,,synthetic,demo,,False,False,True,none,True
synthetic/s7/0057,tax,money,mock-c,,,True,,,synthetic,demo,,False,False,True,none,True
synthetic/s7/0057,tax,money,mock-d,,,True,,,synthetic,demo,,False,False,True,none,True
synthetic/s7/0057,total,money,mock-a,45.90,45.90,False,,45.90,synthetic,demo,45.90,True,True,True,none,True
synthetic/s7/0057,total,money,mock-b,,,True,,45.90,synthetic,demo,45.90,True,False,False,miss,False
synthetic/s7/0057,total,money,mock-c,45.90,45.90,False,,45.90,synthetic,demo,45.90,True,True,True,none,True
synthetic/s7/0057,total,money,mock-d,45.90,45.90,False,line: 45.90,45.90,synthetic,demo,45.90,True,True,True,none,True
synthetic/s7/0058,address,address,mock-a,"LOT P.T. 2811, JALAN ANGSANA, TAMAN MUTIARA RINI, 81300 SKUDAI",lot p t 2811 jln angsana tmn mutiara rini 81300 skudai,False,,"LOT P.T. 2811, JALAN ANGSANA, TAMAN MUTIARA RINI, 81300 SKUDAI",synthetic,demo,lot p t 2811 jln angsana tmn mutiara rini 81300 skudai,True,True,True,none,True
synthetic/s7/0058,address,address,mock-b,"LOT P.T. 2811, JALAN ANGSANA, TAMAN MUTIARA RINI, 81300 SKUDAI",lot p t 2811 jln angsana tmn mutiara rini 81300 skudai,False,,"LOT P.T. 2811, JALAN ANGSANA, TAMAN MUTIARA RINI, 81300 SKUDAI",synthetic,demo,lot p t 2811 jln angsana tmn mutiara rini 81300 skudai,True,True,True,none,True
synthetic/s7/0058,address,address,mock-c,"LOT P.T. 2811, JALAN ANGSANA, TAMAN MUTIARA RINI, 81300 SKUDAI",lot p t 2811 jln angsana tmn mutiara rini 81300 skudai,False,,"LOT P.T. 2811, JALAN ANGSANA, TAMAN MUTIARA RINI, 81300 SKUDAI",synthetic,demo,lot p t 2811 jln angsana tmn mutiara rini 81300 skudai,True,True,True,none,True
synthetic/s7/0058,address,address,mock-d,"LOT P.T. 2811, JALAN ANGSANA, TAMAN MUTIARA RINI",lot p t 2811 jln angsana tmn mutiara rini,False,"line: LOT P.T. 2811, JALAN ANGSANA, TAMAN MUTIARA RINI","LOT P.T. 2811, JALAN ANGSANA, TAMAN MUTIARA RINI, 81300 SKUDAI",synthetic,demo,lot p t 2811 jln angsana tmn mutiara rini 81300 skudai,True,True,False,wrong_value,False
synthetic/s7/0058,company,org,mock-a,99 SPEED MART S/B,99 speed mart s b,False,,99 SPEED MART S/B,synthetic,demo,99 speed mart s b,True,True,True,none,True
synthetic/s7/0058,company,org,mock-b,99 SPEED MART S/B,99 speed mart s b,False,,99 SPEED MART S/B,synthetic,demo,99 speed mart s b,True,True,True,none,True
synthetic/s7/0058,company,org,mock-c,,,True,,99 SPEED MART S/B,synthetic,demo,99 speed mart s b,True,False,False,miss,False
synthetic/s7/0058,company,org,mock-d,99 SPEED MART S/B,99 speed mart s b,False,line: 99 SPEED MART S/B,99 SPEED MART S/B,synthetic,demo,99 speed mart s b,True,True,True,none,True
synthetic/s7/0058,date,date,mock-a,02/13/2018,2018-02-13,False,,13/02/2018,synthetic,demo,2018-02-13,True,True,True,none,True
synthetic/s7/0058,date,date,mock-b,13/02/2018,2018-02-13,False,,13/02/2018,synthetic,demo,2018-02-13,True,True,True,none,True
synthetic/s7/0058,date,date,mock-c,02/13/2018,2018-02-13,False,,13/02/2018,synthetic,demo,2018-02-13,True,True,True,none,True
synthetic/s7/0058,date,date,mock-d,13/02/2018,2018-02-13,False,line: 13/02/2018,13/02/2018,synthetic,demo,2018-02-13,True,True,True,none,True
synthetic/s7/0058,phone,phone,mock-a,,,True,,,synthetic,demo,,False,False,True,none,True
synthetic/s7/0058,phone,phone,mock-b,,,True,,,synthetic,demo,,False,False,True,none,True
synthetic/s7/0058,phone,phone,mock-c,,,True,,,synthetic,demo,,False,False,True,none,True
synthetic/s7/0058,phone,phone,mock-d,,,True,,,synthetic,demo,,False,False,True,none,True
synthetic/s7/0058,tax,money,mock-a,1.06,1.06,False,,1.06,synthetic,demo,1.06,True,True,True,none,True
synthetic/s7/0058,tax,money,mock-b,1.06,1.06,False,,1.06,synthetic,demo,1.06,True,True,True,none,True
synthetic/s7/0058,tax,money,mock-c,1.06,1.06,False,,1.06,synthetic,demo,1.06,True,True,True,none,True
synthetic/s7/0058,tax,money,mock-d,,,True,,1.06,synthetic,demo,1.06,True,False,False,miss,False
synthetic/s7/0058,total,money,mock-a,18.76,18.76,False,,18.76,synthetic,demo,18.76,True,True,True,none,True
synthetic/s7/0058,total,money,mock-b,18.16,18.16,False,,18.76,synthetic,demo,18.76,True,True,False,wrong_value,False
synthetic/s7/0058,total,money,mock-c,18.76,18.76,False,,18.76,synthetic,demo,18.76,True,True,True,none,True
synthetic/s7/0058,total,money,mock-d,18.76,18.76,False,line: 18.76,18.76,synthetic,demo,18.76,True,True,True,none,True
synthetic/s7/0059,address,address,mock-a,"LOT 276 JALAN BANTING, 43800 DENGKIL, SELANGOR",lot 276 jln banting 43800 dengkil selangor,False,,"LOT 276 JALAN BANTING, 43800 DENGKIL, SELANGOR",synthetic,demo,lot 276 jln banting 43800 dengkil selangor,True,True,True,none,True
synthetic/s7/0059,address,address,mock-b,"LOT 276 JALAN BANTING, 43800 DENGKIL, SELANGOR",lot 276 jln banting 43800 dengkil selangor,False,,"LOT 276 JALAN BANTING, 43800 DENGKIL, SELANGOR",synthetic,demo,lot 276 jln banting 43800 dengkil selangor,True,True,True,none,True
synthetic/s7/0059,address,address,mock-c,"LOT 276 JALAN BANTING, 43800 DENGKIL, SELANGOR",lot 276 jln banting 43800 dengkil selangor,False,,"LOT 276 JALAN BANTING, 43800 DENGKIL, SELANGOR",synthetic,demo,lot 276 jln banting 43800 dengkil selangor,True,True,True,none,True
synthetic/s7/0059,address,address,mock-d,"LOT 276 JALAN BANTING, 43800 DENGKIL, SELANGOR",lot 276 jln banting 43800 dengkil selangor,False,"line: LOT 276 JALAN BANTING, 43800 DENGKIL, SELANGOR","LOT 276 JALAN BANTING, 43800 DENGKIL, SELANGOR",synthetic,demo,lot 276 jln banting 43800 dengkil selangor,True,True,True,none,True
synthetic/s7/0059,company,org,mock-a,KEDAI PAPAN YEW CHUAN,kedai papan yew chuan,False,,KEDAI PAPAN YEW CHUAN,synthetic,demo,kedai papan yew chuan,True,True,True,none,True
synthetic/s7/0059,company,org,mock-b,PAPAN YEW CHUAN,papan yew chuan,False,,KEDAI PAPAN YEW CHUAN,synthetic,demo,kedai papan yew chuan,True,True,False,wrong_value,False
synthetic/s7/0059,company,org,mock-c,KEDAI PAPAN YEW CHUAN,kedai papan yew chuan,False,,KEDAI PAPAN YEW CHUAN,synthetic,demo,kedai papan yew chuan,True,True,True,none,True
synthetic/s7/0059,company,org,mock-d,KEDAI PAPAN YEW CHUAN,kedai papan yew chuan,False,line: KEDAI PAPAN YEW CHUAN,KEDAI PAPAN YEW CHUAN,synthetic,demo,kedai papan yew chuan,True,True,True,none,True
synthetic/s7/0059,date,date,mock-a,,,True,,11/08/2019,synthetic,demo,2019-08-11,True,False,False,miss,False
synthetic/s7/0059,date,date,mock-b,,,True,,11/08/2019,synthetic,demo,2019-08-11,True,False,False,miss,False
synthetic/s7/0059,date,date,mock-c,11/08/2019,2019-08-11,False,,11/08/2019,synthetic,demo,2019-08-11,True,True,True,none,True
synthetic/s7/0059,date,date,mock-d,11/08/2019,2019-08-11,False,line: 11/08/2019,11/08/2019,synthetic,demo,2019-08-11,True,True,True,none,True
synthetic/s7/0059,phone,phone,mock-a,03-426 4917,34264917,False,,03-426 4917,synthetic,demo,34264917,True,True,True,none,True
synthetic/s7/0059,phone,phone,mock-b,03-426 4917,34264917,False,,03-426 4917,synthetic,demo,34264917,True,True,True,none,True
synthetic/s7/0059,phone,phone,mock-c,03-426 4917,34264917,False,,03-426 4917,synthetic,demo,34264917,True,True,True,none,True
synthetic/s7/0059,phone,phone,mock-d,03-426 4917,34264917,False,line: 03-426 4917,03-426 4917,synthetic,demo,34264917,True,True,True,none,True
synthetic/s7/0059,tax,money,mock-a,0.97,0.97,False,,0.97,synthetic,demo,0.97,True,True,True,none,True
synthetic/s7/0059,tax,money,mock-b,0.97,0.97,False,,0.97,synthetic,demo,0.97,True,True,True,none,True
synthetic/s7/0059,tax,money,mock-c,0.97,0.97,False,,0.97,synthetic,demo,0.97,True,True,True,none,True
synthetic/s7/0059,tax,money,mock-d,0.97,0.97,False,line: 0.97,0.97,synthetic,demo,0.97,True,True,True,none,True
synthetic/s7/0059,total,money,mock-a,,,True,,17.07,synthetic,demo,17.07,True,False,False,miss,False
synthetic/s7/0059,total,money,mock-b,17.07,17.07,False,,17.07,synthetic,demo,17.07,True,True,True,none,True
synthetic/s7/0059,total,money,mock-c,17.07,17.07,False,,17.07,synthetic,demo,17.07,True,True,True,none,True
synthetic/s7/0059,total,money,mock-d,17.07,17.07,False,line: 17.07,17.07,synthetic,demo,17.07,True,True,True,none,True
synthetic/s7/0060,address,address,mock-a,"NO 2 & 4, JALAN BAYU 4, BANDAR SERI ALAM, 81750 MASAI, JOHOR",no 2 and 4 jln bayu 4 bdr seri alam 81750 masai johor,False,,"NO 2 & 4, JALAN BAYU 4, BANDAR SERI ALAM, 81750 MASAI, JOHOR",synthetic,demo,no 2 and 4 jln bayu 4 bdr seri alam 81750 masai johor,True,True,True,none,True
synthetic/s7/0060,address,address,mock-b,"NO 2 & 4, JALAN BAYU 4, BANDAR SERI ALAM, 81750 MASAI, JOHOR",no 2 and 4 jln bayu 4 bdr seri alam 81750 masai johor,False,,"NO 2 & 4, JALAN BAYU 4, BANDAR SERI ALAM, 81750 MASAI, JOHOR",synthetic,demo,no 2 and 4 jln bayu 4 bdr seri alam 81750 masai johor,True,True,True,none,True
synthetic/s7/0060,address,address,mock-c,"NO 2 & 4, JALAN BAYU 4, BANDAR SERI ALAM, 81750 MASAI, JOHOR",no 2 and 4 jln bayu 4 bdr seri alam 81750 masai johor,False,,"NO 2 & 4, JALAN BAYU 4, BANDAR SERI ALAM, 81750 MASAI, JOHOR",synthetic,demo,no 2 and 4 jln bayu 4 bdr seri alam 81750 masai johor,True,True,True,none,True
synthetic/s7/0060,address,address,mock-d,"NO 2 & 4, JALAN BAYU 4, BANDAR SERI ALAM, 81750 MASAI, JOHOR",no 2 and 4 jln bayu 4 bdr seri alam 81750 masai johor,False,"line: NO 2 & 4, JALAN BAYU 4, BANDAR SERI ALAM, 81750 MASAI, JOHOR","NO 2 & 4, JALAN BAYU 4, BANDAR SERI ALAM, 81750 MASAI, JOHOR",synthetic,demo,no 2 and 4 jln bayu 4 bdr seri alam 81750 masai johor,True,True,True,none,True
synthetic/s7/0060,company,org,mock-a,OJC MARKETING SDN,ojc marketing sdn,False,,OJC MARKETING SDN BHD,synthetic,demo,ojc marketing,True,True,False,wrong_value,False
synthetic/s7/0060,company,org,mock-b,OJC MARKETING SDN,ojc marketing sdn,False,,OJC MARKETING SDN BHD,synthetic,demo,ojc marketing,True,True,False,wrong_value,False
synthetic/s7/0060,company,org,mock-c,OJC MARKETING SDN,ojc marketing sdn,False,,OJC MARKETING SDN BHD,synthetic,demo,ojc marketing,True,True,False,wrong_value,False
synthetic/s7/0060,company,org,mock-d,OJC MARKETING SDN,ojc marketing sdn,False,line: OJC MARKETING SDN,OJC MARKETING SDN BHD,synthetic,demo,ojc marketing,True,True,False,wrong_value,False
synthetic/s7/0060,date,date,mock-a,07/01/2019,2019-01-07,False,,07/01/2019,synthetic,demo,2019-01-07,True,True,True,none,True
synthetic/s7/0060,date,date,mock-b,07/01/2019,2019-01-07,False,,07/01/2019,synthetic,demo,2019-01-07,True,True,True,none,True
synthetic/s7/0060,date,date,mock-c,07/01/2019,2019-01-07,False,,07/01/2019,synthetic,demo,2019-01-07,True,True,True,none,True
synthetic/s7/0060,date,date,mock-d,07/01/2019,2019-01-07,False,line: 07/01/2019,07/01/2019,synthetic,demo,2019-01-07,True,True,True,none,True
synthetic/s7/0060,phone,phone,mock-a,03-610 5546,36105546,False,,03-610 5546,synthetic,demo,36105546,True,True,True,none,True
synthetic/s7/0060,phone,phone,mock-b,03-610 5546,36105546,False,,03-610 5546,synthetic,demo,36105546,True,True,True,none,True
synthetic/s7/0060,phone,phone,mock-c,03-610 5546,36105546,False,,03-610 5546,synthetic,demo,36105546,True,True,True,none,True
synthetic/s7/0060,phone,phone,mock-d,03-610 5546,36105546,False,line: 03-610 5546,03-610 5546,synthetic,demo,36105546,True,True,True,none,True
synthetic/s7/0060,tax,money,mock-a,3.53,3.53,False,,3.53,synthetic,demo,3.53,True,True,True,none,True
synthetic/s7/0060,tax,money,mock-b,3.53,3.53,False,,3.53,synthetic,demo,3.53,True,True,True,none,True
synthetic/s7/0060,tax,money,mock-c,3.33,3.33,False,,3.53,synthetic,demo,3.53,True,True,False,wrong_value,False
synthetic/s7/0060,tax,money,mock-d,,,True,,3.53,synthetic,demo,3.53,True,False,False,miss,False
synthetic/s7/0060,total,money,mock-a,62.33,62.33,False,,62.33,synthetic,demo,62.33,True,True,True,none,True
synthetic/s7/0060,total,money,mock-b,62.33,62.33,False,,62.33,synthetic,demo,62.33,True,True,True,none,True
synthetic/s7/0060,total,money,mock-c,62.33,62.33,False,,62.33,synthetic,demo,62.33,True,True,True,none,True
synthetic/s7/0060,total,money,mock-d,62.33,62.33,False,line: 62.33,62.33,synthetic,demo,62.33,True,True,True,none,True
synthetic/s7/0061,address,address,mock-a,,,True,,"NO.59 JALAN PERMAS 9/5, BANDAR BARU PERMAS JAYA, 81750 JOHOR BAHRU",synthetic,demo,no 59 jln permas 9 5 bdr baru permas jaya 81750 johor bahru,True,False,False,miss,False
synthetic/s7/0061,address,address,mock-b,"NO.59 JALAN PERMAS 9/5, BANDAR BARU PERMAS JAYA, 81750 JOHOR BAHRU",no 59 jln permas 9 5 bdr baru permas jaya 81750 johor bahru,False,,"NO.59 JALAN PERMAS 9/5, BANDAR BARU PERMAS JAYA, 81750 JOHOR BAHRU",synthetic,demo,no 59 jln permas 9 5 bdr baru permas jaya 81750 johor bahru,True,True,True,none,True
synthetic/s7/0061,address,address,mock-c,"NO.59 JALAN PERMAS 9/5, BANDAR BARU PERMAS JAYA, 81750 JOHOR BAHRU",no 59 jln permas 9 5 bdr baru permas jaya 81750 johor bahru,False,,"NO.59 JALAN PERMAS 9/5, BANDAR BARU PERMAS JAYA, 81750 JOHOR BAHRU",synthetic,demo,no 59 jln permas 9 5 bdr baru permas jaya 81750 johor bahru,True,True,True,none,True
synthetic/s7/0061,address,address,mock-d,"NO.59 JALAN PERMAS 9/5, BANDAR BARU PERMAS JAYA, 81750 JOHOR BAHRU",no 59 jln permas 9 5 bdr baru permas jaya 81750 johor bahru,False,"line: NO.59 JALAN PERMAS 9/5, BANDAR BARU PERMAS JAYA, 81750 JOHOR BAHRU","NO.59 JALAN PERMAS 9/5, BANDAR BARU PERMAS JAYA, 81750 JOHOR BAHRU",synthetic,demo,no 59 jln permas 9 5 bdr baru permas jaya 81750 johor bahru,True,True,True,none,True
synthetic/s7/0061,company,org,mock-a,ZHENG HUI,zheng hui,False,,PERNIAGAAN ZHENG HUI,synthetic,demo,perniagaan zheng hui,True,True,False,wrong_value,False
synthetic/s7/0061,company,org,mock-b,PERNIAGAAN ZHENG HUI,perniagaan zheng hui,False,,PERNIAGAAN ZHENG HUI,synthetic,demo,perniagaan zheng hui,True,True,True,none,True
synthetic/s7/0061,company,org,mock-c,PERNIAGAAN ZHENG HUI,perniagaan zheng hui,False,,PERNIAGAAN ZHENG HUI,synthetic,demo,perniagaan zheng hui,True,True,True,none,True
synthetic/s7/0061,company,org,mock-d,PERNIAGAAN ZHENG HUI,perniagaan zheng hui,False,line: PERNIAGAAN ZHENG HUI,PERNIAGAAN ZHENG HUI,synthetic,demo,perniagaan zheng hui,True,True,True,none,True
synthetic/s7/0061,date,date,mock-a,09/22/2018,2018-09-22,False,,22/09/2018,synthetic,demo,2018-09-22,True,True,True,none,True
synthetic/s7/0061,date,date,mock-b,22/09/2018,2018-09-22,False,,22/09/2018,synthetic,demo,2018-09-22,True,True,True,none,True
synthetic/s7/0061,date,date,mock-c,22/09/2018,2018-09-22,False,,22/09/2018,synthetic,demo,2018-09-22,True,True,True,none,True
synthetic/s7/0061,date,date,mock-d,22/09/2018,2018-09-22,False,line: 22/09/2018,22/09/2018,synthetic,demo,2018-09-22,True,True,True,none,True
synthetic/s7/0061,phone,phone,mock-a,08-556 8075,85568075,False,,08-556 8075,synthetic,demo,85568075,True,True,True,none,True
synthetic/s7/0061,phone,phone,mock-b,08-556 8075,85568075,False,,08-556 8075,synthetic,demo,85568075,True,True,True,none,True
synthetic/s7/0061,phone,phone,mock-c,08-556 8075,85568075,False,,08-556 8075,synthetic,demo,85568075,True,True,True,none,True
synthetic/s7/0061,phone,phone,mock-d,08-556 8075,85568075,False,line: 08-556 8075,08-556 8075,synthetic,demo,85568075,True,True,True,none,True
synthetic/s7/0061,tax,money,mock-a,,,True,,,synthetic,demo,,False,False,True,none,True
synthetic/s7/0061,tax,money,mock-b,,,True,,,synthetic,demo,,False,False,True,none,True
synthetic/s7/0061,tax,money,mock-c,,,True,,,synthetic,demo,,False,False,True,none,True
synthetic/s7/0061,tax,money,mock-d,,,True,,,synthetic,demo,,False,False,True,none,True
synthetic/s7/0061,total,money,mock-a,6.50,6.50,False,,6.50,synthetic,demo,6.50,True,True,True,none,True
synthetic/s7/0061,total,money,mock-b,6.50,6.50,False,,6.50,synthetic,demo,6.50,True,True,True,none,True
synthetic/s7/0061,total,money,mock-c,6.50,6.50,False,,6.50,synthetic,demo,6.50,True,True,True,none,True
synthetic/s7/0061,total,money,mock-d,6.50,6.50,False,line: 6.50,6.50,synthetic,demo,6.50,True,True,True,none,True
synthetic/s7/0062,address,address,mock-a,"LOT 3, JALAN PELABUR 23/1, 40300 SHAH ALAM, SELANGOR",lot 3 jln pelabur 23 1 40300 shah alam selangor,False,,"LOT 3, JALAN PELABUR 23/1, 40300 SHAH ALAM, SELANGOR",synthetic,demo,lot 3 jln pelabur 23 1 40300 shah alam selangor,True,True,True,none,True
synthetic/s7/0062,address,address,mock-b,"LOT 3, JALAN PELABUR 23/1, 40300 SHAH ALAM, SELANGOR",lot 3 jln pelabur 23 1 40300 shah alam selangor,False,,"LOT 3, JALAN PELABUR 23/1, 40300 SHAH ALAM, SELANGOR",synthetic,demo,lot 3 jln pelabur 23 1 40300 shah alam selangor,True,True,True,none,True
synthetic/s7/0062,address,address,mock-c,"LOT 3, JALAN PELABUR 23/1, 40300 SHAH ALAM, SELANGOR",lot 3 jln pelabur 23 1 40300 shah alam selangor,False,,"LOT 3, JALAN PELABUR 23/1, 40300 SHAH ALAM, SELANGOR",synthetic,demo,lot 3 jln pelabur 23 1 40300 shah alam selangor,True,True,True,none,True
synthetic/s7/0062,address,address,mock-d,"LOT 3, JALAN PELABUR 23/1, 40300 SHAH ALAM, SELANGOR",lot 3 jln pelabur 23 1 40300 shah alam selangor,False,"line: LOT 3, JALAN PELABUR 23/1, 40300 SHAH ALAM, SELANGOR","LOT 3, JALAN PELABUR 23/1, 40300 SHAH ALAM, SELANGOR",synthetic,demo,lot 3 jln pelabur 23 1 40300 shah alam selangor,True,True,True,none,True
synthetic/s7/0062,company,org,mock-a,GARDENIA BAKERIES (KL) SDN BHD,gardenia bakeries kl,False,,GARDENIA BAKERIES (KL) SDN BHD,synthetic,demo,gardenia bakeries kl,True,True,True,none,True
synthetic/s7/0062,company,org,mock-b,GARDENIA BAKERIES (KL) SDN BHD,gardenia bakeries kl,False,,GARDENIA BAKERIES (KL) SDN BHD,synthetic,demo,gardenia bakeries kl,True,True,True,none,True
synthetic/s7/0062,company,org,mock-c,GARDENIA BAKERIES (KL) SDN BHD,gardenia bakeries kl,False,,GARDENIA BAKERIES (KL) SDN BHD,synthetic,demo,gardenia bakeries kl,True,True,True,none,True
synthetic/s7/0062,company,org,mock-d,GARDENIA BAKERIES (KL) SDN BHD,gardenia bakeries kl,False,line: GARDENIA BAKERIES (KL) SDN BHD,GARDENIA BAKERIES (KL) SDN BHD,synthetic,demo,gardenia bakeries kl,True,True,True,none,True
synthetic/s7/0062,date,date,mock-a,02/07/2019,2019-07-02,False,,02/07/2019,synthetic,demo,2019-07-02,True,True,True,none,True
synthetic/s7/0062,date,date,mock-b,02/07/2019,2019-07-02,False,,02/07/2019,synthetic,demo,2019-07-02,True,True,True,none,True
synthetic/s7/0062,date,date,mock-c,02/07/2019,2019-07-02,False,,02/07/2019,synthetic,demo,2019-07-02,True,True,True,none,True
synthetic/s7/0062,date,date,mock-d,,,True,,02/07/2019,synthetic,demo,2019-07-02,True,False,False,miss,False
synthetic/s7/0062,phone,phone,mock-a,,,True,,,synthetic,demo,,False,False,True,none,True
synthetic/s7/0062,phone,phone,mock-b,,,True,,,synthetic,demo,,False,False,True,none,True
synthetic/s7/0062,phone,phone,mock-c,,,True,,,synthetic,demo,,False,False,True,none,True
synthetic/s7/0062,phone,phone,mock-d,,,True,,,synthetic,demo,,False,False,True,none,True
synthetic/s7/0062,tax,money,mock-a,,,True,,,synthetic,demo,,False,False,True,none,True
synthetic/s7/0062,tax,money,mock-b,,,True,,,synthetic,demo,,False,False,True,none,True
synthetic/s7/0062,tax,money,mock-c,,,True,,,synthetic,demo,,False,False,True,none,True
synthetic/s7/0062,tax,money,mock-d,,,True,,,synthetic,demo,,False,False,True,none,True
synthetic/s7/0062,total,money,mock-a,16.00,16.00,False,,16.00,synthetic,demo,16.00,True,True,True,none,True
synthetic/s7/0062,total,money,mock-b,16.00,16.00,False,,16.00,synthetic,demo,16.00,True,True,True,none,True
synthetic/s7/0062,total,money,mock-c,16.00,16.00,False,,16.00,synthetic,demo,16.00,True,True,True,none,True
synthetic/s7/0062,total,money,mock-d,16.00,16.00,False,line: 16.00,16.00,synthetic,demo,16.00,True,True,True,none,True
synthetic/s7/0063,address,address,mock-a,"NO. 31G&33G, JALAN SETIA INDAH X, U13/X, 40170 SETIA ALAM",no 31g and 33g jln setia indah x u13 x 40170 setia alam,False,,"NO. 31G&33G, JALAN SETIA INDAH X, U13/X, 40170 SETIA ALAM",synthetic,demo,no 31g and 33g jln setia indah x u13 x 40170 setia alam,True,True,True,none,True
synthetic/s7/0063,address,address,mock-b,"NO. 31G&33G, JALAN SETIA INDAH X, U13/X, 40170 SETIA ALAM",no 31g and 33g jln setia indah x u13 x 40170 setia alam,False,,"NO. 31G&33G, JALAN SETIA INDAH X, U13/X, 40170 SETIA ALAM",synthetic,demo,no 31g and 33g jln setia indah x u13 x 40170 setia alam,True,True,True,none,True
synthetic/s7/0063,address,address,mock-c,"NO. 31G&33G, JALAN SETIA INDAH X, U13/X, 40170 SETIA ALAM",no 31g and 33g jln setia indah x u13 x 40170 setia alam,False,,"NO. 31G&33G, JALAN SETIA INDAH X, U13/X, 40170 SETIA ALAM",synthetic,demo,no 31g and 33g jln setia indah x u13 x 40170 setia alam,True,True,True,none,True
synthetic/s7/0063,address,address,mock-d,"NO. 31G&33G, JALAN SETIA INDAH X, U13/X, 40170 SETIA ALAM",no 31g and 33g jln setia indah x u13 x 40170 setia alam,False,"line: NO. 31G&33G, JALAN SETIA INDAH X, U13/X, 40170 SETIA ALAM","NO. 31G&33G, JALAN SETIA INDAH X, U13/X, 40170 SETIA ALAM",synthetic,demo,no 31g and 33g jln setia indah x u13 x 40170 setia alam,True,True,True,none,True
synthetic/s7/0063,company,org,mock-a,SANYU STATIONERY SHOP,sanyu stationery shop,False,,SANYU STATIONERY SHOP,synthetic,demo,sanyu stationery shop,True,True,True,none,True
synthetic/s7/0063,company,org,mock-b,SANYU STATIONERY SHOP,sanyu stationery shop,False,,SANYU STATIONERY SHOP,synthetic,demo,sanyu stationery shop,True,True,True,none,True
synthetic/s7/0063,company,org,mock-c,,,True,,SANYU STATIONERY SHOP,synthetic,demo,sanyu stationery shop,True,False,False,miss,False
synthetic/s7/0063,company,org,mock-d,SANYU STATIONERY SHOP,sanyu stationery shop,False,line: SANYU STATIONERY SHOP,SANYU STATIONERY SHOP,synthetic,demo,sanyu stationery shop,True,True,True,none,True
synthetic/s7/0063,date,date,mock-a,05/03/2018,2018-03-05,False,,05/03/2018,synthetic,demo,2018-03-05,True,True,True,none,True
synthetic/s7/0063,date,date,mock-b,05/03/2018,2018-03-05,False,,05/03/2018,synthetic,demo,2018-03-05,True,True,True,none,True
synthetic/s7/0063,date,date,mock-c,05/03/2018,2018-03-05,False,,05/03/2018,synthetic,demo,2018-03-05,True,True,True,none,True
synthetic/s7/0063,date,date,mock-d,05/03/2018,2018-03-05,False,line: 05/03/2018,05/03/2018,synthetic,demo,2018-03-05,True,True,True,none,True
synthetic/s7/0063,phone,phone,mock-a,,,True,,03-760 5977,synthetic,demo,37605977,True,False,False,miss,False
synthetic/s7/0063,phone,phone,mock-b,03-760 5977,37605977,False,,03-760 5977,synthetic,demo,37605977,True,True,True,none,True
synthetic/s7/0063,phone,phone,mock-c,43-760 5977,437605977,False,,03-760 5977,synthetic,demo,37605977,True,True,False,wrong_value,False
synthetic/s7/0063,phone,phone,mock-d,,,True,,03-760 5977,synthetic,demo,37605977,True,False,False,miss,False
synthetic/s7/0063,tax,money,mock-a,,,True,,,synthetic,demo,,False,False,True,none,True
synthetic/s7/0063,tax,money,mock-b,,,True,,,synthetic,demo,,False,False,True,none,True
synthetic/s7/0063,tax,money,mock-c,,,True,,,synthetic,demo,,False,False,True,none,True
synthetic/s7/0063,tax,money,mock-d,,,True,,,synthetic,demo,,False,False,True,none,True
synthetic/s7/0063,total,money,mock-a,37.70,37.70,False,,38.90,synthetic,demo,38.90,True,True,False,wrong_value,False
synthetic/s7/0063,total,money,mock-b,,,True,,38.90,synthetic,demo,38.90,True,False,False,miss,False
synthetic/s7/0063,total,money,mock-c,38.30,38.30,False,,38.90,synthetic,demo,38.90,True,True,False,wrong_value,False
synthetic/s7/0063,total,money,mock-d,38.90,38.90,False,line: 38.90,38.90,synthetic,demo,38.90,True,True,True,none,True
synthetic/s7/0064,address,address,mock-a,"LOT P.T. 2811, JALAN ANGSANA, TAMAN MUTIARA RINI, 81300 SKUDAI",lot p t 2811 jln angsana tmn mutiara rini 81300 skudai,False,,"LOT P.T. 2811, JALAN ANGSANA, TAMAN MUTIARA RINI, 81300 SKUDAI",synthetic,demo,lot p t 2811 jln angsana tmn mutiara rini 81300 skudai,True,True,True,none,True
synthetic/s7/0064,address,address,mock-b,"LOT P.T. 2811, JALAN ANGSANA, TAMAN MUTIARA RINI",lot p t 2811 jln angsana tmn mutiara rini,False,,"LOT P.T. 2811, JALAN ANGSANA, TAMAN MUTIARA RINI, 81300 SKUDAI",synthetic,demo,lot p t 2811 jln angsana tmn mutiara rini 81300 skudai,True,True,False,wrong_value,False
synthetic/s7/0064,address,address,mock-c,"LOT P.T. 2811, JALAN ANGSANA, TAMAN MUTIARA RINI, 81300 SKUDAI",lot p t 2811 jln angsana tmn mutiara rini 81300 skudai,False,,"LOT P.T. 2811, JALAN ANGSANA, TAMAN MUTIARA RINI, 81300 SKUDAI",synthetic,demo,lot p t 2811 jln angsana tmn mutiara rini 81300 skudai,True,True,True,none,True
synthetic/s7/0064,address,address,mock-d,"LOT P.T. 2811, JALAN ANGSANA, TAMAN MUTIARA RINI, 81300 SKUDAI",lot p t 2811 jln angsana tmn mutiara rini 81300 skudai,False,"line: LOT P.T. 2811, JALAN ANGSANA, TAMAN MUTIARA RINI, 81300 SKUDAI","LOT P.T. 2811, JALAN ANGSANA, TAMAN MUTIARA RINI, 81300 SKUDAI",synthetic,demo,lot p t 2811 jln angsana tmn mutiara rini 81300 skudai,True,True,True,none,True
synthetic/s7/0064,company,org,mock-a,99 SPEED MART S/B,99 speed mart s b,False,,99 SPEED MART S/B,synthetic,demo,99 speed mart s b,True,True,True,none,True
synthetic/s7/0064,company,org,mock-b,99 SPEED MART S/B,99 speed mart s b,False,,99 SPEED MART S/B,synthetic,demo,99 speed mart s b,True,True,True,none,True
synthetic/s7/0064,company,org,mock-c,SPEED MART S/B,speed mart s b,False,,99 SPEED MART S/B,synthetic,demo,99 speed mart s b,True,True,False,wrong_value,False
synthetic/s7/0064,company,org,mock-d,99 SPEED MART S/B,99 speed mart s b,False,line: 99 SPEED MART S/B,99 SPEED MART S/B,synthetic,demo,99 speed mart s b,True,True,True,none,True
synthetic/s7/0064,date,date,mock-a,17/11/2019,2019-11-17,False,,17/11/2019,synthetic,demo,2019-11-17,True,True,True,none,True
synthetic/s7/0064,date,date,mock-b,17/11/2019,2019-11-17,False,,17/11/2019,synthetic,demo,2019-11-17,True,True,True,none,True
synthetic/s7/0064,date,date,mock-c,17/11/2019,2019-11-17,False,,17/11/2019,synthetic,demo,2019-11-17,True,True,True,none,True
synthetic/s7/0064,date,date,mock-d,17/11/2019,2019-11-17,False,line: 17/11/2019,17/11/2019,synthetic,demo,2019-11-17,True,True,True,none,True
synthetic/s7/0064,phone,phone,mock-a,07-296 7358,72967358,False,,07-296 7358,synthetic,demo,72967358,True,True,True,none,True
synthetic/s7/0064,phone,phone,mock-b,07-296 7358,72967358,False,,07-296 7358,synthetic,demo,72967358,True,True,True,none,True
synthetic/s7/0064,phone,phone,mock-c,,,True,,07-296 7358,synthetic,demo,72967358,True,False,False,miss,False
synthetic/s7/0064,phone,phone,mock-d,47-296 7358,472967358,False,line: 47-296 7358,07-296 7358,synthetic,demo,72967358,True,True,False,wrong_value,False
synthetic/s7/0064,tax,money,mock-a,0.70,0.70,False,,0.77,synthetic,demo,0.77,True,True,False,wrong_value,False
synthetic/s7/0064,tax,money,mock-b,0.70,0.70,False,,0.77,synthetic,demo,0.77,True,True,False,wrong_value,False
synthetic/s7/0064,tax,money,mock-c,0.70,0.70,False,,0.77,synthetic,demo,0.77,True,True,False,wrong_value,False
synthetic/s7/0064,tax,money,mock-d,0.70,0.70,False,line: 0.70,0.77,synthetic,demo,0.77,True,True,False,wrong_value,False
synthetic/s7/0064,total,money,mock-a,13.67,13.67,False,,13.67,synthetic,demo,13.67,True,True,True,none,True
synthetic/s7/0064,total,money,mock-b,13.67,13.67,False,,13.67,synthetic,demo,13.67,True,True,True,none,True
synthetic/s7/0064,total,money,mock-c,13.67,13.67,False,,13.67,synthetic,demo,13.67,True,True,True,none,True
synthetic/s7/0064,total,money,mock-d,13.67,13.67,False,line: 13.67,13.67,synthetic,demo,13.67,True,True,True,none,True
synthetic/s7/0065,address,address,mock-a,"LOT 276 JALAN BANTING, 43800 DENGKIL",lot 276 jln banting 43800 dengkil,False,,"LOT 276 JALAN BANTING, 43800 DENGKIL, SELANGOR",synthetic,demo,lot 276 jln banting 43800 dengkil selangor,True,True,False,wrong_value,False
synthetic/s7/0065,address,address,mock-b,"LOT 276 JALAN BANTING, 43800 DENGKIL",lot 276 jln banting 43800 dengkil,False,,"LOT 276 JALAN BANTING, 43800 DENGKIL, SELANGOR",synthetic,demo,lot 276 jln banting 43800 dengkil selangor,True,True,False,wrong_value,False
synthetic/s7/0065,address,address,mock-c,"LOT 276 JALAN BANTING, 43800 DENGKIL, SELANGOR",lot 276 jln banting 43800 dengkil selangor,False,,"LOT 276 JALAN BANTING, 43800 DENGKIL, SELANGOR",synthetic,demo,lot 276 jln banting 43800 dengkil selangor,True,True,True,none,True
synthetic/s7/0065,address,address,mock-d,"LOT 276 JALAN BANTING, 43800 DENGKIL, SELANGOR",lot 276 jln banting 43800 dengkil selangor,False,"line: LOT 276 JALAN BANTING, 43800 DENGKIL, SELANGOR","LOT 276 JALAN BANTING, 43800 DENGKIL, SELANGOR",synthetic,demo,lot 276 jln banting 43800 dengkil selangor,True,True,True,none,True
synthetic/s7/0065,company,org,mock-a,PAPAN YEW CHUAN,papan yew chuan,False,,KEDAI PAPAN YEW CHUAN,synthetic,demo,kedai papan yew chuan,True,True,False,wrong_value,False
synthetic/s7/0065,company,org,mock-b,PAPAN YEW CHUAN,papan yew chuan,False,,KEDAI PAPAN YEW CHUAN,synthetic,demo,kedai papan yew chuan,True,True,False,wrong_value,False
synthetic/s7/0065,company,org,mock-c,PAPAN YEW CHUAN,papan yew chuan,False,,KEDAI PAPAN YEW CHUAN,synthetic,demo,kedai papan yew chuan,True,True,False,wrong_value,False
synthetic/s7/0065,company,org,mock-d,PAPAN YEW CHUAN,papan yew chuan,False,line: PAPAN YEW CHUAN,KEDAI PAPAN YEW CHUAN,synthetic,demo,kedai papan yew chuan,True,True,False,wrong_value,False
synthetic/s7/0065,date,date,mock-a,01/01/2019,2019-01-01,False,,01/01/2019,synthetic,demo,2019-01-01,True,True,True,none,True
synthetic/s7/0065,date,date,mock-b,01/01/2019,2019-01-01,False,,01/01/2019,synthetic,demo,2019-01-01,True,True,True,none,True
synthetic/s7/0065,date,date,mock-c,01/01/2019,2019-01-01,False,,01/01/2019,synthetic,demo,2019-01-01,True,True,True,none,True
synthetic/s7/0065,date,date,mock-d,01/01/2019,2019-01-01,False,line: 01/01/2019,01/01/2019,synthetic,demo,2019-01-01,True,True,True,none,True
synthetic/s7/0065,phone,phone,mock-a,04-129 7747,41297747,False,,04-129 7747,synthetic,demo,41297747,True,True,True,none,True
synthetic/s7/0065,phone,phone,mock-b,04-129 7747,41297747,False,,04-129 7747,synthetic,demo,41297747,True,True,True,none,True
synthetic/s7/0065,phone,phone,mock-c,04-129 7747,41297747,False,,04-129 7747,synthetic,demo,41297747,True,True,True,none,True
synthetic/s7/0065,phone,phone,mock-d,04-129 7747,41297747,False,line: 04-129 7747,04-129 7747,synthetic,demo,41297747,True,True,True,none,True
synthetic/s7/0065,tax,money,mock-a,2.38,2.38,False,,2.38,synthetic,demo,2.38,True,True,True,none,True
synthetic/s7/0065,tax,money,mock-b,2.38,2.38,False,,2.38,synthetic,demo,2.38,True,True,True,none,True
synthetic/s7/0065,tax,money,mock-c,2.38,2.38,False,,2.38,synthetic,demo,2.38,True,True,True,none,True
synthetic/s7/0065,tax,money,mock-d,2.38,2.38,False,line: 2.38,2.38,synthetic,demo,2.38,True,True,True,none,True
synthetic/s7/0065,total,money,mock-a,42.08,42.08,False,,42.08,synthetic,demo,42.08,True,True,True,none,True
synthetic/s7/0065,total,money,mock-b,40.88,40.88,False,,42.08,synthetic,demo,42.08,True,True,False,wrong_value,False
synthetic/s7/0065,total,money,mock-c,42.08,42.08,False,,42.08,synthetic,demo,42.08,True,True,True,none,True
synthetic/s7/0065,total,money,mock-d,42.08,42.08,False,line: 42.08,42.08,synthetic,demo,42.08,True,True,True,none,True
synthetic/s7/0066,address,address,mock-a,"NO 2 & 4, JALAN BAYU 4, BANDAR SERI ALAM, 81750 MASAI, JOHOR",no 2 and 4 jln bayu 4 bdr seri alam 81750 masai johor,False,,"NO 2 & 4, JALAN BAYU 4, BANDAR SERI ALAM, 81750 MASAI, JOHOR",synthetic,demo,no 2 and 4 jln bayu 4 bdr seri alam 81750 masai johor,True,True,True,none,True
synthetic/s7/0066,address,address,mock-b,"NO 2 & 4, JALAN BAYU 4, BANDAR SERI ALAM, 81750 MASAI",no 2 and 4 jln bayu 4 bdr seri alam 81750 masai,False,,"NO 2 & 4, JALAN BAYU 4, BANDAR SERI ALAM, 81750 MASAI, JOHOR",synthetic,demo,no 2 and 4 jln bayu 4 bdr seri alam 81750 masai johor,True,True,False,wrong_value,False
synthetic/s7/0066,address,address,mock-c,"NO 2 & 4, JALAN BAYU 4, BANDAR SERI ALAM, 81750 MASAI",no 2 and 4 jln bayu 4 bdr seri alam 81750 masai,False,,"NO 2 & 4, JALAN BAYU 4, BANDAR SERI ALAM, 81750 MASAI, JOHOR",synthetic,demo,no 2 and 4 jln bayu 4 bdr seri alam 81750 masai johor,True,True,False,wrong_value,False
synthetic/s7/0066,address,address,mock-d,"NO 2 & 4, JALAN BAYU 4, BANDAR SERI ALAM, 81750 MASAI, JOHOR",no 2 and 4 jln bayu 4 bdr seri alam 81750 masai johor,False,"line: NO 2 & 4, JALAN BAYU 4, BANDAR SERI ALAM, 81750 MASAI, JOHOR","NO 2 & 4, JALAN BAYU 4, BANDAR SERI ALAM, 81750 MASAI, JOHOR",synthetic,demo,no 2 and 4 jln bayu 4 bdr seri alam 81750 masai johor,True,True,True,none,True
synthetic/s7/0066,company,org,mock-a,OJC MARKETING SDN BHD,ojc marketing,False,,OJC MARKETING SDN BHD,synthetic,demo,ojc marketing,True,True,True,none,True
synthetic/s7/0066,company,org,mock-b,OJC MARKETING SDN BHD,ojc marketing,False,,OJC MARKETING SDN BHD,synthetic,demo,ojc marketing,True,True,True,none,True
synthetic/s7/0066,company,org,mock-c,OJC MARKETING SDN BHD,ojc marketing,False,,OJC MARKETING SDN BHD,synthetic,demo,ojc marketing,True,True,True,none,True
synthetic/s7/0066,company,org,mock-d,OJC MARKETING SDN BHD,ojc marketing,False,line: OJC MARKETING SDN BHD,OJC MARKETING SDN BHD,synthetic,demo,ojc marketing,True,True,True,none,True
synthetic/s7/0066,date,date,mock-a,02/01/2018,2018-01-02,False,,02/01/2018,synthetic,demo,2018-01-02,True,True,True,none,True
synthetic/s7/0066,date,date,mock-b,02/01/2018,2018-01-02,False,,02/01/2018,synthetic,demo,2018-01-02,True,True,True,none,True
synthetic/s7/0066,date,date,mock-c,02/01/2018,2018-01-02,False,,02/01/2018,synthetic,demo,2018-01-02,True,True,True,none,True
synthetic/s7/0066,date,date,mock-d,02/01/2018,2018-01-02,False,line: 02/01/2018,02/01/2018,synthetic,demo,2018-01-02,True,True,True,none,True
synthetic/s7/0066,phone,phone,mock-a,,,True,,,synthetic,demo,,False,False,True,none,True
synthetic/s7/0066,phone,phone,mock-b,03-1234 5678,312345678,False,,,synthetic,demo,,False,True,False,hallucination,False
synthetic/s7/0066,phone,phone,mock-c,,,True,,,synthetic,demo,,False,False,True,none,True
synthetic/s7/0066,phone,phone,mock-d,,,True,,,synthetic,demo,,False,False,True,none,True
synthetic/s7/0066,tax,money,mock-a,,,True,,,synthetic,demo,,False,False,True,none,True
synthetic/s7/0066,tax,money,mock-b,,,True,,,synthetic,demo,,False,False,True,none,True
synthetic/s7/0066,tax,money,mock-c,,,True,,,synthetic,demo,,False,False,True,none,True
synthetic/s7/0066,tax,money,mock-d,,,True,,,synthetic,demo,,False,False,True,none,True
synthetic/s7/0066,total,money,mock-a,38.10,38.10,False,,38.10,synthetic,demo,38.10,True,True,True,none,True
synthetic/s7/0066,total,money,mock-b,38.10,38.10,False,,38.10,synthetic,demo,38.10,True,True,True,none,True
synthetic/s7/0066,total,money,mock-c,38.10,38.10,False,,38.10,synthetic,demo,38.10,True,True,True,none,True
synthetic/s7/0066,total,money,mock-d,38.10,38.10,False,line: 38.10,38.10,synthetic,demo,38.10,True,True,True,none,True
synthetic/s7/0067,address,address,mock-a,"NO.59 JALAN PERMAS 9/5, BANDAR BARU PERMAS JAYA, 81750 JOHOR BAHRU",no 59 jln permas 9 5 bdr baru permas jaya 81750 johor bahru,False,,"NO.59 JALAN PERMAS 9/5, BANDAR BARU PERMAS JAYA, 81750 JOHOR BAHRU",synthetic,demo,no 59 jln permas 9 5 bdr baru permas jaya 81750 johor bahru,True,True,True,none,True
synthetic/s7/0067,address,address,mock-b,"NO.59 JALAN PERMAS 9/5, BANDAR BARU PERMAS JAYA, 81750 JOHOR BAHRU",no 59 jln permas 9 5 bdr baru permas jaya 81750 johor bahru,False,,"NO.59 JALAN PERMAS 9/5, BANDAR BARU PERMAS JAYA, 81750 JOHOR BAHRU",synthetic,demo,no 59 jln permas 9 5 bdr baru permas jaya 81750 johor bahru,True,True,True,none,True
synthetic/s7/0067,address,address,mock-c,"NO.59 JALAN PERMAS 9/5, BANDAR BARU PERMAS JAYA, 81750 JOHOR BAHRU",no 59 jln permas 9 5 bdr baru permas jaya 81750 johor bahru,False,,"NO.59 JALAN PERMAS 9/5, BANDAR BARU PERMAS JAYA, 81750 JOHOR BAHRU",synthetic,demo,no 59 jln permas 9 5 bdr baru permas jaya 81750 johor bahru,True,True,True,none,True
synthetic/s7/0067,address,address,mock-d,,,True,,"NO.59 JALAN PERMAS 9/5, BANDAR BARU PERMAS JAYA, 81750 JOHOR BAHRU",synthetic,demo,no 59 jln permas 9 5 bdr baru permas jaya 81750 johor bahru,True,False,False,miss,False
synthetic/s7/0067,company,org,mock-a,PERNIAGAAN ZHENG HUI,perniagaan zheng hui,False,,PERNIAGAAN ZHENG HUI,synthetic,demo,perniagaan zheng hui,True,True,True,none,True
synthetic/s7/0067,company,org,mock-b,PERNIAGAAN ZHENG HUI,perniagaan zheng hui,False,,PERNIAGAAN ZHENG HUI,synthetic,demo,perniagaan zheng hui,True,True,True,none,True
synthetic/s7/0067,company,org,mock-c,PERNIAGAAN ZHENG HUI,perniagaan zheng hui,False,,PERNIAGAAN ZHENG HUI,synthetic,demo,perniagaan zheng hui,True,True,True,none,True
synthetic/s7/0067,company,org,mock-d,PERNIAGAAN ZHENG HUI,perniagaan zheng hui,False,line: PERNIAGAAN ZHENG HUI,PERNIAGAAN ZHENG HUI,synthetic,demo,perniagaan zheng hui,True,True,True,none,True
synthetic/s7/0067,date,date,mock-a,23/06/2019,2019-06-23,False,,23/06/2019,synthetic,demo,2019-06-23,True,True,True,none,True
synthetic/s7/0067,date,date,mock-b,06/23/2019,2019-06-23,False,,23/06/2019,synthetic,demo,2019-06-23,True,True,True,none,True
synthetic/s7/0067,date,date,mock-c,23/06/2019,2019-06-23,False,,23/06/2019,synthetic,demo,2019-06-23,True,True,True,none,True
synthetic/s7/0067,date,date,mock-d,23/06/2019,2019-06-23,False,line: 23/06/2019,23/06/2019,synthetic,demo,2019-06-23,True,True,True,none,True
synthetic/s7/0067,phone,phone,mock-a,,,True,,,synthetic,demo,,False,False,True,none,True
synthetic/s7/0067,phone,phone,mock-b,03-1234 5678,312345678,False,,,synthetic,demo,,False,True,False,hallucination,False
synthetic/s7/0067,phone,phone,mock-c,,,True,,,synthetic,demo,,False,False,True,none,True
synthetic/s7/0067,phone,phone,mock-d,,,True,,,synthetic,demo,,False,False,True,none,True
synthetic/s7/0067,tax,money,mock-a,,,True,,,synthetic,demo,,False,False,True,none,True
synthetic/s7/0067,tax,money,mock-b,,,True,,,synthetic,demo,,False,False,True,none,True
synthetic/s7/0067,tax,money,mock-c,,,True,,,synthetic,demo,,False,False,True,none,True
synthetic/s7/0067,tax,money,mock-d,,,True,,,synthetic,demo,,False,False,True,none,True
synthetic/s7/0067,total,money,mock-a,35.80,35.80,False,,35.80,synthetic,demo,35.80,True,True,True,none,True
synthetic/s7/0067,total,money,mock-b,35.70,35.70,False,,35.80,synthetic,demo,35.80,True,True,False,wrong_value,False
synthetic/s7/0067,total,money,mock-c,35.80,35.80,False,,35.80,synthetic,demo,35.80,True,True,True,none,True
synthetic/s7/0067,total,money,mock-d,35.80,35.80,False,line: 35.80,35.80,synthetic,demo,35.80,True,True,True,none,True
synthetic/s7/0068,address,address,mock-a,"LOT 3, JALAN PELABUR 23/1, 40300 SHAH ALAM, SELANGOR",lot 3 jln pelabur 23 1 40300 shah alam selangor,False,,"LOT 3, JALAN PELABUR 23/1, 40300 SHAH ALAM, SELANGOR",synthetic,demo,lot 3 jln pelabur 23 1 40300 shah alam selangor,True,True,True,none,True
synthetic/s7/0068,address,address,mock-b,"LOT 3, JALAN PELABUR 23/1, 40300 SHAH ALAM",lot 3 jln pelabur 23 1 40300 shah alam,False,,"LOT 3, JALAN PELABUR 23/1, 40300 SHAH ALAM, SELANGOR",synthetic,demo,lot 3 jln pelabur 23 1 40300 shah alam selangor,True,True,False,wrong_value,False
synthetic/s7/0068,address,address,mock-c,"LOT 3, JALAN PELABUR 23/1, 40300 SHAH ALAM, SELANGOR",lot 3 jln pelabur 23 1 40300 shah alam selangor,False,,"LOT 3, JALAN PELABUR 23/1, 40300 SHAH ALAM, SELANGOR",synthetic,demo,lot 3 jln pelabur 23 1 40300 shah alam selangor,True,True,True,none,True
synthetic/s7/0068,address,address,mock-d,"LOT 3, JALAN PELABUR 23/1, 40300 SHAH ALAM, SELANGOR",lot 3 jln pelabur 23 1 40300 shah alam selangor,False,"line: LOT 3, JALAN PELABUR 23/1, 40300 SHAH ALAM, SELANGOR","LOT 3, JALAN PELABUR 23/1, 40300 SHAH ALAM, SELANGOR",synthetic,demo,lot 3 jln pelabur 23 1 40300 shah alam selangor,True,True,True,none,True
synthetic/s7/0068,company,org,mock-a,GARDENIA BAKERIES (KL) SDN BHD,gardenia bakeries kl,False,,GARDENIA BAKERIES (KL) SDN BHD,synthetic,demo,gardenia bakeries kl,True,True,True,none,True
synthetic/s7/0068,company,org,mock-b,GARDENIA BAKERIES (KL) SDN BHD,gardenia bakeries kl,False,,GARDENIA BAKERIES (KL) SDN BHD,synthetic,demo,gardenia bakeries kl,True,True,True,none,True
synthetic/s7/0068,company,org,mock-c,GARDENIA BAKERIES (KL) SDN BHD,gardenia bakeries kl,False,,GARDENIA BAKERIES (KL) SDN BHD,synthetic,demo,gardenia bakeries kl,True,True,True,none,True
synthetic/s7/0068,company,org,mock-d,,,True,,GARDENIA BAKERIES (KL) SDN BHD,synthetic,demo,gardenia bakeries kl,True,False,False,miss,False
synthetic/s7/0068,date,date,mock-a,16/04/2019,2019-04-16,False,,16/04/2019,synthetic,demo,2019-04-16,True,True,True,none,True
synthetic/s7/0068,date,date,mock-b,04/16/2019,2019-04-16,False,,16/04/2019,synthetic,demo,2019-04-16,True,True,True,none,True
synthetic/s7/0068,date,date,mock-c,16/04/2019,2019-04-16,False,,16/04/2019,synthetic,demo,2019-04-16,True,True,True,none,True
synthetic/s7/0068,date,date,mock-d,16/04/2019,2019-04-16,False,line: 16/04/2019,16/04/2019,synthetic,demo,2019-04-16,True,True,True,none,True
synthetic/s7/0068,phone,phone,mock-a,,,True,,,synthetic,demo,,False,False,True,none,True
synthetic/s7/0068,phone,phone,mock-b,03-1234 5678,312345678,False,,,synthetic,demo,,False,True,False,hallucination,False
synthetic/s7/0068,phone,phone,mock-c,,,True,,,synthetic,demo,,False,False,True,none,True
synthetic/s7/0068,phone,phone,mock-d,,,True,,,synthetic,demo,,False,False,True,none,True
synthetic/s7/0068,tax,money,mock-a,0.58,0.58,False,,0.48,synthetic,demo,0.48,True,True,False,wrong_value,False
synthetic/s7/0068,tax,money,mock-b,0.48,0.48,False,,0.48,synthetic,demo,0.48,True,True,True,none,True
synthetic/s7/0068,tax,money,mock-c,0.48,0.48,False,,0.48,synthetic,demo,0.48,True,True,True,none,True
synthetic/s7/0068,tax,money,mock-d,,,True,,0.48,synthetic,demo,0.48,True,False,False,miss,False
synthetic/s7/0068,total,money,mock-a,8.48,8.48,False,,8.48,synthetic,demo,8.48,True,True,True,none,True
synthetic/s7/0068,total,money,mock-b,8.48,8.48,False,,8.48,synthetic,demo,8.48,True,True,True,none,True
synthetic/s7/0068,total,money,mock-c,8.48,8.48,False,,8.48,synthetic,demo,8.48,True,True,True,none,True
synthetic/s7/0068,total,money,mock-d,,,True,,8.48,synthetic,demo,8.48,True,False,False,miss,False
synthetic/s7/0069,address,address,mock-a,"NO. 31G&33G, JALAN SETIA INDAH X, U13/X",no 31g and 33g jln setia indah x u13 x,False,,"NO. 31G&33G, JALAN SETIA INDAH X, U13/X, 40170 SETIA ALAM",synthetic,demo,no 31g and 33g jln setia indah x u13 x 40170 setia alam,True,True,False,wrong_value,False
synthetic/s7/0069,address,address,mock-b,"NO. 31G&33G, JALAN SETIA INDAH X, U13/X, 40170 SETIA ALAM",no 31g and 33g jln setia indah x u13 x 40170 setia alam,False,,"NO. 31G&33G, JALAN SETIA INDAH X, U13/X, 40170 SETIA ALAM",synthetic,demo,no 31g and 33g jln setia indah x u13 x 40170 setia alam,True,True,True,none,True
synthetic/s7/0069,address,address,mock-c,"NO. 31G&33G, JALAN SETIA INDAH X, U13/X, 40170 SETIA ALAM",no 31g and 33g jln setia indah x u13 x 40170 setia alam,False,,"NO. 31G&33G, JALAN SETIA INDAH X, U13/X, 40170 SETIA ALAM",synthetic,demo,no 31g and 33g jln setia indah x u13 x 40170 setia alam,True,True,True,none,True
synthetic/s7/0069,address,address,mock-d,"NO. 31G&33G, JALAN SETIA INDAH X, U13/X, 40170 SETIA ALAM",no 31g and 33g jln setia indah x u13 x 40170 setia alam,False,"line: NO. 31G&33G, JALAN SETIA INDAH X, U13/X, 40170 SETIA ALAM","NO. 31G&33G, JALAN SETIA INDAH X, U13/X, 40170 SETIA ALAM",synthetic,demo,no 31g and 33g jln setia indah x u13 x 40170 setia alam,True,True,True,none,True
synthetic/s7/0069,company,org,mock-a,SANYU STATIONERY SHOP,sanyu stationery shop,False,,SANYU STATIONERY SHOP,synthetic,demo,sanyu stationery shop,True,True,True,none,True
synthetic/s7/0069,company,org,mock-b,SANYU STATIONERY SHOP,sanyu stationery shop,False,,SANYU STATIONERY SHOP,synthetic,demo,sanyu stationery shop,True,True,True,none,True
synthetic/s7/0069,company,org,mock-c,SANYU STATIONERY SHOP,sanyu stationery shop,False,,SANYU STATIONERY SHOP,synthetic,demo,sanyu stationery shop,True,True,True,none,True
synthetic/s7/0069,company,org,mock-d,SANYU STATIONERY,sanyu stationery,False,line: SANYU STATIONERY,SANYU STATIONERY SHOP,synthetic,demo,sanyu stationery shop,True,True,False,wrong_value,False
synthetic/s7/0069,date,date,mock-a,16/10/2018,2018-10-16,False,,16/10/2018,synthetic,demo,2018-10-16,True,True,True,none,True
synthetic/s7/0069,date,date,mock-b,16/10/2018,2018-10-16,False,,16/10/2018,synthetic,demo,2018-10-16,True,True,True,none,True
synthetic/s7/0069,date,date,mock-c,16/10/2018,2018-10-16,False,,16/10/2018,synthetic,demo,2018-10-16,True,True,True,none,True
synthetic/s7/0069,date,date,mock-d,16/10/2018,2018-10-16,False,line: 16/10/2018,16/10/2018,synthetic,demo,2018-10-16,True,True,True,none,True
synthetic/s7/0069,phone,phone,mock-a,07-249 7446,72497446,False,,07-249 7446,synthetic,demo,72497446,True,True,True,none,True
synthetic/s7/0069,phone,phone,mock-b,07-249 7446,72497446,False,,07-249 7446,synthetic,demo,72497446,True,True,True,none,True
synthetic/s7/0069,phone,phone,mock-c,07-249 7446,72497446,False,,07-249 7446,synthetic,demo,72497446,True,True,True,none,True
synthetic/s7/0069,phone,phone,mock-d,,,True,,07-249 7446,synthetic,demo,72497446,True,False,False,miss,False
synthetic/s7/0069,tax,money,mock-a,,,True,,,synthetic,demo,,False,False,True,none,True
synthetic/s7/0069,tax,money,mock-b,,,True,,,synthetic,demo,,False,False,True,none,True
synthetic/s7/0069,tax,money,mock-c,,,True,,,synthetic,demo,,False,False,True,none,True
synthetic/s7/0069,tax,money,mock-d,,,True,,,synthetic,demo,,False,False,True,none,True
synthetic/s7/0069,total,money,mock-a,8.00,8.00,False,,8.00,synthetic,demo,8.00,True,True,True,none,True
synthetic/s7/0069,total,money,mock-b,5.60,5.60,False,,8.00,synthetic,demo,8.00,True,True,False,wrong_value,False
synthetic/s7/0069,total,money,mock-c,8.00,8.00,False,,8.00,synthetic,demo,8.00,True,True,True,none,True
synthetic/s7/0069,total,money,mock-d,8.00,8.00,False,line: 8.00,8.00,synthetic,demo,8.00,True,True,True,none,True
synthetic/s7/0070,address,address,mock-a,"LOT P.T. 2811, JALAN ANGSANA, TAMAN MUTIARA RINI, 81300 SKUDAI",lot p t 2811 jln angsana tmn mutiara rini 81300 skudai,False,,"LOT P.T. 2811, JALAN ANGSANA, TAMAN MUTIARA RINI, 81300 SKUDAI",synthetic,demo,lot p t 2811 jln angsana tmn mutiara rini 81300 skudai,True,True,True,none,True
synthetic/s7/0070,address,address,mock-b,,,True,,"LOT P.T. 2811, JALAN ANGSANA, TAMAN MUTIARA RINI, 81300 SKUDAI",synthetic,demo,lot p t 2811 jln angsana tmn mutiara rini 81300 skudai,True,False,False,miss,False
synthetic/s7/0070,address,address,mock-c,"LOT P.T. 2811, JALAN ANGSANA, TAMAN MUTIARA RINI, 81300 SKUDAI",lot p t 2811 jln angsana tmn mutiara rini 81300 skudai,False,,"LOT P.T. 2811, JALAN ANGSANA, TAMAN MUTIARA RINI, 81300 SKUDAI",synthetic,demo,lot p t 2811 jln angsana tmn mutiara rini 81300 skudai,True,True,True,none,True
synthetic/s7/0070,address,address,mock-d,"LOT P.T. 2811, JALAN ANGSANA, TAMAN MUTIARA RINI, 81300 SKUDAI",lot p t 2811 jln angsana tmn mutiara rini 81300 skudai,False,"line: LOT P.T. 2811, JALAN ANGSANA, TAMAN MUTIARA RINI, 81300 SKUDAI","LOT P.T. 2811, JALAN ANGSANA, TAMAN MUTIARA RINI, 81300 SKUDAI",synthetic,demo,lot p t 2811 jln angsana tmn mutiara rini 81300 skudai,True,True,True,none,True
synthetic/s7/0070,company,org,mock-a,,,True,,99 SPEED MART S/B,synthetic,demo,99 speed mart s b,True,False,False,miss,False
synthetic/s7/0070,company,org,mock-b,99 SPEED MART S/B,99 speed mart s b,False,,99 SPEED MART S/B,synthetic,demo,99 speed mart s b,True,True,True,none,True
synthetic/s7/0070,company,org,mock-c,99 SPEED MART S/B,99 speed mart s b,False,,99 SPEED MART S/B,synthetic,demo,99 speed mart s b,True,True,True,none,True
synthetic/s7/0070,company,org,mock-d,99 SPEED MART S/B,99 speed mart s b,False,line: 99 SPEED MART S/B,99 SPEED MART S/B,synthetic,demo,99 speed mart s b,True,True,True,none,True
synthetic/s7/0070,date,date,mock-a,20/03/2019,2019-03-20,False,,20/03/2019,synthetic,demo,2019-03-20,True,True,True,none,True
synthetic/s7/0070,date,date,mock-b,03/20/2019,2019-03-20,False,,20/03/2019,synthetic,demo,2019-03-20,True,True,True,none,True
synthetic/s7/0070,date,date,mock-c,20/03/2019,2019-03-20,False,,20/03/2019,synthetic,demo,2019-03-20,True,True,True,none,True
synthetic/s7/0070,date,date,mock-d,20/03/2019,2019-03-20,False,line: 20/03/2019,20/03/2019,synthetic,demo,2019-03-20,True,True,True,none,True
synthetic/s7/0070,phone,phone,mock-a,08-421 2854,84212854,False,,08-421 2854,synthetic,demo,84212854,True,True,True,none,True
synthetic/s7/0070,phone,phone,mock-b,08-421 2854,84212854,False,,08-421 2854,synthetic,demo,84212854,True,True,True,none,True
synthetic/s7/0070,phone,phone,mock-c,48-421 2854,484212854,False,,08-421 2854,synthetic,demo,84212854,True,True,False,wrong_value,False
synthetic/s7/0070,phone,phone,mock-d,08-421 2854,84212854,False,line: 08-421 2854,08-421 2854,synthetic,demo,84212854,True,True,True,none,True
synthetic/s7/0070,tax,money,mock-a,0.06,0.06,False,,0.09,synthetic,demo,0.09,True,True,False,wrong_value,False
synthetic/s7/0070,tax,money,mock-b,0.06,0.06,False,,0.09,synthetic,demo,0.09,True,True,False,wrong_value,False
synthetic/s7/0070,tax,money,mock-c,0.09,0.09,False,,0.09,synthetic,demo,0.09,True,True,True,none,True
synthetic/s7/0070,tax,money,mock-d,,,True,,0.09,synthetic,demo,0.09,True,False,False,miss,False
synthetic/s7/0070,total,money,mock-a,1.59,1.59,False,,1.59,synthetic,demo,1.59,True,True,True,none,True
synthetic/s7/0070,total,money,mock-b,1.59,1.59,False,,1.59,synthetic,demo,1.59,True,True,True,none,True
synthetic/s7/0070,total,money,mock-c,0.00,0.00,False,,1.59,synthetic,demo,1.59,True,True,False,wrong_value,False
synthetic/s7/0070,total,money,mock-d,1.59,1.59,False,line: 1.59,1.59,synthetic,demo,1.59,True,True,True,none,True
synthetic/s7/0071,address,address,mock-a,,,True,,"LOT 276 JALAN BANTING, 43800 DENGKIL, SELANGOR",synthetic,demo,lot 276 jln banting 43800 dengkil selangor,True,False,False,miss,False
synthetic/s7/0071,address,address,mock-b,"LOT 276 JALAN BANTING, 43800 DENGKIL",lot 276 jln banting 43800 dengkil,False,,"LOT 276 JALAN BANTING, 43800 DENGKIL, SELANGOR",synthetic,demo,lot 276 jln banting 43800 dengkil selangor,True,True,False,wrong_value,False
synthetic/s7/0071,address,address,mock-c,"LOT 276 JALAN BANTING, 43800 DENGKIL, SELANGOR",lot 276 jln banting 43800 dengkil selangor,False,,"LOT 276 JALAN BANTING, 43800 DENGKIL, SELANGOR",synthetic,demo,lot 276 jln banting 43800 dengkil selangor,True,True,True,none,True
synthetic/s7/0071,address,address,mock-d,"LOT 276 JALAN BANTING, 43800 DENGKIL, SELANGOR",lot 276 jln banting 43800 dengkil selangor,False,"line: LOT 276 JALAN BANTING, 43800 DENGKIL, SELANGOR","LOT 276 JALAN BANTING, 43800 DENGKIL, SELANGOR",synthetic,demo,lot 276 jln banting 43800 dengkil selangor,True,True,True,none,True
synthetic/s7/0071,company,org,mock-a,KEDAI PAPAN YEW CHUAN,kedai papan yew chuan,False,,KEDAI PAPAN YEW CHUAN,synthetic,demo,kedai papan yew chuan,True,True,True,none,True
synthetic/s7/0071,company,org,mock-b,KEDAI PAPAN YEW CHUAN,kedai papan yew chuan,False,,KEDAI PAPAN YEW CHUAN,synthetic,demo,kedai papan yew chuan,True,True,True,none,True
synthetic/s7/0071,company,org,mock-c,KEDAI PAPAN YEW CHUAN,kedai papan yew chuan,False,,KEDAI PAPAN YEW CHUAN,synthetic,demo,kedai papan yew chuan,True,True,True,none,True
synthetic/s7/0071,company,org,mock-d,KEDAI PAPAN YEW CHUAN,kedai papan yew chuan,False,line: KEDAI PAPAN YEW CHUAN,KEDAI PAPAN YEW CHUAN,synthetic,demo,kedai papan yew chuan,True,True,True,none,True
synthetic/s7/0071,date,date,mock-a,07/03/2019,2019-03-07,False,,07/03/2019,synthetic,demo,2019-03-07,True,True,True,none,True
synthetic/s7/0071,date,date,mock-b,07/03/2019,2019-03-07,False,,07/03/2019,synthetic,demo,2019-03-07,True,True,True,none,True
synthetic/s7/0071,date,date,mock-c,07/03/2019,2019-03-07,False,,07/03/2019,synthetic,demo,2019-03-07,True,True,True,none,True
synthetic/s7/0071,date,date,mock-d,07/03/2019,2019-03-07,False,line: 07/03/2019,07/03/2019,synthetic,demo,2019-03-07,True,True,True,none,True
synthetic/s7/0071,phone,phone,mock-a,25-439 8248,254398248,False,,05-439 8248,synthetic,demo,54398248,True,True,False,wrong_value,False
synthetic/s7/0071,phone,phone,mock-b,,,True,,05-439 8248,synthetic,demo,54398248,True,False,False,miss,False
synthetic/s7/0071,phone,phone,mock-c,05-439 8248,54398248,False,,05-439 8248,synthetic,demo,54398248,True,True,True,none,True
synthetic/s7/0071,phone,phone,mock-d,05-439 8248,54398248,False,line: 05-439 8248,05-439 8248,synthetic,demo,54398248,True,True,True,none,True
synthetic/s7/0071,tax,money,mock-a,,,True,,,synthetic,demo,,False,False,True,none,True
synthetic/s7/0071,tax,money,mock-b,,,True,,,synthetic,demo,,False,False,True,none,True
synthetic/s7/0071,tax,money,mock-c,,,True,,,synthetic,demo,,False,False,True,none,True
synthetic/s7/0071,tax,money,mock-d,,,True,,,synthetic,demo,,False,False,True,none,True
synthetic/s7/0071,total,money,mock-a,6.50,6.50,False,,6.50,synthetic,demo,6.50,True,True,True,none,True
synthetic/s7/0071,total,money,mock-b,6.50,6.50,False,,6.50,synthetic,demo,6.50,True,True,True,none,True
synthetic/s7/0071,total,money,mock-c,6.50,6.50,False,,6.50,synthetic,demo,6.50,True,True,True,none,True
synthetic/s7/0071,total,money,mock-d,6.50,6.50,False,line: 6.50,6.50,synthetic,demo,6.50,True,True,True,none,True
synthetic/s7/0072,address,address,mock-a,"NO 2 & 4, JALAN BAYU 4, BANDAR SERI ALAM, 81750 MASAI, JOHOR",no 2 and 4 jln bayu 4 bdr seri alam 81750 masai johor,False,,"NO 2 & 4, JALAN BAYU 4, BANDAR SERI ALAM, 81750 MASAI, JOHOR",synthetic,demo,no 2 and 4 jln bayu 4 bdr seri alam 81750 masai johor,True,True,True,none,True
synthetic/s7/0072,address,address,mock-b,"NO 2 & 4, JALAN BAYU 4, BANDAR SERI ALAM, 81750 MASAI",no 2 and 4 jln bayu 4 bdr seri alam 81750 masai,False,,"NO 2 & 4, JALAN BAYU 4, BANDAR SERI ALAM, 81750 MASAI, JOHOR",synthetic,demo,no 2 and 4 jln bayu 4 bdr seri alam 81750 masai johor,True,True,False,wrong_value,False
synthetic/s7/0072,address,address,mock-c,"NO 2 & 4, JALAN BAYU 4, BANDAR SERI ALAM, 81750 MASAI, JOHOR",no 2 and 4 jln bayu 4 bdr seri alam 81750 masai johor,False,,"NO 2 & 4, JALAN BAYU 4, BANDAR SERI ALAM, 81750 MASAI, JOHOR",synthetic,demo,no 2 and 4 jln bayu 4 bdr seri alam 81750 masai johor,True,True,True,none,True
synthetic/s7/0072,address,address,mock-d,"NO 2 & 4, JALAN BAYU 4, BANDAR SERI ALAM, 81750 MASAI, JOHOR",no 2 and 4 jln bayu 4 bdr seri alam 81750 masai johor,False,"line: NO 2 & 4, JALAN BAYU 4, BANDAR SERI ALAM, 81750 MASAI, JOHOR","NO 2 & 4, JALAN BAYU 4, BANDAR SERI ALAM, 81750 MASAI, JOHOR",synthetic,demo,no 2 and 4 jln bayu 4 bdr seri alam 81750 masai johor,True,True,True,none,True
synthetic/s7/0072,company,org,mock-a,OJC MARKETING SDN BHD,ojc marketing,False,,OJC MARKETING SDN BHD,synthetic,demo,ojc marketing,True,True,True,none,True
synthetic/s7/0072,company,org,mock-b,OJC MARKETING SDN BHD,ojc marketing,False,,OJC MARKETING SDN BHD,synthetic,demo,ojc marketing,True,True,True,none,True
synthetic/s7/0072,company,org,mock-c,OJC MARKETING SDN BHD,ojc marketing,False,,OJC MARKETING SDN BHD,synthetic,demo,ojc marketing,True,True,True,none,True
synthetic/s7/0072,company,org,mock-d,,,True,,OJC MARKETING SDN BHD,synthetic,demo,ojc marketing,True,False,False,miss,False
synthetic/s7/0072,date,date,mock-a,,,True,,03/05/2018,synthetic,demo,2018-05-03,True,False,False,miss,False
synthetic/s7/0072,date,date,mock-b,03/05/2018,2018-05-03,False,,03/05/2018,synthetic,demo,2018-05-03,True,True,True,none,True
synthetic/s7/0072,date,date,mock-c,03/05/2018,2018-05-03,False,,03/05/2018,synthetic,demo,2018-05-03,True,True,True,none,True
synthetic/s7/0072,date,date,mock-d,05/03/2018,2018-03-05,False,line: 05/03/2018,03/05/2018,synthetic,demo,2018-05-03,True,True,False,wrong_value,False
synthetic/s7/0072,phone,phone,mock-a,05-887 6057,58876057,False,,05-887 6057,synthetic,demo,58876057,True,True,True,none,True
synthetic/s7/0072,phone,phone,mock-b,05-887 6057,58876057,False,,05-887 6057,synthetic,demo,58876057,True,True,True,none,True
synthetic/s7/0072,phone,phone,mock-c,65-887 6057,8876057,False,,05-887 6057,synthetic,demo,58876057,True,True,False,wrong_value,False
synthetic/s7/0072,phone,phone,mock-d,05-887 6057,58876057,False,line: 05-887 6057,05-887 6057,synthetic,demo,58876057,True,True,True,none,True
synthetic/s7/0072,tax,money,mock-a,0.00,0.00,False,,,synthetic,demo,,False,True,False,hallucination,False
synthetic/s7/0072,tax,money,mock-b,0.00,0.00,False,,,synthetic,demo,,False,True,False,hallucination,False
synthetic/s7/0072,tax,money,mock-c,,,True,,,synthetic,demo,,False,False,True,none,True
synthetic/s7/0072,tax,money,mock-d,,,True,,,synthetic,demo,,False,False,True,none,True
synthetic/s7/0072,total,money,mock-a,21.40,21.40,False,,29.40,synthetic,demo,29.40,True,True,False,wrong_value,False
synthetic/s7/0072,total,money,mock-b,,,True,,29.40,synthetic,demo,29.40,True,False,False,miss,False
synthetic/s7/0072,total,money,mock-c,29.40,29.40,False,,29.40,synthetic,demo,29.40,True,True,True,none,True
synthetic/s7/0072,total,money,mock-d,29.40,29.40,False,line: 29.40,29.40,synthetic,demo,29.40,True,True,True,none,True
synthetic/s7/0073,address,address,mock-a,"NO.59 JALAN PERMAS 9/5, BANDAR BARU PERMAS JAYA, 81750 JOHOR BAHRU",no 59 jln permas 9 5 bdr baru permas jaya 81750 johor bahru,False,,"NO.59 JALAN PERMAS 9/5, BANDAR BARU PERMAS JAYA, 81750 JOHOR BAHRU",synthetic,demo,no 59 jln permas 9 5 bdr baru permas jaya 81750 johor bahru,True,True,True,none,True
synthetic/s7/0073,address,address,mock-b,"NO.59 JALAN PERMAS 9/5, BANDAR BARU PERMAS JAYA, 81750 JOHOR BAHRU",no 59 jln permas 9 5 bdr baru permas jaya 81750 johor bahru,False,,"NO.59 JALAN PERMAS 9/5, BANDAR BARU PERMAS JAYA, 81750 JOHOR BAHRU",synthetic,demo,no 59 jln permas 9 5 bdr baru permas jaya 81750 johor bahru,True,True,True,none,True
synthetic/s7/0073,address,address,mock-c,"NO.59 JALAN PERMAS 9/5, BANDAR BARU PERMAS JAYA, 81750 JOHOR BAHRU",no 59 jln permas 9 5 bdr baru permas jaya 81750 johor bahru,False,,"NO.59 JALAN PERMAS 9/5, BANDAR BARU PERMAS JAYA, 81750 JOHOR BAHRU",synthetic,demo,no 59 jln permas 9 5 bdr baru permas jaya 81750 johor bahru,True,True,True,none,True
synthetic/s7/0073,address,address,mock-d,"NO.59 JALAN PERMAS 9/5, BANDAR BARU PERMAS JAYA, 81750 JOHOR BAHRU",no 59 jln permas 9 5 bdr baru permas jaya 81750 johor bahru,False,"line: NO.59 JALAN PERMAS 9/5, BANDAR BARU PERMAS JAYA, 81750 JOHOR BAHRU","NO.59 JALAN PERMAS 9/5, BANDAR BARU PERMAS JAYA, 81750 JOHOR BAHRU",synthetic,demo,no 59 jln permas 9 5 bdr baru permas jaya 81750 johor bahru,True,True,True,none,True
synthetic/s7/0073,company,org,mock-a,PERNIAGAAN ZHENG HUI,perniagaan zheng hui,False,,PERNIAGAAN ZHENG HUI,synthetic,demo,perniagaan zheng hui,True,True,True,none,True
synthetic/s7/0073,company,org,mock-b,PERNIAGAAN ZHENG HUI,perniagaan zheng hui,False,,PERNIAGAAN ZHENG HUI,synthetic,demo,perniagaan zheng hui,True,True,True,none,True
synthetic/s7/0073,company,org,mock-c,PERNIAGAAN ZHENG HUI,perniagaan zheng hui,False,,PERNIAGAAN ZHENG HUI,synthetic,demo,perniagaan zheng hui,True,True,True,none,True
synthetic/s7/0073,company,org,mock-d,,,True,,PERNIAGAAN ZHENG HUI,synthetic,demo,perniagaan zheng hui,True,False,False,miss,False
synthetic/s7/0073,date,date,mock-a,08/23/2018,2018-08-23,False,,23/08/2018,synthetic,demo,2018-08-23,True,True,True,none,True
synthetic/s7/0073,date,date,mock-b,08/23/2018,2018-08-23,False,,23/08/2018,synthetic,demo,2018-08-23,True,True,True,none,True
synthetic/s7/0073,date,date,mock-c,08/23/2018,2018-08-23,False,,23/08/2018,synthetic,demo,2018-08-23,True,True,True,none,True
synthetic/s7/0073,date,date,mock-d,08/23/2018,2018-08-23,False,line: 08/23/2018,23/08/2018,synthetic,demo,2018-08-23,True,True,True,none,True
synthetic/s7/0073,phone,phone,mock-a,,,True,,,synthetic,demo,,False,False,True,none,True
synthetic/s7/0073,phone,phone,mock-b,,,True,,,synthetic,demo,,False,False,True,none,True
synthetic/s7/0073,phone,phone,mock-c,03-1234 5678,312345678,False,,,synthetic,demo,,False,True,False,hallucination,False
synthetic/s7/0073,phone,phone,mock-d,,,True,,,synthetic,demo,,False,False,True,none,True
synthetic/s7/0073,tax,money,mock-a,1.20,1.20,False,,1.20,synthetic,demo,1.20,True,True,True,none,True
synthetic/s7/0073,tax,money,mock-b,1.20,1.20,False,,1.20,synthetic,demo,1.20,True,True,True,none,True
synthetic/s7/0073,tax,money,mock-c,1.20,1.20,False,,1.20,synthetic,demo,1.20,True,True,True,none,True
synthetic/s7/0073,tax,money,mock-d,1.20,1.20,False,line: 1.20,1.20,synthetic,demo,1.20,True,True,True,none,True
synthetic/s7/0073,total,money,mock-a,21.20,21.20,False,,21.20,synthetic,demo,21.20,True,True,True,none,True
synthetic/s7/0073,total,money,mock-b,21.20,21.20,False,,21.20,synthetic,demo,21.20,True,True,True,none,True
synthetic/s7/0073,total,money,mock-c,,,True,,21.20,synthetic,demo,21.20,True,False,False,miss,False
synthetic/s7/0073,total,money,mock-d,21.20,21.20,False,line: 21.20,21.20,synthetic,demo,21.20,True,True,True,none,True
synthetic/s7/0074,address,address,mock-a,"LOT 3, JALAN PELABUR 23/1, 40300 SHAH ALAM, SELANGOR",lot 3 jln pelabur 23 1 40300 shah alam selangor,False,,"LOT 3, JALAN PELABUR 23/1, 40300 SHAH ALAM, SELANGOR",synthetic,demo,lot 3 jln pelabur 23 1 40300 shah alam selangor,True,True,True,none,True
synthetic/s7/0074,address,address,mock-b,"LOT 3, JALAN PELABUR 23/1, 40300 SHAH ALAM, SELANGOR",lot 3 jln pelabur 23 1 40300 shah alam selangor,False,,"LOT 3, JALAN PELABUR 23/1, 40300 SHAH ALAM, SELANGOR",synthetic,demo,lot 3 jln pelabur 23 1 40300 shah alam selangor,True,True,True,none,True
synthetic/s7/0074,address,address,mock-c,"LOT 3, JALAN PELABUR 23/1, 40300 SHAH ALAM, SELANGOR",lot 3 jln pelabur 23 1 40300 shah alam selangor,False,,"LOT 3, JALAN PELABUR 23/1, 40300 SHAH ALAM, SELANGOR",synthetic,demo,lot 3 jln pelabur 23 1 40300 shah alam selangor,True,True,True,none,True
synthetic/s7/0074,address,address,mock-d,"LOT 3, JALAN PELABUR 23/1, 40300 SHAH ALAM, SELANGOR",lot 3 jln pelabur 23 1 40300 shah alam selangor,False,"line: LOT 3, JALAN PELABUR 23/1, 40300 SHAH ALAM, SELANGOR","LOT 3, JALAN PELABUR 23/1, 40300 SHAH ALAM, SELANGOR",synthetic,demo,lot 3 jln pelabur 23 1 40300 shah alam selangor,True,True,True,none,True
synthetic/s7/0074,company,org,mock-a,GARDENIA BAKERIES (KL) SDN BHD,gardenia bakeries kl,False,,GARDENIA BAKERIES (KL) SDN BHD,synthetic,demo,gardenia bakeries kl,True,True,True,none,True
synthetic/s7/0074,company,org,mock-b,,,True,,GARDENIA BAKERIES (KL) SDN BHD,synthetic,demo,gardenia bakeries kl,True,False,False,miss,False
synthetic/s7/0074,company,org,mock-c,GARDENIA BAKERIES (KL) SDN BHD,gardenia bakeries kl,False,,GARDENIA BAKERIES (KL) SDN BHD,synthetic,demo,gardenia bakeries kl,True,True,True,none,True
synthetic/s7/0074,company,org,mock-d,GARDENIA BAKERIES (KL) SDN BHD,gardenia bakeries kl,False,line: GARDENIA BAKERIES (KL) SDN BHD,GARDENIA BAKERIES (KL) SDN BHD,synthetic,demo,gardenia bakeries kl,True,True,True,none,True
synthetic/s7/0074,date,date,mock-a,08/11/2019,2019-11-08,False,,08/11/2019,synthetic,demo,2019-11-08,True,True,True,none,True
synthetic/s7/0074,date,date,mock-b,11/08/2019,2019-08-11,False,,08/11/2019,synthetic,demo,2019-11-08,True,True,False,wrong_value,False
synthetic/s7/0074,date,date,mock-c,08/11/2019,2019-11-08,False,,08/11/2019,synthetic,demo,2019-11-08,True,True,True,none,True
synthetic/s7/0074,date,date,mock-d,08/11/2019,2019-11-08,False,line: 08/11/2019,08/11/2019,synthetic,demo,2019-11-08,True,True,True,none,True
synthetic/s7/0074,phone,phone,mock-a,03-363 4193,33634193,False,,03-363 4193,synthetic,demo,33634193,True,True,True,none,True
synthetic/s7/0074,phone,phone,mock-b,03-363 4193,33634193,False,,03-363 4193,synthetic,demo,33634193,True,True,True,none,True
synthetic/s7/0074,phone,phone,mock-c,03-363 4193,33634193,False,,03-363 4193,synthetic,demo,33634193,True,True,True,none,True
synthetic/s7/0074,phone,phone,mock-d,03-363 4193,33634193,False,line: 03-363 4193,03-363 4193,synthetic,demo,33634193,True,True,True,none,True
synthetic/s7/0074,tax,money,mock-a,1.28,1.28,False,,1.28,synthetic,demo,1.28,True,True,True,none,True
synthetic/s7/0074,tax,money,mock-b,1.28,1.28,False,,1.28,synthetic,demo,1.28,True,True,True,none,True
synthetic/s7/0074,tax,money,mock-c,1.28,1.28,False,,1.28,synthetic,demo,1.28,True,True,True,none,True
synthetic/s7/0074,tax,money,mock-d,1.28,1.28,False,line: 1.28,1.28,synthetic,demo,1.28,True,True,True,none,True
synthetic/s7/0074,total,money,mock-a,22.68,22.68,False,,22.68,synthetic,demo,22.68,True,True,True,none,True
synthetic/s7/0074,total,money,mock-b,22.68,22.68,False,,22.68,synthetic,demo,22.68,True,True,True,none,True
synthetic/s7/0074,total,money,mock-c,22.68,22.68,False,,22.68,synthetic,demo,22.68,True,True,True,none,True
synthetic/s7/0074,total,money,mock-d,22.68,22.68,False,line: 22.68,22.68,synthetic,demo,22.68,True,True,True,none,True
synthetic/s7/0075,address,address,mock-a,"NO. 31G&33G, JALAN SETIA INDAH X, U13/X, 40170 SETIA ALAM",no 31g and 33g jln setia indah x u13 x 40170 setia alam,False,,"NO. 31G&33G, JALAN SETIA INDAH X, U13/X, 40170 SETIA ALAM",synthetic,demo,no 31g and 33g jln setia indah x u13 x 40170 setia alam,True,True,True,none,True
synthetic/s7/0075,address,address,mock-b,"NO. 31G&33G, JALAN SETIA INDAH X, U13/X, 40170 SETIA ALAM",no 31g and 33g jln setia indah x u13 x 40170 setia alam,False,,"NO. 31G&33G, JALAN SETIA INDAH X, U13/X, 40170 SETIA ALAM",synthetic,demo,no 31g and 33g jln setia indah x u13 x 40170 setia alam,True,True,True,none,True
synthetic/s7/0075,address,address,mock-c,"NO. 31G&33G, JALAN SETIA INDAH X, U13/X, 40170 SETIA ALAM",no 31g and 33g jln setia indah x u13 x 40170 setia alam,False,,"NO. 31G&33G, JALAN SETIA INDAH X, U13/X, 40170 SETIA ALAM",synthetic,demo,no 31g and 33g jln setia indah x u13 x 40170 setia alam,True,True,True,none,True
synthetic/s7/0075,address,address,mock-d,"NO. 31G&33G, JALAN SETIA INDAH X, U13/X, 40170 SETIA ALAM",no 31g and 33g jln setia indah x u13 x 40170 setia alam,False,"line: NO. 31G&33G, JALAN SETIA INDAH X, U13/X, 40170 SETIA ALAM","NO. 31G&33G, JALAN SETIA INDAH X, U13/X, 40170 SETIA ALAM",synthetic,demo,no 31g and 33g jln setia indah x u13 x 40170 setia alam,True,True,True,none,True
synthetic/s7/0075,company,org,mock-a,SANYU STATIONERY SHOP,sanyu stationery shop,False,,SANYU STATIONERY SHOP,synthetic,demo,sanyu stationery shop,True,True,True,none,True
synthetic/s7/0075,company,org,mock-b,SANYU STATIONERY SHOP,sanyu stationery shop,False,,SANYU STATIONERY SHOP,synthetic,demo,sanyu stationery shop,True,True,True,none,True
synthetic/s7/0075,company,org,mock-c,SANYU STATIONERY SHOP,sanyu stationery shop,False,,SANYU STATIONERY SHOP,synthetic,demo,sanyu stationery shop,True,True,True,none,True
synthetic/s7/0075,company,org,mock-d,SANYU STATIONERY SHOP,sanyu stationery shop,False,line: SANYU STATIONERY SHOP,SANYU STATIONERY SHOP,synthetic,demo,sanyu stationery shop,True,True,True,none,True
synthetic/s7/0075,date,date,mock-a,11/06/2019,2019-06-11,False,,11/06/2019,synthetic,demo,2019-06-11,True,True,True,none,True
synthetic/s7/0075,date,date,mock-b,11/06/2019,2019-06-11,False,,11/06/2019,synthetic,demo,2019-06-11,True,True,True,none,True
synthetic/s7/0075,date,date,mock-c,11/06/2019,2019-06-11,False,,11/06/2019,synthetic,demo,2019-06-11,True,True,True,none,True
synthetic/s7/0075,date,date,mock-d,11/06/2019,2019-06-11,False,line: 11/06/2019,11/06/2019,synthetic,demo,2019-06-11,True,True,True,none,True
synthetic/s7/0075,phone,phone,mock-a,15-404 1061,54041061,False,,05-404 1061,synthetic,demo,54041061,True,True,True,none,True
synthetic/s7/0075,phone,phone,mock-b,05-404 1061,54041061,False,,05-404 1061,synthetic,demo,54041061,True,True,True,none,True
synthetic/s7/0075,phone,phone,mock-c,05-404 1061,54041061,False,,05-404 1061,synthetic,demo,54041061,True,True,True,none,True
synthetic/s7/0075,phone,phone,mock-d,05-404 1061,54041061,False,line: 05-404 1061,05-404 1061,synthetic,demo,54041061,True,True,True,none,True
synthetic/s7/0075,tax,money,mock-a,,,True,,,synthetic,demo,,False,False,True,none,True
synthetic/s7/0075,tax,money,mock-b,10.00,10.00,False,,,synthetic,demo,,False,True,False,hallucination,False
synthetic/s7/0075,tax,money,mock-c,,,True,,,synthetic,demo,,False,False,True,none,True
synthetic/s7/0075,tax,money,mock-d,,,True,,,synthetic,demo,,False,False,True,none,True
synthetic/s7/0075,total,money,mock-a,21.80,21.80,False,,21.80,synthetic,demo,21.80,True,True,True,none,True
synthetic/s7/0075,total,money,mock-b,21.20,21.20,False,,21.80,synthetic,demo,21.80,True,True,False,wrong_value,False
synthetic/s7/0075,total,money,mock-c,21.20,21.20,False,,21.80,synthetic,demo,21.80,True,True,False,wrong_value,False
synthetic/s7/0075,total,money,mock-d,21.20,21.20,False,line: 21.20,21.80,synthetic,demo,21.80,True,True,False,wrong_value,False
synthetic/s7/0076,address,address,mock-a,"LOT P.T. 2811, JALAN ANGSANA, TAMAN MUTIARA RINI",lot p t 2811 jln angsana tmn mutiara rini,False,,"LOT P.T. 2811, JALAN ANGSANA, TAMAN MUTIARA RINI, 81300 SKUDAI",synthetic,demo,lot p t 2811 jln angsana tmn mutiara rini 81300 skudai,True,True,False,wrong_value,False
synthetic/s7/0076,address,address,mock-b,"LOT P.T. 2811, JALAN ANGSANA, TAMAN MUTIARA RINI, 81300 SKUDAI",lot p t 2811 jln angsana tmn mutiara rini 81300 skudai,False,,"LOT P.T. 2811, JALAN ANGSANA, TAMAN MUTIARA RINI, 81300 SKUDAI",synthetic,demo,lot p t 2811 jln angsana tmn mutiara rini 81300 skudai,True,True,True,none,True
synthetic/s7/0076,address,address,mock-c,"LOT P.T. 2811, JALAN ANGSANA, TAMAN MUTIARA RINI, 81300 SKUDAI",lot p t 2811 jln angsana tmn mutiara rini 81300 skudai,False,,"LOT P.T. 2811, JALAN ANGSANA, TAMAN MUTIARA RINI, 81300 SKUDAI",synthetic,demo,lot p t 2811 jln angsana tmn mutiara rini 81300 skudai,True,True,True,none,True
synthetic/s7/0076,address,address,mock-d,"LOT P.T. 2811, JALAN ANGSANA, TAMAN MUTIARA RINI, 81300 SKUDAI",lot p t 2811 jln angsana tmn mutiara rini 81300 skudai,False,"line: LOT P.T. 2811, JALAN ANGSANA, TAMAN MUTIARA RINI, 81300 SKUDAI","LOT P.T. 2811, JALAN ANGSANA, TAMAN MUTIARA RINI, 81300 SKUDAI",synthetic,demo,lot p t 2811 jln angsana tmn mutiara rini 81300 skudai,True,True,True,none,True
synthetic/s7/0076,company,org,mock-a,99 SPEED MART S/B,99 speed mart s b,False,,99 SPEED MART S/B,synthetic,demo,99 speed mart s b,True,True,True,none,True
synthetic/s7/0076,company,org,mock-b,99 SPEED MART S/B,99 speed mart s b,False,,99 SPEED MART S/B,synthetic,demo,99 speed mart s b,True,True,True,none,True
synthetic/s7/0076,company,org,mock-c,99 SPEED MART S/B,99 speed mart s b,False,,99 SPEED MART S/B,synthetic,demo,99 speed mart s b,True,True,True,none,True
synthetic/s7/0076,company,org,mock-d,99 SPEED MART S/B,99 speed mart s b,False,line: 99 SPEED MART S/B,99 SPEED MART S/B,synthetic,demo,99 speed mart s b,True,True,True,none,True
synthetic/s7/0076,date,date,mock-a,26/11/2018,2018-11-26,False,,26/11/2018,synthetic,demo,2018-11-26,True,True,True,none,True
synthetic/s7/0076,date,date,mock-b,26/11/2018,2018-11-26,False,,26/11/2018,synthetic,demo,2018-11-26,True,True,True,none,True
synthetic/s7/0076,date,date,mock-c,26/11/2018,2018-11-26,False,,26/11/2018,synthetic,demo,2018-11-26,True,True,True,none,True
synthetic/s7/0076,date,date,mock-d,,,True,,26/11/2018,synthetic,demo,2018-11-26,True,False,False,miss,False
synthetic/s7/0076,phone,phone,mock-a,,,True,,,synthetic,demo,,False,False,True,none,True
synthetic/s7/0076,phone,phone,mock-b,,,True,,,synthetic,demo,,False,False,True,none,True
synthetic/s7/0076,phone,phone,mock-c,,,True,,,synthetic,demo,,False,False,True,none,True
synthetic/s7/0076,phone,phone,mock-d,,,True,,,synthetic,demo,,False,False,True,none,True
synthetic/s7/0076,tax,money,mock-a,,,True,,0.19,synthetic,demo,0.19,True,False,False,miss,False
synthetic/s7/0076,tax,money,mock-b,0.00,0.00,False,,0.19,synthetic,demo,0.19,True,True,False,wrong_value,False
synthetic/s7/0076,tax,money,mock-c,0.19,0.19,False,,0.19,synthetic,demo,0.19,True,True,True,none,True
synthetic/s7/0076,tax,money,mock-d,0.19,0.19,False,line: 0.19,0.19,synthetic,demo,0.19,True,True,True,none,True
synthetic/s7/0076,total,money,mock-a,3.30,3.30,False,,3.39,synthetic,demo,3.39,True,True,False,wrong_value,False
synthetic/s7/0076,total,money,mock-b,3.39,3.39,False,,3.39,synthetic,demo,3.39,True,True,True,none,True
synthetic/s7/0076,total,money,mock-c,3.39,3.39,False,,3.39,synthetic,demo,3.39,True,True,True,none,True
synthetic/s7/0076,total,money,mock-d,3.39,3.39,False,line: 3.39,3.39,synthetic,demo,3.39,True,True,True,none,True
synthetic/s7/0077,address,address,mock-a,"LOT 276 JALAN BANTING, 43800 DENGKIL, SELANGOR",lot 276 jln banting 43800 dengkil selangor,False,,"LOT 276 JALAN BANTING, 43800 DENGKIL, SELANGOR",synthetic,demo,lot 276 jln banting 43800 dengkil selangor,True,True,True,none,True
synthetic/s7/0077,address,address,mock-b,,,True,,"LOT 276 JALAN BANTING, 43800 DENGKIL, SELANGOR",synthetic,demo,lot 276 jln banting 43800 dengkil selangor,True,False,False,miss,False
synthetic/s7/0077,address,address,mock-c,"LOT 276 JALAN BANTING, 43800 DENGKIL, SELANGOR",lot 276 jln banting 43800 dengkil selangor,False,,"LOT 276 JALAN BANTING, 43800 DENGKIL, SELANGOR",synthetic,demo,lot 276 jln banting 43800 dengkil selangor,True,True,True,none,True
synthetic/s7/0077,address,address,mock-d,"LOT 276 JALAN BANTING, 43800 DENGKIL, SELANGOR",lot 276 jln banting 43800 dengkil selangor,False,"line: LOT 276 JALAN BANTING, 43800 DENGKIL, SELANGOR","LOT 276 JALAN BANTING, 43800 DENGKIL, SELANGOR",synthetic,demo,lot 276 jln banting 43800 dengkil selangor,True,True,True,none,True
synthetic/s7/0077,company,org,mock-a,KEDAI PAPAN YEW CHUAN,kedai papan yew chuan,False,,KEDAI PAPAN YEW CHUAN,synthetic,demo,kedai papan yew chuan,True,True,True,none,True
synthetic/s7/0077,company,org,mock-b,KEDAI PAPAN YEW CHUAN,kedai papan yew chuan,False,,KEDAI PAPAN YEW CHUAN,synthetic,demo,kedai papan yew chuan,True,True,True,none,True
synthetic/s7/0077,company,org,mock-c,KEDAI PAPAN YEW CHUAN,kedai papan yew chuan,False,,KEDAI PAPAN YEW CHUAN,synthetic,demo,kedai papan yew chuan,True,True,True,none,True
synthetic/s7/0077,company,org,mock-d,KEDAI PAPAN YEW CHUAN,kedai papan yew chuan,False,line: KEDAI PAPAN YEW CHUAN,KEDAI PAPAN YEW CHUAN,synthetic,demo,kedai papan yew chuan,True,True,True,none,True
synthetic/s7/0077,date,date,mock-a,26/05/2019,2019-05-26,False,,26/05/2019,synthetic,demo,2019-05-26,True,True,True,none,True
synthetic/s7/0077,date,date,mock-b,26/05/2019,2019-05-26,False,,26/05/2019,synthetic,demo,2019-05-26,True,True,True,none,True
synthetic/s7/0077,date,date,mock-c,26/05/2019,2019-05-26,False,,26/05/2019,synthetic,demo,2019-05-26,True,True,True,none,True
synthetic/s7/0077,date,date,mock-d,26/05/2019,2019-05-26,False,line: 26/05/2019,26/05/2019,synthetic,demo,2019-05-26,True,True,True,none,True
synthetic/s7/0077,phone,phone,mock-a,,,True,,,synthetic,demo,,False,False,True,none,True
synthetic/s7/0077,phone,phone,mock-b,,,True,,,synthetic,demo,,False,False,True,none,True
synthetic/s7/0077,phone,phone,mock-c,,,True,,,synthetic,demo,,False,False,True,none,True
synthetic/s7/0077,phone,phone,mock-d,,,True,,,synthetic,demo,,False,False,True,none,True
synthetic/s7/0077,tax,money,mock-a,,,True,,,synthetic,demo,,False,False,True,none,True
synthetic/s7/0077,tax,money,mock-b,,,True,,,synthetic,demo,,False,False,True,none,True
synthetic/s7/0077,tax,money,mock-c,,,True,,,synthetic,demo,,False,False,True,none,True
synthetic/s7/0077,tax,money,mock-d,,,True,,,synthetic,demo,,False,False,True,none,True
synthetic/s7/0077,total,money,mock-a,19.90,19.90,False,,19.90,synthetic,demo,19.90,True,True,True,none,True
synthetic/s7/0077,total,money,mock-b,09.90,9.90,False,,19.90,synthetic,demo,19.90,True,True,False,wrong_value,False
synthetic/s7/0077,total,money,mock-c,19.90,19.90,False,,19.90,synthetic,demo,19.90,True,True,True,none,True
synthetic/s7/0077,total,money,mock-d,19.90,19.90,False,line: 19.90,19.90,synthetic,demo,19.90,True,True,True,none,True
synthetic/s7/0078,address,address,mock-a,"NO 2 & 4, JALAN BAYU 4, BANDAR SERI ALAM, 81750 MASAI, JOHOR",no 2 and 4 jln bayu 4 bdr seri alam 81750 masai johor,False,,"NO 2 & 4, JALAN BAYU 4, BANDAR SERI ALAM, 81750 MASAI, JOHOR",synthetic,demo,no 2 and 4 jln bayu 4 bdr seri alam 81750 masai johor,True,True,True,none,True
synthetic/s7/0078,address,address,mock-b,"NO 2 & 4, JALAN BAYU 4, BANDAR SERI ALAM, 81750 MASAI, JOHOR",no 2 and 4 jln bayu 4 bdr seri alam 81750 masai johor,False,,"NO 2 & 4, JALAN BAYU 4, BANDAR SERI ALAM, 81750 MASAI, JOHOR",synthetic,demo,no 2 and 4 jln bayu 4 bdr seri alam 81750 masai johor,True,True,True,none,True
synthetic/s7/0078,address,address,mock-c,"NO 2 & 4, JALAN BAYU 4, BANDAR SERI ALAM, 81750 MASAI, JOHOR",no 2 and 4 jln bayu 4 bdr seri alam 81750 masai johor,False,,"NO 2 & 4, JALAN BAYU 4, BANDAR SERI ALAM, 81750 MASAI, JOHOR",synthetic,demo,no 2 and 4 jln bayu 4 bdr seri alam 81750 masai johor,True,True,True,none,True
synthetic/s7/0078,address,address,mock-d,"NO 2 & 4, JALAN BAYU 4, BANDAR SERI ALAM, 81750 MASAI, JOHOR",no 2 and 4 jln bayu 4 bdr seri alam 81750 masai johor,False,"line: NO 2 & 4, JALAN BAYU 4, BANDAR SERI ALAM, 81750 MASAI, JOHOR","NO 2 & 4, JALAN BAYU 4, BANDAR SERI ALAM, 81750 MASAI, JOHOR",synthetic,demo,no 2 and 4 jln bayu 4 bdr seri alam 81750 masai johor,True,True,True,none,True
synthetic/s7/0078,company,org,mock-a,OJC MARKETING SDN BHD,ojc marketing,False,,OJC MARKETING SDN BHD,synthetic,demo,ojc marketing,True,True,True,none,True
synthetic/s7/0078,company,org,mock-b,OJC MARKETING SDN BHD,ojc marketing,False,,OJC MARKETING SDN BHD,synthetic,demo,ojc marketing,True,True,True,none,True
synthetic/s7/0078,company,org,mock-c,OJC MARKETING SDN BHD,ojc marketing,False,,OJC MARKETING SDN BHD,synthetic,demo,ojc marketing,True,True,True,none,True
synthetic/s7/0078,company,org,mock-d,OJC MARKETING SDN BHD,ojc marketing,False,line: OJC MARKETING SDN BHD,OJC MARKETING SDN BHD,synthetic,demo,ojc marketing,True,True,True,none,True
synthetic/s7/0078,date,date,mock-a,04/20/2019,2019-04-20,False,,20/04/2019,synthetic,demo,2019-04-20,True,True,True,none,True
synthetic/s7/0078,date,date,mock-b,20/04/2019,2019-04-20,False,,20/04/2019,synthetic,demo,2019-04-20,True,True,True,none,True
synthetic/s7/0078,date,date,mock-c,20/04/2019,2019-04-20,False,,20/04/2019,synthetic,demo,2019-04-20,True,True,True,none,True
synthetic/s7/0078,date,date,mock-d,,,True,,20/04/2019,synthetic,demo,2019-04-20,True,False,False,miss,False
synthetic/s7/0078,phone,phone,mock-a,09-263 5051,92635051,False,,09-263 5051,synthetic,demo,92635051,True,True,True,none,True
synthetic/s7/0078,phone,phone,mock-b,09-263 5051,92635051,False,,09-263 5051,synthetic,demo,92635051,True,True,True,none,True
synthetic/s7/0078,phone,phone,mock-c,09-263 5051,92635051,False,,09-263 5051,synthetic,demo,92635051,True,True,True,none,True
synthetic/s7/0078,phone,phone,mock-d,09-263 5051,92635051,False,line: 09-263 5051,09-263 5051,synthetic,demo,92635051,True,True,True,none,True
synthetic/s7/0078,tax,money,mock-a,0.87,0.87,False,,0.82,synthetic,demo,0.82,True,True,False,wrong_value,False
synthetic/s7/0078,tax,money,mock-b,0.87,0.87,False,,0.82,synthetic,demo,0.82,True,True,False,wrong_value,False
synthetic/s7/0078,tax,money,mock-c,0.87,0.87,False,,0.82,synthetic,demo,0.82,True,True,False,wrong_value,False
synthetic/s7/0078,tax,money,mock-d,0.87,0.87,False,line: 0.87,0.82,synthetic,demo,0.82,True,True,False,wrong_value,False
synthetic/s7/0078,total,money,mock-a,14.42,14.42,False,,14.42,synthetic,demo,14.42,True,True,True,none,True
synthetic/s7/0078,total,money,mock-b,14.42,14.42,False,,14.42,synthetic,demo,14.42,True,True,True,none,True
synthetic/s7/0078,total,money,mock-c,14.42,14.42,False,,14.42,synthetic,demo,14.42,True,True,True,none,True
synthetic/s7/0078,total,money,mock-d,,,True,,14.42,synthetic,demo,14.42,True,False,False,miss,False
synthetic/s7/0079,address,address,mock-a,"NO.59 JALAN PERMAS 9/5, BANDAR BARU PERMAS JAYA, 81750 JOHOR BAHRU",no 59 jln permas 9 5 bdr baru permas jaya 81750 johor bahru,False,,"NO.59 JALAN PERMAS 9/5, BANDAR BARU PERMAS JAYA, 81750 JOHOR BAHRU",synthetic,demo,no 59 jln permas 9 5 bdr baru permas jaya 81750 johor bahru,True,True,True,none,True
synthetic/s7/0079,address,address,mock-b,,,True,,"NO.59 JALAN PERMAS 9/5, BANDAR BARU PERMAS JAYA, 81750 JOHOR BAHRU",synthetic,demo,no 59 jln permas 9 5 bdr baru permas jaya 81750 johor bahru,True,False,False,miss,False
synthetic/s7/0079,address,address,mock-c,"NO.59 JALAN PERMAS 9/5, BANDAR BARU PERMAS JAYA, 81750 JOHOR BAHRU",no 59 jln permas 9 5 bdr baru permas jaya 81750 johor bahru,False,,"NO.59 JALAN PERMAS 9/5, BANDAR BARU PERMAS JAYA, 81750 JOHOR BAHRU",synthetic,demo,no 59 jln permas 9 5 bdr baru permas jaya 81750 johor bahru,True,True,True,none,True
synthetic/s7/0079,address,address,mock-d,"NO.59 JALAN PERMAS 9/5, BANDAR BARU PERMAS JAYA, 81750 JOHOR BAHRU",no 59 jln permas 9 5 bdr baru permas jaya 81750 johor bahru,False,"line: NO.59 JALAN PERMAS 9/5, BANDAR BARU PERMAS JAYA, 81750 JOHOR BAHRU","NO.59 JALAN PERMAS 9/5, BANDAR BARU PERMAS JAYA, 81750 JOHOR BAHRU",synthetic,demo,no 59 jln permas 9 5 bdr baru permas jaya 81750 johor bahru,True,True,True,none,True
synthetic/s7/0079,company,org,mock-a,PERNIAGAAN ZHENG HUI,perniagaan zheng hui,False,,PERNIAGAAN ZHENG HUI,synthetic,demo,perniagaan zheng hui,True,True,True,none,True
synthetic/s7/0079,company,org,mock-b,PERNIAGAAN ZHENG,perniagaan zheng,False,,PERNIAGAAN ZHENG HUI,synthetic,demo,perniagaan zheng hui,True,True,False,wrong_value,False
synthetic/s7/0079,company,org,mock-c,PERNIAGAAN ZHENG HUI,perniagaan zheng hui,False,,PERNIAGAAN ZHENG HUI,synthetic,demo,perniagaan zheng hui,True,True,True,none,True
synthetic/s7/0079,company,org,mock-d,PERNIAGAAN ZHENG HUI,perniagaan zheng hui,False,line: PERNIAGAAN ZHENG HUI,PERNIAGAAN ZHENG HUI,synthetic,demo,perniagaan zheng hui,True,True,True,none,True
synthetic/s7/0079,date,date,mock-a,08/02/2019,2019-02-08,False,,02/08/2019,synthetic,demo,2019-08-02,True,True,False,wrong_value,False
synthetic/s7/0079,date,date,mock-b,08/02/2019,2019-02-08,False,,02/08/2019,synthetic,demo,2019-08-02,True,True,False,wrong_value,False
synthetic/s7/0079,date,date,mock-c,02/08/2019,2019-08-02,False,,02/08/2019,synthetic,demo,2019-08-02,True,True,True,none,True
synthetic/s7/0079,date,date,mock-d,02/08/2019,2019-08-02,False,line: 02/08/2019,02/08/2019,synthetic,demo,2019-08-02,True,True,True,none,True
synthetic/s7/0079,phone,phone,mock-a,03-313 2579,33132579,False,,03-313 2579,synthetic,demo,33132579,True,True,True,none,True
synthetic/s7/0079,phone,phone,mock-b,03-313 2579,33132579,False,,03-313 2579,synthetic,demo,33132579,True,True,True,none,True
synthetic/s7/0079,phone,phone,mock-c,03-313 2579,33132579,False,,03-313 2579,synthetic,demo,33132579,True,True,True,none,True
synthetic/s7/0079,phone,phone,mock-d,03-313 2579,33132579,False,line: 03-313 2579,03-313 2579,synthetic,demo,33132579,True,True,True,none,True
synthetic/s7/0079,tax,money,mock-a,,,True,,,synthetic,demo,,False,False,True,none,True
synthetic/s7/0079,tax,money,mock-b,,,True,,,synthetic,demo,,False,False,True,none,True
synthetic/s7/0079,tax,money,mock-c,,,True,,,synthetic,demo,,False,False,True,none,True
synthetic/s7/0079,tax,money,mock-d,,,True,,,synthetic,demo,,False,False,True,none,True
synthetic/s7/0079,total,money,mock-a,22.90,22.90,False,,22.90,synthetic,demo,22.90,True,True,True,none,True
synthetic/s7/0079,total,money,mock-b,22.90,22.90,False,,22.90,synthetic,demo,22.90,True,True,True,none,True
synthetic/s7/0079,total,money,mock-c,22.90,22.90,False,,22.90,synthetic,demo,22.90,True,True,True,none,True
synthetic/s7/0079,total,money,mock-d,22.90,22.90,False,line: 22.90,22.90,synthetic,demo,22.90,True,True,True,none,True
synthetic/s7/0080,address,address,mock-a,"LOT 3, JALAN PELABUR 23/1, 40300 SHAH ALAM, SELANGOR",lot 3 jln pelabur 23 1 40300 shah alam selangor,False,,"LOT 3, JALAN PELABUR 23/1, 40300 SHAH ALAM, SELANGOR",synthetic,demo,lot 3 jln pelabur 23 1 40300 shah alam selangor,True,True,True,none,True
synthetic/s7/0080,address,address,mock-b,"LOT 3, JALAN PELABUR 23/1, 40300 SHAH ALAM, SELANGOR",lot 3 jln pelabur 23 1 40300 shah alam selangor,False,,"LOT 3, JALAN PELABUR 23/1, 40300 SHAH ALAM, SELANGOR",synthetic,demo,lot 3 jln pelabur 23 1 40300 shah alam selangor,True,True,True,none,True
synthetic/s7/0080,address,address,mock-c,"LOT 3, JALAN PELABUR 23/1, 40300 SHAH ALAM, SELANGOR",lot 3 jln pelabur 23 1 40300 shah alam selangor,False,,"LOT 3, JALAN PELABUR 23/1, 40300 SHAH ALAM, SELANGOR",synthetic,demo,lot 3 jln pelabur 23 1 40300 shah alam selangor,True,True,True,none,True
synthetic/s7/0080,address,address,mock-d,"LOT 3, JALAN PELABUR 23/1, 40300 SHAH ALAM, SELANGOR",lot 3 jln pelabur 23 1 40300 shah alam selangor,False,"line: LOT 3, JALAN PELABUR 23/1, 40300 SHAH ALAM, SELANGOR","LOT 3, JALAN PELABUR 23/1, 40300 SHAH ALAM, SELANGOR",synthetic,demo,lot 3 jln pelabur 23 1 40300 shah alam selangor,True,True,True,none,True
synthetic/s7/0080,company,org,mock-a,GARDENIA BAKERIES (KL) SDN BHD,gardenia bakeries kl,False,,GARDENIA BAKERIES (KL) SDN BHD,synthetic,demo,gardenia bakeries kl,True,True,True,none,True
synthetic/s7/0080,company,org,mock-b,GARDENIA BAKERIES (KL) SDN BHD,gardenia bakeries kl,False,,GARDENIA BAKERIES (KL) SDN BHD,synthetic,demo,gardenia bakeries kl,True,True,True,none,True
synthetic/s7/0080,company,org,mock-c,GARDENIA BAKERIES (KL) SDN BHD,gardenia bakeries kl,False,,GARDENIA BAKERIES (KL) SDN BHD,synthetic,demo,gardenia bakeries kl,True,True,True,none,True
synthetic/s7/0080,company,org,mock-d,GARDENIA BAKERIES (KL) SDN BHD,gardenia bakeries kl,False,line: GARDENIA BAKERIES (KL) SDN BHD,GARDENIA BAKERIES (KL) SDN BHD,synthetic,demo,gardenia bakeries kl,True,True,True,none,True
synthetic/s7/0080,date,date,mock-a,,,True,,06/04/2018,synthetic,demo,2018-04-06,True,False,False,miss,False
synthetic/s7/0080,date,date,mock-b,06/04/2018,2018-04-06,False,,06/04/2018,synthetic,demo,2018-04-06,True,True,True,none,True
synthetic/s7/0080,date,date,mock-c,06/04/2018,2018-04-06,False,,06/04/2018,synthetic,demo,2018-04-06,True,True,True,none,True
synthetic/s7/0080,date,date,mock-d,06/04/2018,2018-04-06,False,line: 06/04/2018,06/04/2018,synthetic,demo,2018-04-06,True,True,True,none,True
synthetic/s7/0080,phone,phone,mock-a,,,True,,,synthetic,demo,,False,False,True,none,True
synthetic/s7/0080,phone,phone,mock-b,,,True,,,synthetic,demo,,False,False,True,none,True
synthetic/s7/0080,phone,phone,mock-c,,,True,,,synthetic,demo,,False,False,True,none,True
synthetic/s7/0080,phone,phone,mock-d,03-1234 5678,312345678,False,line: 03-1234 5678,,synthetic,demo,,False,True,False,hallucination,False
synthetic/s7/0080,tax,money,mock-a,,,True,,,synthetic,demo,,False,False,True,none,True
synthetic/s7/0080,tax,money,mock-b,,,True,,,synthetic,demo,,False,False,True,none,True
synthetic/s7/0080,tax,money,mock-c,,,True,,,synthetic,demo,,False,False,True,none,True
synthetic/s7/0080,tax,money,mock-d,,,True,,,synthetic,demo,,False,False,True,none,True
synthetic/s7/0080,total,money,mock-a,,,True,,42.20,synthetic,demo,42.20,True,False,False,miss,False
synthetic/s7/0080,total,money,mock-b,42.20,42.20,False,,42.20,synthetic,demo,42.20,True,True,True,none,True
synthetic/s7/0080,total,money,mock-c,42.20,42.20,False,,42.20,synthetic,demo,42.20,True,True,True,none,True
synthetic/s7/0080,total,money,mock-d,42.20,42.20,False,line: 42.20,42.20,synthetic,demo,42.20,True,True,True,none,True
synthetic/s7/0081,address,address,mock-a,"NO. 31G&33G, JALAN SETIA INDAH X, U13/X, 40170 SETIA ALAM",no 31g and 33g jln setia indah x u13 x 40170 setia alam,False,,"NO. 31G&33G, JALAN SETIA INDAH X, U13/X, 40170 SETIA ALAM",synthetic,demo,no 31g and 33g jln setia indah x u13 x 40170 setia alam,True,True,True,none,True
synthetic/s7/0081,address,address,mock-b,"NO. 31G&33G, JALAN SETIA INDAH X, U13/X",no 31g and 33g jln setia indah x u13 x,False,,"NO. 31G&33G, JALAN SETIA INDAH X, U13/X, 40170 SETIA ALAM",synthetic,demo,no 31g and 33g jln setia indah x u13 x 40170 setia alam,True,True,False,wrong_value,False
synthetic/s7/0081,address,address,mock-c,"NO. 31G&33G, JALAN SETIA INDAH X, U13/X, 40170 SETIA ALAM",no 31g and 33g jln setia indah x u13 x 40170 setia alam,False,,"NO. 31G&33G, JALAN SETIA INDAH X, U13/X, 40170 SETIA ALAM",synthetic,demo,no 31g and 33g jln setia indah x u13 x 40170 setia alam,True,True,True,none,True
synthetic/s7/0081,address,address,mock-d,"NO. 31G&33G, JALAN SETIA INDAH X, U13/X, 40170 SETIA ALAM",no 31g and 33g jln setia indah x u13 x 40170 setia alam,False,"line: NO. 31G&33G, JALAN SETIA INDAH X, U13/X, 40170 SETIA ALAM","NO. 31G&33G, JALAN SETIA INDAH X, U13/X, 40170 SETIA ALAM",synthetic,demo,no 31g and 33g jln setia indah x u13 x 40170 setia alam,True,True,True,none,True
synthetic/s7/0081,company,org,mock-a,,,True,,SANYU STATIONERY SHOP,synthetic,demo,sanyu stationery shop,True,False,False,miss,False
synthetic/s7/0081,company,org,mock-b,SANYU STATIONERY,sanyu stationery,False,,SANYU STATIONERY SHOP,synthetic,demo,sanyu stationery shop,True,True,False,wrong_value,False
synthetic/s7/0081,company,org,mock-c,SANYU STATIONERY SHOP,sanyu stationery shop,False,,SANYU STATIONERY SHOP,synthetic,demo,sanyu stationery shop,True,True,True,none,True
synthetic/s7/0081,company,org,mock-d,SANYU STATIONERY SHOP,sanyu stationery shop,False,line: SANYU STATIONERY SHOP,SANYU STATIONERY SHOP,synthetic,demo,sanyu stationery shop,True,True,True,none,True
synthetic/s7/0081,date,date,mock-a,25/05/2019,2019-05-25,False,,25/05/2019,synthetic,demo,2019-05-25,True,True,True,none,True
synthetic/s7/0081,date,date,mock-b,25/05/2019,2019-05-25,False,,25/05/2019,synthetic,demo,2019-05-25,True,True,True,none,True
synthetic/s7/0081,date,date,mock-c,,,True,,25/05/2019,synthetic,demo,2019-05-25,True,False,False,miss,False
synthetic/s7/0081,date,date,mock-d,05/25/2019,2019-05-25,False,line: 05/25/2019,25/05/2019,synthetic,demo,2019-05-25,True,True,True,none,True
synthetic/s7/0081,phone,phone,mock-a,54-290 5019,542905019,False,,04-290 5019,synthetic,demo,42905019,True,True,False,wrong_value,False
synthetic/s7/0081,phone,phone,mock-b,54-290 5019,542905019,False,,04-290 5019,synthetic,demo,42905019,True,True,False,wrong_value,False
synthetic/s7/0081,phone,phone,mock-c,04-290 5019,42905019,False,,04-290 5019,synthetic,demo,42905019,True,True,True,none,True
synthetic/s7/0081,phone,phone,mock-d,84-290 5019,2905019,False,line: 84-290 5019,04-290 5019,synthetic,demo,42905019,True,True,False,wrong_value,False
synthetic/s7/0081,tax,money,mock-a,5.30,5.30,False,,,synthetic,demo,,False,True,False,hallucination,False
synthetic/s7/0081,tax,money,mock-b,5.30,5.30,False,,,synthetic,demo,,False,True,False,hallucination,False
synthetic/s7/0081,tax,money,mock-c,5.30,5.30,False,,,synthetic,demo,,False,True,False,hallucination,False
synthetic/s7/0081,tax,money,mock-d,5.30,5.30,False,line: 5.30,,synthetic,demo,,False,True,False,hallucination,False
synthetic/s7/0081,total,money,mock-a,30.20,30.20,False,,30.20,synthetic,demo,30.20,True,True,True,none,True
synthetic/s7/0081,total,money,mock-b,30.20,30.20,False,,30.20,synthetic,demo,30.20,True,True,True,none,True
synthetic/s7/0081,total,money,mock-c,30.20,30.20,False,,30.20,synthetic,demo,30.20,True,True,True,none,True
synthetic/s7/0081,total,money,mock-d,30.20,30.20,False,line: 30.20,30.20,synthetic,demo,30.20,True,True,True,none,True
synthetic/s7/0082,address,address,mock-a,"LOT P.T. 2811, JALAN ANGSANA, TAMAN MUTIARA RINI, 81300 SKUDAI",lot p t 2811 jln angsana tmn mutiara rini 81300 skudai,False,,"LOT P.T. 2811, JALAN ANGSANA, TAMAN MUTIARA RINI, 81300 SKUDAI",synthetic,demo,lot p t 2811 jln angsana tmn mutiara rini 81300 skudai,True,True,True,none,True
synthetic/s7/0082,address,address,mock-b,"LOT P.T. 2811, JALAN ANGSANA, TAMAN MUTIARA RINI, 81300 SKUDAI",lot p t 2811 jln angsana tmn mutiara rini 81300 skudai,False,,"LOT P.T. 2811, JALAN ANGSANA, TAMAN MUTIARA RINI, 81300 SKUDAI",synthetic,demo,lot p t 2811 jln angsana tmn mutiara rini 81300 skudai,True,True,True,none,True
synthetic/s7/0082,address,address,mock-c,"LOT P.T. 2811, JALAN ANGSANA, TAMAN MUTIARA RINI",lot p t 2811 jln angsana tmn mutiara rini,False,,"LOT P.T. 2811, JALAN ANGSANA, TAMAN MUTIARA RINI, 81300 SKUDAI",synthetic,demo,lot p t 2811 jln angsana tmn mutiara rini 81300 skudai,True,True,False,wrong_value,False
synthetic/s7/0082,address,address,mock-d,"LOT P.T. 2811, JALAN ANGSANA, TAMAN MUTIARA RINI, 81300 SKUDAI",lot p t 2811 jln angsana tmn mutiara rini 81300 skudai,False,"line: LOT P.T. 2811, JALAN ANGSANA, TAMAN MUTIARA RINI, 81300 SKUDAI","LOT P.T. 2811, JALAN ANGSANA, TAMAN MUTIARA RINI, 81300 SKUDAI",synthetic,demo,lot p t 2811 jln angsana tmn mutiara rini 81300 skudai,True,True,True,none,True
synthetic/s7/0082,company,org,mock-a,99 SPEED MART S/B,99 speed mart s b,False,,99 SPEED MART S/B,synthetic,demo,99 speed mart s b,True,True,True,none,True
synthetic/s7/0082,company,org,mock-b,99 SPEED MART,99 speed mart,False,,99 SPEED MART S/B,synthetic,demo,99 speed mart s b,True,True,False,wrong_value,False
synthetic/s7/0082,company,org,mock-c,99 SPEED MART S/B,99 speed mart s b,False,,99 SPEED MART S/B,synthetic,demo,99 speed mart s b,True,True,True,none,True
synthetic/s7/0082,company,org,mock-d,99 SPEED MART S/B,99 speed mart s b,False,line: 99 SPEED MART S/B,99 SPEED MART S/B,synthetic,demo,99 speed mart s b,True,True,True,none,True
synthetic/s7/0082,date,date,mock-a,19/04/2019,2019-04-19,False,,19/04/2019,synthetic,demo,2019-04-19,True,True,True,none,True
synthetic/s7/0082,date,date,mock-b,19/04/2019,2019-04-19,False,,19/04/2019,synthetic,demo,2019-04-19,True,True,True,none,True
synthetic/s7/0082,date,date,mock-c,19/04/2019,2019-04-19,False,,19/04/2019,synthetic,demo,2019-04-19,True,True,True,none,True
synthetic/s7/0082,date,date,mock-d,19/04/2019,2019-04-19,False,line: 19/04/2019,19/04/2019,synthetic,demo,2019-04-19,True,True,True,none,True
synthetic/s7/0082,phone,phone,mock-a,07-336 2647,73362647,False,,07-336 2647,synthetic,demo,73362647,True,True,True,none,True
synthetic/s7/0082,phone,phone,mock-b,07-336 2647,73362647,False,,07-336 2647,synthetic,demo,73362647,True,True,True,none,True
synthetic/s7/0082,phone,phone,mock-c,,,True,,07-336 2647,synthetic,demo,73362647,True,False,False,miss,False
synthetic/s7/0082,phone,phone,mock-d,07-336 2647,73362647,False,line: 07-336 2647,07-336 2647,synthetic,demo,73362647,True,True,True,none,True
synthetic/s7/0082,tax,money,mock-a,1.28,1.28,False,,1.28,synthetic,demo,1.28,True,True,True,none,True
synthetic/s7/0082,tax,money,mock-b,1.28,1.28,False,,1.28,synthetic,demo,1.28,True,True,True,none,True
synthetic/s7/0082,tax,money,mock-c,1.28,1.28,False,,1.28,synthetic,demo,1.28,True,True,True,none,True
synthetic/s7/0082,tax,money,mock-d,1.28,1.28,False,line: 1.28,1.28,synthetic,demo,1.28,True,True,True,none,True
synthetic/s7/0082,total,money,mock-a,22.68,22.68,False,,22.68,synthetic,demo,22.68,True,True,True,none,True
synthetic/s7/0082,total,money,mock-b,22.68,22.68,False,,22.68,synthetic,demo,22.68,True,True,True,none,True
synthetic/s7/0082,total,money,mock-c,22.68,22.68,False,,22.68,synthetic,demo,22.68,True,True,True,none,True
synthetic/s7/0082,total,money,mock-d,22.68,22.68,False,line: 22.68,22.68,synthetic,demo,22.68,True,True,True,none,True
synthetic/s7/0083,address,address,mock-a,"LOT 276 JALAN BANTING, 43800 DENGKIL, SELANGOR",lot 276 jln banting 43800 dengkil selangor,False,,"LOT 276 JALAN BANTING, 43800 DENGKIL, SELANGOR",synthetic,demo,lot 276 jln banting 43800 dengkil selangor,True,True,True,none,True
synthetic/s7/0083,address,address,mock-b,"LOT 276 JALAN BANTING, 43800 DENGKIL, SELANGOR",lot 276 jln banting 43800 dengkil selangor,False,,"LOT 276 JALAN BANTING, 43800 DENGKIL, SELANGOR",synthetic,demo,lot 276 jln banting 43800 dengkil selangor,True,True,True,none,True
synthetic/s7/0083,address,address,mock-c,"LOT 276 JALAN BANTING, 43800 DENGKIL, SELANGOR",lot 276 jln banting 43800 dengkil selangor,False,,"LOT 276 JALAN BANTING, 43800 DENGKIL, SELANGOR",synthetic,demo,lot 276 jln banting 43800 dengkil selangor,True,True,True,none,True
synthetic/s7/0083,address,address,mock-d,,,True,,"LOT 276 JALAN BANTING, 43800 DENGKIL, SELANGOR",synthetic,demo,lot 276 jln banting 43800 dengkil selangor,True,False,False,miss,False
synthetic/s7/0083,company,org,mock-a,KEDAI PAPAN YEW CHUAN,kedai papan yew chuan,False,,KEDAI PAPAN YEW CHUAN,synthetic,demo,kedai papan yew chuan,True,True,True,none,True
synthetic/s7/0083,company,org,mock-b,KEDAI PAPAN YEW CHUAN,kedai papan yew chuan,False,,KEDAI PAPAN YEW CHUAN,synthetic,demo,kedai papan yew chuan,True,True,True,none,True
synthetic/s7/0083,company,org,mock-c,KEDAI PAPAN YEW CHUAN,kedai papan yew chuan,False,,KEDAI PAPAN YEW CHUAN,synthetic,demo,kedai papan yew chuan,True,True,True,none,True
synthetic/s7/0083,company,org,mock-d,KEDAI PAPAN YEW CHUAN,kedai papan yew chuan,False,line: KEDAI PAPAN YEW CHUAN,KEDAI PAPAN YEW CHUAN,synthetic,demo,kedai papan yew chuan,True,True,True,none,True
synthetic/s7/0083,date,date,mock-a,04/01/2019,2019-01-04,False,,04/01/2019,synthetic,demo,2019-01-04,True,True,True,none,True
synthetic/s7/0083,date,date,mock-b,01/04/2019,2019-04-01,False,,04/01/2019,synthetic,demo,2019-01-04,True,True,False,wrong_value,False
synthetic/s7/0083,date,date,mock-c,04/01/2019,2019-01-04,False,,04/01/2019,synthetic,demo,2019-01-04,True,True,True,none,True
synthetic/s7/0083,date,date,mock-d,01/04/2019,2019-04-01,False,line: 01/04/2019,04/01/2019,synthetic,demo,2019-01-04,True,True,False,wrong_value,False
synthetic/s7/0083,phone,phone,mock-a,03-151 4105,31514105,False,,03-151 4105,synthetic,demo,31514105,True,True,True,none,True
synthetic/s7/0083,phone,phone,mock-b,03-151 4105,31514105,False,,03-151 4105,synthetic,demo,31514105,True,True,True,none,True
synthetic/s7/0083,phone,phone,mock-c,03-151 4105,31514105,False,,03-151 4105,synthetic,demo,31514105,True,True,True,none,True
synthetic/s7/0083,phone,phone,mock-d,03-151 4105,31514105,False,line: 03-151 4105,03-151 4105,synthetic,demo,31514105,True,True,True,none,True
synthetic/s7/0083,tax,money,mock-a,0.43,0.43,False,,0.43,synthetic,demo,0.43,True,True,True,none,True
synthetic/s7/0083,tax,money,mock-b,0.00,0.00,False,,0.43,synthetic,demo,0.43,True,True,False,wrong_value,False
synthetic/s7/0083,tax,money,mock-c,0.43,0.43,False,,0.43,synthetic,demo,0.43,True,True,True,none,True
synthetic/s7/0083,tax,money,mock-d,0.43,0.43,False,line: 0.43,0.43,synthetic,demo,0.43,True,True,True,none,True
synthetic/s7/0083,total,money,mock-a,7.53,7.53,False,,7.53,synthetic,demo,7.53,True,True,True,none,True
synthetic/s7/0083,total,money,mock-b,7.53,7.53,False,,7.53,synthetic,demo,7.53,True,True,True,none,True
synthetic/s7/0083,total,money,mock-c,7.53,7.53,False,,7.53,synthetic,demo,7.53,True,True,True,none,True
synthetic/s7/0083,total,money,mock-d,,,True,,7.53,synthetic,demo,7.53,True,False,False,miss,False
synthetic/s7/0084,address,address,mock-a,"NO 2 & 4, JALAN BAYU 4, BANDAR SERI ALAM, 81750 MASAI, JOHOR",no 2 and 4 jln bayu 4 bdr seri alam 81750 masai johor,False,,"NO 2 & 4, JALAN BAYU 4, BANDAR SERI ALAM, 81750 MASAI, JOHOR",synthetic,demo,no 2 and 4 jln bayu 4 bdr seri alam 81750 masai johor,True,True,True,none,True
synthetic/s7/0084,address,address,mock-b,"NO 2 & 4, JALAN BAYU 4, BANDAR SERI ALAM, 81750 MASAI, JOHOR",no 2 and 4 jln bayu 4 bdr seri alam 81750 masai johor,False,,"NO 2 & 4, JALAN BAYU 4, BANDAR SERI ALAM, 81750 MASAI, JOHOR",synthetic,demo,no 2 and 4 jln bayu 4 bdr seri alam 81750 masai johor,True,True,True,none,True
synthetic/s7/0084,address,address,mock-c,"NO 2 & 4, JALAN BAYU 4, BANDAR SERI ALAM, 81750 MASAI, JOHOR",no 2 and 4 jln bayu 4 bdr seri alam 81750 masai johor,False,,"NO 2 & 4, JALAN BAYU 4, BANDAR SERI ALAM, 81750 MASAI, JOHOR",synthetic,demo,no 2 and 4 jln bayu 4 bdr seri alam 81750 masai johor,True,True,True,none,True
synthetic/s7/0084,address,address,mock-d,,,True,,"NO 2 & 4, JALAN BAYU 4, BANDAR SERI ALAM, 81750 MASAI, JOHOR",synthetic,demo,no 2 and 4 jln bayu 4 bdr seri alam 81750 masai johor,True,False,False,miss,False
synthetic/s7/0084,company,org,mock-a,OJC MARKETING SDN BHD,ojc marketing,False,,OJC MARKETING SDN BHD,synthetic,demo,ojc marketing,True,True,True,none,True
synthetic/s7/0084,company,org,mock-b,OJC MARKETING SDN,ojc marketing sdn,False,,OJC MARKETING SDN BHD,synthetic,demo,ojc marketing,True,True,False,wrong_value,False
synthetic/s7/0084,company,org,mock-c,OJC MARKETING SDN BHD,ojc marketing,False,,OJC MARKETING SDN BHD,synthetic,demo,ojc marketing,True,True,True,none,True
synthetic/s7/0084,company,org,mock-d,OJC MARKETING SDN BHD,ojc marketing,False,line: OJC MARKETING SDN BHD,OJC MARKETING SDN BHD,synthetic,demo,ojc marketing,True,True,True,none,True
synthetic/s7/0084,date,date,mock-a,03/06/2018,2018-06-03,False,,03/06/2018,synthetic,demo,2018-06-03,True,True,True,none,True
synthetic/s7/0084,date,date,mock-b,03/06/2018,2018-06-03,False,,03/06/2018,synthetic,demo,2018-06-03,True,True,True,none,True
synthetic/s7/0084,date,date,mock-c,03/06/2018,2018-06-03,False,,03/06/2018,synthetic,demo,2018-06-03,True,True,True,none,True
synthetic/s7/0084,date,date,mock-d,03/06/2018,2018-06-03,False,line: 03/06/2018,03/06/2018,synthetic,demo,2018-06-03,True,True,True,none,True
synthetic/s7/0084,phone,phone,mock-a,07-458 4565,74584565,False,,07-458 4565,synthetic,demo,74584565,True,True,True,none,True
synthetic/s7/0084,phone,phone,mock-b,97-458 4565,974584565,False,,07-458 4565,synthetic,demo,74584565,True,True,False,wrong_value,False
synthetic/s7/0084,phone,phone,mock-c,07-458 4565,74584565,False,,07-458 4565,synthetic,demo,74584565,True,True,True,none,True
synthetic/s7/0084,phone,phone,mock-d,07-458 4565,74584565,False,line: 07-458 4565,07-458 4565,synthetic,demo,74584565,True,True,True,none,True
synthetic/s7/0084,tax,money,mock-a,2.24,2.24,False,,2.84,synthetic,demo,2.84,True,True,False,wrong_value,False
synthetic/s7/0084,tax,money,mock-b,2.84,2.84,False,,2.84,synthetic,demo,2.84,True,True,True,none,True
synthetic/s7/0084,tax,money,mock-c,2.84,2.84,False,,2.84,synthetic,demo,2.84,True,True,True,none,True
synthetic/s7/0084,tax,money,mock-d,2.84,2.84,False,line: 2.84,2.84,synthetic,demo,2.84,True,True,True,none,True
synthetic/s7/0084,total,money,mock-a,50.24,50.24,False,,50.24,synthetic,demo,50.24,True,True,True,none,True
synthetic/s7/0084,total,money,mock-b,49.04,49.04,False,,50.24,synthetic,demo,50.24,True,True,False,wrong_value,False
synthetic/s7/0084,total,money,mock-c,50.24,50.24,False,,50.24,synthetic,demo,50.24,True,True,True,none,True
synthetic/s7/0084,total,money,mock-d,50.24,50.24,False,line: 50.24,50.24,synthetic,demo,50.24,True,True,True,none,True
synthetic/s7/0085,address,address,mock-a,"NO.59 JALAN PERMAS 9/5, BANDAR BARU PERMAS JAYA, 81750 JOHOR BAHRU",no 59 jln permas 9 5 bdr baru permas jaya 81750 johor bahru,False,,"NO.59 JALAN PERMAS 9/5, BANDAR BARU PERMAS JAYA, 81750 JOHOR BAHRU",synthetic,demo,no 59 jln permas 9 5 bdr baru permas jaya 81750 johor bahru,True,True,True,none,True
synthetic/s7/0085,address,address,mock-b,"NO.59 JALAN PERMAS 9/5, BANDAR BARU PERMAS JAYA, 81750 JOHOR BAHRU",no 59 jln permas 9 5 bdr baru permas jaya 81750 johor bahru,False,,"NO.59 JALAN PERMAS 9/5, BANDAR BARU PERMAS JAYA, 81750 JOHOR BAHRU",synthetic,demo,no 59 jln permas 9 5 bdr baru permas jaya 81750 johor bahru,True,True,True,none,True
synthetic/s7/0085,address,address,mock-c,,,True,,"NO.59 JALAN PERMAS 9/5, BANDAR BARU PERMAS JAYA, 81750 JOHOR BAHRU",synthetic,demo,no 59 jln permas 9 5 bdr baru permas jaya 81750 johor bahru,True,False,False,miss,False
synthetic/s7/0085,address,address,mock-d,"NO.59 JALAN PERMAS 9/5, BANDAR BARU PERMAS JAYA, 81750 JOHOR BAHRU",no 59 jln permas 9 5 bdr baru permas jaya 81750 johor bahru,False,"line: NO.59 JALAN PERMAS 9/5, BANDAR BARU PERMAS JAYA, 81750 JOHOR BAHRU","NO.59 JALAN PERMAS 9/5, BANDAR BARU PERMAS JAYA, 81750 JOHOR BAHRU",synthetic,demo,no 59 jln permas 9 5 bdr baru permas jaya 81750 johor bahru,True,True,True,none,True
synthetic/s7/0085,company,org,mock-a,PERNIAGAAN ZHENG HUI,perniagaan zheng hui,False,,PERNIAGAAN ZHENG HUI,synthetic,demo,perniagaan zheng hui,True,True,True,none,True
synthetic/s7/0085,company,org,mock-b,PERNIAGAAN ZHENG HUI,perniagaan zheng hui,False,,PERNIAGAAN ZHENG HUI,synthetic,demo,perniagaan zheng hui,True,True,True,none,True
synthetic/s7/0085,company,org,mock-c,PERNIAGAAN ZHENG,perniagaan zheng,False,,PERNIAGAAN ZHENG HUI,synthetic,demo,perniagaan zheng hui,True,True,False,wrong_value,False
synthetic/s7/0085,company,org,mock-d,PERNIAGAAN ZHENG HUI,perniagaan zheng hui,False,line: PERNIAGAAN ZHENG HUI,PERNIAGAAN ZHENG HUI,synthetic,demo,perniagaan zheng hui,True,True,True,none,True
synthetic/s7/0085,date,date,mock-a,05/01/2018,2018-01-05,False,,05/01/2018,synthetic,demo,2018-01-05,True,True,True,none,True
synthetic/s7/0085,date,date,mock-b,01/05/2018,2018-05-01,False,,05/01/2018,synthetic,demo,2018-01-05,True,True,False,wrong_value,False
synthetic/s7/0085,date,date,mock-c,05/01/2018,2018-01-05,False,,05/01/2018,synthetic,demo,2018-01-05,True,True,True,none,True
synthetic/s7/0085,date,date,mock-d,05/01/2018,2018-01-05,False,line: 05/01/2018,05/01/2018,synthetic,demo,2018-01-05,True,True,True,none,True
synthetic/s7/0085,phone,phone,mock-a,03-938 6361,39386361,False,,03-938 6361,synthetic,demo,39386361,True,True,True,none,True
synthetic/s7/0085,phone,phone,mock-b,83-938 6361,839386361,False,,03-938 6361,synthetic,demo,39386361,True,True,False,wrong_value,False
synthetic/s7/0085,phone,phone,mock-c,03-938 6361,39386361,False,,03-938 6361,synthetic,demo,39386361,True,True,True,none,True
synthetic/s7/0085,phone,phone,mock-d,,,True,,03-938 6361,synthetic,demo,39386361,True,False,False,miss,False
synthetic/s7/0085,tax,money,mock-a,0.00,0.00,False,,,synthetic,demo,,False,True,False,hallucination,False
synthetic/s7/0085,tax,money,mock-b,0.00,0.00,False,,,synthetic,demo,,False,True,False,hallucination,False
synthetic/s7/0085,tax,money,mock-c,,,True,,,synthetic,demo,,False,False,True,none,True
synthetic/s7/0085,tax,money,mock-d,,,True,,,synthetic,demo,,False,False,True,none,True
synthetic/s7/0085,total,money,mock-a,26.00,26.00,False,,26.00,synthetic,demo,26.00,True,True,True,none,True
synthetic/s7/0085,total,money,mock-b,26.00,26.00,False,,26.00,synthetic,demo,26.00,True,True,True,none,True
synthetic/s7/0085,total,money,mock-c,26.00,26.00,False,,26.00,synthetic,demo,26.00,True,True,True,none,True
synthetic/s7/0085,total,money,mock-d,23.60,23.60,False,line: 23.60,26.00,synthetic,demo,26.00,True,True,False,wrong_value,False
synthetic/s7/0086,address,address,mock-a,"LOT 3, JALAN PELABUR 23/1, 40300 SHAH ALAM, SELANGOR",lot 3 jln pelabur 23 1 40300 shah alam selangor,False,,"LOT 3, JALAN PELABUR 23/1, 40300 SHAH ALAM, SELANGOR",synthetic,demo,lot 3 jln pelabur 23 1 40300 shah alam selangor,True,True,True,none,True
synthetic/s7/0086,address,address,mock-b,"LOT 3, JALAN PELABUR 23/1, 40300 SHAH ALAM, SELANGOR",lot 3 jln pelabur 23 1 40300 shah alam selangor,False,,"LOT 3, JALAN PELABUR 23/1, 40300 SHAH ALAM, SELANGOR",synthetic,demo,lot 3 jln pelabur 23 1 40300 shah alam selangor,True,True,True,none,True
synthetic/s7/0086,address,address,mock-c,"LOT 3, JALAN PELABUR 23/1, 40300 SHAH ALAM, SELANGOR",lot 3 jln pelabur 23 1 40300 shah alam selangor,False,,"LOT 3, JALAN PELABUR 23/1, 40300 SHAH ALAM, SELANGOR",synthetic,demo,lot 3 jln pelabur 23 1 40300 shah alam selangor,True,True,True,none,True
synthetic/s7/0086,address,address,mock-d,"LOT 3, JALAN PELABUR 23/1, 40300 SHAH ALAM, SELANGOR",lot 3 jln pelabur 23 1 40300 shah alam selangor,False,"line: LOT 3, JALAN PELABUR 23/1, 40300 SHAH ALAM, SELANGOR","LOT 3, JALAN PELABUR 23/1, 40300 SHAH ALAM, SELANGOR",synthetic,demo,lot 3 jln pelabur 23 1 40300 shah alam selangor,True,True,True,none,True
synthetic/s7/0086,company,org,mock-a,GARDENIA BAKERIES (KL) SDN BHD,gardenia bakeries kl,False,,GARDENIA BAKERIES (KL) SDN BHD,synthetic,demo,gardenia bakeries kl,True,True,True,none,True
synthetic/s7/0086,company,org,mock-b,GARDENIA BAKERIES (KL) SDN BHD,gardenia bakeries kl,False,,GARDENIA BAKERIES (KL) SDN BHD,synthetic,demo,gardenia bakeries kl,True,True,True,none,True
synthetic/s7/0086,company,org,mock-c,GARDENIA BAKERIES (KL) SDN,gardenia bakeries kl sdn,False,,GARDENIA BAKERIES (KL) SDN BHD,synthetic,demo,gardenia bakeries kl,True,True,False,wrong_value,False
synthetic/s7/0086,company,org,mock-d,GARDENIA BAKERIES (KL) SDN BHD,gardenia bakeries kl,False,line: GARDENIA BAKERIES (KL) SDN BHD,GARDENIA BAKERIES (KL) SDN BHD,synthetic,demo,gardenia bakeries kl,True,True,True,none,True
synthetic/s7/0086,date,date,mock-a,06/10/2019,2019-10-06,False,,06/10/2019,synthetic,demo,2019-10-06,True,True,True,none,True
synthetic/s7/0086,date,date,mock-b,06/10/2019,2019-10-06,False,,06/10/2019,synthetic,demo,2019-10-06,True,True,True,none,True
synthetic/s7/0086,date,date,mock-c,06/10/2019,2019-10-06,False,,06/10/2019,synthetic,demo,2019-10-06,True,True,True,none,True
synthetic/s7/0086,date,date,mock-d,06/10/2019,2019-10-06,False,line: 06/10/2019,06/10/2019,synthetic,demo,2019-10-06,True,True,True,none,True
synthetic/s7/0086,phone,phone,mock-a,76-164 7687,761647687,False,,06-164 7687,synthetic,demo,61647687,True,True,False,wrong_value,False
synthetic/s7/0086,phone,phone,mock-b,06-164 7687,61647687,False,,06-164 7687,synthetic,demo,61647687,True,True,True,none,True
synthetic/s7/0086,phone,phone,mock-c,06-164 7687,61647687,False,,06-164 7687,synthetic,demo,61647687,True,True,True,none,True
synthetic/s7/0086,phone,phone,mock-d,06-164 7687,61647687,False,line: 06-164 7687,06-164 7687,synthetic,demo,61647687,True,True,True,none,True
synthetic/s7/0086,tax,money,mock-a,0.19,0.19,False,,0.19,synthetic,demo,0.19,True,True,True,none,True
synthetic/s7/0086,tax,money,mock-b,0.19,0.19,False,,0.19,synthetic,demo,0.19,True,True,True,none,True
synthetic/s7/0086,tax,money,mock-c,0.19,0.19,False,,0.19,synthetic,demo,0.19,True,True,True,none,True
synthetic/s7/0086,tax,money,mock-d,,,True,,0.19,synthetic,demo,0.19,True,False,False,miss,False
synthetic/s7/0086,total,money,mock-a,3.39,3.39,False,,3.39,synthetic,demo,3.39,True,True,True,none,True
synthetic/s7/0086,total,money,mock-b,3.39,3.39,False,,3.39,synthetic,demo,3.39,True,True,True,none,True
synthetic/s7/0086,total,money,mock-c,3.39,3.39,False,,3.39,synthetic,demo,3.39,True,True,True,none,True
synthetic/s7/0086,total,money,mock-d,3.37,3.37,False,line: 3.37,3.39,synthetic,demo,3.39,True,True,False,wrong_value,False
synthetic/s7/0087,address,address,mock-a,"NO. 31G&33G, JALAN SETIA INDAH X, U13/X, 40170 SETIA ALAM",no 31g and 33g jln setia indah x u13 x 40170 setia alam,False,,"NO. 31G&33G, JALAN SETIA INDAH X, U13/X, 40170 SETIA ALAM",synthetic,demo,no 31g and 33g jln setia indah x u13 x 40170 setia alam,True,True,True,none,True
synthetic/s7/0087,address,address,mock-b,"NO. 31G&33G, JALAN SETIA INDAH X, U13/X, 40170 SETIA ALAM",no 31g and 33g jln setia indah x u13 x 40170 setia alam,False,,"NO. 31G&33G, JALAN SETIA INDAH X, U13/X, 40170 SETIA ALAM",synthetic,demo,no 31g and 33g jln setia indah x u13 x 40170 setia alam,True,True,True,none,True
synthetic/s7/0087,address,address,mock-c,"NO. 31G&33G, JALAN SETIA INDAH X, U13/X, 40170 SETIA ALAM",no 31g and 33g jln setia indah x u13 x 40170 setia alam,False,,"NO. 31G&33G, JALAN SETIA INDAH X, U13/X, 40170 SETIA ALAM",synthetic,demo,no 31g and 33g jln setia indah x u13 x 40170 setia alam,True,True,True,none,True
synthetic/s7/0087,address,address,mock-d,"NO. 31G&33G, JALAN SETIA INDAH X, U13/X, 40170 SETIA ALAM",no 31g and 33g jln setia indah x u13 x 40170 setia alam,False,"line: NO. 31G&33G, JALAN SETIA INDAH X, U13/X, 40170 SETIA ALAM","NO. 31G&33G, JALAN SETIA INDAH X, U13/X, 40170 SETIA ALAM",synthetic,demo,no 31g and 33g jln setia indah x u13 x 40170 setia alam,True,True,True,none,True
synthetic/s7/0087,company,org,mock-a,SANYU STATIONERY SHOP,sanyu stationery shop,False,,SANYU STATIONERY SHOP,synthetic,demo,sanyu stationery shop,True,True,True,none,True
synthetic/s7/0087,company,org,mock-b,SANYU STATIONERY,sanyu stationery,False,,SANYU STATIONERY SHOP,synthetic,demo,sanyu stationery shop,True,True,False,wrong_value,False
synthetic/s7/0087,company,org,mock-c,STATIONERY SHOP,stationery shop,False,,SANYU STATIONERY SHOP,synthetic,demo,sanyu stationery shop,True,True,False,wrong_value,False
synthetic/s7/0087,company,org,mock-d,SANYU STATIONERY SHOP,sanyu stationery shop,False,line: SANYU STATIONERY SHOP,SANYU STATIONERY SHOP,synthetic,demo,sanyu stationery shop,True,True,True,none,True
synthetic/s7/0087,date,date,mock-a,03/18/2018,2018-03-18,False,,18/03/2018,synthetic,demo,2018-03-18,True,True,True,none,True
synthetic/s7/0087,date,date,mock-b,18/03/2018,2018-03-18,False,,18/03/2018,synthetic,demo,2018-03-18,True,True,True,none,True
synthetic/s7/0087,date,date,mock-c,18/03/2018,2018-03-18,False,,18/03/2018,synthetic,demo,2018-03-18,True,True,True,none,True
synthetic/s7/0087,date,date,mock-d,,,True,,18/03/2018,synthetic,demo,2018-03-18,True,False,False,miss,False
synthetic/s7/0087,phone,phone,mock-a,,,True,,,synthetic,demo,,False,False,True,none,True
synthetic/s7/0087,phone,phone,mock-b,,,True,,,synthetic,demo,,False,False,True,none,True
synthetic/s7/0087,phone,phone,mock-c,,,True,,,synthetic,demo,,False,False,True,none,True
synthetic/s7/0087,phone,phone,mock-d,,,True,,,synthetic,demo,,False,False,True,none,True
synthetic/s7/0087,tax,money,mock-a,2.36,2.36,False,,2.36,synthetic,demo,2.36,True,True,True,none,True
synthetic/s7/0087,tax,money,mock-b,2.36,2.36,False,,2.36,synthetic,demo,2.36,True,True,True,none,True
synthetic/s7/0087,tax,money,mock-c,2.36,2.36,False,,2.36,synthetic,demo,2.36,True,True,True,none,True
synthetic/s7/0087,tax,money,mock-d,2.36,2.36,False,line: 2.36,2.36,synthetic,demo,2.36,True,True,True,none,True
synthetic/s7/0087,total,money,mock-a,41.76,41.76,False,,41.76,synthetic,demo,41.76,True,True,True,none,True
synthetic/s7/0087,total,money,mock-b,41.76,41.76,False,,41.76,synthetic,demo,41.76,True,True,True,none,True
synthetic/s7/0087,total,money,mock-c,41.76,41.76,False,,41.76,synthetic,demo,41.76,True,True,True,none,True
synthetic/s7/0087,total,money,mock-d,41.76,41.76,False,line: 41.76,41.76,synthetic,demo,41.76,True,True,True,none,True
synthetic/s7/0088,address,address,mock-a,"LOT P.T. 2811, JALAN ANGSANA, TAMAN MUTIARA RINI, 81300 SKUDAI",lot p t 2811 jln angsana tmn mutiara rini 81300 skudai,False,,"LOT P.T. 2811, JALAN ANGSANA, TAMAN MUTIARA RINI, 81300 SKUDAI",synthetic,demo,lot p t 2811 jln angsana tmn mutiara rini 81300 skudai,True,True,True,none,True
synthetic/s7/0088,address,address,mock-b,"LOT P.T. 2811, JALAN ANGSANA, TAMAN MUTIARA RINI, 81300 SKUDAI",lot p t 2811 jln angsana tmn mutiara rini 81300 skudai,False,,"LOT P.T. 2811, JALAN ANGSANA, TAMAN MUTIARA RINI, 81300 SKUDAI",synthetic,demo,lot p t 2811 jln angsana tmn mutiara rini 81300 skudai,True,True,True,none,True
synthetic/s7/0088,address,address,mock-c,"LOT P.T. 2811, JALAN ANGSANA, TAMAN MUTIARA RINI, 81300 SKUDAI",lot p t 2811 jln angsana tmn mutiara rini 81300 skudai,False,,"LOT P.T. 2811, JALAN ANGSANA, TAMAN MUTIARA RINI, 81300 SKUDAI",synthetic,demo,lot p t 2811 jln angsana tmn mutiara rini 81300 skudai,True,True,True,none,True
synthetic/s7/0088,address,address,mock-d,"LOT P.T. 2811, JALAN ANGSANA, TAMAN MUTIARA RINI, 81300 SKUDAI",lot p t 2811 jln angsana tmn mutiara rini 81300 skudai,False,"line: LOT P.T. 2811, JALAN ANGSANA, TAMAN MUTIARA RINI, 81300 SKUDAI","LOT P.T. 2811, JALAN ANGSANA, TAMAN MUTIARA RINI, 81300 SKUDAI",synthetic,demo,lot p t 2811 jln angsana tmn mutiara rini 81300 skudai,True,True,True,none,True
synthetic/s7/0088,company,org,mock-a,99 SPEED MART,99 speed mart,False,,99 SPEED MART S/B,synthetic,demo,99 speed mart s b,True,True,False,wrong_value,False
synthetic/s7/0088,company,org,mock-b,99 SPEED MART S/B,99 speed mart s b,False,,99 SPEED MART S/B,synthetic,demo,99 speed mart s b,True,True,True,none,True
synthetic/s7/0088,company,org,mock-c,99 SPEED MART S/B,99 speed mart s b,False,,99 SPEED MART S/B,synthetic,demo,99 speed mart s b,True,True,True,none,True
synthetic/s7/0088,company,org,mock-d,99 SPEED MART S/B,99 speed mart s b,False,line: 99 SPEED MART S/B,99 SPEED MART S/B,synthetic,demo,99 speed mart s b,True,True,True,none,True
synthetic/s7/0088,date,date,mock-a,02/05/2019,2019-05-02,False,,02/05/2019,synthetic,demo,2019-05-02,True,True,True,none,True
synthetic/s7/0088,date,date,mock-b,02/05/2019,2019-05-02,False,,02/05/2019,synthetic,demo,2019-05-02,True,True,True,none,True
synthetic/s7/0088,date,date,mock-c,05/02/2019,2019-02-05,False,,02/05/2019,synthetic,demo,2019-05-02,True,True,False,wrong_value,False
synthetic/s7/0088,date,date,mock-d,02/05/2019,2019-05-02,False,line: 02/05/2019,02/05/2019,synthetic,demo,2019-05-02,True,True,True,none,True
synthetic/s7/0088,phone,phone,mock-a,03-544 3565,35443565,False,,03-544 3565,synthetic,demo,35443565,True,True,True,none,True
synthetic/s7/0088,phone,phone,mock-b,03-544 3565,35443565,False,,03-544 3565,synthetic,demo,35443565,True,True,True,none,True
synthetic/s7/0088,phone,phone,mock-c,03-544 3565,35443565,False,,03-544 3565,synthetic,demo,35443565,True,True,True,none,True
synthetic/s7/0088,phone,phone,mock-d,23-544 3565,235443565,False,line: 23-544 3565,03-544 3565,synthetic,demo,35443565,True,True,False,wrong_value,False
synthetic/s7/0088,tax,money,mock-a,0.00,0.00,False,,2.29,synthetic,demo,2.29,True,True,False,wrong_value,False
synthetic/s7/0088,tax,money,mock-b,0.00,0.00,False,,2.29,synthetic,demo,2.29,True,True,False,wrong_value,False
synthetic/s7/0088,tax,money,mock-c,2.29,2.29,False,,2.29,synthetic,demo,2.29,True,True,True,none,True
synthetic/s7/0088,tax,money,mock-d,2.29,2.29,False,line: 2.29,2.29,synthetic,demo,2.29,True,True,True,none,True
synthetic/s7/0088,total,money,mock-a,40.39,40.39,False,,40.39,synthetic,demo,40.39,True,True,True,none,True
synthetic/s7/0088,total,money,mock-b,40.39,40.39,False,,40.39,synthetic,demo,40.39,True,True,True,none,True
synthetic/s7/0088,total,money,mock-c,40.39,40.39,False,,40.39,synthetic,demo,40.39,True,True,True,none,True
synthetic/s7/0088,total,money,mock-d,40.39,40.39,False,line: 40.39,40.39,synthetic,demo,40.39,True,True,True,none,True
synthetic/s7/0089,address,address,mock-a,,,True,,"LOT 276 JALAN BANTING, 43800 DENGKIL, SELANGOR",synthetic,demo,lot 276 jln banting 43800 dengkil selangor,True,False,False,miss,False
synthetic/s7/0089,address,address,mock-b,"LOT 276 JALAN BANTING, 43800 DENGKIL, SELANGOR",lot 276 jln banting 43800 dengkil selangor,False,,"LOT 276 JALAN BANTING, 43800 DENGKIL, SELANGOR",synthetic,demo,lot 276 jln banting 43800 dengkil selangor,True,True,True,none,True
synthetic/s7/0089,address,address,mock-c,"LOT 276 JALAN BANTING, 43800 DENGKIL, SELANGOR",lot 276 jln banting 43800 dengkil selangor,False,,"LOT 276 JALAN BANTING, 43800 DENGKIL, SELANGOR",synthetic,demo,lot 276 jln banting 43800 dengkil selangor,True,True,True,none,True
synthetic/s7/0089,address,address,mock-d,"LOT 276 JALAN BANTING, 43800 DENGKIL",lot 276 jln banting 43800 dengkil,False,"line: LOT 276 JALAN BANTING, 43800 DENGKIL","LOT 276 JALAN BANTING, 43800 DENGKIL, SELANGOR",synthetic,demo,lot 276 jln banting 43800 dengkil selangor,True,True,False,wrong_value,False
synthetic/s7/0089,company,org,mock-a,KEDAI PAPAN YEW CHUAN,kedai papan yew chuan,False,,KEDAI PAPAN YEW CHUAN,synthetic,demo,kedai papan yew chuan,True,True,True,none,True
synthetic/s7/0089,company,org,mock-b,PAPAN YEW CHUAN,papan yew chuan,False,,KEDAI PAPAN YEW CHUAN,synthetic,demo,kedai papan yew chuan,True,True,False,wrong_value,False
synthetic/s7/0089,company,org,mock-c,KEDAI PAPAN YEW CHUAN,kedai papan yew chuan,False,,KEDAI PAPAN YEW CHUAN,synthetic,demo,kedai papan yew chuan,True,True,True,none,True
synthetic/s7/0089,company,org,mock-d,,,True,,KEDAI PAPAN YEW CHUAN,synthetic,demo,kedai papan yew chuan,True,False,False,miss,False
synthetic/s7/0089,date,date,mock-a,13/10/2019,2019-10-13,False,,13/10/2019,synthetic,demo,2019-10-13,True,True,True,none,True
synthetic/s7/0089,date,date,mock-b,13/10/2019,2019-10-13,False,,13/10/2019,synthetic,demo,2019-10-13,True,True,True,none,True
synthetic/s7/0089,date,date,mock-c,13/10/2019,2019-10-13,False,,13/10/2019,synthetic,demo,2019-10-13,True,True,True,none,True
synthetic/s7/0089,date,date,mock-d,13/10/2019,2019-10-13,False,line: 13/10/2019,13/10/2019,synthetic,demo,2019-10-13,True,True,True,none,True
synthetic/s7/0089,phone,phone,mock-a,03-1234 5678,312345678,False,,,synthetic,demo,,False,True,False,hallucination,False
synthetic/s7/0089,phone,phone,mock-b,,,True,,,synthetic,demo,,False,False,True,none,True
synthetic/s7/0089,phone,phone,mock-c,,,True,,,synthetic,demo,,False,False,True,none,True
synthetic/s7/0089,phone,phone,mock-d,,,True,,,synthetic,demo,,False,False,True,none,True
synthetic/s7/0089,tax,money,mock-a,5.30,5.30,False,,,synthetic,demo,,False,True,False,hallucination,False
synthetic/s7/0089,tax,money,mock-b,5.30,5.30,False,,,synthetic,demo,,False,True,False,hallucination,False
synthetic/s7/0089,tax,money,mock-c,5.30,5.30,False,,,synthetic,demo,,False,True,False,hallucination,False
synthetic/s7/0089,tax,money,mock-d,5.30,5.30,False,line: 5.30,,synthetic,demo,,False,True,False,hallucination,False
synthetic/s7/0089,total,money,mock-a,34.70,34.70,False,,34.70,synthetic,demo,34.70,True,True,True,none,True
synthetic/s7/0089,total,money,mock-b,34.70,34.70,False,,34.70,synthetic,demo,34.70,True,True,True,none,True
synthetic/s7/0089,total,money,mock-c,34.70,34.70,False,,34.70,synthetic,demo,34.70,True,True,True,none,True
synthetic/s7/0089,total,money,mock-d,34.70,34.70,False,line: 34.70,34.70,synthetic,demo,34.70,True,True,True,none,True
synthetic/s7/0090,address,address,mock-a,"NO 2 & 4, JALAN BAYU 4, BANDAR SERI ALAM, 81750 MASAI, JOHOR",no 2 and 4 jln bayu 4 bdr seri alam 81750 masai johor,False,,"NO 2 & 4, JALAN BAYU 4, BANDAR SERI ALAM, 81750 MASAI, JOHOR",synthetic,demo,no 2 and 4 jln bayu 4 bdr seri alam 81750 masai johor,True,True,True,none,True
synthetic/s7/0090,address,address,mock-b,"NO 2 & 4, JALAN BAYU 4, BANDAR SERI ALAM, 81750 MASAI, JOHOR",no 2 and 4 jln bayu 4 bdr seri alam 81750 masai johor,False,,"NO 2 & 4, JALAN BAYU 4, BANDAR SERI ALAM, 81750 MASAI, JOHOR",synthetic,demo,no 2 and 4 jln bayu 4 bdr seri alam 81750 masai johor,True,True,True,none,True
synthetic/s7/0090,address,address,mock-c,,,True,,"NO 2 & 4, JALAN BAYU 4, BANDAR SERI ALAM, 81750 MASAI, JOHOR",synthetic,demo,no 2 and 4 jln bayu 4 bdr seri alam 81750 masai johor,True,False,False,miss,False
synthetic/s7/0090,address,address,mock-d,"NO 2 & 4, JALAN BAYU 4, BANDAR SERI ALAM, 81750 MASAI, JOHOR",no 2 and 4 jln bayu 4 bdr seri alam 81750 masai johor,False,"line: NO 2 & 4, JALAN BAYU 4, BANDAR SERI ALAM, 81750 MASAI, JOHOR","NO 2 & 4, JALAN BAYU 4, BANDAR SERI ALAM, 81750 MASAI, JOHOR",synthetic,demo,no 2 and 4 jln bayu 4 bdr seri alam 81750 masai johor,True,True,True,none,True
synthetic/s7/0090,company,org,mock-a,,,True,,OJC MARKETING SDN BHD,synthetic,demo,ojc marketing,True,False,False,miss,False
synthetic/s7/0090,company,org,mock-b,OJC MARKETING SDN BHD,ojc marketing,False,,OJC MARKETING SDN BHD,synthetic,demo,ojc marketing,True,True,True,none,True
synthetic/s7/0090,company,org,mock-c,OJC MARKETING SDN BHD,ojc marketing,False,,OJC MARKETING SDN BHD,synthetic,demo,ojc marketing,True,True,True,none,True
synthetic/s7/0090,company,org,mock-d,OJC MARKETING SDN BHD,ojc marketing,False,line: OJC MARKETING SDN BHD,OJC MARKETING SDN BHD,synthetic,demo,ojc marketing,True,True,True,none,True
synthetic/s7/0090,date,date,mock-a,20/06/2018,2018-06-20,False,,20/06/2018,synthetic,demo,2018-06-20,True,True,True,none,True
synthetic/s7/0090,date,date,mock-b,20/06/2018,2018-06-20,False,,20/06/2018,synthetic,demo,2018-06-20,True,True,True,none,True
synthetic/s7/0090,date,date,mock-c,20/06/2018,2018-06-20,False,,20/06/2018,synthetic,demo,2018-06-20,True,True,True,none,True
synthetic/s7/0090,date,date,mock-d,20/06/2018,2018-06-20,False,line: 20/06/2018,20/06/2018,synthetic,demo,2018-06-20,True,True,True,none,True
synthetic/s7/0090,phone,phone,mock-a,03-211 7287,32117287,False,,03-211 7287,synthetic,demo,32117287,True,True,True,none,True
synthetic/s7/0090,phone,phone,mock-b,03-211 7287,32117287,False,,03-211 7287,synthetic,demo,32117287,True,True,True,none,True
synthetic/s7/0090,phone,phone,mock-c,03-211 7287,32117287,False,,03-211 7287,synthetic,demo,32117287,True,True,True,none,True
synthetic/s7/0090,phone,phone,mock-d,03-211 7287,32117287,False,line: 03-211 7287,03-211 7287,synthetic,demo,32117287,True,True,True,none,True
synthetic/s7/0090,tax,money,mock-a,1.22,1.22,False,,1.22,synthetic,demo,1.22,True,True,True,none,True
synthetic/s7/0090,tax,money,mock-b,1.22,1.22,False,,1.22,synthetic,demo,1.22,True,True,True,none,True
synthetic/s7/0090,tax,money,mock-c,1.22,1.22,False,,1.22,synthetic,demo,1.22,True,True,True,none,True
synthetic/s7/0090,tax,money,mock-d,1.22,1.22,False,line: 1.22,1.22,synthetic,demo,1.22,True,True,True,none,True
synthetic/s7/0090,total,money,mock-a,21.52,21.52,False,,21.52,synthetic,demo,21.52,True,True,True,none,True
synthetic/s7/0090,total,money,mock-b,21.52,21.52,False,,21.52,synthetic,demo,21.52,True,True,True,none,True
synthetic/s7/0090,total,money,mock-c,21.52,21.52,False,,21.52,synthetic,demo,21.52,True,True,True,none,True
synthetic/s7/0090,total,money,mock-d,21.52,21.52,False,line: 21.52,21.52,synthetic,demo,21.52,True,True,True,none,True
synthetic/s7/0091,address,address,mock-a,,,True,,"NO.59 JALAN PERMAS 9/5, BANDAR BARU PERMAS JAYA, 81750 JOHOR BAHRU",synthetic,demo,no 59 jln permas 9 5 bdr baru permas jaya 81750 johor bahru,True,False,False,miss,False
synthetic/s7/0091,address,address,mock-b,"NO.59 JALAN PERMAS 9/5, BANDAR BARU PERMAS JAYA, 81750 JOHOR BAHRU",no 59 jln permas 9 5 bdr baru permas jaya 81750 johor bahru,False,,"NO.59 JALAN PERMAS 9/5, BANDAR BARU PERMAS JAYA, 81750 JOHOR BAHRU",synthetic,demo,no 59 jln permas 9 5 bdr baru permas jaya 81750 johor bahru,True,True,True,none,True
synthetic/s7/0091,address,address,mock-c,"NO.59 JALAN PERMAS 9/5, BANDAR BARU PERMAS JAYA, 81750 JOHOR BAHRU",no 59 jln permas 9 5 bdr baru permas jaya 81750 johor bahru,False,,"NO.59 JALAN PERMAS 9/5, BANDAR BARU PERMAS JAYA, 81750 JOHOR BAHRU",synthetic,demo,no 59 jln permas 9 5 bdr baru permas jaya 81750 johor bahru,True,True,True,none,True
synthetic/s7/0091,address,address,mock-d,"NO.59 JALAN PERMAS 9/5, BANDAR BARU PERMAS JAYA, 81750 JOHOR BAHRU",no 59 jln permas 9 5 bdr baru permas jaya 81750 johor bahru,False,"line: NO.59 JALAN PERMAS 9/5, BANDAR BARU PERMAS JAYA, 81750 JOHOR BAHRU","NO.59 JALAN PERMAS 9/5, BANDAR BARU PERMAS JAYA, 81750 JOHOR BAHRU",synthetic,demo,no 59 jln permas 9 5 bdr baru permas jaya 81750 johor bahru,True,True,True,none,True
synthetic/s7/0091,company,org,mock-a,PERNIAGAAN ZHENG HUI,perniagaan zheng hui,False,,PERNIAGAAN ZHENG HUI,synthetic,demo,perniagaan zheng hui,True,True,True,none,True
synthetic/s7/0091,company,org,mock-b,PERNIAGAAN ZHENG HUI,perniagaan zheng hui,False,,PERNIAGAAN ZHENG HUI,synthetic,demo,perniagaan zheng hui,True,True,True,none,True
synthetic/s7/0091,company,org,mock-c,PERNIAGAAN ZHENG HUI,perniagaan zheng hui,False,,PERNIAGAAN ZHENG HUI,synthetic,demo,perniagaan zheng hui,True,True,True,none,True
synthetic/s7/0091,company,org,mock-d,,,True,,PERNIAGAAN ZHENG HUI,synthetic,demo,perniagaan zheng hui,True,False,False,miss,False
synthetic/s7/0091,date,date,mock-a,10/03/2018,2018-03-10,False,,10/03/2018,synthetic,demo,2018-03-10,True,True,True,none,True
synthetic/s7/0091,date,date,mock-b,03/10/2018,2018-10-03,False,,10/03/2018,synthetic,demo,2018-03-10,True,True,False,wrong_value,False
synthetic/s7/0091,date,date,mock-c,10/03/2018,2018-03-10,False,,10/03/2018,synthetic,demo,2018-03-10,True,True,True,none,True
synthetic/s7/0091,date,date,mock-d,03/10/2018,2018-10-03,False,line: 03/10/2018,10/03/2018,synthetic,demo,2018-03-10,True,True,False,wrong_value,False
synthetic/s7/0091,phone,phone,mock-a,,,True,,,synthetic,demo,,False,False,True,none,True
synthetic/s7/0091,phone,phone,mock-b,,,True,,,synthetic,demo,,False,False,True,none,True
synthetic/s7/0091,phone,phone,mock-c,,,True,,,synthetic,demo,,False,False,True,none,True
synthetic/s7/0091,phone,phone,mock-d,,,True,,,synthetic,demo,,False,False,True,none,True
synthetic/s7/0091,tax,money,mock-a,1.75,1.75,False,,1.75,synthetic,demo,1.75,True,True,True,none,True
synthetic/s7/0091,tax,money,mock-b,1.75,1.75,False,,1.75,synthetic,demo,1.75,True,True,True,none,True
synthetic/s7/0091,tax,money,mock-c,1.75,1.75,False,,1.75,synthetic,demo,1.75,True,True,True,none,True
synthetic/s7/0091,tax,money,mock-d,1.75,1.75,False,line: 1.75,1.75,synthetic,demo,1.75,True,True,True,none,True
synthetic/s7/0091,total,money,mock-a,,,True,,30.95,synthetic,demo,30.95,True,False,False,miss,False
synthetic/s7/0091,total,money,mock-b,30.95,30.95,False,,30.95,synthetic,demo,30.95,True,True,True,none,True
synthetic/s7/0091,total,money,mock-c,30.95,30.95,False,,30.95,synthetic,demo,30.95,True,True,True,none,True
synthetic/s7/0091,total,money,mock-d,30.95,30.95,False,line: 30.95,30.95,synthetic,demo,30.95,True,True,True,none,True
synthetic/s7/0092,address,address,mock-a,"LOT 3, JALAN PELABUR 23/1, 40300 SHAH ALAM, SELANGOR",lot 3 jln pelabur 23 1 40300 shah alam selangor,False,,"LOT 3, JALAN PELABUR 23/1, 40300 SHAH ALAM, SELANGOR",synthetic,demo,lot 3 jln pelabur 23 1 40300 shah alam selangor,True,True,True,none,True
synthetic/s7/0092,address,address,mock-b,"LOT 3, JALAN PELABUR 23/1, 40300 SHAH ALAM, SELANGOR",lot 3 jln pelabur 23 1 40300 shah alam selangor,False,,"LOT 3, JALAN PELABUR 23/1, 40300 SHAH ALAM, SELANGOR",synthetic,demo,lot 3 jln pelabur 23 1 40300 shah alam selangor,True,True,True,none,True
synthetic/s7/0092,address,address,mock-c,"LOT 3, JALAN PELABUR 23/1, 40300 SHAH ALAM, SELANGOR",lot 3 jln pelabur 23 1 40300 shah alam selangor,False,,"LOT 3, JALAN PELABUR 23/1, 40300 SHAH ALAM, SELANGOR",synthetic,demo,lot 3 jln pelabur 23 1 40300 shah alam selangor,True,True,True,none,True
synthetic/s7/0092,address,address,mock-d,"LOT 3, JALAN PELABUR 23/1, 40300 SHAH ALAM, SELANGOR",lot 3 jln pelabur 23 1 40300 shah alam selangor,False,"line: LOT 3, JALAN PELABUR 23/1, 40300 SHAH ALAM, SELANGOR","LOT 3, JALAN PELABUR 23/1, 40300 SHAH ALAM, SELANGOR",synthetic,demo,lot 3 jln pelabur 23 1 40300 shah alam selangor,True,True,True,none,True
synthetic/s7/0092,company,org,mock-a,GARDENIA BAKERIES (KL) SDN BHD,gardenia bakeries kl,False,,GARDENIA BAKERIES (KL) SDN BHD,synthetic,demo,gardenia bakeries kl,True,True,True,none,True
synthetic/s7/0092,company,org,mock-b,GARDENIA BAKERIES (KL) SDN BHD,gardenia bakeries kl,False,,GARDENIA BAKERIES (KL) SDN BHD,synthetic,demo,gardenia bakeries kl,True,True,True,none,True
synthetic/s7/0092,company,org,mock-c,GARDENIA BAKERIES (KL) SDN BHD,gardenia bakeries kl,False,,GARDENIA BAKERIES (KL) SDN BHD,synthetic,demo,gardenia bakeries kl,True,True,True,none,True
synthetic/s7/0092,company,org,mock-d,GARDENIA BAKERIES (KL) SDN BHD,gardenia bakeries kl,False,line: GARDENIA BAKERIES (KL) SDN BHD,GARDENIA BAKERIES (KL) SDN BHD,synthetic,demo,gardenia bakeries kl,True,True,True,none,True
synthetic/s7/0092,date,date,mock-a,04/26/2019,2019-04-26,False,,26/04/2019,synthetic,demo,2019-04-26,True,True,True,none,True
synthetic/s7/0092,date,date,mock-b,26/04/2019,2019-04-26,False,,26/04/2019,synthetic,demo,2019-04-26,True,True,True,none,True
synthetic/s7/0092,date,date,mock-c,26/04/2019,2019-04-26,False,,26/04/2019,synthetic,demo,2019-04-26,True,True,True,none,True
synthetic/s7/0092,date,date,mock-d,26/04/2019,2019-04-26,False,line: 26/04/2019,26/04/2019,synthetic,demo,2019-04-26,True,True,True,none,True
synthetic/s7/0092,phone,phone,mock-a,07-260 7284,72607284,False,,07-260 7284,synthetic,demo,72607284,True,True,True,none,True
synthetic/s7/0092,phone,phone,mock-b,07-260 7284,72607284,False,,07-260 7284,synthetic,demo,72607284,True,True,True,none,True
synthetic/s7/0092,phone,phone,mock-c,07-260 7284,72607284,False,,07-260 7284,synthetic,demo,72607284,True,True,True,none,True
synthetic/s7/0092,phone,phone,mock-d,07-260 7284,72607284,False,line: 07-260 7284,07-260 7284,synthetic,demo,72607284,True,True,True,none,True
synthetic/s7/0092,tax,money,mock-a,,,True,,,synthetic,demo,,False,False,True,none,True
synthetic/s7/0092,tax,money,mock-b,,,True,,,synthetic,demo,,False,False,True,none,True
synthetic/s7/0092,tax,money,mock-c,,,True,,,synthetic,demo,,False,False,True,none,True
synthetic/s7/0092,tax,money,mock-d,,,True,,,synthetic,demo,,False,False,True,none,True
synthetic/s7/0092,total,money,mock-a,17.70,17.70,False,,17.70,synthetic,demo,17.70,True,True,True,none,True
synthetic/s7/0092,total,money,mock-b,17.70,17.70,False,,17.70,synthetic,demo,17.70,True,True,True,none,True
synthetic/s7/0092,total,money,mock-c,17.70,17.70,False,,17.70,synthetic,demo,17.70,True,True,True,none,True
synthetic/s7/0092,total,money,mock-d,,,True,,17.70,synthetic,demo,17.70,True,False,False,miss,False
synthetic/s7/0093,address,address,mock-a,"NO. 31G&33G, JALAN SETIA INDAH X, U13/X, 40170 SETIA ALAM",no 31g and 33g jln setia indah x u13 x 40170 setia alam,False,,"NO. 31G&33G, JALAN SETIA INDAH X, U13/X, 40170 SETIA ALAM",synthetic,demo,no 31g and 33g jln setia indah x u13 x 40170 setia alam,True,True,True,none,True
synthetic/s7/0093,address,address,mock-b,"NO. 31G&33G, JALAN SETIA INDAH X, U13/X, 40170 SETIA ALAM",no 31g and 33g jln setia indah x u13 x 40170 setia alam,False,,"NO. 31G&33G, JALAN SETIA INDAH X, U13/X, 40170 SETIA ALAM",synthetic,demo,no 31g and 33g jln setia indah x u13 x 40170 setia alam,True,True,True,none,True
synthetic/s7/0093,address,address,mock-c,"NO. 31G&33G, JALAN SETIA INDAH X, U13/X, 40170 SETIA ALAM",no 31g and 33g jln setia indah x u13 x 40170 setia alam,False,,"NO. 31G&33G, JALAN SETIA INDAH X, U13/X, 40170 SETIA ALAM",synthetic,demo,no 31g and 33g jln setia indah x u13 x 40170 setia alam,True,True,True,none,True
synthetic/s7/0093,address,address,mock-d,"NO. 31G&33G, JALAN SETIA INDAH X, U13/X, 40170 SETIA ALAM",no 31g and 33g jln setia indah x u13 x 40170 setia alam,False,"line: NO. 31G&33G, JALAN SETIA INDAH X, U13/X, 40170 SETIA ALAM","NO. 31G&33G, JALAN SETIA INDAH X, U13/X, 40170 SETIA ALAM",synthetic,demo,no 31g and 33g jln setia indah x u13 x 40170 setia alam,True,True,True,none,True
synthetic/s7/0093,company,org,mock-a,SANYU STATIONERY SHOP,sanyu stationery shop,False,,SANYU STATIONERY SHOP,synthetic,demo,sanyu stationery shop,True,True,True,none,True
synthetic/s7/0093,company,org,mock-b,SANYU STATIONERY,sanyu stationery,False,,SANYU STATIONERY SHOP,synthetic,demo,sanyu stationery shop,True,True,False,wrong_value,False
synthetic/s7/0093,company,org,mock-c,SANYU STATIONERY SHOP,sanyu stationery shop,False,,SANYU STATIONERY SHOP,synthetic,demo,sanyu stationery shop,True,True,True,none,True
synthetic/s7/0093,company,org,mock-d,SANYU STATIONERY SHOP,sanyu stationery shop,False,line: SANYU STATIONERY SHOP,SANYU STATIONERY SHOP,synthetic,demo,sanyu stationery shop,True,True,True,none,True
synthetic/s7/0093,date,date,mock-a,08/12/2018,2018-12-08,False,,08/12/2018,synthetic,demo,2018-12-08,True,True,True,none,True
synthetic/s7/0093,date,date,mock-b,08/12/2018,2018-12-08,False,,08/12/2018,synthetic,demo,2018-12-08,True,True,True,none,True
synthetic/s7/0093,date,date,mock-c,08/12/2018,2018-12-08,False,,08/12/2018,synthetic,demo,2018-12-08,True,True,True,none,True
synthetic/s7/0093,date,date,mock-d,12/08/2018,2018-08-12,False,line: 12/08/2018,08/12/2018,synthetic,demo,2018-12-08,True,True,False,wrong_value,False
synthetic/s7/0093,phone,phone,mock-a,06-713 8466,67138466,False,,06-713 8466,synthetic,demo,67138466,True,True,True,none,True
synthetic/s7/0093,phone,phone,mock-b,06-713 8466,67138466,False,,06-713 8466,synthetic,demo,67138466,True,True,True,none,True
synthetic/s7/0093,phone,phone,mock-c,06-713 8466,67138466,False,,06-713 8466,synthetic,demo,67138466,True,True,True,none,True
synthetic/s7/0093,phone,phone,mock-d,06-713 8466,67138466,False,line: 06-713 8466,06-713 8466,synthetic,demo,67138466,True,True,True,none,True
synthetic/s7/0093,tax,money,mock-a,,,True,,,synthetic,demo,,False,False,True,none,True
synthetic/s7/0093,tax,money,mock-b,,,True,,,synthetic,demo,,False,False,True,none,True
synthetic/s7/0093,tax,money,mock-c,,,True,,,synthetic,demo,,False,False,True,none,True
synthetic/s7/0093,tax,money,mock-d,,,True,,,synthetic,demo,,False,False,True,none,True
synthetic/s7/0093,total,money,mock-a,1.54,1.54,False,,1.50,synthetic,demo,1.50,True,True,False,wrong_value,False
synthetic/s7/0093,total,money,mock-b,1.50,1.50,False,,1.50,synthetic,demo,1.50,True,True,True,none,True
synthetic/s7/0093,total,money,mock-c,1.50,1.50,False,,1.50,synthetic,demo,1.50,True,True,True,none,True
synthetic/s7/0093,total,money,mock-d,1.50,1.50,False,line: 1.50,1.50,synthetic,demo,1.50,True,True,True,none,True
synthetic/s7/0094,address,address,mock-a,"LOT P.T. 2811, JALAN ANGSANA, TAMAN MUTIARA RINI, 81300 SKUDAI",lot p t 2811 jln angsana tmn mutiara rini 81300 skudai,False,,"LOT P.T. 2811, JALAN ANGSANA, TAMAN MUTIARA RINI, 81300 SKUDAI",synthetic,demo,lot p t 2811 jln angsana tmn mutiara rini 81300 skudai,True,True,True,none,True
synthetic/s7/0094,address,address,mock-b,"LOT P.T. 2811, JALAN ANGSANA, TAMAN MUTIARA RINI, 81300 SKUDAI",lot p t 2811 jln angsana tmn mutiara rini 81300 skudai,False,,"LOT P.T. 2811, JALAN ANGSANA, TAMAN MUTIARA RINI, 81300 SKUDAI",synthetic,demo,lot p t 2811 jln angsana tmn mutiara rini 81300 skudai,True,True,True,none,True
synthetic/s7/0094,address,address,mock-c,"LOT P.T. 2811, JALAN ANGSANA, TAMAN MUTIARA RINI, 81300 SKUDAI",lot p t 2811 jln angsana tmn mutiara rini 81300 skudai,False,,"LOT P.T. 2811, JALAN ANGSANA, TAMAN MUTIARA RINI, 81300 SKUDAI",synthetic,demo,lot p t 2811 jln angsana tmn mutiara rini 81300 skudai,True,True,True,none,True
synthetic/s7/0094,address,address,mock-d,"LOT P.T. 2811, JALAN ANGSANA, TAMAN MUTIARA RINI, 81300 SKUDAI",lot p t 2811 jln angsana tmn mutiara rini 81300 skudai,False,"line: LOT P.T. 2811, JALAN ANGSANA, TAMAN MUTIARA RINI, 81300 SKUDAI","LOT P.T. 2811, JALAN ANGSANA, TAMAN MUTIARA RINI, 81300 SKUDAI",synthetic,demo,lot p t 2811 jln angsana tmn mutiara rini 81300 skudai,True,True,True,none,True
synthetic/s7/0094,company,org,mock-a,99 SPEED MART S/B,99 speed mart s b,False,,99 SPEED MART S/B,synthetic,demo,99 speed mart s b,True,True,True,none,True
synthetic/s7/0094,company,org,mock-b,99 SPEED MART S/B,99 speed mart s b,False,,99 SPEED MART S/B,synthetic,demo,99 speed mart s b,True,True,True,none,True
synthetic/s7/0094,company,org,mock-c,99 SPEED MART S/B,99 speed mart s b,False,,99 SPEED MART S/B,synthetic,demo,99 speed mart s b,True,True,True,none,True
synthetic/s7/0094,company,org,mock-d,,,True,,99 SPEED MART S/B,synthetic,demo,99 speed mart s b,True,False,False,miss,False
synthetic/s7/0094,date,date,mock-a,21/07/2019,2019-07-21,False,,21/07/2019,synthetic,demo,2019-07-21,True,True,True,none,True
synthetic/s7/0094,date,date,mock-b,21/07/2019,2019-07-21,False,,21/07/2019,synthetic,demo,2019-07-21,True,True,True,none,True
synthetic/s7/0094,date,date,mock-c,21/07/2019,2019-07-21,False,,21/07/2019,synthetic,demo,2019-07-21,True,True,True,none,True
synthetic/s7/0094,date,date,mock-d,21/07/2019,2019-07-21,False,line: 21/07/2019,21/07/2019,synthetic,demo,2019-07-21,True,True,True,none,True
synthetic/s7/0094,phone,phone,mock-a,06-283 1382,62831382,False,,06-283 1382,synthetic,demo,62831382,True,True,True,none,True
synthetic/s7/0094,phone,phone,mock-b,06-283 1382,62831382,False,,06-283 1382,synthetic,demo,62831382,True,True,True,none,True
synthetic/s7/0094,phone,phone,mock-c,06-283 1382,62831382,False,,06-283 1382,synthetic,demo,62831382,True,True,True,none,True
synthetic/s7/0094,phone,phone,mock-d,06-283 1382,62831382,False,line: 06-283 1382,06-283 1382,synthetic,demo,62831382,True,True,True,none,True
synthetic/s7/0094,tax,money,mock-a,,,True,,,synthetic,demo,,False,False,True,none,True
synthetic/s7/0094,tax,money,mock-b,5.30,5.30,False,,,synthetic,demo,,False,True,False,hallucination,False
synthetic/s7/0094,tax,money,mock-c,,,True,,,synthetic,demo,,False,False,True,none,True
synthetic/s7/0094,tax,money,mock-d,,,True,,,synthetic,demo,,False,False,True,none,True
synthetic/s7/0094,total,money,mock-a,24.60,24.60,False,,24.60,synthetic,demo,24.60,True,True,True,none,True
synthetic/s7/0094,total,money,mock-b,23.40,23.40,False,,24.60,synthetic,demo,24.60,True,True,False,wrong_value,False
synthetic/s7/0094,total,money,mock-c,24.60,24.60,False,,24.60,synthetic,demo,24.60,True,True,True,none,True
synthetic/s7/0094,total,money,mock-d,24.60,24.60,False,line: 24.60,24.60,synthetic,demo,24.60,True,True,True,none,True
synthetic/s7/0095,address,address,mock-a,,,True,,"LOT 276 JALAN BANTING, 43800 DENGKIL, SELANGOR",synthetic,demo,lot 276 jln banting 43800 dengkil selangor,True,False,False,miss,False
synthetic/s7/0095,address,address,mock-b,"LOT 276 JALAN BANTING, 43800 DENGKIL, SELANGOR",lot 276 jln banting 43800 dengkil selangor,False,,"LOT 276 JALAN BANTING, 43800 DENGKIL, SELANGOR",synthetic,demo,lot 276 jln banting 43800 dengkil selangor,True,True,True,none,True
synthetic/s7/0095,address,address,mock-c,"LOT 276 JALAN BANTING, 43800 DENGKIL, SELANGOR",lot 276 jln banting 43800 dengkil selangor,False,,"LOT 276 JALAN BANTING, 43800 DENGKIL, SELANGOR",synthetic,demo,lot 276 jln banting 43800 dengkil selangor,True,True,True,none,True
synthetic/s7/0095,address,address,mock-d,"LOT 276 JALAN BANTING, 43800 DENGKIL, SELANGOR",lot 276 jln banting 43800 dengkil selangor,False,"line: LOT 276 JALAN BANTING, 43800 DENGKIL, SELANGOR","LOT 276 JALAN BANTING, 43800 DENGKIL, SELANGOR",synthetic,demo,lot 276 jln banting 43800 dengkil selangor,True,True,True,none,True
synthetic/s7/0095,company,org,mock-a,KEDAI PAPAN YEW CHUAN,kedai papan yew chuan,False,,KEDAI PAPAN YEW CHUAN,synthetic,demo,kedai papan yew chuan,True,True,True,none,True
synthetic/s7/0095,company,org,mock-b,KEDAI PAPAN YEW CHUAN,kedai papan yew chuan,False,,KEDAI PAPAN YEW CHUAN,synthetic,demo,kedai papan yew chuan,True,True,True,none,True
synthetic/s7/0095,company,org,mock-c,KEDAI PAPAN YEW CHUAN,kedai papan yew chuan,False,,KEDAI PAPAN YEW CHUAN,synthetic,demo,kedai papan yew chuan,True,True,True,none,True
synthetic/s7/0095,company,org,mock-d,KEDAI PAPAN YEW,kedai papan yew,False,line: KEDAI PAPAN YEW,KEDAI PAPAN YEW CHUAN,synthetic,demo,kedai papan yew chuan,True,True,False,wrong_value,False
synthetic/s7/0095,date,date,mock-a,15/04/2019,2019-04-15,False,,15/04/2019,synthetic,demo,2019-04-15,True,True,True,none,True
synthetic/s7/0095,date,date,mock-b,04/15/2019,2019-04-15,False,,15/04/2019,synthetic,demo,2019-04-15,True,True,True,none,True
synthetic/s7/0095,date,date,mock-c,15/04/2019,2019-04-15,False,,15/04/2019,synthetic,demo,2019-04-15,True,True,True,none,True
synthetic/s7/0095,date,date,mock-d,15/04/2019,2019-04-15,False,line: 15/04/2019,15/04/2019,synthetic,demo,2019-04-15,True,True,True,none,True
synthetic/s7/0095,phone,phone,mock-a,06-474 2502,64742502,False,,06-474 2502,synthetic,demo,64742502,True,True,True,none,True
synthetic/s7/0095,phone,phone,mock-b,,,True,,06-474 2502,synthetic,demo,64742502,True,False,False,miss,False
synthetic/s7/0095,phone,phone,mock-c,06-474 2502,64742502,False,,06-474 2502,synthetic,demo,64742502,True,True,True,none,True
synthetic/s7/0095,phone,phone,mock-d,06-474 2502,64742502,False,line: 06-474 2502,06-474 2502,synthetic,demo,64742502,True,True,True,none,True
synthetic/s7/0095,tax,money,mock-a,2.69,2.69,False,,2.69,synthetic,demo,2.69,True,True,True,none,True
synthetic/s7/0095,tax,money,mock-b,,,True,,2.69,synthetic,demo,2.69,True,False,False,miss,False
synthetic/s7/0095,tax,money,mock-c,2.69,2.69,False,,2.69,synthetic,demo,2.69,True,True,True,none,True
synthetic/s7/0095,tax,money,mock-d,2.69,2.69,False,line: 2.69,2.69,synthetic,demo,2.69,True,True,True,none,True
synthetic/s7/0095,total,money,mock-a,47.52,47.52,False,,47.59,synthetic,demo,47.59,True,True,False,wrong_value,False
synthetic/s7/0095,total,money,mock-b,47.52,47.52,False,,47.59,synthetic,demo,47.59,True,True,False,wrong_value,False
synthetic/s7/0095,total,money,mock-c,97.59,97.59,False,,47.59,synthetic,demo,47.59,True,True,False,wrong_value,False
synthetic/s7/0095,total,money,mock-d,47.59,47.59,False,line: 47.59,47.59,synthetic,demo,47.59,True,True,True,none,True
synthetic/s7/0096,address,address,mock-a,"NO 2 & 4, JALAN BAYU 4, BANDAR SERI ALAM, 81750 MASAI, JOHOR",no 2 and 4 jln bayu 4 bdr seri alam 81750 masai johor,False,,"NO 2 & 4, JALAN BAYU 4, BANDAR SERI ALAM, 81750 MASAI, JOHOR",synthetic,demo,no 2 and 4 jln bayu 4 bdr seri alam 81750 masai johor,True,True,True,none,True
synthetic/s7/0096,address,address,mock-b,"NO 2 & 4, JALAN BAYU 4, BANDAR SERI ALAM, 81750 MASAI, JOHOR",no 2 and 4 jln bayu 4 bdr seri alam 81750 masai johor,False,,"NO 2 & 4, JALAN BAYU 4, BANDAR SERI ALAM, 81750 MASAI, JOHOR",synthetic,demo,no 2 and 4 jln bayu 4 bdr seri alam 81750 masai johor,True,True,True,none,True
synthetic/s7/0096,address,address,mock-c,"NO 2 & 4, JALAN BAYU 4, BANDAR SERI ALAM, 81750 MASAI",no 2 and 4 jln bayu 4 bdr seri alam 81750 masai,False,,"NO 2 & 4, JALAN BAYU 4, BANDAR SERI ALAM, 81750 MASAI, JOHOR",synthetic,demo,no 2 and 4 jln bayu 4 bdr seri alam 81750 masai johor,True,True,False,wrong_value,False
synthetic/s7/0096,address,address,mock-d,"NO 2 & 4, JALAN BAYU 4, BANDAR SERI ALAM, 81750 MASAI, JOHOR",no 2 and 4 jln bayu 4 bdr seri alam 81750 masai johor,False,"line: NO 2 & 4, JALAN BAYU 4, BANDAR SERI ALAM, 81750 MASAI, JOHOR","NO 2 & 4, JALAN BAYU 4, BANDAR SERI ALAM, 81750 MASAI, JOHOR",synthetic,demo,no 2 and 4 jln bayu 4 bdr seri alam 81750 masai johor,True,True,True,none,True
synthetic/s7/0096,company,org,mock-a,OJC MARKETING SDN BHD,ojc marketing,False,,OJC MARKETING SDN BHD,synthetic,demo,ojc marketing,True,True,True,none,True
synthetic/s7/0096,company,org,mock-b,MARKETING SDN BHD,marketing,False,,OJC MARKETING SDN BHD,synthetic,demo,ojc marketing,True,True,False,wrong_value,False
synthetic/s7/0096,company,org,mock-c,OJC MARKETING SDN BHD,ojc marketing,False,,OJC MARKETING SDN BHD,synthetic,demo,ojc marketing,True,True,True,none,True
synthetic/s7/0096,company,org,mock-d,OJC MARKETING SDN BHD,ojc marketing,False,line: OJC MARKETING SDN BHD,OJC MARKETING SDN BHD,synthetic,demo,ojc marketing,True,True,True,none,True
synthetic/s7/0096,date,date,mock-a,22/01/2018,2018-01-22,False,,22/01/2018,synthetic,demo,2018-01-22,True,True,True,none,True
synthetic/s7/0096,date,date,mock-b,22/01/2018,2018-01-22,False,,22/01/2018,synthetic,demo,2018-01-22,True,True,True,none,True
synthetic/s7/0096,date,date,mock-c,22/01/2018,2018-01-22,False,,22/01/2018,synthetic,demo,2018-01-22,True,True,True,none,True
synthetic/s7/0096,date,date,mock-d,22/01/2018,2018-01-22,False,line: 22/01/2018,22/01/2018,synthetic,demo,2018-01-22,True,True,True,none,True
synthetic/s7/0096,phone,phone,mock-a,,,True,,,synthetic,demo,,False,False,True,none,True
synthetic/s7/0096,phone,phone,mock-b,,,True,,,synthetic,demo,,False,False,True,none,True
synthetic/s7/0096,phone,phone,mock-c,,,True,,,synthetic,demo,,False,False,True,none,True
synthetic/s7/0096,phone,phone,mock-d,,,True,,,synthetic,demo,,False,False,True,none,True
synthetic/s7/0096,tax,money,mock-a,1.85,1.85,False,,1.85,synthetic,demo,1.85,True,True,True,none,True
synthetic/s7/0096,tax,money,mock-b,1.85,1.85,False,,1.85,synthetic,demo,1.85,True,True,True,none,True
synthetic/s7/0096,tax,money,mock-c,1.85,1.85,False,,1.85,synthetic,demo,1.85,True,True,True,none,True
synthetic/s7/0096,tax,money,mock-d,,,True,,1.85,synthetic,demo,1.85,True,False,False,miss,False
synthetic/s7/0096,total,money,mock-a,32.75,32.75,False,,32.75,synthetic,demo,32.75,True,True,True,none,True
synthetic/s7/0096,total,money,mock-b,32.85,32.85,False,,32.75,synthetic,demo,32.75,True,True,False,wrong_value,False
synthetic/s7/0096,total,money,mock-c,31.55,31.55,False,,32.75,synthetic,demo,32.75,True,True,False,wrong_value,False
synthetic/s7/0096,total,money,mock-d,32.75,32.75,False,line: 32.75,32.75,synthetic,demo,32.75,True,True,True,none,True
synthetic/s7/0097,address,address,mock-a,"NO.59 JALAN PERMAS 9/5, BANDAR BARU PERMAS JAYA, 81750 JOHOR BAHRU",no 59 jln permas 9 5 bdr baru permas jaya 81750 johor bahru,False,,"NO.59 JALAN PERMAS 9/5, BANDAR BARU PERMAS JAYA, 81750 JOHOR BAHRU",synthetic,demo,no 59 jln permas 9 5 bdr baru permas jaya 81750 johor bahru,True,True,True,none,True
synthetic/s7/0097,address,address,mock-b,"NO.59 JALAN PERMAS 9/5, BANDAR BARU PERMAS JAYA, 81750 JOHOR BAHRU",no 59 jln permas 9 5 bdr baru permas jaya 81750 johor bahru,False,,"NO.59 JALAN PERMAS 9/5, BANDAR BARU PERMAS JAYA, 81750 JOHOR BAHRU",synthetic,demo,no 59 jln permas 9 5 bdr baru permas jaya 81750 johor bahru,True,True,True,none,True
synthetic/s7/0097,address,address,mock-c,"NO.59 JALAN PERMAS 9/5, BANDAR BARU PERMAS JAYA, 81750 JOHOR BAHRU",no 59 jln permas 9 5 bdr baru permas jaya 81750 johor bahru,False,,"NO.59 JALAN PERMAS 9/5, BANDAR BARU PERMAS JAYA, 81750 JOHOR BAHRU",synthetic,demo,no 59 jln permas 9 5 bdr baru permas jaya 81750 johor bahru,True,True,True,none,True
synthetic/s7/0097,address,address,mock-d,"NO.59 JALAN PERMAS 9/5, BANDAR BARU PERMAS JAYA",no 59 jln permas 9 5 bdr baru permas jaya,False,"line: NO.59 JALAN PERMAS 9/5, BANDAR BARU PERMAS JAYA","NO.59 JALAN PERMAS 9/5, BANDAR BARU PERMAS JAYA, 81750 JOHOR BAHRU",synthetic,demo,no 59 jln permas 9 5 bdr baru permas jaya 81750 johor bahru,True,True,False,wrong_value,False
synthetic/s7/0097,company,org,mock-a,ZHENG HUI,zheng hui,False,,PERNIAGAAN ZHENG HUI,synthetic,demo,perniagaan zheng hui,True,True,False,wrong_value,False
synthetic/s7/0097,company,org,mock-b,ZHENG HUI,zheng hui,False,,PERNIAGAAN ZHENG HUI,synthetic,demo,perniagaan zheng hui,True,True,False,wrong_value,False
synthetic/s7/0097,company,org,mock-c,ZHENG HUI,zheng hui,False,,PERNIAGAAN ZHENG HUI,synthetic,demo,perniagaan zheng hui,True,True,False,wrong_value,False
synthetic/s7/0097,company,org,mock-d,ZHENG HUI,zheng hui,False,line: ZHENG HUI,PERNIAGAAN ZHENG HUI,synthetic,demo,perniagaan zheng hui,True,True,False,wrong_value,False
synthetic/s7/0097,date,date,mock-a,13/11/2018,2018-11-13,False,,13/11/2018,synthetic,demo,2018-11-13,True,True,True,none,True
synthetic/s7/0097,date,date,mock-b,13/11/2018,2018-11-13,False,,13/11/2018,synthetic,demo,2018-11-13,True,True,True,none,True
synthetic/s7/0097,date,date,mock-c,13/11/2018,2018-11-13,False,,13/11/2018,synthetic,demo,2018-11-13,True,True,True,none,True
synthetic/s7/0097,date,date,mock-d,13/11/2018,2018-11-13,False,line: 13/11/2018,13/11/2018,synthetic,demo,2018-11-13,True,True,True,none,True
synthetic/s7/0097,phone,phone,mock-a,,,True,,,synthetic,demo,,False,False,True,none,True
synthetic/s7/0097,phone,phone,mock-b,,,True,,,synthetic,demo,,False,False,True,none,True
synthetic/s7/0097,phone,phone,mock-c,,,True,,,synthetic,demo,,False,False,True,none,True
synthetic/s7/0097,phone,phone,mock-d,,,True,,,synthetic,demo,,False,False,True,none,True
synthetic/s7/0097,tax,money,mock-a,,,True,,,synthetic,demo,,False,False,True,none,True
synthetic/s7/0097,tax,money,mock-b,,,True,,,synthetic,demo,,False,False,True,none,True
synthetic/s7/0097,tax,money,mock-c,,,True,,,synthetic,demo,,False,False,True,none,True
synthetic/s7/0097,tax,money,mock-d,,,True,,,synthetic,demo,,False,False,True,none,True
synthetic/s7/0097,total,money,mock-a,12.90,12.90,False,,12.90,synthetic,demo,12.90,True,True,True,none,True
synthetic/s7/0097,total,money,mock-b,12.90,12.90,False,,12.90,synthetic,demo,12.90,True,True,True,none,True
synthetic/s7/0097,total,money,mock-c,12.90,12.90,False,,12.90,synthetic,demo,12.90,True,True,True,none,True
synthetic/s7/0097,total,money,mock-d,12.90,12.90,False,line: 12.90,12.90,synthetic,demo,12.90,True,True,True,none,True
synthetic/s7/0098,address,address,mock-a,"LOT 3, JALAN PELABUR 23/1, 40300 SHAH ALAM",lot 3 jln pelabur 23 1 40300 shah alam,False,,"LOT 3, JALAN PELABUR 23/1, 40300 SHAH ALAM, SELANGOR",synthetic,demo,lot 3 jln pelabur 23 1 40300 shah alam selangor,True,True,False,wrong_value,False
synthetic/s7/0098,address,address,mock-b,"LOT 3, JALAN PELABUR 23/1, 40300 SHAH ALAM, SELANGOR",lot 3 jln pelabur 23 1 40300 shah alam selangor,False,,"LOT 3, JALAN PELABUR 23/1, 40300 SHAH ALAM, SELANGOR",synthetic,demo,lot 3 jln pelabur 23 1 40300 shah alam selangor,True,True,True,none,True
synthetic/s7/0098,address,address,mock-c,"LOT 3, JALAN PELABUR 23/1, 40300 SHAH ALAM",lot 3 jln pelabur 23 1 40300 shah alam,False,,"LOT 3, JALAN PELABUR 23/1, 40300 SHAH ALAM, SELANGOR",synthetic,demo,lot 3 jln pelabur 23 1 40300 shah alam selangor,True,True,False,wrong_value,False
synthetic/s7/0098,address,address,mock-d,"LOT 3, JALAN PELABUR 23/1, 40300 SHAH ALAM, SELANGOR",lot 3 jln pelabur 23 1 40300 shah alam selangor,False,"line: LOT 3, JALAN PELABUR 23/1, 40300 SHAH ALAM, SELANGOR","LOT 3, JALAN PELABUR 23/1, 40300 SHAH ALAM, SELANGOR",synthetic,demo,lot 3 jln pelabur 23 1 40300 shah alam selangor,True,True,True,none,True
synthetic/s7/0098,company,org,mock-a,GARDENIA BAKERIES (KL) SDN BHD,gardenia bakeries kl,False,,GARDENIA BAKERIES (KL) SDN BHD,synthetic,demo,gardenia bakeries kl,True,True,True,none,True
synthetic/s7/0098,company,org,mock-b,GARDENIA BAKERIES (KL) SDN BHD,gardenia bakeries kl,False,,GARDENIA BAKERIES (KL) SDN BHD,synthetic,demo,gardenia bakeries kl,True,True,True,none,True
synthetic/s7/0098,company,org,mock-c,GARDENIA BAKERIES (KL) SDN BHD,gardenia bakeries kl,False,,GARDENIA BAKERIES (KL) SDN BHD,synthetic,demo,gardenia bakeries kl,True,True,True,none,True
synthetic/s7/0098,company,org,mock-d,GARDENIA BAKERIES (KL) SDN BHD,gardenia bakeries kl,False,line: GARDENIA BAKERIES (KL) SDN BHD,GARDENIA BAKERIES (KL) SDN BHD,synthetic,demo,gardenia bakeries kl,True,True,True,none,True
synthetic/s7/0098,date,date,mock-a,16/05/2018,2018-05-16,False,,16/05/2018,synthetic,demo,2018-05-16,True,True,True,none,True
synthetic/s7/0098,date,date,mock-b,16/05/2018,2018-05-16,False,,16/05/2018,synthetic,demo,2018-05-16,True,True,True,none,True
synthetic/s7/0098,date,date,mock-c,16/05/2018,2018-05-16,False,,16/05/2018,synthetic,demo,2018-05-16,True,True,True,none,True
synthetic/s7/0098,date,date,mock-d,16/05/2018,2018-05-16,False,line: 16/05/2018,16/05/2018,synthetic,demo,2018-05-16,True,True,True,none,True
synthetic/s7/0098,phone,phone,mock-a,,,True,,,synthetic,demo,,False,False,True,none,True
synthetic/s7/0098,phone,phone,mock-b,,,True,,,synthetic,demo,,False,False,True,none,True
synthetic/s7/0098,phone,phone,mock-c,,,True,,,synthetic,demo,,False,False,True,none,True
synthetic/s7/0098,phone,phone,mock-d,,,True,,,synthetic,demo,,False,False,True,none,True
synthetic/s7/0098,tax,money,mock-a,2.01,2.01,False,,2.06,synthetic,demo,2.06,True,True,False,wrong_value,False
synthetic/s7/0098,tax,money,mock-b,2.01,2.01,False,,2.06,synthetic,demo,2.06,True,True,False,wrong_value,False
synthetic/s7/0098,tax,money,mock-c,2.01,2.01,False,,2.06,synthetic,demo,2.06,True,True,False,wrong_value,False
synthetic/s7/0098,tax,money,mock-d,2.01,2.01,False,line: 2.01,2.06,synthetic,demo,2.06,True,True,False,wrong_value,False
synthetic/s7/0098,total,money,mock-a,36.36,36.36,False,,36.36,synthetic,demo,36.36,True,True,True,none,True
synthetic/s7/0098,total,money,mock-b,36.36,36.36,False,,36.36,synthetic,demo,36.36,True,True,True,none,True
synthetic/s7/0098,total,money,mock-c,36.36,36.36,False,,36.36,synthetic,demo,36.36,True,True,True,none,True
synthetic/s7/0098,total,money,mock-d,36.36,36.36,False,line: 36.36,36.36,synthetic,demo,36.36,True,True,True,none,True
synthetic/s7/0099,address,address,mock-a,"NO. 31G&33G, JALAN SETIA INDAH X, U13/X",no 31g and 33g jln setia indah x u13 x,False,,"NO. 31G&33G, JALAN SETIA INDAH X, U13/X, 40170 SETIA ALAM",synthetic,demo,no 31g and 33g jln setia indah x u13 x 40170 setia alam,True,True,False,wrong_value,False
synthetic/s7/0099,address,address,mock-b,"NO. 31G&33G, JALAN SETIA INDAH X, U13/X, 40170 SETIA ALAM",no 31g and 33g jln setia indah x u13 x 40170 setia alam,False,,"NO. 31G&33G, JALAN SETIA INDAH X, U13/X, 40170 SETIA ALAM",synthetic,demo,no 31g and 33g jln setia indah x u13 x 40170 setia alam,True,True,True,none,True
synthetic/s7/0099,address,address,mock-c,"NO. 31G&33G, JALAN SETIA INDAH X, U13/X, 40170 SETIA ALAM",no 31g and 33g jln setia indah x u13 x 40170 setia alam,False,,"NO. 31G&33G, JALAN SETIA INDAH X, U13/X, 40170 SETIA ALAM",synthetic,demo,no 31g and 33g jln setia indah x u13 x 40170 setia alam,True,True,True,none,True
synthetic/s7/0099,address,address,mock-d,"NO. 31G&33G, JALAN SETIA INDAH X, U13/X, 40170 SETIA ALAM",no 31g and 33g jln setia indah x u13 x 40170 setia alam,False,"line: NO. 31G&33G, JALAN SETIA INDAH X, U13/X, 40170 SETIA ALAM","NO. 31G&33G, JALAN SETIA INDAH X, U13/X, 40170 SETIA ALAM",synthetic,demo,no 31g and 33g jln setia indah x u13 x 40170 setia alam,True,True,True,none,True
synthetic/s7/0099,company,org,mock-a,SANYU STATIONERY SHOP,sanyu stationery shop,False,,SANYU STATIONERY SHOP,synthetic,demo,sanyu stationery shop,True,True,True,none,True
synthetic/s7/0099,company,org,mock-b,SANYU STATIONERY SHOP,sanyu stationery shop,False,,SANYU STATIONERY SHOP,synthetic,demo,sanyu stationery shop,True,True,True,none,True
synthetic/s7/0099,company,org,mock-c,SANYU STATIONERY SHOP,sanyu stationery shop,False,,SANYU STATIONERY SHOP,synthetic,demo,sanyu stationery shop,True,True,True,none,True
synthetic/s7/0099,company,org,mock-d,SANYU STATIONERY SHOP,sanyu stationery shop,False,line: SANYU STATIONERY SHOP,SANYU STATIONERY SHOP,synthetic,demo,sanyu stationery shop,True,True,True,none,True
synthetic/s7/0099,date,date,mock-a,09/08/2018,2018-08-09,False,,09/08/2018,synthetic,demo,2018-08-09,True,True,True,none,True
synthetic/s7/0099,date,date,mock-b,09/08/2018,2018-08-09,False,,09/08/2018,synthetic,demo,2018-08-09,True,True,True,none,True
synthetic/s7/0099,date,date,mock-c,09/08/2018,2018-08-09,False,,09/08/2018,synthetic,demo,2018-08-09,True,True,True,none,True
synthetic/s7/0099,date,date,mock-d,09/08/2018,2018-08-09,False,line: 09/08/2018,09/08/2018,synthetic,demo,2018-08-09,True,True,True,none,True
synthetic/s7/0099,phone,phone,mock-a,05-481 1603,54811603,False,,05-481 1603,synthetic,demo,54811603,True,True,True,none,True
synthetic/s7/0099,phone,phone,mock-b,05-481 1603,54811603,False,,05-481 1603,synthetic,demo,54811603,True,True,True,none,True
synthetic/s7/0099,phone,phone,mock-c,05-481 1603,54811603,False,,05-481 1603,synthetic,demo,54811603,True,True,True,none,True
synthetic/s7/0099,phone,phone,mock-d,05-481 1603,54811603,False,line: 05-481 1603,05-481 1603,synthetic,demo,54811603,True,True,True,none,True
synthetic/s7/0099,tax,money,mock-a,1.45,1.45,False,,1.45,synthetic,demo,1.45,True,True,True,none,True
synthetic/s7/0099,tax,money,mock-b,1.45,1.45,False,,1.45,synthetic,demo,1.45,True,True,True,none,True
synthetic/s7/0099,tax,money,mock-c,1.45,1.45,False,,1.45,synthetic,demo,1.45,True,True,True,none,True
synthetic/s7/0099,tax,money,mock-d,1.45,1.45,False,line: 1.45,1.45,synthetic,demo,1.45,True,True,True,none,True
synthetic/s7/0099,total,money,mock-a,26.65,26.65,False,,25.65,synthetic,demo,25.65,True,True,False,wrong_value,False
synthetic/s7/0099,total,money,mock-b,26.65,26.65,False,,25.65,synthetic,demo,25.65,True,True,False,wrong_value,False
synthetic/s7/0099,total,money,mock-c,25.65,25.65,False,,25.65,synthetic,demo,25.65,True,True,True,none,True
synthetic/s7/0099,total,money,mock-d,25.65,25.65,False,line: 25.65,25.65,synthetic,demo,25.65,True,True,True,none,True
synthetic/s7/0100,address,address,mock-a,"LOT P.T. 2811, JALAN ANGSANA, TAMAN MUTIARA RINI, 81300 SKUDAI",lot p t 2811 jln angsana tmn mutiara rini 81300 skudai,False,,"LOT P.T. 2811, JALAN ANGSANA, TAMAN MUTIARA RINI, 81300 SKUDAI",synthetic,demo,lot p t 2811 jln angsana tmn mutiara rini 81300 skudai,True,True,True,none,True
synthetic/s7/0100,address,address,mock-b,"LOT P.T. 2811, JALAN ANGSANA, TAMAN MUTIARA RINI, 81300 SKUDAI",lot p t 2811 jln angsana tmn mutiara rini 81300 skudai,False,,"LOT P.T. 2811, JALAN ANGSANA, TAMAN MUTIARA RINI, 81300 SKUDAI",synthetic,demo,lot p t 2811 jln angsana tmn mutiara rini 81300 skudai,True,True,True,none,True
synthetic/s7/0100,address,address,mock-c,"LOT P.T. 2811, JALAN ANGSANA, TAMAN MUTIARA RINI, 81300 SKUDAI",lot p t 2811 jln angsana tmn mutiara rini 81300 skudai,False,,"LOT P.T. 2811, JALAN ANGSANA, TAMAN MUTIARA RINI, 81300 SKUDAI",synthetic,demo,lot p t 2811 jln angsana tmn mutiara rini 81300 skudai,True,True,True,none,True
synthetic/s7/0100,address,address,mock-d,"LOT P.T. 2811, JALAN ANGSANA, TAMAN MUTIARA RINI, 81300 SKUDAI",lot p t 2811 jln angsana tmn mutiara rini 81300 skudai,False,"line: LOT P.T. 2811, JALAN ANGSANA, TAMAN MUTIARA RINI, 81300 SKUDAI","LOT P.T. 2811, JALAN ANGSANA, TAMAN MUTIARA RINI, 81300 SKUDAI",synthetic,demo,lot p t 2811 jln angsana tmn mutiara rini 81300 skudai,True,True,True,none,True
synthetic/s7/0100,company,org,mock-a,99 SPEED MART S/B,99 speed mart s b,False,,99 SPEED MART S/B,synthetic,demo,99 speed mart s b,True,True,True,none,True
synthetic/s7/0100,company,org,mock-b,99 SPEED MART S/B,99 speed mart s b,False,,99 SPEED MART S/B,synthetic,demo,99 speed mart s b,True,True,True,none,True
synthetic/s7/0100,company,org,mock-c,99 SPEED MART S/B,99 speed mart s b,False,,99 SPEED MART S/B,synthetic,demo,99 speed mart s b,True,True,True,none,True
synthetic/s7/0100,company,org,mock-d,99 SPEED MART S/B,99 speed mart s b,False,line: 99 SPEED MART S/B,99 SPEED MART S/B,synthetic,demo,99 speed mart s b,True,True,True,none,True
synthetic/s7/0100,date,date,mock-a,11/06/2019,2019-06-11,False,,06/11/2019,synthetic,demo,2019-11-06,True,True,False,wrong_value,False
synthetic/s7/0100,date,date,mock-b,06/11/2019,2019-11-06,False,,06/11/2019,synthetic,demo,2019-11-06,True,True,True,none,True
synthetic/s7/0100,date,date,mock-c,11/06/2019,2019-06-11,False,,06/11/2019,synthetic,demo,2019-11-06,True,True,False,wrong_value,False
synthetic/s7/0100,date,date,mock-d,06/11/2019,2019-11-06,False,line: 06/11/2019,06/11/2019,synthetic,demo,2019-11-06,True,True,True,none,True
synthetic/s7/0100,phone,phone,mock-a,08-978 6894,89786894,False,,08-978 6894,synthetic,demo,89786894,True,True,True,none,True
synthetic/s7/0100,phone,phone,mock-b,08-978 6894,89786894,False,,08-978 6894,synthetic,demo,89786894,True,True,True,none,True
synthetic/s7/0100,phone,phone,mock-c,48-978 6894,489786894,False,,08-978 6894,synthetic,demo,89786894,True,True,False,wrong_value,False
synthetic/s7/0100,phone,phone,mock-d,08-978 6894,89786894,False,line: 08-978 6894,08-978 6894,synthetic,demo,89786894,True,True,True,none,True
synthetic/s7/0100,tax,money,mock-a,2.20,2.20,False,,2.20,synthetic,demo,2.20,True,True,True,none,True
synthetic/s7/0100,tax,money,mock-b,2.20,2.20,False,,2.20,synthetic,demo,2.20,True,True,True,none,True
synthetic/s7/0100,tax,money,mock-c,2.20,2.20,False,,2.20,synthetic,demo,2.20,True,True,True,none,True
synthetic/s7/0100,tax,money,mock-d,2.20,2.20,False,line: 2.20,2.20,synthetic,demo,2.20,True,True,True,none,True
synthetic/s7/0100,total,money,mock-a,38.80,38.80,False,,38.80,synthetic,demo,38.80,True,True,True,none,True
synthetic/s7/0100,total,money,mock-b,38.80,38.80,False,,38.80,synthetic,demo,38.80,True,True,True,none,True
synthetic/s7/0100,total,money,mock-c,38.80,38.80,False,,38.80,synthetic,demo,38.80,True,True,True,none,True
synthetic/s7/0100,total,money,mock-d,38.80,38.80,False,line: 38.80,38.80,synthetic,demo,38.80,True,True,True,none,True
synthetic/s7/0101,address,address,mock-a,"LOT 276 JALAN BANTING, 43800 DENGKIL, SELANGOR",lot 276 jln banting 43800 dengkil selangor,False,,"LOT 276 JALAN BANTING, 43800 DENGKIL, SELANGOR",synthetic,demo,lot 276 jln banting 43800 dengkil selangor,True,True,True,none,True
synthetic/s7/0101,address,address,mock-b,"LOT 276 JALAN BANTING, 43800 DENGKIL, SELANGOR",lot 276 jln banting 43800 dengkil selangor,False,,"LOT 276 JALAN BANTING, 43800 DENGKIL, SELANGOR",synthetic,demo,lot 276 jln banting 43800 dengkil selangor,True,True,True,none,True
synthetic/s7/0101,address,address,mock-c,"LOT 276 JALAN BANTING, 43800 DENGKIL, SELANGOR",lot 276 jln banting 43800 dengkil selangor,False,,"LOT 276 JALAN BANTING, 43800 DENGKIL, SELANGOR",synthetic,demo,lot 276 jln banting 43800 dengkil selangor,True,True,True,none,True
synthetic/s7/0101,address,address,mock-d,"LOT 276 JALAN BANTING, 43800 DENGKIL, SELANGOR",lot 276 jln banting 43800 dengkil selangor,False,"line: LOT 276 JALAN BANTING, 43800 DENGKIL, SELANGOR","LOT 276 JALAN BANTING, 43800 DENGKIL, SELANGOR",synthetic,demo,lot 276 jln banting 43800 dengkil selangor,True,True,True,none,True
synthetic/s7/0101,company,org,mock-a,KEDAI PAPAN YEW CHUAN,kedai papan yew chuan,False,,KEDAI PAPAN YEW CHUAN,synthetic,demo,kedai papan yew chuan,True,True,True,none,True
synthetic/s7/0101,company,org,mock-b,,,True,,KEDAI PAPAN YEW CHUAN,synthetic,demo,kedai papan yew chuan,True,False,False,miss,False
synthetic/s7/0101,company,org,mock-c,KEDAI PAPAN YEW CHUAN,kedai papan yew chuan,False,,KEDAI PAPAN YEW CHUAN,synthetic,demo,kedai papan yew chuan,True,True,True,none,True
synthetic/s7/0101,company,org,mock-d,KEDAI PAPAN YEW CHUAN,kedai papan yew chuan,False,line: KEDAI PAPAN YEW CHUAN,KEDAI PAPAN YEW CHUAN,synthetic,demo,kedai papan yew chuan,True,True,True,none,True
synthetic/s7/0101,date,date,mock-a,19/12/2018,2018-12-19,False,,19/12/2018,synthetic,demo,2018-12-19,True,True,True,none,True
synthetic/s7/0101,date,date,mock-b,19/12/2018,2018-12-19,False,,19/12/2018,synthetic,demo,2018-12-19,True,True,True,none,True
synthetic/s7/0101,date,date,mock-c,12/19/2018,2018-12-19,False,,19/12/2018,synthetic,demo,2018-12-19,True,True,True,none,True
synthetic/s7/0101,date,date,mock-d,19/12/2018,2018-12-19,False,line: 19/12/2018,19/12/2018,synthetic,demo,2018-12-19,True,True,True,none,True
synthetic/s7/0101,phone,phone,mock-a,03-1234 5678,312345678,False,,,synthetic,demo,,False,True,False,hallucination,False
synthetic/s7/0101,phone,phone,mock-b,,,True,,,synthetic,demo,,False,False,True,none,True
synthetic/s7/0101,phone,phone,mock-c,,,True,,,synthetic,demo,,False,False,True,none,True
synthetic/s7/0101,phone,phone,mock-d,,,True,,,synthetic,demo,,False,False,True,none,True
synthetic/s7/0101,tax,money,mock-a,2.50,2.50,False,,2.50,synthetic,demo,2.50,True,True,True,none,True
synthetic/s7/0101,tax,money,mock-b,2.50,2.50,False,,2.50,synthetic,demo,2.50,True,True,True,none,True
synthetic/s7/0101,tax,money,mock-c,2.50,2.50,False,,2.50,synthetic,demo,2.50,True,True,True,none,True
synthetic/s7/0101,tax,money,mock-d,,,True,,2.50,synthetic,demo,2.50,True,False,False,miss,False
synthetic/s7/0101,total,money,mock-a,44.20,44.20,False,,44.20,synthetic,demo,44.20,True,True,True,none,True
synthetic/s7/0101,total,money,mock-b,44.20,44.20,False,,44.20,synthetic,demo,44.20,True,True,True,none,True
synthetic/s7/0101,total,money,mock-c,44.20,44.20,False,,44.20,synthetic,demo,44.20,True,True,True,none,True
synthetic/s7/0101,total,money,mock-d,44.20,44.20,False,line: 44.20,44.20,synthetic,demo,44.20,True,True,True,none,True
synthetic/s7/0102,address,address,mock-a,"NO 2 & 4, JALAN BAYU 4, BANDAR SERI ALAM, 81750 MASAI, JOHOR",no 2 and 4 jln bayu 4 bdr seri alam 81750 masai johor,False,,"NO 2 & 4, JALAN BAYU 4, BANDAR SERI ALAM, 81750 MASAI, JOHOR",synthetic,demo,no 2 and 4 jln bayu 4 bdr seri alam 81750 masai johor,True,True,True,none,True
synthetic/s7/0102,address,address,mock-b,"NO 2 & 4, JALAN BAYU 4, BANDAR SERI ALAM, 81750 MASAI, JOHOR",no 2 and 4 jln bayu 4 bdr seri alam 81750 masai johor,False,,"NO 2 & 4, JALAN BAYU 4, BANDAR SERI ALAM, 81750 MASAI, JOHOR",synthetic,demo,no 2 and 4 jln bayu 4 bdr seri alam 81750 masai johor,True,True,True,none,True
synthetic/s7/0102,address,address,mock-c,"NO 2 & 4, JALAN BAYU 4, BANDAR SERI ALAM, 81750 MASAI, JOHOR",no 2 and 4 jln bayu 4 bdr seri alam 81750 masai johor,False,,"NO 2 & 4, JALAN BAYU 4, BANDAR SERI ALAM, 81750 MASAI, JOHOR",synthetic,demo,no 2 and 4 jln bayu 4 bdr seri alam 81750 masai johor,True,True,True,none,True
synthetic/s7/0102,address,address,mock-d,"NO 2 & 4, JALAN BAYU 4, BANDAR SERI ALAM, 81750 MASAI, JOHOR",no 2 and 4 jln bayu 4 bdr seri alam 81750 masai johor,False,"line: NO 2 & 4, JALAN BAYU 4, BANDAR SERI ALAM, 81750 MASAI, JOHOR","NO 2 & 4, JALAN BAYU 4, BANDAR SERI ALAM, 81750 MASAI, JOHOR",synthetic,demo,no 2 and 4 jln bayu 4 bdr seri alam 81750 masai johor,True,True,True,none,True
synthetic/s7/0102,company,org,mock-a,OJC MARKETING SDN BHD,ojc marketing,False,,OJC MARKETING SDN BHD,synthetic,demo,ojc marketing,True,True,True,none,True
synthetic/s7/0102,company,org,mock-b,OJC MARKETING SDN BHD,ojc marketing,False,,OJC MARKETING SDN BHD,synthetic,demo,ojc marketing,True,True,True,none,True
synthetic/s7/0102,company,org,mock-c,OJC MARKETING SDN BHD,ojc marketing,False,,OJC MARKETING SDN BHD,synthetic,demo,ojc marketing,True,True,True,none,True
synthetic/s7/0102,company,org,mock-d,OJC MARKETING SDN,ojc marketing sdn,False,line: OJC MARKETING SDN,OJC MARKETING SDN BHD,synthetic,demo,ojc marketing,True,True,False,wrong_value,False
synthetic/s7/0102,date,date,mock-a,11/02/2019,2019-02-11,False,,11/02/2019,synthetic,demo,2019-02-11,True,True,True,none,True
synthetic/s7/0102,date,date,mock-b,02/11/2019,2019-11-02,False,,11/02/2019,synthetic,demo,2019-02-11,True,True,False,wrong_value,False
synthetic/s7/0102,date,date,mock-c,11/02/2019,2019-02-11,False,,11/02/2019,synthetic,demo,2019-02-11,True,True,True,none,True
synthetic/s7/0102,date,date,mock-d,11/02/2019,2019-02-11,False,line: 11/02/2019,11/02/2019,synthetic,demo,2019-02-11,True,True,True,none,True
synthetic/s7/0102,phone,phone,mock-a,09-628 5155,96285155,False,,09-628 5155,synthetic,demo,96285155,True,True,True,none,True
synthetic/s7/0102,phone,phone,mock-b,09-628 5155,96285155,False,,09-628 5155,synthetic,demo,96285155,True,True,True,none,True
synthetic/s7/0102,phone,phone,mock-c,09-628 5155,96285155,False,,09-628 5155,synthetic,demo,96285155,True,True,True,none,True
synthetic/s7/0102,phone,phone,mock-d,,,True,,09-628 5155,synthetic,demo,96285155,True,False,False,miss,False
synthetic/s7/0102,tax,money,mock-a,,,True,,,synthetic,demo,,False,False,True,none,True
synthetic/s7/0102,tax,money,mock-b,,,True,,,synthetic,demo,,False,False,True,none,True
synthetic/s7/0102,tax,money,mock-c,,,True,,,synthetic,demo,,False,False,True,none,True
synthetic/s7/0102,tax,money,mock-d,,,True,,,synthetic,demo,,False,False,True,none,True
synthetic/s7/0102,total,money,mock-a,8.80,8.80,False,,8.80,synthetic,demo,8.80,True,True,True,none,True
synthetic/s7/0102,total,money,mock-b,8.80,8.80,False,,8.80,synthetic,demo,8.80,True,True,True,none,True
synthetic/s7/0102,total,money,mock-c,8.80,8.80,False,,8.80,synthetic,demo,8.80,True,True,True,none,True
synthetic/s7/0102,total,money,mock-d,8.80,8.80,False,line: 8.80,8.80,synthetic,demo,8.80,True,True,True,none,True
synthetic/s7/0103,address,address,mock-a,"NO.59 JALAN PERMAS 9/5, BANDAR BARU PERMAS JAYA, 81750 JOHOR BAHRU",no 59 jln permas 9 5 bdr baru permas jaya 81750 johor bahru,False,,"NO.59 JALAN PERMAS 9/5, BANDAR BARU PERMAS JAYA, 81750 JOHOR BAHRU",synthetic,demo,no 59 jln permas 9 5 bdr baru permas jaya 81750 johor bahru,True,True,True,none,True
synthetic/s7/0103,address,address,mock-b,"NO.59 JALAN PERMAS 9/5, BANDAR BARU PERMAS JAYA, 81750 JOHOR BAHRU",no 59 jln permas 9 5 bdr baru permas jaya 81750 johor bahru,False,,"NO.59 JALAN PERMAS 9/5, BANDAR BARU PERMAS JAYA, 81750 JOHOR BAHRU",synthetic,demo,no 59 jln permas 9 5 bdr baru permas jaya 81750 johor bahru,True,True,True,none,True
synthetic/s7/0103,address,address,mock-c,"NO.59 JALAN PERMAS 9/5, BANDAR BARU PERMAS JAYA, 81750 JOHOR BAHRU",no 59 jln permas 9 5 bdr baru permas jaya 81750 johor bahru,False,,"NO.59 JALAN PERMAS 9/5, BANDAR BARU PERMAS JAYA, 81750 JOHOR BAHRU",synthetic,demo,no 59 jln permas 9 5 bdr baru permas jaya 81750 johor bahru,True,True,True,none,True
synthetic/s7/0103,address,address,mock-d,"NO.59 JALAN PERMAS 9/5, BANDAR BARU PERMAS JAYA, 81750 JOHOR BAHRU",no 59 jln permas 9 5 bdr baru permas jaya 81750 johor bahru,False,"line: NO.59 JALAN PERMAS 9/5, BANDAR BARU PERMAS JAYA, 81750 JOHOR BAHRU","NO.59 JALAN PERMAS 9/5, BANDAR BARU PERMAS JAYA, 81750 JOHOR BAHRU",synthetic,demo,no 59 jln permas 9 5 bdr baru permas jaya 81750 johor bahru,True,True,True,none,True
synthetic/s7/0103,company,org,mock-a,PERNIAGAAN ZHENG HUI,perniagaan zheng hui,False,,PERNIAGAAN ZHENG HUI,synthetic,demo,perniagaan zheng hui,True,True,True,none,True
synthetic/s7/0103,company,org,mock-b,PERNIAGAAN ZHENG HUI,perniagaan zheng hui,False,,PERNIAGAAN ZHENG HUI,synthetic,demo,perniagaan zheng hui,True,True,True,none,True
synthetic/s7/0103,company,org,mock-c,PERNIAGAAN ZHENG HUI,perniagaan zheng hui,False,,PERNIAGAAN ZHENG HUI,synthetic,demo,perniagaan zheng hui,True,True,True,none,True
synthetic/s7/0103,company,org,mock-d,PERNIAGAAN ZHENG HUI,perniagaan zheng hui,False,line: PERNIAGAAN ZHENG HUI,PERNIAGAAN ZHENG HUI,synthetic,demo,perniagaan zheng hui,True,True,True,none,True
synthetic/s7/0103,date,date,mock-a,22/06/2018,2018-06-22,False,,22/06/2018,synthetic,demo,2018-06-22,True,True,True,none,True
synthetic/s7/0103,date,date,mock-b,22/06/2018,2018-06-22,False,,22/06/2018,synthetic,demo,2018-06-22,True,True,True,none,True
synthetic/s7/0103,date,date,mock-c,22/06/2018,2018-06-22,False,,22/06/2018,synthetic,demo,2018-06-22,True,True,True,none,True
synthetic/s7/0103,date,date,mock-d,06/22/2018,2018-06-22,False,line: 06/22/2018,22/06/2018,synthetic,demo,2018-06-22,True,True,True,none,True
synthetic/s7/0103,phone,phone,mock-a,03-1234 5678,312345678,False,,,synthetic,demo,,False,True,False,hallucination,False
synthetic/s7/0103,phone,phone,mock-b,03-1234 5678,312345678,False,,,synthetic,demo,,False,True,False,hallucination,False
synthetic/s7/0103,phone,phone,mock-c,03-1234 5678,312345678,False,,,synthetic,demo,,False,True,False,hallucination,False
synthetic/s7/0103,phone,phone,mock-d,03-1234 5678,312345678,False,line: 03-1234 5678,,synthetic,demo,,False,True,False,hallucination,False
synthetic/s7/0103,tax,money,mock-a,0.19,0.19,False,,0.19,synthetic,demo,0.19,True,True,True,none,True
synthetic/s7/0103,tax,money,mock-b,0.19,0.19,False,,0.19,synthetic,demo,0.19,True,True,True,none,True
synthetic/s7/0103,tax,money,mock-c,0.19,0.19,False,,0.19,synthetic,demo,0.19,True,True,True,none,True
synthetic/s7/0103,tax,money,mock-d,0.19,0.19,False,line: 0.19,0.19,synthetic,demo,0.19,True,True,True,none,True
synthetic/s7/0103,total,money,mock-a,3.39,3.39,False,,3.39,synthetic,demo,3.39,True,True,True,none,True
synthetic/s7/0103,total,money,mock-b,3.39,3.39,False,,3.39,synthetic,demo,3.39,True,True,True,none,True
synthetic/s7/0103,total,money,mock-c,3.39,3.39,False,,3.39,synthetic,demo,3.39,True,True,True,none,True
synthetic/s7/0103,total,money,mock-d,3.39,3.39,False,line: 3.39,3.39,synthetic,demo,3.39,True,True,True,none,True
synthetic/s7/0104,address,address,mock-a,"LOT 3, JALAN PELABUR 23/1, 40300 SHAH ALAM, SELANGOR",lot 3 jln pelabur 23 1 40300 shah alam selangor,False,,"LOT 3, JALAN PELABUR 23/1, 40300 SHAH ALAM, SELANGOR",synthetic,demo,lot 3 jln pelabur 23 1 40300 shah alam selangor,True,True,True,none,True
synthetic/s7/0104,address,address,mock-b,"LOT 3, JALAN PELABUR 23/1, 40300 SHAH ALAM, SELANGOR",lot 3 jln pelabur 23 1 40300 shah alam selangor,False,,"LOT 3, JALAN PELABUR 23/1, 40300 SHAH ALAM, SELANGOR",synthetic,demo,lot 3 jln pelabur 23 1 40300 shah alam selangor,True,True,True,none,True
synthetic/s7/0104,address,address,mock-c,"LOT 3, JALAN PELABUR 23/1, 40300 SHAH ALAM",lot 3 jln pelabur 23 1 40300 shah alam,False,,"LOT 3, JALAN PELABUR 23/1, 40300 SHAH ALAM, SELANGOR",synthetic,demo,lot 3 jln pelabur 23 1 40300 shah alam selangor,True,True,False,wrong_value,False
synthetic/s7/0104,address,address,mock-d,"LOT 3, JALAN PELABUR 23/1, 40300 SHAH ALAM, SELANGOR",lot 3 jln pelabur 23 1 40300 shah alam selangor,False,"line: LOT 3, JALAN PELABUR 23/1, 40300 SHAH ALAM, SELANGOR","LOT 3, JALAN PELABUR 23/1, 40300 SHAH ALAM, SELANGOR",synthetic,demo,lot 3 jln pelabur 23 1 40300 shah alam selangor,True,True,True,none,True
synthetic/s7/0104,company,org,mock-a,GARDENIA BAKERIES (KL) SDN BHD,gardenia bakeries kl,False,,GARDENIA BAKERIES (KL) SDN BHD,synthetic,demo,gardenia bakeries kl,True,True,True,none,True
synthetic/s7/0104,company,org,mock-b,GARDENIA BAKERIES (KL) SDN BHD,gardenia bakeries kl,False,,GARDENIA BAKERIES (KL) SDN BHD,synthetic,demo,gardenia bakeries kl,True,True,True,none,True
synthetic/s7/0104,company,org,mock-c,BAKERIES (KL) SDN BHD,bakeries kl,False,,GARDENIA BAKERIES (KL) SDN BHD,synthetic,demo,gardenia bakeries kl,True,True,False,wrong_value,False
synthetic/s7/0104,company,org,mock-d,GARDENIA BAKERIES (KL) SDN BHD,gardenia bakeries kl,False,line: GARDENIA BAKERIES (KL) SDN BHD,GARDENIA BAKERIES (KL) SDN BHD,synthetic,demo,gardenia bakeries kl,True,True,True,none,True
synthetic/s7/0104,date,date,mock-a,12/01/2018,2018-01-12,False,,12/01/2018,synthetic,demo,2018-01-12,True,True,True,none,True
synthetic/s7/0104,date,date,mock-b,12/01/2018,2018-01-12,False,,12/01/2018,synthetic,demo,2018-01-12,True,True,True,none,True
synthetic/s7/0104,date,date,mock-c,12/01/2018,2018-01-12,False,,12/01/2018,synthetic,demo,2018-01-12,True,True,True,none,True
synthetic/s7/0104,date,date,mock-d,12/01/2018,2018-01-12,False,line: 12/01/2018,12/01/2018,synthetic,demo,2018-01-12,True,True,True,none,True
synthetic/s7/0104,phone,phone,mock-a,05-411 2742,54112742,False,,05-411 2742,synthetic,demo,54112742,True,True,True,none,True
synthetic/s7/0104,phone,phone,mock-b,05-411 2742,54112742,False,,05-411 2742,synthetic,demo,54112742,True,True,True,none,True
synthetic/s7/0104,phone,phone,mock-c,05-411 2742,54112742,False,,05-411 2742,synthetic,demo,54112742,True,True,True,none,True
synthetic/s7/0104,phone,phone,mock-d,05-411 2742,54112742,False,line: 05-411 2742,05-411 2742,synthetic,demo,54112742,True,True,True,none,True
synthetic/s7/0104,tax,money,mock-a,1.75,1.75,False,,1.75,synthetic,demo,1.75,True,True,True,none,True
synthetic/s7/0104,tax,money,mock-b,1.72,1.72,False,,1.75,synthetic,demo,1.75,True,True,False,wrong_value,False
synthetic/s7/0104,tax,money,mock-c,1.95,1.95,False,,1.75,synthetic,demo,1.75,True,True,False,wrong_value,False
synthetic/s7/0104,tax,money,mock-d,1.75,1.75,False,line: 1.75,1.75,synthetic,demo,1.75,True,True,True,none,True
synthetic/s7/0104,total,money,mock-a,30.95,30.95,False,,30.95,synthetic,demo,30.95,True,True,True,none,True
synthetic/s7/0104,total,money,mock-b,30.95,30.95,False,,30.95,synthetic,demo,30.95,True,True,True,none,True
synthetic/s7/0104,total,money,mock-c,30.95,30.95,False,,30.95,synthetic,demo,30.95,True,True,True,none,True
synthetic/s7/0104,total,money,mock-d,30.95,30.95,False,line: 30.95,30.95,synthetic,demo,30.95,True,True,True,none,True
synthetic/s7/0105,address,address,mock-a,"NO. 31G&33G, JALAN SETIA INDAH X, U13/X, 40170 SETIA ALAM",no 31g and 33g jln setia indah x u13 x 40170 setia alam,False,,"NO. 31G&33G, JALAN SETIA INDAH X, U13/X, 40170 SETIA ALAM",synthetic,demo,no 31g and 33g jln setia indah x u13 x 40170 setia alam,True,True,True,none,True
synthetic/s7/0105,address,address,mock-b,"NO. 31G&33G, JALAN SETIA INDAH X, U13/X",no 31g and 33g jln setia indah x u13 x,False,,"NO. 31G&33G, JALAN SETIA INDAH X, U13/X, 40170 SETIA ALAM",synthetic,demo,no 31g and 33g jln setia indah x u13 x 40170 setia alam,True,True,False,wrong_value,False
synthetic/s7/0105,address,address,mock-c,"NO. 31G&33G, JALAN SETIA INDAH X, U13/X, 40170 SETIA ALAM",no 31g and 33g jln setia indah x u13 x 40170 setia alam,False,,"NO. 31G&33G, JALAN SETIA INDAH X, U13/X, 40170 SETIA ALAM",synthetic,demo,no 31g and 33g jln setia indah x u13 x 40170 setia alam,True,True,True,none,True
synthetic/s7/0105,address,address,mock-d,"NO. 31G&33G, JALAN SETIA INDAH X, U13/X, 40170 SETIA ALAM",no 31g and 33g jln setia indah x u13 x 40170 setia alam,False,"line: NO. 31G&33G, JALAN SETIA INDAH X, U13/X, 40170 SETIA ALAM","NO. 31G&33G, JALAN SETIA INDAH X, U13/X, 40170 SETIA ALAM",synthetic,demo,no 31g and 33g jln setia indah x u13 x 40170 setia alam,True,True,True,none,True
synthetic/s7/0105,company,org,mock-a,SANYU STATIONERY SHOP,sanyu stationery shop,False,,SANYU STATIONERY SHOP,synthetic,demo,sanyu stationery shop,True,True,True,none,True
synthetic/s7/0105,company,org,mock-b,SANYU STATIONERY SHOP,sanyu stationery shop,False,,SANYU STATIONERY SHOP,synthetic,demo,sanyu stationery shop,True,True,True,none,True
synthetic/s7/0105,company,org,mock-c,SANYU STATIONERY SHOP,sanyu stationery shop,False,,SANYU STATIONERY SHOP,synthetic,demo,sanyu stationery shop,True,True,True,none,True
synthetic/s7/0105,company,org,mock-d,SANYU STATIONERY SHOP,sanyu stationery shop,False,line: SANYU STATIONERY SHOP,SANYU STATIONERY SHOP,synthetic,demo,sanyu stationery shop,True,True,True,none,True
synthetic/s7/0105,date,date,mock-a,08/07/2019,2019-07-08,False,,08/07/2019,synthetic,demo,2019-07-08,True,True,True,none,True
synthetic/s7/0105,date,date,mock-b,08/07/2019,2019-07-08,False,,08/07/2019,synthetic,demo,2019-07-08,True,True,True,none,True
synthetic/s7/0105,date,date,mock-c,08/07/2019,2019-07-08,False,,08/07/2019,synthetic,demo,2019-07-08,True,True,True,none,True
synthetic/s7/0105,date,date,mock-d,08/07/2019,2019-07-08,False,line: 08/07/2019,08/07/2019,synthetic,demo,2019-07-08,True,True,True,none,True
synthetic/s7/0105,phone,phone,mock-a,04-114 4990,41144990,False,,04-114 4990,synthetic,demo,41144990,True,True,True,none,True
synthetic/s7/0105,phone,phone,mock-b,,,True,,04-114 4990,synthetic,demo,41144990,True,False,False,miss,False
synthetic/s7/0105,phone,phone,mock-c,04-114 4990,41144990,False,,04-114 4990,synthetic,demo,41144990,True,True,True,none,True
synthetic/s7/0105,phone,phone,mock-d,04-114 4990,41144990,False,line: 04-114 4990,04-114 4990,synthetic,demo,41144990,True,True,True,none,True
synthetic/s7/0105,tax,money,mock-a,,,True,,,synthetic,demo,,False,False,True,none,True
synthetic/s7/0105,tax,money,mock-b,5.30,5.30,False,,,synthetic,demo,,False,True,False,hallucination,False
synthetic/s7/0105,tax,money,mock-c,,,True,,,synthetic,demo,,False,False,True,none,True
synthetic/s7/0105,tax,money,mock-d,,,True,,,synthetic,demo,,False,False,True,none,True
synthetic/s7/0105,total,money,mock-a,3.10,3.10,False,,5.50,synthetic,demo,5.50,True,True,False,wrong_value,False
synthetic/s7/0105,total,money,mock-b,5.50,5.50,False,,5.50,synthetic,demo,5.50,True,True,True,none,True
synthetic/s7/0105,total,money,mock-c,5.50,5.50,False,,5.50,synthetic,demo,5.50,True,True,True,none,True
synthetic/s7/0105,total,money,mock-d,5.50,5.50,False,line: 5.50,5.50,synthetic,demo,5.50,True,True,True,none,True
synthetic/s7/0106,address,address,mock-a,"LOT P.T. 2811, JALAN ANGSANA, TAMAN MUTIARA RINI",lot p t 2811 jln angsana tmn mutiara rini,False,,"LOT P.T. 2811, JALAN ANGSANA, TAMAN MUTIARA RINI, 81300 SKUDAI",synthetic,demo,lot p t 2811 jln angsana tmn mutiara rini 81300 skudai,True,True,False,wrong_value,False
synthetic/s7/0106,address,address,mock-b,"LOT P.T. 2811, JALAN ANGSANA, TAMAN MUTIARA RINI",lot p t 2811 jln angsana tmn mutiara rini,False,,"LOT P.T. 2811, JALAN ANGSANA, TAMAN MUTIARA RINI, 81300 SKUDAI",synthetic,demo,lot p t 2811 jln angsana tmn mutiara rini 81300 skudai,True,True,False,wrong_value,False
synthetic/s7/0106,address,address,mock-c,"LOT P.T. 2811, JALAN ANGSANA, TAMAN MUTIARA RINI, 81300 SKUDAI",lot p t 2811 jln angsana tmn mutiara rini 81300 skudai,False,,"LOT P.T. 2811, JALAN ANGSANA, TAMAN MUTIARA RINI, 81300 SKUDAI",synthetic,demo,lot p t 2811 jln angsana tmn mutiara rini 81300 skudai,True,True,True,none,True
synthetic/s7/0106,address,address,mock-d,"LOT P.T. 2811, JALAN ANGSANA, TAMAN MUTIARA RINI, 81300 SKUDAI",lot p t 2811 jln angsana tmn mutiara rini 81300 skudai,False,"line: LOT P.T. 2811, JALAN ANGSANA, TAMAN MUTIARA RINI, 81300 SKUDAI","LOT P.T. 2811, JALAN ANGSANA, TAMAN MUTIARA RINI, 81300 SKUDAI",synthetic,demo,lot p t 2811 jln angsana tmn mutiara rini 81300 skudai,True,True,True,none,True
synthetic/s7/0106,company,org,mock-a,99 SPEED MART S/B,99 speed mart s b,False,,99 SPEED MART S/B,synthetic,demo,99 speed mart s b,True,True,True,none,True
synthetic/s7/0106,company,org,mock-b,99 SPEED MART S/B,99 speed mart s b,False,,99 SPEED MART S/B,synthetic,demo,99 speed mart s b,True,True,True,none,True
synthetic/s7/0106,company,org,mock-c,99 SPEED MART S/B,99 speed mart s b,False,,99 SPEED MART S/B,synthetic,demo,99 speed mart s b,True,True,True,none,True
synthetic/s7/0106,company,org,mock-d,99 SPEED MART S/B,99 speed mart s b,False,line: 99 SPEED MART S/B,99 SPEED MART S/B,synthetic,demo,99 speed mart s b,True,True,True,none,True
synthetic/s7/0106,date,date,mock-a,04/02/2018,2018-02-04,False,,04/02/2018,synthetic,demo,2018-02-04,True,True,True,none,True
synthetic/s7/0106,date,date,mock-b,04/02/2018,2018-02-04,False,,04/02/2018,synthetic,demo,2018-02-04,True,True,True,none,True
synthetic/s7/0106,date,date,mock-c,04/02/2018,2018-02-04,False,,04/02/2018,synthetic,demo,2018-02-04,True,True,True,none,True
synthetic/s7/0106,date,date,mock-d,04/02/2018,2018-02-04,False,line: 04/02/2018,04/02/2018,synthetic,demo,2018-02-04,True,True,True,none,True
synthetic/s7/0106,phone,phone,mock-a,19-675 6739,96756739,False,,09-675 6739,synthetic,demo,96756739,True,True,True,none,True
synthetic/s7/0106,phone,phone,mock-b,09-675 6739,96756739,False,,09-675 6739,synthetic,demo,96756739,True,True,True,none,True
synthetic/s7/0106,phone,phone,mock-c,09-675 6739,96756739,False,,09-675 6739,synthetic,demo,96756739,True,True,True,none,True
synthetic/s7/0106,phone,phone,mock-d,,,True,,09-675 6739,synthetic,demo,96756739,True,False,False,miss,False
synthetic/s7/0106,tax,money,mock-a,,,True,,,synthetic,demo,,False,False,True,none,True
synthetic/s7/0106,tax,money,mock-b,5.30,5.30,False,,,synthetic,demo,,False,True,False,hallucination,False
synthetic/s7/0106,tax,money,mock-c,,,True,,,synthetic,demo,,False,False,True,none,True
synthetic/s7/0106,tax,money,mock-d,,,True,,,synthetic,demo,,False,False,True,none,True
synthetic/s7/0106,total,money,mock-a,28.50,28.50,False,,28.50,synthetic,demo,28.50,True,True,True,none,True
synthetic/s7/0106,total,money,mock-b,,,True,,28.50,synthetic,demo,28.50,True,False,False,miss,False
synthetic/s7/0106,total,money,mock-c,28.50,28.50,False,,28.50,synthetic,demo,28.50,True,True,True,none,True
synthetic/s7/0106,total,money,mock-d,28.50,28.50,False,line: 28.50,28.50,synthetic,demo,28.50,True,True,True,none,True
synthetic/s7/0107,address,address,mock-a,"LOT 276 JALAN BANTING, 43800 DENGKIL, SELANGOR",lot 276 jln banting 43800 dengkil selangor,False,,"LOT 276 JALAN BANTING, 43800 DENGKIL, SELANGOR",synthetic,demo,lot 276 jln banting 43800 dengkil selangor,True,True,True,none,True
synthetic/s7/0107,address,address,mock-b,"LOT 276 JALAN BANTING, 43800 DENGKIL, SELANGOR",lot 276 jln banting 43800 dengkil selangor,False,,"LOT 276 JALAN BANTING, 43800 DENGKIL, SELANGOR",synthetic,demo,lot 276 jln banting 43800 dengkil selangor,True,True,True,none,True
synthetic/s7/0107,address,address,mock-c,"LOT 276 JALAN BANTING, 43800 DENGKIL, SELANGOR",lot 276 jln banting 43800 dengkil selangor,False,,"LOT 276 JALAN BANTING, 43800 DENGKIL, SELANGOR",synthetic,demo,lot 276 jln banting 43800 dengkil selangor,True,True,True,none,True
synthetic/s7/0107,address,address,mock-d,"LOT 276 JALAN BANTING, 43800 DENGKIL, SELANGOR",lot 276 jln banting 43800 dengkil selangor,False,"line: LOT 276 JALAN BANTING, 43800 DENGKIL, SELANGOR","LOT 276 JALAN BANTING, 43800 DENGKIL, SELANGOR",synthetic,demo,lot 276 jln banting 43800 dengkil selangor,True,True,True,none,True
synthetic/s7/0107,company,org,mock-a,KEDAI PAPAN YEW CHUAN,kedai papan yew chuan,False,,KEDAI PAPAN YEW CHUAN,synthetic,demo,kedai papan yew chuan,True,True,True,none,True
synthetic/s7/0107,company,org,mock-b,KEDAI PAPAN YEW CHUAN,kedai papan yew chuan,False,,KEDAI PAPAN YEW CHUAN,synthetic,demo,kedai papan yew chuan,True,True,True,none,True
synthetic/s7/0107,company,org,mock-c,KEDAI PAPAN YEW CHUAN,kedai papan yew chuan,False,,KEDAI PAPAN YEW CHUAN,synthetic,demo,kedai papan yew chuan,True,True,True,none,True
synthetic/s7/0107,company,org,mock-d,KEDAI PAPAN YEW CHUAN,kedai papan yew chuan,False,line: KEDAI PAPAN YEW CHUAN,KEDAI PAPAN YEW CHUAN,synthetic,demo,kedai papan yew chuan,True,True,True,none,True
synthetic/s7/0107,date,date,mock-a,10/15/2019,2019-10-15,False,,15/10/2019,synthetic,demo,2019-10-15,True,True,True,none,True
synthetic/s7/0107,date,date,mock-b,15/10/2019,2019-10-15,False,,15/10/2019,synthetic,demo,2019-10-15,True,True,True,none,True
synthetic/s7/0107,date,date,mock-c,15/10/2019,2019-10-15,False,,15/10/2019,synthetic,demo,2019-10-15,True,True,True,none,True
synthetic/s7/0107,date,date,mock-d,15/10/2019,2019-10-15,False,line: 15/10/2019,15/10/2019,synthetic,demo,2019-10-15,True,True,True,none,True
synthetic/s7/0107,phone,phone,mock-a,06-290 4893,62904893,False,,06-290 4893,synthetic,demo,62904893,True,True,True,none,True
synthetic/s7/0107,phone,phone,mock-b,36-290 4893,362904893,False,,06-290 4893,synthetic,demo,62904893,True,True,False,wrong_value,False
synthetic/s7/0107,phone,phone,mock-c,06-290 4893,62904893,False,,06-290 4893,synthetic,demo,62904893,True,True,True,none,True
synthetic/s7/0107,phone,phone,mock-d,46-290 4893,462904893,False,line: 46-290 4893,06-290 4893,synthetic,demo,62904893,True,True,False,wrong_value,False
synthetic/s7/0107,tax,money,mock-a,0.23,0.23,False,,0.23,synthetic,demo,0.23,True,True,True,none,True
synthetic/s7/0107,tax,money,mock-b,0.26,0.26,False,,0.23,synthetic,demo,0.23,True,True,False,wrong_value,False
synthetic/s7/0107,tax,money,mock-c,0.23,0.23,False,,0.23,synthetic,demo,0.23,True,True,True,none,True
synthetic/s7/0107,tax,money,mock-d,0.23,0.23,False,line: 0.23,0.23,synthetic,demo,0.23,True,True,True,none,True
synthetic/s7/0107,total,money,mock-a,4.03,4.03,False,,4.03,synthetic,demo,4.03,True,True,True,none,True
synthetic/s7/0107,total,money,mock-b,1.63,1.63,False,,4.03,synthetic,demo,4.03,True,True,False,wrong_value,False
synthetic/s7/0107,total,money,mock-c,4.03,4.03,False,,4.03,synthetic,demo,4.03,True,True,True,none,True
synthetic/s7/0107,total,money,mock-d,4.03,4.03,False,line: 4.03,4.03,synthetic,demo,4.03,True,True,True,none,True
synthetic/s7/0108,address,address,mock-a,"NO 2 & 4, JALAN BAYU 4, BANDAR SERI ALAM, 81750 MASAI",no 2 and 4 jln bayu 4 bdr seri alam 81750 masai,False,,"NO 2 & 4, JALAN BAYU 4, BANDAR SERI ALAM, 81750 MASAI, JOHOR",synthetic,demo,no 2 and 4 jln bayu 4 bdr seri alam 81750 masai johor,True,True,False,wrong_value,False
synthetic/s7/0108,address,address,mock-b,"NO 2 & 4, JALAN BAYU 4, BANDAR SERI ALAM, 81750 MASAI, JOHOR",no 2 and 4 jln bayu 4 bdr seri alam 81750 masai johor,False,,"NO 2 & 4, JALAN BAYU 4, BANDAR SERI ALAM, 81750 MASAI, JOHOR",synthetic,demo,no 2 and 4 jln bayu 4 bdr seri alam 81750 masai johor,True,True,True,none,True
synthetic/s7/0108,address,address,mock-c,"NO 2 & 4, JALAN BAYU 4, BANDAR SERI ALAM, 81750 MASAI, JOHOR",no 2 and 4 jln bayu 4 bdr seri alam 81750 masai johor,False,,"NO 2 & 4, JALAN BAYU 4, BANDAR SERI ALAM, 81750 MASAI, JOHOR",synthetic,demo,no 2 and 4 jln bayu 4 bdr seri alam 81750 masai johor,True,True,True,none,True
synthetic/s7/0108,address,address,mock-d,,,True,,"NO 2 & 4, JALAN BAYU 4, BANDAR SERI ALAM, 81750 MASAI, JOHOR",synthetic,demo,no 2 and 4 jln bayu 4 bdr seri alam 81750 masai johor,True,False,False,miss,False
synthetic/s7/0108,company,org,mock-a,OJC MARKETING SDN BHD,ojc marketing,False,,OJC MARKETING SDN BHD,synthetic,demo,ojc marketing,True,True,True,none,True
synthetic/s7/0108,company,org,mock-b,OJC MARKETING SDN BHD,ojc marketing,False,,OJC MARKETING SDN BHD,synthetic,demo,ojc marketing,True,True,True,none,True
synthetic/s7/0108,company,org,mock-c,OJC MARKETING SDN BHD,ojc marketing,False,,OJC MARKETING SDN BHD,synthetic,demo,ojc marketing,True,True,True,none,True
synthetic/s7/0108,company,org,mock-d,OJC MARKETING SDN BHD,ojc marketing,False,line: OJC MARKETING SDN BHD,OJC MARKETING SDN BHD,synthetic,demo,ojc marketing,True,True,True,none,True
synthetic/s7/0108,date,date,mock-a,,,True,,01/10/2018,synthetic,demo,2018-10-01,True,False,False,miss,False
synthetic/s7/0108,date,date,mock-b,01/10/2018,2018-10-01,False,,01/10/2018,synthetic,demo,2018-10-01,True,True,True,none,True
synthetic/s7/0108,date,date,mock-c,01/10/2018,2018-10-01,False,,01/10/2018,synthetic,demo,2018-10-01,True,True,True,none,True
synthetic/s7/0108,date,date,mock-d,01/10/2018,2018-10-01,False,line: 01/10/2018,01/10/2018,synthetic,demo,2018-10-01,True,True,True,none,True
synthetic/s7/0108,phone,phone,mock-a,,,True,,,synthetic,demo,,False,False,True,none,True
synthetic/s7/0108,phone,phone,mock-b,,,True,,,synthetic,demo,,False,False,True,none,True
synthetic/s7/0108,phone,phone,mock-c,,,True,,,synthetic,demo,,False,False,True,none,True
synthetic/s7/0108,phone,phone,mock-d,,,True,,,synthetic,demo,,False,False,True,none,True
synthetic/s7/0108,tax,money,mock-a,2.06,2.06,False,,2.06,synthetic,demo,2.06,True,True,True,none,True
synthetic/s7/0108,tax,money,mock-b,2.06,2.06,False,,2.06,synthetic,demo,2.06,True,True,True,none,True
synthetic/s7/0108,tax,money,mock-c,1.46,1.46,False,,2.06,synthetic,demo,2.06,True,True,False,wrong_value,False
synthetic/s7/0108,tax,money,mock-d,2.06,2.06,False,line: 2.06,2.06,synthetic,demo,2.06,True,True,True,none,True
synthetic/s7/0108,total,money,mock-a,36.36,36.36,False,,36.36,synthetic,demo,36.36,True,True,True,none,True
synthetic/s7/0108,total,money,mock-b,36.36,36.36,False,,36.36,synthetic,demo,36.36,True,True,True,none,True
synthetic/s7/0108,total,money,mock-c,36.36,36.36,False,,36.36,synthetic,demo,36.36,True,True,True,none,True
synthetic/s7/0108,total,money,mock-d,36.36,36.36,False,line: 36.36,36.36,synthetic,demo,36.36,True,True,True,none,True
synthetic/s7/0109,address,address,mock-a,"NO.59 JALAN PERMAS 9/5, BANDAR BARU PERMAS JAYA, 81750 JOHOR BAHRU",no 59 jln permas 9 5 bdr baru permas jaya 81750 johor bahru,False,,"NO.59 JALAN PERMAS 9/5, BANDAR BARU PERMAS JAYA, 81750 JOHOR BAHRU",synthetic,demo,no 59 jln permas 9 5 bdr baru permas jaya 81750 johor bahru,True,True,True,none,True
synthetic/s7/0109,address,address,mock-b,"NO.59 JALAN PERMAS 9/5, BANDAR BARU PERMAS JAYA",no 59 jln permas 9 5 bdr baru permas jaya,False,,"NO.59 JALAN PERMAS 9/5, BANDAR BARU PERMAS JAYA, 81750 JOHOR BAHRU",synthetic,demo,no 59 jln permas 9 5 bdr baru permas jaya 81750 johor bahru,True,True,False,wrong_value,False
synthetic/s7/0109,address,address,mock-c,"NO.59 JALAN PERMAS 9/5, BANDAR BARU PERMAS JAYA, 81750 JOHOR BAHRU",no 59 jln permas 9 5 bdr baru permas jaya 81750 johor bahru,False,,"NO.59 JALAN PERMAS 9/5, BANDAR BARU PERMAS JAYA, 81750 JOHOR BAHRU",synthetic,demo,no 59 jln permas 9 5 bdr baru permas jaya 81750 johor bahru,True,True,True,none,True
synthetic/s7/0109,address,address,mock-d,"NO.59 JALAN PERMAS 9/5, BANDAR BARU PERMAS JAYA",no 59 jln permas 9 5 bdr baru permas jaya,False,"line: NO.59 JALAN PERMAS 9/5, BANDAR BARU PERMAS JAYA","NO.59 JALAN PERMAS 9/5, BANDAR BARU PERMAS JAYA, 81750 JOHOR BAHRU",synthetic,demo,no 59 jln permas 9 5 bdr baru permas jaya 81750 johor bahru,True,True,False,wrong_value,False
synthetic/s7/0109,company,org,mock-a,PERNIAGAAN ZHENG HUI,perniagaan zheng hui,False,,PERNIAGAAN ZHENG HUI,synthetic,demo,perniagaan zheng hui,True,True,True,none,True
synthetic/s7/0109,company,org,mock-b,PERNIAGAAN ZHENG HUI,perniagaan zheng hui,False,,PERNIAGAAN ZHENG HUI,synthetic,demo,perniagaan zheng hui,True,True,True,none,True
synthetic/s7/0109,company,org,mock-c,PERNIAGAAN ZHENG HUI,perniagaan zheng hui,False,,PERNIAGAAN ZHENG HUI,synthetic,demo,perniagaan zheng hui,True,True,True,none,True
synthetic/s7/0109,company,org,mock-d,PERNIAGAAN ZHENG HUI,perniagaan zheng hui,False,line: PERNIAGAAN ZHENG HUI,PERNIAGAAN ZHENG HUI,synthetic,demo,perniagaan zheng hui,True,True,True,none,True
synthetic/s7/0109,date,date,mock-a,10/27/2018,2018-10-27,False,,27/10/2018,synthetic,demo,2018-10-27,True,True,True,none,True
synthetic/s7/0109,date,date,mock-b,27/10/2018,2018-10-27,False,,27/10/2018,synthetic,demo,2018-10-27,True,True,True,none,True
synthetic/s7/0109,date,date,mock-c,27/10/2018,2018-10-27,False,,27/10/2018,synthetic,demo,2018-10-27,True,True,True,none,True
synthetic/s7/0109,date,date,mock-d,27/10/2018,2018-10-27,False,line: 27/10/2018,27/10/2018,synthetic,demo,2018-10-27,True,True,True,none,True
synthetic/s7/0109,phone,phone,mock-a,03-1234 5678,312345678,False,,,synthetic,demo,,False,True,False,hallucination,False
synthetic/s7/0109,phone,phone,mock-b,,,True,,,synthetic,demo,,False,False,True,none,True
synthetic/s7/0109,phone,phone,mock-c,,,True,,,synthetic,demo,,False,False,True,none,True
synthetic/s7/0109,phone,phone,mock-d,,,True,,,synthetic,demo,,False,False,True,none,True
synthetic/s7/0109,tax,money,mock-a,,,True,,1.99,synthetic,demo,1.99,True,False,False,miss,False
synthetic/s7/0109,tax,money,mock-b,1.99,1.99,False,,1.99,synthetic,demo,1.99,True,True,True,none,True
synthetic/s7/0109,tax,money,mock-c,1.99,1.99,False,,1.99,synthetic,demo,1.99,True,True,True,none,True
synthetic/s7/0109,tax,money,mock-d,1.99,1.99,False,line: 1.99,1.99,synthetic,demo,1.99,True,True,True,none,True
synthetic/s7/0109,total,money,mock-a,35.19,35.19,False,,35.19,synthetic,demo,35.19,True,True,True,none,True
synthetic/s7/0109,total,money,mock-b,35.19,35.19,False,,35.19,synthetic,demo,35.19,True,True,True,none,True
synthetic/s7/0109,total,money,mock-c,35.19,35.19,False,,35.19,synthetic,demo,35.19,True,True,True,none,True
synthetic/s7/0109,total,money,mock-d,35.19,35.19,False,line: 35.19,35.19,synthetic,demo,35.19,True,True,True,none,True
synthetic/s7/0110,address,address,mock-a,"LOT 3, JALAN PELABUR 23/1, 40300 SHAH ALAM, SELANGOR",lot 3 jln pelabur 23 1 40300 shah alam selangor,False,,"LOT 3, JALAN PELABUR 23/1, 40300 SHAH ALAM, SELANGOR",synthetic,demo,lot 3 jln pelabur 23 1 40300 shah alam selangor,True,True,True,none,True
synthetic/s7/0110,address,address,mock-b,"LOT 3, JALAN PELABUR 23/1, 40300 SHAH ALAM, SELANGOR",lot 3 jln pelabur 23 1 40300 shah alam selangor,False,,"LOT 3, JALAN PELABUR 23/1, 40300 SHAH ALAM, SELANGOR",synthetic,demo,lot 3 jln pelabur 23 1 40300 shah alam selangor,True,True,True,none,True
synthetic/s7/0110,address,address,mock-c,"LOT 3, JALAN PELABUR 23/1, 40300 SHAH ALAM, SELANGOR",lot 3 jln pelabur 23 1 40300 shah alam selangor,False,,"LOT 3, JALAN PELABUR 23/1, 40300 SHAH ALAM, SELANGOR",synthetic,demo,lot 3 jln pelabur 23 1 40300 shah alam selangor,True,True,True,none,True
synthetic/s7/0110,address,address,mock-d,"LOT 3, JALAN PELABUR 23/1, 40300 SHAH ALAM, SELANGOR",lot 3 jln pelabur 23 1 40300 shah alam selangor,False,"line: LOT 3, JALAN PELABUR 23/1, 40300 SHAH ALAM, SELANGOR","LOT 3, JALAN PELABUR 23/1, 40300 SHAH ALAM, SELANGOR",synthetic,demo,lot 3 jln pelabur 23 1 40300 shah alam selangor,True,True,True,none,True
synthetic/s7/0110,company,org,mock-a,GARDENIA BAKERIES (KL) SDN BHD,gardenia bakeries kl,False,,GARDENIA BAKERIES (KL) SDN BHD,synthetic,demo,gardenia bakeries kl,True,True,True,none,True
synthetic/s7/0110,company,org,mock-b,GARDENIA BAKERIES (KL) SDN BHD,gardenia bakeries kl,False,,GARDENIA BAKERIES (KL) SDN BHD,synthetic,demo,gardenia bakeries kl,True,True,True,none,True
synthetic/s7/0110,company,org,mock-c,GARDENIA BAKERIES (KL) SDN BHD,gardenia bakeries kl,False,,GARDENIA BAKERIES (KL) SDN BHD,synthetic,demo,gardenia bakeries kl,True,True,True,none,True
synthetic/s7/0110,company,org,mock-d,GARDENIA BAKERIES (KL) SDN BHD,gardenia bakeries kl,False,line: GARDENIA BAKERIES (KL) SDN BHD,GARDENIA BAKERIES (KL) SDN BHD,synthetic,demo,gardenia bakeries kl,True,True,True,none,True
synthetic/s7/0110,date,date,mock-a,01/07/2019,2019-07-01,False,,01/07/2019,synthetic,demo,2019-07-01,True,True,True,none,True
synthetic/s7/0110,date,date,mock-b,01/07/2019,2019-07-01,False,,01/07/2019,synthetic,demo,2019-07-01,True,True,True,none,True
synthetic/s7/0110,date,date,mock-c,01/07/2019,2019-07-01,False,,01/07/2019,synthetic,demo,2019-07-01,True,True,True,none,True
synthetic/s7/0110,date,date,mock-d,01/07/2019,2019-07-01,False,line: 01/07/2019,01/07/2019,synthetic,demo,2019-07-01,True,True,True,none,True
synthetic/s7/0110,phone,phone,mock-a,,,True,,,synthetic,demo,,False,False,True,none,True
synthetic/s7/0110,phone,phone,mock-b,,,True,,,synthetic,demo,,False,False,True,none,True
synthetic/s7/0110,phone,phone,mock-c,,,True,,,synthetic,demo,,False,False,True,none,True
synthetic/s7/0110,phone,phone,mock-d,,,True,,,synthetic,demo,,False,False,True,none,True
synthetic/s7/0110,tax,money,mock-a,3.33,3.33,False,,3.33,synthetic,demo,3.33,True,True,True,none,True
synthetic/s7/0110,tax,money,mock-b,3.33,3.33,False,,3.33,synthetic,demo,3.33,True,True,True,none,True
synthetic/s7/0110,tax,money,mock-c,3.33,3.33,False,,3.33,synthetic,demo,3.33,True,True,True,none,True
synthetic/s7/0110,tax,money,mock-d,3.33,3.33,False,line: 3.33,3.33,synthetic,demo,3.33,True,True,True,none,True
synthetic/s7/0110,total,money,mock-a,58.83,58.83,False,,58.83,synthetic,demo,58.83,True,True,True,none,True
synthetic/s7/0110,total,money,mock-b,58.83,58.83,False,,58.83,synthetic,demo,58.83,True,True,True,none,True
synthetic/s7/0110,total,money,mock-c,58.83,58.83,False,,58.83,synthetic,demo,58.83,True,True,True,none,True
synthetic/s7/0110,total,money,mock-d,58.83,58.83,False,line: 58.83,58.83,synthetic,demo,58.83,True,True,True,none,True
synthetic/s7/0111,address,address,mock-a,"NO. 31G&33G, JALAN SETIA INDAH X, U13/X, 40170 SETIA ALAM",no 31g and 33g jln setia indah x u13 x 40170 setia alam,False,,"NO. 31G&33G, JALAN SETIA INDAH X, U13/X, 40170 SETIA ALAM",synthetic,demo,no 31g and 33g jln setia indah x u13 x 40170 setia alam,True,True,True,none,True
synthetic/s7/0111,address,address,mock-b,"NO. 31G&33G, JALAN SETIA INDAH X, U13/X, 40170 SETIA ALAM",no 31g and 33g jln setia indah x u13 x 40170 setia alam,False,,"NO. 31G&33G, JALAN SETIA INDAH X, U13/X, 40170 SETIA ALAM",synthetic,demo,no 31g and 33g jln setia indah x u13 x 40170 setia alam,True,True,True,none,True
synthetic/s7/0111,address,address,mock-c,"NO. 31G&33G, JALAN SETIA INDAH X, U13/X, 40170 SETIA ALAM",no 31g and 33g jln setia indah x u13 x 40170 setia alam,False,,"NO. 31G&33G, JALAN SETIA INDAH X, U13/X, 40170 SETIA ALAM",synthetic,demo,no 31g and 33g jln setia indah x u13 x 40170 setia alam,True,True,True,none,True
synthetic/s7/0111,address,address,mock-d,"NO. 31G&33G, JALAN SETIA INDAH X, U13/X, 40170 SETIA ALAM",no 31g and 33g jln setia indah x u13 x 40170 setia alam,False,"line: NO. 31G&33G, JALAN SETIA INDAH X, U13/X, 40170 SETIA ALAM","NO. 31G&33G, JALAN SETIA INDAH X, U13/X, 40170 SETIA ALAM",synthetic,demo,no 31g and 33g jln setia indah x u13 x 40170 setia alam,True,True,True,none,True
synthetic/s7/0111,company,org,mock-a,SANYU STATIONERY SHOP,sanyu stationery shop,False,,SANYU STATIONERY SHOP,synthetic,demo,sanyu stationery shop,True,True,True,none,True
synthetic/s7/0111,company,org,mock-b,SANYU STATIONERY SHOP,sanyu stationery shop,False,,SANYU STATIONERY SHOP,synthetic,demo,sanyu stationery shop,True,True,True,none,True
synthetic/s7/0111,company,org,mock-c,SANYU STATIONERY SHOP,sanyu stationery shop,False,,SANYU STATIONERY SHOP,synthetic,demo,sanyu stationery shop,True,True,True,none,True
synthetic/s7/0111,company,org,mock-d,SANYU STATIONERY SHOP,sanyu stationery shop,False,line: SANYU STATIONERY SHOP,SANYU STATIONERY SHOP,synthetic,demo,sanyu stationery shop,True,True,True,none,True
synthetic/s7/0111,date,date,mock-a,02/02/2019,2019-02-02,False,,02/02/2019,synthetic,demo,2019-02-02,True,True,True,none,True
synthetic/s7/0111,date,date,mock-b,02/02/2019,2019-02-02,False,,02/02/2019,synthetic,demo,2019-02-02,True,True,True,none,True
synthetic/s7/0111,date,date,mock-c,02/02/2019,2019-02-02,False,,02/02/2019,synthetic,demo,2019-02-02,True,True,True,none,True
synthetic/s7/0111,date,date,mock-d,02/02/2019,2019-02-02,False,line: 02/02/2019,02/02/2019,synthetic,demo,2019-02-02,True,True,True,none,True
synthetic/s7/0111,phone,phone,mock-a,49-635 5346,496355346,False,,09-635 5346,synthetic,demo,96355346,True,True,False,wrong_value,False
synthetic/s7/0111,phone,phone,mock-b,49-635 5346,496355346,False,,09-635 5346,synthetic,demo,96355346,True,True,False,wrong_value,False
synthetic/s7/0111,phone,phone,mock-c,49-635 5346,496355346,False,,09-635 5346,synthetic,demo,96355346,True,True,False,wrong_value,False
synthetic/s7/0111,phone,phone,mock-d,49-635 5346,496355346,False,line: 49-635 5346,09-635 5346,synthetic,demo,96355346,True,True,False,wrong_value,False
synthetic/s7/0111,tax,money,mock-a,,,True,,,synthetic,demo,,False,False,True,none,True
synthetic/s7/0111,tax,money,mock-b,,,True,,,synthetic,demo,,False,False,True,none,True
synthetic/s7/0111,tax,money,mock-c,,,True,,,synthetic,demo,,False,False,True,none,True
synthetic/s7/0111,tax,money,mock-d,,,True,,,synthetic,demo,,False,False,True,none,True
synthetic/s7/0111,total,money,mock-a,21.80,21.80,False,,21.80,synthetic,demo,21.80,True,True,True,none,True
synthetic/s7/0111,total,money,mock-b,21.80,21.80,False,,21.80,synthetic,demo,21.80,True,True,True,none,True
synthetic/s7/0111,total,money,mock-c,21.80,21.80,False,,21.80,synthetic,demo,21.80,True,True,True,none,True
synthetic/s7/0111,total,money,mock-d,,,True,,21.80,synthetic,demo,21.80,True,False,False,miss,False
synthetic/s7/0112,address,address,mock-a,"LOT P.T. 2811, JALAN ANGSANA, TAMAN MUTIARA RINI, 81300 SKUDAI",lot p t 2811 jln angsana tmn mutiara rini 81300 skudai,False,,"LOT P.T. 2811, JALAN ANGSANA, TAMAN MUTIARA RINI, 81300 SKUDAI",synthetic,demo,lot p t 2811 jln angsana tmn mutiara rini 81300 skudai,True,True,True,none,True
synthetic/s7/0112,address,address,mock-b,"LOT P.T. 2811, JALAN ANGSANA, TAMAN MUTIARA RINI, 81300 SKUDAI",lot p t 2811 jln angsana tmn mutiara rini 81300 skudai,False,,"LOT P.T. 2811, JALAN ANGSANA, TAMAN MUTIARA RINI, 81300 SKUDAI",synthetic,demo,lot p t 2811 jln angsana tmn mutiara rini 81300 skudai,True,True,True,none,True
synthetic/s7/0112,address,address,mock-c,"LOT P.T. 2811, JALAN ANGSANA, TAMAN MUTIARA RINI, 81300 SKUDAI",lot p t 2811 jln angsana tmn mutiara rini 81300 skudai,False,,"LOT P.T. 2811, JALAN ANGSANA, TAMAN MUTIARA RINI, 81300 SKUDAI",synthetic,demo,lot p t 2811 jln angsana tmn mutiara rini 81300 skudai,True,True,True,none,True
synthetic/s7/0112,address,address,mock-d,,,True,,"LOT P.T. 2811, JALAN ANGSANA, TAMAN MUTIARA RINI, 81300 SKUDAI",synthetic,demo,lot p t 2811 jln angsana tmn mutiara rini 81300 skudai,True,False,False,miss,False
synthetic/s7/0112,company,org,mock-a,99 SPEED MART S/B,99 speed mart s b,False,,99 SPEED MART S/B,synthetic,demo,99 speed mart s b,True,True,True,none,True
synthetic/s7/0112,company,org,mock-b,99 SPEED MART S/B,99 speed mart s b,False,,99 SPEED MART S/B,synthetic,demo,99 speed mart s b,True,True,True,none,True
synthetic/s7/0112,company,org,mock-c,99 SPEED MART,99 speed mart,False,,99 SPEED MART S/B,synthetic,demo,99 speed mart s b,True,True,False,wrong_value,False
synthetic/s7/0112,company,org,mock-d,99 SPEED MART S/B,99 speed mart s b,False,line: 99 SPEED MART S/B,99 SPEED MART S/B,synthetic,demo,99 speed mart s b,True,True,True,none,True
synthetic/s7/0112,date,date,mock-a,09/03/2018,2018-03-09,False,,03/09/2018,synthetic,demo,2018-09-03,True,True,False,wrong_value,False
synthetic/s7/0112,date,date,mock-b,09/03/2018,2018-03-09,False,,03/09/2018,synthetic,demo,2018-09-03,True,True,False,wrong_value,False
synthetic/s7/0112,date,date,mock-c,09/03/2018,2018-03-09,False,,03/09/2018,synthetic,demo,2018-09-03,True,True,False,wrong_value,False
synthetic/s7/0112,date,date,mock-d,09/03/2018,2018-03-09,False,line: 09/03/2018,03/09/2018,synthetic,demo,2018-09-03,True,True,False,wrong_value,False
synthetic/s7/0112,phone,phone,mock-a,04-864 6355,48646355,False,,04-864 6355,synthetic,demo,48646355,True,True,True,none,True
synthetic/s7/0112,phone,phone,mock-b,04-864 6355,48646355,False,,04-864 6355,synthetic,demo,48646355,True,True,True,none,True
synthetic/s7/0112,phone,phone,mock-c,04-864 6355,48646355,False,,04-864 6355,synthetic,demo,48646355,True,True,True,none,True
synthetic/s7/0112,phone,phone,mock-d,04-864 6355,48646355,False,line: 04-864 6355,04-864 6355,synthetic,demo,48646355,True,True,True,none,True
synthetic/s7/0112,tax,money,mock-a,,,True,,,synthetic,demo,,False,False,True,none,True
synthetic/s7/0112,tax,money,mock-b,10.00,10.00,False,,,synthetic,demo,,False,True,False,hallucination,False
synthetic/s7/0112,tax,money,mock-c,,,True,,,synthetic,demo,,False,False,True,none,True
synthetic/s7/0112,tax,money,mock-d,,,True,,,synthetic,demo,,False,False,True,none,True
synthetic/s7/0112,total,money,mock-a,19.40,19.40,False,,19.40,synthetic,demo,19.40,True,True,True,none,True
synthetic/s7/0112,total,money,mock-b,17.00,17.00,False,,19.40,synthetic,demo,19.40,True,True,False,wrong_value,False
synthetic/s7/0112,total,money,mock-c,19.40,19.40,False,,19.40,synthetic,demo,19.40,True,True,True,none,True
synthetic/s7/0112,total,money,mock-d,19.40,19.40,False,line: 19.40,19.40,synthetic,demo,19.40,True,True,True,none,True
synthetic/s7/0113,address,address,mock-a,"LOT 276 JALAN BANTING, 43800 DENGKIL",lot 276 jln banting 43800 dengkil,False,,"LOT 276 JALAN BANTING, 43800 DENGKIL, SELANGOR",synthetic,demo,lot 276 jln banting 43800 dengkil selangor,True,True,False,wrong_value,False
synthetic/s7/0113,address,address,mock-b,"LOT 276 JALAN BANTING, 43800 DENGKIL, SELANGOR",lot 276 jln banting 43800 dengkil selangor,False,,"LOT 276 JALAN BANTING, 43800 DENGKIL, SELANGOR",synthetic,demo,lot 276 jln banting 43800 dengkil selangor,True,True,True,none,True
synthetic/s7/0113,address,address,mock-c,"LOT 276 JALAN BANTING, 43800 DENGKIL, SELANGOR",lot 276 jln banting 43800 dengkil selangor,False,,"LOT 276 JALAN BANTING, 43800 DENGKIL, SELANGOR",synthetic,demo,lot 276 jln banting 43800 dengkil selangor,True,True,True,none,True
synthetic/s7/0113,address,address,mock-d,"LOT 276 JALAN BANTING, 43800 DENGKIL, SELANGOR",lot 276 jln banting 43800 dengkil selangor,False,"line: LOT 276 JALAN BANTING, 43800 DENGKIL, SELANGOR","LOT 276 JALAN BANTING, 43800 DENGKIL, SELANGOR",synthetic,demo,lot 276 jln banting 43800 dengkil selangor,True,True,True,none,True
synthetic/s7/0113,company,org,mock-a,KEDAI PAPAN YEW,kedai papan yew,False,,KEDAI PAPAN YEW CHUAN,synthetic,demo,kedai papan yew chuan,True,True,False,wrong_value,False
synthetic/s7/0113,company,org,mock-b,KEDAI PAPAN YEW CHUAN,kedai papan yew chuan,False,,KEDAI PAPAN YEW CHUAN,synthetic,demo,kedai papan yew chuan,True,True,True,none,True
synthetic/s7/0113,company,org,mock-c,KEDAI PAPAN YEW CHUAN,kedai papan yew chuan,False,,KEDAI PAPAN YEW CHUAN,synthetic,demo,kedai papan yew chuan,True,True,True,none,True
synthetic/s7/0113,company,org,mock-d,,,True,,KEDAI PAPAN YEW CHUAN,synthetic,demo,kedai papan yew chuan,True,False,False,miss,False
synthetic/s7/0113,date,date,mock-a,20/04/2019,2019-04-20,False,,20/04/2019,synthetic,demo,2019-04-20,True,True,True,none,True
synthetic/s7/0113,date,date,mock-b,20/04/2019,2019-04-20,False,,20/04/2019,synthetic,demo,2019-04-20,True,True,True,none,True
synthetic/s7/0113,date,date,mock-c,20/04/2019,2019-04-20,False,,20/04/2019,synthetic,demo,2019-04-20,True,True,True,none,True
synthetic/s7/0113,date,date,mock-d,20/04/2019,2019-04-20,False,line: 20/04/2019,20/04/2019,synthetic,demo,2019-04-20,True,True,True,none,True
synthetic/s7/0113,phone,phone,mock-a,58-339 6042,583396042,False,,08-339 6042,synthetic,demo,83396042,True,True,False,wrong_value,False
synthetic/s7/0113,phone,phone,mock-b,08-339 6042,83396042,False,,08-339 6042,synthetic,demo,83396042,True,True,True,none,True
synthetic/s7/0113,phone,phone,mock-c,08-339 6042,83396042,False,,08-339 6042,synthetic,demo,83396042,True,True,True,none,True
synthetic/s7/0113,phone,phone,mock-d,08-339 6042,83396042,False,line: 08-339 6042,08-339 6042,synthetic,demo,83396042,True,True,True,none,True
synthetic/s7/0113,tax,money,mock-a,,,True,,,synthetic,demo,,False,False,True,none,True
synthetic/s7/0113,tax,money,mock-b,,,True,,,synthetic,demo,,False,False,True,none,True
synthetic/s7/0113,tax,money,mock-c,,,True,,,synthetic,demo,,False,False,True,none,True
synthetic/s7/0113,tax,money,mock-d,,,True,,,synthetic,demo,,False,False,True,none,True
synthetic/s7/0113,total,money,mock-a,34.20,34.20,False,,34.20,synthetic,demo,34.20,True,True,True,none,True
synthetic/s7/0113,total,money,mock-b,,,True,,34.20,synthetic,demo,34.20,True,False,False,miss,False
synthetic/s7/0113,total,money,mock-c,34.20,34.20,False,,34.20,synthetic,demo,34.20,True,True,True,none,True
synthetic/s7/0113,total,money,mock-d,34.20,34.20,False,line: 34.20,34.20,synthetic,demo,34.20,True,True,True,none,True
synthetic/s7/0114,address,address,mock-a,"NO 2 & 4, JALAN BAYU 4, BANDAR SERI ALAM, 81750 MASAI, JOHOR",no 2 and 4 jln bayu 4 bdr seri alam 81750 masai johor,False,,"NO 2 & 4, JALAN BAYU 4, BANDAR SERI ALAM, 81750 MASAI, JOHOR",synthetic,demo,no 2 and 4 jln bayu 4 bdr seri alam 81750 masai johor,True,True,True,none,True
synthetic/s7/0114,address,address,mock-b,"NO 2 & 4, JALAN BAYU 4, BANDAR SERI ALAM, 81750 MASAI",no 2 and 4 jln bayu 4 bdr seri alam 81750 masai,False,,"NO 2 & 4, JALAN BAYU 4, BANDAR SERI ALAM, 81750 MASAI, JOHOR",synthetic,demo,no 2 and 4 jln bayu 4 bdr seri alam 81750 masai johor,True,True,False,wrong_value,False
synthetic/s7/0114,address,address,mock-c,"NO 2 & 4, JALAN BAYU 4, BANDAR SERI ALAM, 81750 MASAI, JOHOR",no 2 and 4 jln bayu 4 bdr seri alam 81750 masai johor,False,,"NO 2 & 4, JALAN BAYU 4, BANDAR SERI ALAM, 81750 MASAI, JOHOR",synthetic,demo,no 2 and 4 jln bayu 4 bdr seri alam 81750 masai johor,True,True,True,none,True
synthetic/s7/0114,address,address,mock-d,"NO 2 & 4, JALAN BAYU 4, BANDAR SERI ALAM, 81750 MASAI, JOHOR",no 2 and 4 jln bayu 4 bdr seri alam 81750 masai johor,False,"line: NO 2 & 4, JALAN BAYU 4, BANDAR SERI ALAM, 81750 MASAI, JOHOR","NO 2 & 4, JALAN BAYU 4, BANDAR SERI ALAM, 81750 MASAI, JOHOR",synthetic,demo,no 2 and 4 jln bayu 4 bdr seri alam 81750 masai johor,True,True,True,none,True
synthetic/s7/0114,company,org,mock-a,OJC MARKETING SDN BHD,ojc marketing,False,,OJC MARKETING SDN BHD,synthetic,demo,ojc marketing,True,True,True,none,True
synthetic/s7/0114,company,org,mock-b,OJC MARKETING SDN,ojc marketing sdn,False,,OJC MARKETING SDN BHD,synthetic,demo,ojc marketing,True,True,False,wrong_value,False
synthetic/s7/0114,company,org,mock-c,OJC MARKETING SDN BHD,ojc marketing,False,,OJC MARKETING SDN BHD,synthetic,demo,ojc marketing,True,True,True,none,True
synthetic/s7/0114,company,org,mock-d,OJC MARKETING SDN BHD,ojc marketing,False,line: OJC MARKETING SDN BHD,OJC MARKETING SDN BHD,synthetic,demo,ojc marketing,True,True,True,none,True
synthetic/s7/0114,date,date,mock-a,19/02/2018,2018-02-19,False,,19/02/2018,synthetic,demo,2018-02-19,True,True,True,none,True
synthetic/s7/0114,date,date,mock-b,19/02/2018,2018-02-19,False,,19/02/2018,synthetic,demo,2018-02-19,True,True,True,none,True
synthetic/s7/0114,date,date,mock-c,02/19/2018,2018-02-19,False,,19/02/2018,synthetic,demo,2018-02-19,True,True,True,none,True
synthetic/s7/0114,date,date,mock-d,19/02/2018,2018-02-19,False,line: 19/02/2018,19/02/2018,synthetic,demo,2018-02-19,True,True,True,none,True
synthetic/s7/0114,phone,phone,mock-a,,,True,,,synthetic,demo,,False,False,True,none,True
synthetic/s7/0114,phone,phone,mock-b,,,True,,,synthetic,demo,,False,False,True,none,True
synthetic/s7/0114,phone,phone,mock-c,,,True,,,synthetic,demo,,False,False,True,none,True
synthetic/s7/0114,phone,phone,mock-d,,,True,,,synthetic,demo,,False,False,True,none,True
synthetic/s7/0114,tax,money,mock-a,0.30,0.30,False,,0.38,synthetic,demo,0.38,True,True,False,wrong_value,False
synthetic/s7/0114,tax,money,mock-b,0.30,0.30,False,,0.38,synthetic,demo,0.38,True,True,False,wrong_value,False
synthetic/s7/0114,tax,money,mock-c,0.30,0.30,False,,0.38,synthetic,demo,0.38,True,True,False,wrong_value,False
synthetic/s7/0114,tax,money,mock-d,0.30,0.30,False,line: 0.30,0.38,synthetic,demo,0.38,True,True,False,wrong_value,False
synthetic/s7/0114,total,money,mock-a,6.68,6.68,False,,6.68,synthetic,demo,6.68,True,True,True,none,True
synthetic/s7/0114,total,money,mock-b,6.68,6.68,False,,6.68,synthetic,demo,6.68,True,True,True,none,True
synthetic/s7/0114,total,money,mock-c,6.68,6.68,False,,6.68,synthetic,demo,6.68,True,True,True,none,True
synthetic/s7/0114,total,money,mock-d,6.68,6.68,False,line: 6.68,6.68,synthetic,demo,6.68,True,True,True,none,True
synthetic/s7/0115,address,address,mock-a,"NO.59 JALAN PERMAS 9/5, BANDAR BARU PERMAS JAYA, 81750 JOHOR BAHRU",no 59 jln permas 9 5 bdr baru permas jaya 81750 johor bahru,False,,"NO.59 JALAN PERMAS 9/5, BANDAR BARU PERMAS JAYA, 81750 JOHOR BAHRU",synthetic,demo,no 59 jln permas 9 5 bdr baru permas jaya 81750 johor bahru,True,True,True,none,True
synthetic/s7/0115,address,address,mock-b,"NO.59 JALAN PERMAS 9/5, BANDAR BARU PERMAS JAYA, 81750 JOHOR BAHRU",no 59 jln permas 9 5 bdr baru permas jaya 81750 johor bahru,False,,"NO.59 JALAN PERMAS 9/5, BANDAR BARU PERMAS JAYA, 81750 JOHOR BAHRU",synthetic,demo,no 59 jln permas 9 5 bdr baru permas jaya 81750 johor bahru,True,True,True,none,True
synthetic/s7/0115,address,address,mock-c,"NO.59 JALAN PERMAS 9/5, BANDAR BARU PERMAS JAYA, 81750 JOHOR BAHRU",no 59 jln permas 9 5 bdr baru permas jaya 81750 johor bahru,False,,"NO.59 JALAN PERMAS 9/5, BANDAR BARU PERMAS JAYA, 81750 JOHOR BAHRU",synthetic,demo,no 59 jln permas 9 5 bdr baru permas jaya 81750 johor bahru,True,True,True,none,True
synthetic/s7/0115,address,address,mock-d,"NO.59 JALAN PERMAS 9/5, BANDAR BARU PERMAS JAYA, 81750 JOHOR BAHRU",no 59 jln permas 9 5 bdr baru permas jaya 81750 johor bahru,False,"line: NO.59 JALAN PERMAS 9/5, BANDAR BARU PERMAS JAYA, 81750 JOHOR BAHRU","NO.59 JALAN PERMAS 9/5, BANDAR BARU PERMAS JAYA, 81750 JOHOR BAHRU",synthetic,demo,no 59 jln permas 9 5 bdr baru permas jaya 81750 johor bahru,True,True,True,none,True
synthetic/s7/0115,company,org,mock-a,PERNIAGAAN ZHENG HUI,perniagaan zheng hui,False,,PERNIAGAAN ZHENG HUI,synthetic,demo,perniagaan zheng hui,True,True,True,none,True
synthetic/s7/0115,company,org,mock-b,PERNIAGAAN ZHENG HUI,perniagaan zheng hui,False,,PERNIAGAAN ZHENG HUI,synthetic,demo,perniagaan zheng hui,True,True,True,none,True
synthetic/s7/0115,company,org,mock-c,PERNIAGAAN ZHENG HUI,perniagaan zheng hui,False,,PERNIAGAAN ZHENG HUI,synthetic,demo,perniagaan zheng hui,True,True,True,none,True
synthetic/s7/0115,company,org,mock-d,PERNIAGAAN ZHENG HUI,perniagaan zheng hui,False,line: PERNIAGAAN ZHENG HUI,PERNIAGAAN ZHENG HUI,synthetic,demo,perniagaan zheng hui,True,True,True,none,True
synthetic/s7/0115,date,date,mock-a,,,True,,23/01/2018,synthetic,demo,2018-01-23,True,False,False,miss,False
synthetic/s7/0115,date,date,mock-b,23/01/2018,2018-01-23,False,,23/01/2018,synthetic,demo,2018-01-23,True,True,True,none,True
synthetic/s7/0115,date,date,mock-c,23/01/2018,2018-01-23,False,,23/01/2018,synthetic,demo,2018-01-23,True,True,True,none,True
synthetic/s7/0115,date,date,mock-d,23/01/2018,2018-01-23,False,line: 23/01/2018,23/01/2018,synthetic,demo,2018-01-23,True,True,True,none,True
synthetic/s7/0115,phone,phone,mock-a,03-1234 5678,312345678,False,,,synthetic,demo,,False,True,False,hallucination,False
synthetic/s7/0115,phone,phone,mock-b,03-1234 5678,312345678,False,,,synthetic,demo,,False,True,False,hallucination,False
synthetic/s7/0115,phone,phone,mock-c,03-1234 5678,312345678,False,,,synthetic,demo,,False,True,False,hallucination,False
synthetic/s7/0115,phone,phone,mock-d,03-1234 5678,312345678,False,line: 03-1234 5678,,synthetic,demo,,False,True,False,hallucination,False
synthetic/s7/0115,tax,money,mock-a,,,True,,,synthetic,demo,,False,False,True,none,True
synthetic/s7/0115,tax,money,mock-b,,,True,,,synthetic,demo,,False,False,True,none,True
synthetic/s7/0115,tax,money,mock-c,,,True,,,synthetic,demo,,False,False,True,none,True
synthetic/s7/0115,tax,money,mock-d,,,True,,,synthetic,demo,,False,False,True,none,True
synthetic/s7/0115,total,money,mock-a,2.30,2.30,False,,2.30,synthetic,demo,2.30,True,True,True,none,True
synthetic/s7/0115,total,money,mock-b,2.30,2.30,False,,2.30,synthetic,demo,2.30,True,True,True,none,True
synthetic/s7/0115,total,money,mock-c,2.30,2.30,False,,2.30,synthetic,demo,2.30,True,True,True,none,True
synthetic/s7/0115,total,money,mock-d,2.30,2.30,False,line: 2.30,2.30,synthetic,demo,2.30,True,True,True,none,True
synthetic/s7/0116,address,address,mock-a,"LOT 3, JALAN PELABUR 23/1, 40300 SHAH ALAM, SELANGOR",lot 3 jln pelabur 23 1 40300 shah alam selangor,False,,"LOT 3, JALAN PELABUR 23/1, 40300 SHAH ALAM, SELANGOR",synthetic,demo,lot 3 jln pelabur 23 1 40300 shah alam selangor,True,True,True,none,True
synthetic/s7/0116,address,address,mock-b,"LOT 3, JALAN PELABUR 23/1, 40300 SHAH ALAM",lot 3 jln pelabur 23 1 40300 shah alam,False,,"LOT 3, JALAN PELABUR 23/1, 40300 SHAH ALAM, SELANGOR",synthetic,demo,lot 3 jln pelabur 23 1 40300 shah alam selangor,True,True,False,wrong_value,False
synthetic/s7/0116,address,address,mock-c,"LOT 3, JALAN PELABUR 23/1, 40300 SHAH ALAM, SELANGOR",lot 3 jln pelabur 23 1 40300 shah alam selangor,False,,"LOT 3, JALAN PELABUR 23/1, 40300 SHAH ALAM, SELANGOR",synthetic,demo,lot 3 jln pelabur 23 1 40300 shah alam selangor,True,True,True,none,True
synthetic/s7/0116,address,address,mock-d,"LOT 3, JALAN PELABUR 23/1, 40300 SHAH ALAM",lot 3 jln pelabur 23 1 40300 shah alam,False,"line: LOT 3, JALAN PELABUR 23/1, 40300 SHAH ALAM","LOT 3, JALAN PELABUR 23/1, 40300 SHAH ALAM, SELANGOR",synthetic,demo,lot 3 jln pelabur 23 1 40300 shah alam selangor,True,True,False,wrong_value,False
synthetic/s7/0116,company,org,mock-a,GARDENIA BAKERIES (KL) SDN,gardenia bakeries kl sdn,False,,GARDENIA BAKERIES (KL) SDN BHD,synthetic,demo,gardenia bakeries kl,True,True,False,wrong_value,False
synthetic/s7/0116,company,org,mock-b,GARDENIA BAKERIES (KL) SDN,gardenia bakeries kl sdn,False,,GARDENIA BAKERIES (KL) SDN BHD,synthetic,demo,gardenia bakeries kl,True,True,False,wrong_value,False
synthetic/s7/0116,company,org,mock-c,GARDENIA BAKERIES (KL) SDN BHD,gardenia bakeries kl,False,,GARDENIA BAKERIES (KL) SDN BHD,synthetic,demo,gardenia bakeries kl,True,True,True,none,True
synthetic/s7/0116,company,org,mock-d,GARDENIA BAKERIES (KL) SDN BHD,gardenia bakeries kl,False,line: GARDENIA BAKERIES (KL) SDN BHD,GARDENIA BAKERIES (KL) SDN BHD,synthetic,demo,gardenia bakeries kl,True,True,True,none,True
synthetic/s7/0116,date,date,mock-a,03/10/2019,2019-10-03,False,,03/10/2019,synthetic,demo,2019-10-03,True,True,True,none,True
synthetic/s7/0116,date,date,mock-b,03/10/2019,2019-10-03,False,,03/10/2019,synthetic,demo,2019-10-03,True,True,True,none,True
synthetic/s7/0116,date,date,mock-c,03/10/2019,2019-10-03,False,,03/10/2019,synthetic,demo,2019-10-03,True,True,True,none,True
synthetic/s7/0116,date,date,mock-d,03/10/2019,2019-10-03,False,line: 03/10/2019,03/10/2019,synthetic,demo,2019-10-03,True,True,True,none,True
synthetic/s7/0116,phone,phone,mock-a,,,True,,,synthetic,demo,,False,False,True,none,True
synthetic/s7/0116,phone,phone,mock-b,,,True,,,synthetic,demo,,False,False,True,none,True
synthetic/s7/0116,phone,phone,mock-c,,,True,,,synthetic,demo,,False,False,True,none,True
synthetic/s7/0116,phone,phone,mock-d,,,True,,,synthetic,demo,,False,False,True,none,True
synthetic/s7/0116,tax,money,mock-a,,,True,,,synthetic,demo,,False,False,True,none,True
synthetic/s7/0116,tax,money,mock-b,,,True,,,synthetic,demo,,False,False,True,none,True
synthetic/s7/0116,tax,money,mock-c,,,True,,,synthetic,demo,,False,False,True,none,True
synthetic/s7/0116,tax,money,mock-d,,,True,,,synthetic,demo,,False,False,True,none,True
synthetic/s7/0116,total,money,mock-a,34.30,34.30,False,,34.30,synthetic,demo,34.30,True,True,True,none,True
synthetic/s7/0116,total,money,mock-b,34.30,34.30,False,,34.30,synthetic,demo,34.30,True,True,True,none,True
synthetic/s7/0116,total,money,mock-c,34.30,34.30,False,,34.30,synthetic,demo,34.30,True,True,True,none,True
synthetic/s7/0116,total,money,mock-d,34.30,34.30,False,line: 34.30,34.30,synthetic,demo,34.30,True,True,True,none,True
synthetic/s7/0117,address,address,mock-a,"NO. 31G&33G, JALAN SETIA INDAH X, U13/X, 40170 SETIA ALAM",no 31g and 33g jln setia indah x u13 x 40170 setia alam,False,,"NO. 31G&33G, JALAN SETIA INDAH X, U13/X, 40170 SETIA ALAM",synthetic,demo,no 31g and 33g jln setia indah x u13 x 40170 setia alam,True,True,True,none,True
synthetic/s7/0117,address,address,mock-b,"NO. 31G&33G, JALAN SETIA INDAH X, U13/X, 40170 SETIA ALAM",no 31g and 33g jln setia indah x u13 x 40170 setia alam,False,,"NO. 31G&33G, JALAN SETIA INDAH X, U13/X, 40170 SETIA ALAM",synthetic,demo,no 31g and 33g jln setia indah x u13 x 40170 setia alam,True,True,True,none,True
synthetic/s7/0117,address,address,mock-c,"NO. 31G&33G, JALAN SETIA INDAH X, U13/X, 40170 SETIA ALAM",no 31g and 33g jln setia indah x u13 x 40170 setia alam,False,,"NO. 31G&33G, JALAN SETIA INDAH X, U13/X, 40170 SETIA ALAM",synthetic,demo,no 31g and 33g jln setia indah x u13 x 40170 setia alam,True,True,True,none,True
synthetic/s7/0117,address,address,mock-d,"NO. 31G&33G, JALAN SETIA INDAH X, U13/X, 40170 SETIA ALAM",no 31g and 33g jln setia indah x u13 x 40170 setia alam,False,"line: NO. 31G&33G, JALAN SETIA INDAH X, U13/X, 40170 SETIA ALAM","NO. 31G&33G, JALAN SETIA INDAH X, U13/X, 40170 SETIA ALAM",synthetic,demo,no 31g and 33g jln setia indah x u13 x 40170 setia alam,True,True,True,none,True
synthetic/s7/0117,company,org,mock-a,SANYU STATIONERY SHOP,sanyu stationery shop,False,,SANYU STATIONERY SHOP,synthetic,demo,sanyu stationery shop,True,True,True,none,True
synthetic/s7/0117,company,org,mock-b,STATIONERY SHOP,stationery shop,False,,SANYU STATIONERY SHOP,synthetic,demo,sanyu stationery shop,True,True,False,wrong_value,False
synthetic/s7/0117,company,org,mock-c,SANYU STATIONERY SHOP,sanyu stationery shop,False,,SANYU STATIONERY SHOP,synthetic,demo,sanyu stationery shop,True,True,True,none,True
synthetic/s7/0117,company,org,mock-d,SANYU STATIONERY SHOP,sanyu stationery shop,False,line: SANYU STATIONERY SHOP,SANYU STATIONERY SHOP,synthetic,demo,sanyu stationery shop,True,True,True,none,True
synthetic/s7/0117,date,date,mock-a,07/04/2018,2018-04-07,False,,07/04/2018,synthetic,demo,2018-04-07,True,True,True,none,True
synthetic/s7/0117,date,date,mock-b,07/04/2018,2018-04-07,False,,07/04/2018,synthetic,demo,2018-04-07,True,True,True,none,True
synthetic/s7/0117,date,date,mock-c,07/04/2018,2018-04-07,False,,07/04/2018,synthetic,demo,2018-04-07,True,True,True,none,True
synthetic/s7/0117,date,date,mock-d,07/04/2018,2018-04-07,False,line: 07/04/2018,07/04/2018,synthetic,demo,2018-04-07,True,True,True,none,True
synthetic/s7/0117,phone,phone,mock-a,03-1234 5678,312345678,False,,,synthetic,demo,,False,True,False,hallucination,False
synthetic/s7/0117,phone,phone,mock-b,03-1234 5678,312345678,False,,,synthetic,demo,,False,True,False,hallucination,False
synthetic/s7/0117,phone,phone,mock-c,03-1234 5678,312345678,False,,,synthetic,demo,,False,True,False,hallucination,False
synthetic/s7/0117,phone,phone,mock-d,03-1234 5678,312345678,False,line: 03-1234 5678,,synthetic,demo,,False,True,False,hallucination,False
synthetic/s7/0117,tax,money,mock-a,,,True,,,synthetic,demo,,False,False,True,none,True
synthetic/s7/0117,tax,money,mock-b,,,True,,,synthetic,demo,,False,False,True,none,True
synthetic/s7/0117,tax,money,mock-c,,,True,,,synthetic,demo,,False,False,True,none,True
synthetic/s7/0117,tax,money,mock-d,,,True,,,synthetic,demo,,False,False,True,none,True
synthetic/s7/0117,total,money,mock-a,1.50,1.50,False,,1.50,synthetic,demo,1.50,True,True,True,none,True
synthetic/s7/0117,total,money,mock-b,1.50,1.50,False,,1.50,synthetic,demo,1.50,True,True,True,none,True
synthetic/s7/0117,total,money,mock-c,1.50,1.50,False,,1.50,synthetic,demo,1.50,True,True,True,none,True
synthetic/s7/0117,total,money,mock-d,1.50,1.50,False,line: 1.50,1.50,synthetic,demo,1.50,True,True,True,none,True
synthetic/s7/0118,address,address,mock-a,"LOT P.T. 2811, JALAN ANGSANA, TAMAN MUTIARA RINI, 81300 SKUDAI",lot p t 2811 jln angsana tmn mutiara rini 81300 skudai,False,,"LOT P.T. 2811, JALAN ANGSANA, TAMAN MUTIARA RINI, 81300 SKUDAI",synthetic,demo,lot p t 2811 jln angsana tmn mutiara rini 81300 skudai,True,True,True,none,True
synthetic/s7/0118,address,address,mock-b,"LOT P.T. 2811, JALAN ANGSANA, TAMAN MUTIARA RINI, 81300 SKUDAI",lot p t 2811 jln angsana tmn mutiara rini 81300 skudai,False,,"LOT P.T. 2811, JALAN ANGSANA, TAMAN MUTIARA RINI, 81300 SKUDAI",synthetic,demo,lot p t 2811 jln angsana tmn mutiara rini 81300 skudai,True,True,True,none,True
synthetic/s7/0118,address,address,mock-c,"LOT P.T. 2811, JALAN ANGSANA, TAMAN MUTIARA RINI, 81300 SKUDAI",lot p t 2811 jln angsana tmn mutiara rini 81300 skudai,False,,"LOT P.T. 2811, JALAN ANGSANA, TAMAN MUTIARA RINI, 81300 SKUDAI",synthetic,demo,lot p t 2811 jln angsana tmn mutiara rini 81300 skudai,True,True,True,none,True
synthetic/s7/0118,address,address,mock-d,"LOT P.T. 2811, JALAN ANGSANA, TAMAN MUTIARA RINI, 81300 SKUDAI",lot p t 2811 jln angsana tmn mutiara rini 81300 skudai,False,"line: LOT P.T. 2811, JALAN ANGSANA, TAMAN MUTIARA RINI, 81300 SKUDAI","LOT P.T. 2811, JALAN ANGSANA, TAMAN MUTIARA RINI, 81300 SKUDAI",synthetic,demo,lot p t 2811 jln angsana tmn mutiara rini 81300 skudai,True,True,True,none,True
synthetic/s7/0118,company,org,mock-a,99 SPEED MART S/B,99 speed mart s b,False,,99 SPEED MART S/B,synthetic,demo,99 speed mart s b,True,True,True,none,True
synthetic/s7/0118,company,org,mock-b,99 SPEED MART S/B,99 speed mart s b,False,,99 SPEED MART S/B,synthetic,demo,99 speed mart s b,True,True,True,none,True
synthetic/s7/0118,company,org,mock-c,99 SPEED MART S/B,99 speed mart s b,False,,99 SPEED MART S/B,synthetic,demo,99 speed mart s b,True,True,True,none,True
synthetic/s7/0118,company,org,mock-d,,,True,,99 SPEED MART S/B,synthetic,demo,99 speed mart s b,True,False,False,miss,False
synthetic/s7/0118,date,date,mock-a,21/05/2019,2019-05-21,False,,21/05/2019,synthetic,demo,2019-05-21,True,True,True,none,True
synthetic/s7/0118,date,date,mock-b,21/05/2019,2019-05-21,False,,21/05/2019,synthetic,demo,2019-05-21,True,True,True,none,True
synthetic/s7/0118,date,date,mock-c,21/05/2019,2019-05-21,False,,21/05/2019,synthetic,demo,2019-05-21,True,True,True,none,True
synthetic/s7/0118,date,date,mock-d,05/21/2019,2019-05-21,False,line: 05/21/2019,21/05/2019,synthetic,demo,2019-05-21,True,True,True,none,True
synthetic/s7/0118,phone,phone,mock-a,,,True,,,synthetic,demo,,False,False,True,none,True
synthetic/s7/0118,phone,phone,mock-b,,,True,,,synthetic,demo,,False,False,True,none,True
synthetic/s7/0118,phone,phone,mock-c,,,True,,,synthetic,demo,,False,False,True,none,True
synthetic/s7/0118,phone,phone,mock-d,,,True,,,synthetic,demo,,False,False,True,none,True
synthetic/s7/0118,tax,money,mock-a,0.14,0.14,False,,0.14,synthetic,demo,0.14,True,True,True,none,True
synthetic/s7/0118,tax,money,mock-b,0.14,0.14,False,,0.14,synthetic,demo,0.14,True,True,True,none,True
synthetic/s7/0118,tax,money,mock-c,0.14,0.14,False,,0.14,synthetic,demo,0.14,True,True,True,none,True
synthetic/s7/0118,tax,money,mock-d,0.14,0.14,False,line: 0.14,0.14,synthetic,demo,0.14,True,True,True,none,True
synthetic/s7/0118,total,money,mock-a,2.94,2.94,False,,2.44,synthetic,demo,2.44,True,True,False,wrong_value,False
synthetic/s7/0118,total,money,mock-b,,,True,,2.44,synthetic,demo,2.44,True,False,False,miss,False
synthetic/s7/0118,total,money,mock-c,2.44,2.44,False,,2.44,synthetic,demo,2.44,True,True,True,none,True
synthetic/s7/0118,total,money,mock-d,2.44,2.44,False,line: 2.44,2.44,synthetic,demo,2.44,True,True,True,none,True
synthetic/s7/0119,address,address,mock-a,"LOT 276 JALAN BANTING, 43800 DENGKIL, SELANGOR",lot 276 jln banting 43800 dengkil selangor,False,,"LOT 276 JALAN BANTING, 43800 DENGKIL, SELANGOR",synthetic,demo,lot 276 jln banting 43800 dengkil selangor,True,True,True,none,True
synthetic/s7/0119,address,address,mock-b,"LOT 276 JALAN BANTING, 43800 DENGKIL",lot 276 jln banting 43800 dengkil,False,,"LOT 276 JALAN BANTING, 43800 DENGKIL, SELANGOR",synthetic,demo,lot 276 jln banting 43800 dengkil selangor,True,True,False,wrong_value,False
synthetic/s7/0119,address,address,mock-c,"LOT 276 JALAN BANTING, 43800 DENGKIL, SELANGOR",lot 276 jln banting 43800 dengkil selangor,False,,"LOT 276 JALAN BANTING, 43800 DENGKIL, SELANGOR",synthetic,demo,lot 276 jln banting 43800 dengkil selangor,True,True,True,none,True
synthetic/s7/0119,address,address,mock-d,"LOT 276 JALAN BANTING, 43800 DENGKIL, SELANGOR",lot 276 jln banting 43800 dengkil selangor,False,"line: LOT 276 JALAN BANTING, 43800 DENGKIL, SELANGOR","LOT 276 JALAN BANTING, 43800 DENGKIL, SELANGOR",synthetic,demo,lot 276 jln banting 43800 dengkil selangor,True,True,True,none,True
synthetic/s7/0119,company,org,mock-a,KEDAI PAPAN YEW CHUAN,kedai papan yew chuan,False,,KEDAI PAPAN YEW CHUAN,synthetic,demo,kedai papan yew chuan,True,True,True,none,True
synthetic/s7/0119,company,org,mock-b,KEDAI PAPAN YEW CHUAN,kedai papan yew chuan,False,,KEDAI PAPAN YEW CHUAN,synthetic,demo,kedai papan yew chuan,True,True,True,none,True
synthetic/s7/0119,company,org,mock-c,KEDAI PAPAN YEW CHUAN,kedai papan yew chuan,False,,KEDAI PAPAN YEW CHUAN,synthetic,demo,kedai papan yew chuan,True,True,True,none,True
synthetic/s7/0119,company,org,mock-d,KEDAI PAPAN YEW CHUAN,kedai papan yew chuan,False,line: KEDAI PAPAN YEW CHUAN,KEDAI PAPAN YEW CHUAN,synthetic,demo,kedai papan yew chuan,True,True,True,none,True
synthetic/s7/0119,date,date,mock-a,11/07/2019,2019-07-11,False,,11/07/2019,synthetic,demo,2019-07-11,True,True,True,none,True
synthetic/s7/0119,date,date,mock-b,11/07/2019,2019-07-11,False,,11/07/2019,synthetic,demo,2019-07-11,True,True,True,none,True
synthetic/s7/0119,date,date,mock-c,11/07/2019,2019-07-11,False,,11/07/2019,synthetic,demo,2019-07-11,True,True,True,none,True
synthetic/s7/0119,date,date,mock-d,07/11/2019,2019-11-07,False,line: 07/11/2019,11/07/2019,synthetic,demo,2019-07-11,True,True,False,wrong_value,False
synthetic/s7/0119,phone,phone,mock-a,08-878 7029,88787029,False,,08-878 7029,synthetic,demo,88787029,True,True,True,none,True
synthetic/s7/0119,phone,phone,mock-b,08-878 7029,88787029,False,,08-878 7029,synthetic,demo,88787029,True,True,True,none,True
synthetic/s7/0119,phone,phone,mock-c,08-878 7029,88787029,False,,08-878 7029,synthetic,demo,88787029,True,True,True,none,True
synthetic/s7/0119,phone,phone,mock-d,08-878 7029,88787029,False,line: 08-878 7029,08-878 7029,synthetic,demo,88787029,True,True,True,none,True
synthetic/s7/0119,tax,money,mock-a,1.08,1.08,False,,1.08,synthetic,demo,1.08,True,True,True,none,True
synthetic/s7/0119,tax,money,mock-b,1.08,1.08,False,,1.08,synthetic,demo,1.08,True,True,True,none,True
synthetic/s7/0119,tax,money,mock-c,1.08,1.08,False,,1.08,synthetic,demo,1.08,True,True,True,none,True
synthetic/s7/0119,tax,money,mock-d,1.08,1.08,False,line: 1.08,1.08,synthetic,demo,1.08,True,True,True,none,True
synthetic/s7/0119,total,money,mock-a,19.08,19.08,False,,19.08,synthetic,demo,19.08,True,True,True,none,True
synthetic/s7/0119,total,money,mock-b,89.08,89.08,False,,19.08,synthetic,demo,19.08,True,True,False,wrong_value,False
synthetic/s7/0119,total,money,mock-c,19.08,19.08,False,,19.08,synthetic,demo,19.08,True,True,True,none,True
synthetic/s7/0119,total,money,mock-d,19.08,19.08,False,line: 19.08,19.08,synthetic,demo,19.08,True,True,True,none,True
synthetic/s7/0120,address,address,mock-a,"NO 2 & 4, JALAN BAYU 4, BANDAR SERI ALAM, 81750 MASAI, JOHOR",no 2 and 4 jln bayu 4 bdr seri alam 81750 masai johor,False,,"NO 2 & 4, JALAN BAYU 4, BANDAR SERI ALAM, 81750 MASAI, JOHOR",synthetic,demo,no 2 and 4 jln bayu 4 bdr seri alam 81750 masai johor,True,True,True,none,True
synthetic/s7/0120,address,address,mock-b,"NO 2 & 4, JALAN BAYU 4, BANDAR SERI ALAM, 81750 MASAI, JOHOR",no 2 and 4 jln bayu 4 bdr seri alam 81750 masai johor,False,,"NO 2 & 4, JALAN BAYU 4, BANDAR SERI ALAM, 81750 MASAI, JOHOR",synthetic,demo,no 2 and 4 jln bayu 4 bdr seri alam 81750 masai johor,True,True,True,none,True
synthetic/s7/0120,address,address,mock-c,"NO 2 & 4, JALAN BAYU 4, BANDAR SERI ALAM, 81750 MASAI, JOHOR",no 2 and 4 jln bayu 4 bdr seri alam 81750 masai johor,False,,"NO 2 & 4, JALAN BAYU 4, BANDAR SERI ALAM, 81750 MASAI, JOHOR",synthetic,demo,no 2 and 4 jln bayu 4 bdr seri alam 81750 masai johor,True,True,True,none,True
synthetic/s7/0120,address,address,mock-d,"NO 2 & 4, JALAN BAYU 4, BANDAR SERI ALAM, 81750 MASAI, JOHOR",no 2 and 4 jln bayu 4 bdr seri alam 81750 masai johor,False,"line: NO 2 & 4, JALAN BAYU 4, BANDAR SERI ALAM, 81750 MASAI, JOHOR","NO 2 & 4, JALAN BAYU 4, BANDAR SERI ALAM, 81750 MASAI, JOHOR",synthetic,demo,no 2 and 4 jln bayu 4 bdr seri alam 81750 masai johor,True,True,True,none,True
synthetic/s7/0120,company,org,mock-a,OJC MARKETING SDN BHD,ojc marketing,False,,OJC MARKETING SDN BHD,synthetic,demo,ojc marketing,True,True,True,none,True
synthetic/s7/0120,company,org,mock-b,MARKETING SDN BHD,marketing,False,,OJC MARKETING SDN BHD,synthetic,demo,ojc marketing,True,True,False,wrong_value,False
synthetic/s7/0120,company,org,mock-c,OJC MARKETING SDN BHD,ojc marketing,False,,OJC MARKETING SDN BHD,synthetic,demo,ojc marketing,True,True,True,none,True
synthetic/s7/0120,company,org,mock-d,OJC MARKETING SDN BHD,ojc marketing,False,line: OJC MARKETING SDN BHD,OJC MARKETING SDN BHD,synthetic,demo,ojc marketing,True,True,True,none,True
synthetic/s7/0120,date,date,mock-a,17/08/2019,2019-08-17,False,,17/08/2019,synthetic,demo,2019-08-17,True,True,True,none,True
synthetic/s7/0120,date,date,mock-b,17/08/2019,2019-08-17,False,,17/08/2019,synthetic,demo,2019-08-17,True,True,True,none,True
synthetic/s7/0120,date,date,mock-c,17/08/2019,2019-08-17,False,,17/08/2019,synthetic,demo,2019-08-17,True,True,True,none,True
synthetic/s7/0120,date,date,mock-d,17/08/2019,2019-08-17,False,line: 17/08/2019,17/08/2019,synthetic,demo,2019-08-17,True,True,True,none,True
synthetic/s7/0120,phone,phone,mock-a,03-455 8683,34558683,False,,03-455 8683,synthetic,demo,34558683,True,True,True,none,True
synthetic/s7/0120,phone,phone,mock-b,03-455 8683,34558683,False,,03-455 8683,synthetic,demo,34558683,True,True,True,none,True
synthetic/s7/0120,phone,phone,mock-c,03-455 8683,34558683,False,,03-455 8683,synthetic,demo,34558683,True,True,True,none,True
synthetic/s7/0120,phone,phone,mock-d,03-455 8683,34558683,False,line: 03-455 8683,03-455 8683,synthetic,demo,34558683,True,True,True,none,True
synthetic/s7/0120,tax,money,mock-a,1.28,1.28,False,,1.28,synthetic,demo,1.28,True,True,True,none,True
synthetic/s7/0120,tax,money,mock-b,1.28,1.28,False,,1.28,synthetic,demo,1.28,True,True,True,none,True
synthetic/s7/0120,tax,money,mock-c,1.28,1.28,False,,1.28,synthetic,demo,1.28,True,True,True,none,True
synthetic/s7/0120,tax,money,mock-d,1.28,1.28,False,line: 1.28,1.28,synthetic,demo,1.28,True,True,True,none,True
synthetic/s7/0120,total,money,mock-a,22.68,22.68,False,,22.68,synthetic,demo,22.68,True,True,True,none,True
synthetic/s7/0120,total,money,mock-b,22.68,22.68,False,,22.68,synthetic,demo,22.68,True,True,True,none,True
synthetic/s7/0120,total,money,mock-c,22.68,22.68,False,,22.68,synthetic,demo,22.68,True,True,True,none,True
synthetic/s7/0120,total,money,mock-d,42.68,42.68,False,line: 42.68,22.68,synthetic,demo,22.68,True,True,False,wrong_value,False
synthetic/s7/0121,address,address,mock-a,,,True,,"NO.59 JALAN PERMAS 9/5, BANDAR BARU PERMAS JAYA, 81750 JOHOR BAHRU",synthetic,demo,no 59 jln permas 9 5 bdr baru permas jaya 81750 johor bahru,True,False,False,miss,False
synthetic/s7/0121,address,address,mock-b,,,True,,"NO.59 JALAN PERMAS 9/5, BANDAR BARU PERMAS JAYA, 81750 JOHOR BAHRU",synthetic,demo,no 59 jln permas 9 5 bdr baru permas jaya 81750 johor bahru,True,False,False,miss,False
synthetic/s7/0121,address,address,mock-c,"NO.59 JALAN PERMAS 9/5, BANDAR BARU PERMAS JAYA, 81750 JOHOR BAHRU",no 59 jln permas 9 5 bdr baru permas jaya 81750 johor bahru,False,,"NO.59 JALAN PERMAS 9/5, BANDAR BARU PERMAS JAYA, 81750 JOHOR BAHRU",synthetic,demo,no 59 jln permas 9 5 bdr baru permas jaya 81750 johor bahru,True,True,True,none,True
synthetic/s7/0121,address,address,mock-d,"NO.59 JALAN PERMAS 9/5, BANDAR BARU PERMAS JAYA, 81750 JOHOR BAHRU",no 59 jln permas 9 5 bdr baru permas jaya 81750 johor bahru,False,"line: NO.59 JALAN PERMAS 9/5, BANDAR BARU PERMAS JAYA, 81750 JOHOR BAHRU","NO.59 JALAN PERMAS 9/5, BANDAR BARU PERMAS JAYA, 81750 JOHOR BAHRU",synthetic,demo,no 59 jln permas 9 5 bdr baru permas jaya 81750 johor bahru,True,True,True,none,True
synthetic/s7/0121,company,org,mock-a,ZHENG HUI,zheng hui,False,,PERNIAGAAN ZHENG HUI,synthetic,demo,perniagaan zheng hui,True,True,False,wrong_value,False
synthetic/s7/0121,company,org,mock-b,PERNIAGAAN ZHENG HUI,perniagaan zheng hui,False,,PERNIAGAAN ZHENG HUI,synthetic,demo,perniagaan zheng hui,True,True,True,none,True
synthetic/s7/0121,company,org,mock-c,ZHENG HUI,zheng hui,False,,PERNIAGAAN ZHENG HUI,synthetic,demo,perniagaan zheng hui,True,True,False,wrong_value,False
synthetic/s7/0121,company,org,mock-d,PERNIAGAAN ZHENG HUI,perniagaan zheng hui,False,line: PERNIAGAAN ZHENG HUI,PERNIAGAAN ZHENG HUI,synthetic,demo,perniagaan zheng hui,True,True,True,none,True
synthetic/s7/0121,date,date,mock-a,,,True,,19/04/2018,synthetic,demo,2018-04-19,True,False,False,miss,False
synthetic/s7/0121,date,date,mock-b,04/19/2018,2018-04-19,False,,19/04/2018,synthetic,demo,2018-04-19,True,True,True,none,True
synthetic/s7/0121,date,date,mock-c,19/04/2018,2018-04-19,False,,19/04/2018,synthetic,demo,2018-04-19,True,True,True,none,True
synthetic/s7/0121,date,date,mock-d,19/04/2018,2018-04-19,False,line: 19/04/2018,19/04/2018,synthetic,demo,2018-04-19,True,True,True,none,True
synthetic/s7/0121,phone,phone,mock-a,09-155 1071,91551071,False,,09-155 1071,synthetic,demo,91551071,True,True,True,none,True
synthetic/s7/0121,phone,phone,mock-b,09-155 1071,91551071,False,,09-155 1071,synthetic,demo,91551071,True,True,True,none,True
synthetic/s7/0121,phone,phone,mock-c,09-155 1071,91551071,False,,09-155 1071,synthetic,demo,91551071,True,True,True,none,True
synthetic/s7/0121,phone,phone,mock-d,09-155 1071,91551071,False,line: 09-155 1071,09-155 1071,synthetic,demo,91551071,True,True,True,none,True
synthetic/s7/0121,tax,money,mock-a,5.42,5.42,False,,0.42,synthetic,demo,0.42,True,True,False,wrong_value,False
synthetic/s7/0121,tax,money,mock-b,,,True,,0.42,synthetic,demo,0.42,True,False,False,miss,False
synthetic/s7/0121,tax,money,mock-c,0.42,0.42,False,,0.42,synthetic,demo,0.42,True,True,True,none,True
synthetic/s7/0121,tax,money,mock-d,0.42,0.42,False,line: 0.42,0.42,synthetic,demo,0.42,True,True,True,none,True
synthetic/s7/0121,total,money,mock-a,7.42,7.42,False,,7.42,synthetic,demo,7.42,True,True,True,none,True
synthetic/s7/0121,total,money,mock-b,7.42,7.42,False,,7.42,synthetic,demo,7.42,True,True,True,none,True
synthetic/s7/0121,total,money,mock-c,7.42,7.42,False,,7.42,synthetic,demo,7.42,True,True,True,none,True
synthetic/s7/0121,total,money,mock-d,7.42,7.42,False,line: 7.42,7.42,synthetic,demo,7.42,True,True,True,none,True
synthetic/s7/0122,address,address,mock-a,"LOT 3, JALAN PELABUR 23/1, 40300 SHAH ALAM, SELANGOR",lot 3 jln pelabur 23 1 40300 shah alam selangor,False,,"LOT 3, JALAN PELABUR 23/1, 40300 SHAH ALAM, SELANGOR",synthetic,demo,lot 3 jln pelabur 23 1 40300 shah alam selangor,True,True,True,none,True
synthetic/s7/0122,address,address,mock-b,"LOT 3, JALAN PELABUR 23/1, 40300 SHAH ALAM, SELANGOR",lot 3 jln pelabur 23 1 40300 shah alam selangor,False,,"LOT 3, JALAN PELABUR 23/1, 40300 SHAH ALAM, SELANGOR",synthetic,demo,lot 3 jln pelabur 23 1 40300 shah alam selangor,True,True,True,none,True
synthetic/s7/0122,address,address,mock-c,"LOT 3, JALAN PELABUR 23/1, 40300 SHAH ALAM, SELANGOR",lot 3 jln pelabur 23 1 40300 shah alam selangor,False,,"LOT 3, JALAN PELABUR 23/1, 40300 SHAH ALAM, SELANGOR",synthetic,demo,lot 3 jln pelabur 23 1 40300 shah alam selangor,True,True,True,none,True
synthetic/s7/0122,address,address,mock-d,"LOT 3, JALAN PELABUR 23/1, 40300 SHAH ALAM, SELANGOR",lot 3 jln pelabur 23 1 40300 shah alam selangor,False,"line: LOT 3, JALAN PELABUR 23/1, 40300 SHAH ALAM, SELANGOR","LOT 3, JALAN PELABUR 23/1, 40300 SHAH ALAM, SELANGOR",synthetic,demo,lot 3 jln pelabur 23 1 40300 shah alam selangor,True,True,True,none,True
synthetic/s7/0122,company,org,mock-a,GARDENIA BAKERIES (KL) SDN BHD,gardenia bakeries kl,False,,GARDENIA BAKERIES (KL) SDN BHD,synthetic,demo,gardenia bakeries kl,True,True,True,none,True
synthetic/s7/0122,company,org,mock-b,GARDENIA BAKERIES (KL) SDN BHD,gardenia bakeries kl,False,,GARDENIA BAKERIES (KL) SDN BHD,synthetic,demo,gardenia bakeries kl,True,True,True,none,True
synthetic/s7/0122,company,org,mock-c,GARDENIA BAKERIES (KL) SDN BHD,gardenia bakeries kl,False,,GARDENIA BAKERIES (KL) SDN BHD,synthetic,demo,gardenia bakeries kl,True,True,True,none,True
synthetic/s7/0122,company,org,mock-d,GARDENIA BAKERIES (KL) SDN,gardenia bakeries kl sdn,False,line: GARDENIA BAKERIES (KL) SDN,GARDENIA BAKERIES (KL) SDN BHD,synthetic,demo,gardenia bakeries kl,True,True,False,wrong_value,False
synthetic/s7/0122,date,date,mock-a,16/12/2018,2018-12-16,False,,16/12/2018,synthetic,demo,2018-12-16,True,True,True,none,True
synthetic/s7/0122,date,date,mock-b,16/12/2018,2018-12-16,False,,16/12/2018,synthetic,demo,2018-12-16,True,True,True,none,True
synthetic/s7/0122,date,date,mock-c,16/12/2018,2018-12-16,False,,16/12/2018,synthetic,demo,2018-12-16,True,True,True,none,True
synthetic/s7/0122,date,date,mock-d,12/16/2018,2018-12-16,False,line: 12/16/2018,16/12/2018,synthetic,demo,2018-12-16,True,True,True,none,True
synthetic/s7/0122,phone,phone,mock-a,09-319 4793,93194793,False,,09-319 4793,synthetic,demo,93194793,True,True,True,none,True
synthetic/s7/0122,phone,phone,mock-b,09-319 4793,93194793,False,,09-319 4793,synthetic,demo,93194793,True,True,True,none,True
synthetic/s7/0122,phone,phone,mock-c,09-319 4793,93194793,False,,09-319 4793,synthetic,demo,93194793,True,True,True,none,True
synthetic/s7/0122,phone,phone,mock-d,09-319 4793,93194793,False,line: 09-319 4793,09-319 4793,synthetic,demo,93194793,True,True,True,none,True
synthetic/s7/0122,tax,money,mock-a,,,True,,,synthetic,demo,,False,False,True,none,True
synthetic/s7/0122,tax,money,mock-b,,,True,,,synthetic,demo,,False,False,True,none,True
synthetic/s7/0122,tax,money,mock-c,,,True,,,synthetic,demo,,False,False,True,none,True
synthetic/s7/0122,tax,money,mock-d,,,True,,,synthetic,demo,,False,False,True,none,True
synthetic/s7/0122,total,money,mock-a,48.20,48.20,False,,48.20,synthetic,demo,48.20,True,True,True,none,True
synthetic/s7/0122,total,money,mock-b,48.20,48.20,False,,48.20,synthetic,demo,48.20,True,True,True,none,True
synthetic/s7/0122,total,money,mock-c,48.20,48.20,False,,48.20,synthetic,demo,48.20,True,True,True,none,True
synthetic/s7/0122,total,money,mock-d,48.20,48.20,False,line: 48.20,48.20,synthetic,demo,48.20,True,True,True,none,True
synthetic/s7/0123,address,address,mock-a,"NO. 31G&33G, JALAN SETIA INDAH X, U13/X, 40170 SETIA ALAM",no 31g and 33g jln setia indah x u13 x 40170 setia alam,False,,"NO. 31G&33G, JALAN SETIA INDAH X, U13/X, 40170 SETIA ALAM",synthetic,demo,no 31g and 33g jln setia indah x u13 x 40170 setia alam,True,True,True,none,True
synthetic/s7/0123,address,address,mock-b,"NO. 31G&33G, JALAN SETIA INDAH X, U13/X",no 31g and 33g jln setia indah x u13 x,False,,"NO. 31G&33G, JALAN SETIA INDAH X, U13/X, 40170 SETIA ALAM",synthetic,demo,no 31g and 33g jln setia indah x u13 x 40170 setia alam,True,True,False,wrong_value,False
synthetic/s7/0123,address,address,mock-c,"NO. 31G&33G, JALAN SETIA INDAH X, U13/X",no 31g and 33g jln setia indah x u13 x,False,,"NO. 31G&33G, JALAN SETIA INDAH X, U13/X, 40170 SETIA ALAM",synthetic,demo,no 31g and 33g jln setia indah x u13 x 40170 setia alam,True,True,False,wrong_value,False
synthetic/s7/0123,address,address,mock-d,"NO. 31G&33G, JALAN SETIA INDAH X, U13/X, 40170 SETIA ALAM",no 31g and 33g jln setia indah x u13 x 40170 setia alam,False,"line: NO. 31G&33G, JALAN SETIA INDAH X, U13/X, 40170 SETIA ALAM","NO. 31G&33G, JALAN SETIA INDAH X, U13/X, 40170 SETIA ALAM",synthetic,demo,no 31g and 33g jln setia indah x u13 x 40170 setia alam,True,True,True,none,True
synthetic/s7/0123,company,org,mock-a,SANYU STATIONERY SHOP,sanyu stationery shop,False,,SANYU STATIONERY SHOP,synthetic,demo,sanyu stationery shop,True,True,True,none,True
synthetic/s7/0123,company,org,mock-b,SANYU STATIONERY SHOP,sanyu stationery shop,False,,SANYU STATIONERY SHOP,synthetic,demo,sanyu stationery shop,True,True,True,none,True
synthetic/s7/0123,company,org,mock-c,SANYU STATIONERY,sanyu stationery,False,,SANYU STATIONERY SHOP,synthetic,demo,sanyu stationery shop,True,True,False,wrong_value,False
synthetic/s7/0123,company,org,mock-d,SANYU STATIONERY SHOP,sanyu stationery shop,False,line: SANYU STATIONERY SHOP,SANYU STATIONERY SHOP,synthetic,demo,sanyu stationery shop,True,True,True,none,True
synthetic/s7/0123,date,date,mock-a,02/21/2019,2019-02-21,False,,21/02/2019,synthetic,demo,2019-02-21,True,True,True,none,True
synthetic/s7/0123,date,date,mock-b,21/02/2019,2019-02-21,False,,21/02/2019,synthetic,demo,2019-02-21,True,True,True,none,True
synthetic/s7/0123,date,date,mock-c,02/21/2019,2019-02-21,False,,21/02/2019,synthetic,demo,2019-02-21,True,True,True,none,True
synthetic/s7/0123,date,date,mock-d,21/02/2019,2019-02-21,False,line: 21/02/2019,21/02/2019,synthetic,demo,2019-02-21,True,True,True,none,True
synthetic/s7/0123,phone,phone,mock-a,06-863 2411,68632411,False,,06-863 2411,synthetic,demo,68632411,True,True,True,none,True
synthetic/s7/0123,phone,phone,mock-b,,,True,,06-863 2411,synthetic,demo,68632411,True,False,False,miss,False
synthetic/s7/0123,phone,phone,mock-c,96-863 2411,968632411,False,,06-863 2411,synthetic,demo,68632411,True,True,False,wrong_value,False
synthetic/s7/0123,phone,phone,mock-d,16-863 2411,68632411,False,line: 16-863 2411,06-863 2411,synthetic,demo,68632411,True,True,True,none,True
synthetic/s7/0123,tax,money,mock-a,,,True,,1.08,synthetic,demo,1.08,True,False,False,miss,False
synthetic/s7/0123,tax,money,mock-b,1.08,1.08,False,,1.08,synthetic,demo,1.08,True,True,True,none,True
synthetic/s7/0123,tax,money,mock-c,1.08,1.08,False,,1.08,synthetic,demo,1.08,True,True,True,none,True
synthetic/s7/0123,tax,money,mock-d,1.88,1.88,False,line: 1.88,1.08,synthetic,demo,1.08,True,True,False,wrong_value,False
synthetic/s7/0123,total,money,mock-a,19.08,19.08,False,,19.08,synthetic,demo,19.08,True,True,True,none,True
synthetic/s7/0123,total,money,mock-b,19.08,19.08,False,,19.08,synthetic,demo,19.08,True,True,True,none,True
synthetic/s7/0123,total,money,mock-c,19.08,19.08,False,,19.08,synthetic,demo,19.08,True,True,True,none,True
synthetic/s7/0123,total,money,mock-d,19.08,19.08,False,line: 19.08,19.08,synthetic,demo,19.08,True,True,True,none,True
synthetic/s7/0124,address,address,mock-a,"LOT P.T. 2811, JALAN ANGSANA, TAMAN MUTIARA RINI, 81300 SKUDAI",lot p t 2811 jln angsana tmn mutiara rini 81300 skudai,False,,"LOT P.T. 2811, JALAN ANGSANA, TAMAN MUTIARA RINI, 81300 SKUDAI",synthetic,demo,lot p t 2811 jln angsana tmn mutiara rini 81300 skudai,True,True,True,none,True
synthetic/s7/0124,address,address,mock-b,"LOT P.T. 2811, JALAN ANGSANA, TAMAN MUTIARA RINI, 81300 SKUDAI",lot p t 2811 jln angsana tmn mutiara rini 81300 skudai,False,,"LOT P.T. 2811, JALAN ANGSANA, TAMAN MUTIARA RINI, 81300 SKUDAI",synthetic,demo,lot p t 2811 jln angsana tmn mutiara rini 81300 skudai,True,True,True,none,True
synthetic/s7/0124,address,address,mock-c,"LOT P.T. 2811, JALAN ANGSANA, TAMAN MUTIARA RINI, 81300 SKUDAI",lot p t 2811 jln angsana tmn mutiara rini 81300 skudai,False,,"LOT P.T. 2811, JALAN ANGSANA, TAMAN MUTIARA RINI, 81300 SKUDAI",synthetic,demo,lot p t 2811 jln angsana tmn mutiara rini 81300 skudai,True,True,True,none,True
synthetic/s7/0124,address,address,mock-d,"LOT P.T. 2811, JALAN ANGSANA, TAMAN MUTIARA RINI, 81300 SKUDAI",lot p t 2811 jln angsana tmn mutiara rini 81300 skudai,False,"line: LOT P.T. 2811, JALAN ANGSANA, TAMAN MUTIARA RINI, 81300 SKUDAI","LOT P.T. 2811, JALAN ANGSANA, TAMAN MUTIARA RINI, 81300 SKUDAI",synthetic,demo,lot p t 2811 jln angsana tmn mutiara rini 81300 skudai,True,True,True,none,True
synthetic/s7/0124,company,org,mock-a,99 SPEED MART S/B,99 speed mart s b,False,,99 SPEED MART S/B,synthetic,demo,99 speed mart s b,True,True,True,none,True
synthetic/s7/0124,company,org,mock-b,99 SPEED MART S/B,99 speed mart s b,False,,99 SPEED MART S/B,synthetic,demo,99 speed mart s b,True,True,True,none,True
synthetic/s7/0124,company,org,mock-c,99 SPEED MART S/B,99 speed mart s b,False,,99 SPEED MART S/B,synthetic,demo,99 speed mart s b,True,True,True,none,True
synthetic/s7/0124,company,org,mock-d,99 SPEED MART S/B,99 speed mart s b,False,line: 99 SPEED MART S/B,99 SPEED MART S/B,synthetic,demo,99 speed mart s b,True,True,True,none,True
synthetic/s7/0124,date,date,mock-a,12/04/2019,2019-04-12,False,,12/04/2019,synthetic,demo,2019-04-12,True,True,True,none,True
synthetic/s7/0124,date,date,mock-b,04/12/2019,2019-12-04,False,,12/04/2019,synthetic,demo,2019-04-12,True,True,False,wrong_value,False
synthetic/s7/0124,date,date,mock-c,12/04/2019,2019-04-12,False,,12/04/2019,synthetic,demo,2019-04-12,True,True,True,none,True
synthetic/s7/0124,date,date,mock-d,04/12/2019,2019-12-04,False,line: 04/12/2019,12/04/2019,synthetic,demo,2019-04-12,True,True,False,wrong_value,False
synthetic/s7/0124,phone,phone,mock-a,,,True,,,synthetic,demo,,False,False,True,none,True
synthetic/s7/0124,phone,phone,mock-b,,,True,,,synthetic,demo,,False,False,True,none,True
synthetic/s7/0124,phone,phone,mock-c,,,True,,,synthetic,demo,,False,False,True,none,True
synthetic/s7/0124,phone,phone,mock-d,,,True,,,synthetic,demo,,False,False,True,none,True
synthetic/s7/0124,tax,money,mock-a,2.96,2.96,False,,1.96,synthetic,demo,1.96,True,True,False,wrong_value,False
synthetic/s7/0124,tax,money,mock-b,1.96,1.96,False,,1.96,synthetic,demo,1.96,True,True,True,none,True
synthetic/s7/0124,tax,money,mock-c,1.16,1.16,False,,1.96,synthetic,demo,1.96,True,True,False,wrong_value,False
synthetic/s7/0124,tax,money,mock-d,1.96,1.96,False,line: 1.96,1.96,synthetic,demo,1.96,True,True,True,none,True
synthetic/s7/0124,total,money,mock-a,34.66,34.66,False,,34.66,synthetic,demo,34.66,True,True,True,none,True
synthetic/s7/0124,total,money,mock-b,34.26,34.26,False,,34.66,synthetic,demo,34.66,True,True,False,wrong_value,False
synthetic/s7/0124,total,money,mock-c,34.66,34.66,False,,34.66,synthetic,demo,34.66,True,True,True,none,True
synthetic/s7/0124,total,money,mock-d,34.66,34.66,False,line: 34.66,34.66,synthetic,demo,34.66,True,True,True,none,True
synthetic/s7/0125,address,address,mock-a,"LOT 276 JALAN BANTING, 43800 DENGKIL, SELANGOR",lot 276 jln banting 43800 dengkil selangor,False,,"LOT 276 JALAN BANTING, 43800 DENGKIL, SELANGOR",synthetic,demo,lot 276 jln banting 43800 dengkil selangor,True,True,True,none,True
synthetic/s7/0125,address,address,mock-b,"LOT 276 JALAN BANTING, 43800 DENGKIL",lot 276 jln banting 43800 dengkil,False,,"LOT 276 JALAN BANTING, 43800 DENGKIL, SELANGOR",synthetic,demo,lot 276 jln banting 43800 dengkil selangor,True,True,False,wrong_value,False
synthetic/s7/0125,address,address,mock-c,"LOT 276 JALAN BANTING, 43800 DENGKIL, SELANGOR",lot 276 jln banting 43800 dengkil selangor,False,,"LOT 276 JALAN BANTING, 43800 DENGKIL, SELANGOR",synthetic,demo,lot 276 jln banting 43800 dengkil selangor,True,True,True,none,True
synthetic/s7/0125,address,address,mock-d,"LOT 276 JALAN BANTING, 43800 DENGKIL, SELANGOR",lot 276 jln banting 43800 dengkil selangor,False,"line: LOT 276 JALAN BANTING, 43800 DENGKIL, SELANGOR","LOT 276 JALAN BANTING, 43800 DENGKIL, SELANGOR",synthetic,demo,lot 276 jln banting 43800 dengkil selangor,True,True,True,none,True
synthetic/s7/0125,company,org,mock-a,KEDAI PAPAN YEW CHUAN,kedai papan yew chuan,False,,KEDAI PAPAN YEW CHUAN,synthetic,demo,kedai papan yew chuan,True,True,True,none,True
synthetic/s7/0125,company,org,mock-b,PAPAN YEW CHUAN,papan yew chuan,False,,KEDAI PAPAN YEW CHUAN,synthetic,demo,kedai papan yew chuan,True,True,False,wrong_value,False
synthetic/s7/0125,company,org,mock-c,KEDAI PAPAN YEW CHUAN,kedai papan yew chuan,False,,KEDAI PAPAN YEW CHUAN,synthetic,demo,kedai papan yew chuan,True,True,True,none,True
synthetic/s7/0125,company,org,mock-d,KEDAI PAPAN YEW CHUAN,kedai papan yew chuan,False,line: KEDAI PAPAN YEW CHUAN,KEDAI PAPAN YEW CHUAN,synthetic,demo,kedai papan yew chuan,True,True,True,none,True
synthetic/s7/0125,date,date,mock-a,09/05/2018,2018-05-09,False,,05/09/2018,synthetic,demo,2018-09-05,True,True,False,wrong_value,False
synthetic/s7/0125,date,date,mock-b,05/09/2018,2018-09-05,False,,05/09/2018,synthetic,demo,2018-09-05,True,True,True,none,True
synthetic/s7/0125,date,date,mock-c,05/09/2018,2018-09-05,False,,05/09/2018,synthetic,demo,2018-09-05,True,True,True,none,True
synthetic/s7/0125,date,date,mock-d,05/09/2018,2018-09-05,False,line: 05/09/2018,05/09/2018,synthetic,demo,2018-09-05,True,True,True,none,True
synthetic/s7/0125,phone,phone,mock-a,07-859 6297,78596297,False,,07-859 6297,synthetic,demo,78596297,True,True,True,none,True
synthetic/s7/0125,phone,phone,mock-b,57-859 6297,578596297,False,,07-859 6297,synthetic,demo,78596297,True,True,False,wrong_value,False
synthetic/s7/0125,phone,phone,mock-c,07-859 6297,78596297,False,,07-859 6297,synthetic,demo,78596297,True,True,True,none,True
synthetic/s7/0125,phone,phone,mock-d,07-859 6297,78596297,False,line: 07-859 6297,07-859 6297,synthetic,demo,78596297,True,True,True,none,True
synthetic/s7/0125,tax,money,mock-a,,,True,,,synthetic,demo,,False,False,True,none,True
synthetic/s7/0125,tax,money,mock-b,,,True,,,synthetic,demo,,False,False,True,none,True
synthetic/s7/0125,tax,money,mock-c,5.30,5.30,False,,,synthetic,demo,,False,True,False,hallucination,False
synthetic/s7/0125,tax,money,mock-d,,,True,,,synthetic,demo,,False,False,True,none,True
synthetic/s7/0125,total,money,mock-a,37.40,37.40,False,,37.40,synthetic,demo,37.40,True,True,True,none,True
synthetic/s7/0125,total,money,mock-b,37.40,37.40,False,,37.40,synthetic,demo,37.40,True,True,True,none,True
synthetic/s7/0125,total,money,mock-c,37.40,37.40,False,,37.40,synthetic,demo,37.40,True,True,True,none,True
synthetic/s7/0125,total,money,mock-d,37.40,37.40,False,line: 37.40,37.40,synthetic,demo,37.40,True,True,True,none,True
synthetic/s7/0126,address,address,mock-a,"NO 2 & 4, JALAN BAYU 4, BANDAR SERI ALAM, 81750 MASAI, JOHOR",no 2 and 4 jln bayu 4 bdr seri alam 81750 masai johor,False,,"NO 2 & 4, JALAN BAYU 4, BANDAR SERI ALAM, 81750 MASAI, JOHOR",synthetic,demo,no 2 and 4 jln bayu 4 bdr seri alam 81750 masai johor,True,True,True,none,True
synthetic/s7/0126,address,address,mock-b,"NO 2 & 4, JALAN BAYU 4, BANDAR SERI ALAM, 81750 MASAI, JOHOR",no 2 and 4 jln bayu 4 bdr seri alam 81750 masai johor,False,,"NO 2 & 4, JALAN BAYU 4, BANDAR SERI ALAM, 81750 MASAI, JOHOR",synthetic,demo,no 2 and 4 jln bayu 4 bdr seri alam 81750 masai johor,True,True,True,none,True
synthetic/s7/0126,address,address,mock-c,"NO 2 & 4, JALAN BAYU 4, BANDAR SERI ALAM, 81750 MASAI, JOHOR",no 2 and 4 jln bayu 4 bdr seri alam 81750 masai johor,False,,"NO 2 & 4, JALAN BAYU 4, BANDAR SERI ALAM, 81750 MASAI, JOHOR",synthetic,demo,no 2 and 4 jln bayu 4 bdr seri alam 81750 masai johor,True,True,True,none,True
synthetic/s7/0126,address,address,mock-d,"NO 2 & 4, JALAN BAYU 4, BANDAR SERI ALAM, 81750 MASAI, JOHOR",no 2 and 4 jln bayu 4 bdr seri alam 81750 masai johor,False,"line: NO 2 & 4, JALAN BAYU 4, BANDAR SERI ALAM, 81750 MASAI, JOHOR","NO 2 & 4, JALAN BAYU 4, BANDAR SERI ALAM, 81750 MASAI, JOHOR",synthetic,demo,no 2 and 4 jln bayu 4 bdr seri alam 81750 masai johor,True,True,True,none,True
synthetic/s7/0126,company,org,mock-a,OJC MARKETING SDN BHD,ojc marketing,False,,OJC MARKETING SDN BHD,synthetic,demo,ojc marketing,True,True,True,none,True
synthetic/s7/0126,company,org,mock-b,MARKETING SDN BHD,marketing,False,,OJC MARKETING SDN BHD,synthetic,demo,ojc marketing,True,True,False,wrong_value,False
synthetic/s7/0126,company,org,mock-c,,,True,,OJC MARKETING SDN BHD,synthetic,demo,ojc marketing,True,False,False,miss,False
synthetic/s7/0126,company,org,mock-d,OJC MARKETING SDN,ojc marketing sdn,False,line: OJC MARKETING SDN,OJC MARKETING SDN BHD,synthetic,demo,ojc marketing,True,True,False,wrong_value,False
synthetic/s7/0126,date,date,mock-a,23/05/2018,2018-05-23,False,,23/05/2018,synthetic,demo,2018-05-23,True,True,True,none,True
synthetic/s7/0126,date,date,mock-b,23/05/2018,2018-05-23,False,,23/05/2018,synthetic,demo,2018-05-23,True,True,True,none,True
synthetic/s7/0126,date,date,mock-c,23/05/2018,2018-05-23,False,,23/05/2018,synthetic,demo,2018-05-23,True,True,True,none,True
synthetic/s7/0126,date,date,mock-d,23/05/2018,2018-05-23,False,line: 23/05/2018,23/05/2018,synthetic,demo,2018-05-23,True,True,True,none,True
synthetic/s7/0126,phone,phone,mock-a,,,True,,,synthetic,demo,,False,False,True,none,True
synthetic/s7/0126,phone,phone,mock-b,,,True,,,synthetic,demo,,False,False,True,none,True
synthetic/s7/0126,phone,phone,mock-c,,,True,,,synthetic,demo,,False,False,True,none,True
synthetic/s7/0126,phone,phone,mock-d,,,True,,,synthetic,demo,,False,False,True,none,True
synthetic/s7/0126,tax,money,mock-a,10.00,10.00,False,,,synthetic,demo,,False,True,False,hallucination,False
synthetic/s7/0126,tax,money,mock-b,10.00,10.00,False,,,synthetic,demo,,False,True,False,hallucination,False
synthetic/s7/0126,tax,money,mock-c,,,True,,,synthetic,demo,,False,False,True,none,True
synthetic/s7/0126,tax,money,mock-d,,,True,,,synthetic,demo,,False,False,True,none,True
synthetic/s7/0126,total,money,mock-a,21.20,21.20,False,,21.20,synthetic,demo,21.20,True,True,True,none,True
synthetic/s7/0126,total,money,mock-b,21.20,21.20,False,,21.20,synthetic,demo,21.20,True,True,True,none,True
synthetic/s7/0126,total,money,mock-c,21.20,21.20,False,,21.20,synthetic,demo,21.20,True,True,True,none,True
synthetic/s7/0126,total,money,mock-d,21.20,21.20,False,line: 21.20,21.20,synthetic,demo,21.20,True,True,True,none,True
synthetic/s7/0127,address,address,mock-a,,,True,,"NO.59 JALAN PERMAS 9/5, BANDAR BARU PERMAS JAYA, 81750 JOHOR BAHRU",synthetic,demo,no 59 jln permas 9 5 bdr baru permas jaya 81750 johor bahru,True,False,False,miss,False
synthetic/s7/0127,address,address,mock-b,"NO.59 JALAN PERMAS 9/5, BANDAR BARU PERMAS JAYA",no 59 jln permas 9 5 bdr baru permas jaya,False,,"NO.59 JALAN PERMAS 9/5, BANDAR BARU PERMAS JAYA, 81750 JOHOR BAHRU",synthetic,demo,no 59 jln permas 9 5 bdr baru permas jaya 81750 johor bahru,True,True,False,wrong_value,False
synthetic/s7/0127,address,address,mock-c,"NO.59 JALAN PERMAS 9/5, BANDAR BARU PERMAS JAYA, 81750 JOHOR BAHRU",no 59 jln permas 9 5 bdr baru permas jaya 81750 johor bahru,False,,"NO.59 JALAN PERMAS 9/5, BANDAR BARU PERMAS JAYA, 81750 JOHOR BAHRU",synthetic,demo,no 59 jln permas 9 5 bdr baru permas jaya 81750 johor bahru,True,True,True,none,True
synthetic/s7/0127,address,address,mock-d,"NO.59 JALAN PERMAS 9/5, BANDAR BARU PERMAS JAYA, 81750 JOHOR BAHRU",no 59 jln permas 9 5 bdr baru permas jaya 81750 johor bahru,False,"line: NO.59 JALAN PERMAS 9/5, BANDAR BARU PERMAS JAYA, 81750 JOHOR BAHRU","NO.59 JALAN PERMAS 9/5, BANDAR BARU PERMAS JAYA, 81750 JOHOR BAHRU",synthetic,demo,no 59 jln permas 9 5 bdr baru permas jaya 81750 johor bahru,True,True,True,none,True
synthetic/s7/0127,company,org,mock-a,PERNIAGAAN ZHENG,perniagaan zheng,False,,PERNIAGAAN ZHENG HUI,synthetic,demo,perniagaan zheng hui,True,True,False,wrong_value,False
synthetic/s7/0127,company,org,mock-b,PERNIAGAAN ZHENG HUI,perniagaan zheng hui,False,,PERNIAGAAN ZHENG HUI,synthetic,demo,perniagaan zheng hui,True,True,True,none,True
synthetic/s7/0127,company,org,mock-c,PERNIAGAAN ZHENG HUI,perniagaan zheng hui,False,,PERNIAGAAN ZHENG HUI,synthetic,demo,perniagaan zheng hui,True,True,True,none,True
synthetic/s7/0127,company,org,mock-d,ZHENG HUI,zheng hui,False,line: ZHENG HUI,PERNIAGAAN ZHENG HUI,synthetic,demo,perniagaan zheng hui,True,True,False,wrong_value,False
synthetic/s7/0127,date,date,mock-a,10/12/2018,2018-12-10,False,,10/12/2018,synthetic,demo,2018-12-10,True,True,True,none,True
synthetic/s7/0127,date,date,mock-b,10/12/2018,2018-12-10,False,,10/12/2018,synthetic,demo,2018-12-10,True,True,True,none,True
synthetic/s7/0127,date,date,mock-c,,,True,,10/12/2018,synthetic,demo,2018-12-10,True,False,False,miss,False
synthetic/s7/0127,date,date,mock-d,10/12/2018,2018-12-10,False,line: 10/12/2018,10/12/2018,synthetic,demo,2018-12-10,True,True,True,none,True
synthetic/s7/0127,phone,phone,mock-a,04-341 6375,43416375,False,,04-341 6375,synthetic,demo,43416375,True,True,True,none,True
synthetic/s7/0127,phone,phone,mock-b,04-341 6375,43416375,False,,04-341 6375,synthetic,demo,43416375,True,True,True,none,True
synthetic/s7/0127,phone,phone,mock-c,64-341 6375,643416375,False,,04-341 6375,synthetic,demo,43416375,True,True,False,wrong_value,False
synthetic/s7/0127,phone,phone,mock-d,04-341 6375,43416375,False,line: 04-341 6375,04-341 6375,synthetic,demo,43416375,True,True,True,none,True
synthetic/s7/0127,tax,money,mock-a,1.27,1.27,False,,1.27,synthetic,demo,1.27,True,True,True,none,True
synthetic/s7/0127,tax,money,mock-b,1.27,1.27,False,,1.27,synthetic,demo,1.27,True,True,True,none,True
synthetic/s7/0127,tax,money,mock-c,1.27,1.27,False,,1.27,synthetic,demo,1.27,True,True,True,none,True
synthetic/s7/0127,tax,money,mock-d,1.27,1.27,False,line: 1.27,1.27,synthetic,demo,1.27,True,True,True,none,True
synthetic/s7/0127,total,money,mock-a,22.47,22.47,False,,22.47,synthetic,demo,22.47,True,True,True,none,True
synthetic/s7/0127,total,money,mock-b,22.47,22.47,False,,22.47,synthetic,demo,22.47,True,True,True,none,True
synthetic/s7/0127,total,money,mock-c,22.47,22.47,False,,22.47,synthetic,demo,22.47,True,True,True,none,True
synthetic/s7/0127,total,money,mock-d,22.47,22.47,False,line: 22.47,22.47,synthetic,demo,22.47,True,True,True,none,True
synthetic/s7/0128,address,address,mock-a,"LOT 3, JALAN PELABUR 23/1, 40300 SHAH ALAM, SELANGOR",lot 3 jln pelabur 23 1 40300 shah alam selangor,False,,"LOT 3, JALAN PELABUR 23/1, 40300 SHAH ALAM, SELANGOR",synthetic,demo,lot 3 jln pelabur 23 1 40300 shah alam selangor,True,True,True,none,True
synthetic/s7/0128,address,address,mock-b,"LOT 3, JALAN PELABUR 23/1, 40300 SHAH ALAM, SELANGOR",lot 3 jln pelabur 23 1 40300 shah alam selangor,False,,"LOT 3, JALAN PELABUR 23/1, 40300 SHAH ALAM, SELANGOR",synthetic,demo,lot 3 jln pelabur 23 1 40300 shah alam selangor,True,True,True,none,True
synthetic/s7/0128,address,address,mock-c,"LOT 3, JALAN PELABUR 23/1, 40300 SHAH ALAM, SELANGOR",lot 3 jln pelabur 23 1 40300 shah alam selangor,False,,"LOT 3, JALAN PELABUR 23/1, 40300 SHAH ALAM, SELANGOR",synthetic,demo,lot 3 jln pelabur 23 1 40300 shah alam selangor,True,True,True,none,True
synthetic/s7/0128,address,address,mock-d,"LOT 3, JALAN PELABUR 23/1, 40300 SHAH ALAM, SELANGOR",lot 3 jln pelabur 23 1 40300 shah alam selangor,False,"line: LOT 3, JALAN PELABUR 23/1, 40300 SHAH ALAM, SELANGOR","LOT 3, JALAN PELABUR 23/1, 40300 SHAH ALAM, SELANGOR",synthetic,demo,lot 3 jln pelabur 23 1 40300 shah alam selangor,True,True,True,none,True
synthetic/s7/0128,company,org,mock-a,,,True,,GARDENIA BAKERIES (KL) SDN BHD,synthetic,demo,gardenia bakeries kl,True,False,False,miss,False
synthetic/s7/0128,company,org,mock-b,,,True,,GARDENIA BAKERIES (KL) SDN BHD,synthetic,demo,gardenia bakeries kl,True,False,False,miss,False
synthetic/s7/0128,company,org,mock-c,GARDENIA BAKERIES (KL) SDN,gardenia bakeries kl sdn,False,,GARDENIA BAKERIES (KL) SDN BHD,synthetic,demo,gardenia bakeries kl,True,True,False,wrong_value,False
synthetic/s7/0128,company,org,mock-d,GARDENIA BAKERIES (KL) SDN BHD,gardenia bakeries kl,False,line: GARDENIA BAKERIES (KL) SDN BHD,GARDENIA BAKERIES (KL) SDN BHD,synthetic,demo,gardenia bakeries kl,True,True,True,none,True
synthetic/s7/0128,date,date,mock-a,06/11/2018,2018-11-06,False,,06/11/2018,synthetic,demo,2018-11-06,True,True,True,none,True
synthetic/s7/0128,date,date,mock-b,06/11/2018,2018-11-06,False,,06/11/2018,synthetic,demo,2018-11-06,True,True,True,none,True
synthetic/s7/0128,date,date,mock-c,06/11/2018,2018-11-06,False,,06/11/2018,synthetic,demo,2018-11-06,True,True,True,none,True
synthetic/s7/0128,date,date,mock-d,06/11/2018,2018-11-06,False,line: 06/11/2018,06/11/2018,synthetic,demo,2018-11-06,True,True,True,none,True
synthetic/s7/0128,phone,phone,mock-a,,,True,,,synthetic,demo,,False,False,True,none,True
synthetic/s7/0128,phone,phone,mock-b,,,True,,,synthetic,demo,,False,False,True,none,True
synthetic/s7/0128,phone,phone,mock-c,,,True,,,synthetic,demo,,False,False,True,none,True
synthetic/s7/0128,phone,phone,mock-d,,,True,,,synthetic,demo,,False,False,True,none,True
synthetic/s7/0128,tax,money,mock-a,0.00,0.00,False,,,synthetic,demo,,False,True,False,hallucination,False
synthetic/s7/0128,tax,money,mock-b,0.00,0.00,False,,,synthetic,demo,,False,True,False,hallucination,False
synthetic/s7/0128,tax,money,mock-c,0.00,0.00,False,,,synthetic,demo,,False,True,False,hallucination,False
synthetic/s7/0128,tax,money,mock-d,0.00,0.00,False,line: 0.00,,synthetic,demo,,False,True,False,hallucination,False
synthetic/s7/0128,total,money,mock-a,34.30,34.30,False,,34.30,synthetic,demo,34.30,True,True,True,none,True
synthetic/s7/0128,total,money,mock-b,34.30,34.30,False,,34.30,synthetic,demo,34.30,True,True,True,none,True
synthetic/s7/0128,total,money,mock-c,34.30,34.30,False,,34.30,synthetic,demo,34.30,True,True,True,none,True
synthetic/s7/0128,total,money,mock-d,34.30,34.30,False,line: 34.30,34.30,synthetic,demo,34.30,True,True,True,none,True
synthetic/s7/0129,address,address,mock-a,"NO. 31G&33G, JALAN SETIA INDAH X, U13/X, 40170 SETIA ALAM",no 31g and 33g jln setia indah x u13 x 40170 setia alam,False,,"NO. 31G&33G, JALAN SETIA INDAH X, U13/X, 40170 SETIA ALAM",synthetic,demo,no 31g and 33g jln setia indah x u13 x 40170 setia alam,True,True,True,none,True
synthetic/s7/0129,address,address,mock-b,"NO. 31G&33G, JALAN SETIA INDAH X, U13/X, 40170 SETIA ALAM",no 31g and 33g jln setia indah x u13 x 40170 setia alam,False,,"NO. 31G&33G, JALAN SETIA INDAH X, U13/X, 40170 SETIA ALAM",synthetic,demo,no 31g and 33g jln setia indah x u13 x 40170 setia alam,True,True,True,none,True
synthetic/s7/0129,address,address,mock-c,"NO. 31G&33G, JALAN SETIA INDAH X, U13/X, 40170 SETIA ALAM",no 31g and 33g jln setia indah x u13 x 40170 setia alam,False,,"NO. 31G&33G, JALAN SETIA INDAH X, U13/X, 40170 SETIA ALAM",synthetic,demo,no 31g and 33g jln setia indah x u13 x 40170 setia alam,True,True,True,none,True
synthetic/s7/0129,address,address,mock-d,"NO. 31G&33G, JALAN SETIA INDAH X, U13/X, 40170 SETIA ALAM",no 31g and 33g jln setia indah x u13 x 40170 setia alam,False,"line: NO. 31G&33G, JALAN SETIA INDAH X, U13/X, 40170 SETIA ALAM","NO. 31G&33G, JALAN SETIA INDAH X, U13/X, 40170 SETIA ALAM",synthetic,demo,no 31g and 33g jln setia indah x u13 x 40170 setia alam,True,True,True,none,True
synthetic/s7/0129,company,org,mock-a,SANYU STATIONERY,sanyu stationery,False,,SANYU STATIONERY SHOP,synthetic,demo,sanyu stationery shop,True,True,False,wrong_value,False
synthetic/s7/0129,company,org,mock-b,SANYU STATIONERY,sanyu stationery,False,,SANYU STATIONERY SHOP,synthetic,demo,sanyu stationery shop,True,True,False,wrong_value,False
synthetic/s7/0129,company,org,mock-c,SANYU STATIONERY,sanyu stationery,False,,SANYU STATIONERY SHOP,synthetic,demo,sanyu stationery shop,True,True,False,wrong_value,False
synthetic/s7/0129,company,org,mock-d,SANYU STATIONERY,sanyu stationery,False,line: SANYU STATIONERY,SANYU STATIONERY SHOP,synthetic,demo,sanyu stationery shop,True,True,False,wrong_value,False
synthetic/s7/0129,date,date,mock-a,09/04/2018,2018-04-09,False,,09/04/2018,synthetic,demo,2018-04-09,True,True,True,none,True
synthetic/s7/0129,date,date,mock-b,04/09/2018,2018-09-04,False,,09/04/2018,synthetic,demo,2018-04-09,True,True,False,wrong_value,False
synthetic/s7/0129,date,date,mock-c,09/04/2018,2018-04-09,False,,09/04/2018,synthetic,demo,2018-04-09,True,True,True,none,True
synthetic/s7/0129,date,date,mock-d,,,True,,09/04/2018,synthetic,demo,2018-04-09,True,False,False,miss,False
synthetic/s7/0129,phone,phone,mock-a,03-112 7537,31127537,False,,03-112 7537,synthetic,demo,31127537,True,True,True,none,True
synthetic/s7/0129,phone,phone,mock-b,03-112 7537,31127537,False,,03-112 7537,synthetic,demo,31127537,True,True,True,none,True
synthetic/s7/0129,phone,phone,mock-c,03-112 7537,31127537,False,,03-112 7537,synthetic,demo,31127537,True,True,True,none,True
synthetic/s7/0129,phone,phone,mock-d,03-112 7537,31127537,False,line: 03-112 7537,03-112 7537,synthetic,demo,31127537,True,True,True,none,True
synthetic/s7/0129,tax,money,mock-a,4.39,4.39,False,,0.39,synthetic,demo,0.39,True,True,False,wrong_value,False
synthetic/s7/0129,tax,money,mock-b,0.39,0.39,False,,0.39,synthetic,demo,0.39,True,True,True,none,True
synthetic/s7/0129,tax,money,mock-c,0.39,0.39,False,,0.39,synthetic,demo,0.39,True,True,True,none,True
synthetic/s7/0129,tax,money,mock-d,0.39,0.39,False,line: 0.39,0.39,synthetic,demo,0.39,True,True,True,none,True
synthetic/s7/0129,total,money,mock-a,6.89,6.89,False,,6.89,synthetic,demo,6.89,True,True,True,none,True
synthetic/s7/0129,total,money,mock-b,6.89,6.89,False,,6.89,synthetic,demo,6.89,True,True,True,none,True
synthetic/s7/0129,total,money,mock-c,6.89,6.89,False,,6.89,synthetic,demo,6.89,True,True,True,none,True
synthetic/s7/0129,total,money,mock-d,6.89,6.89,False,line: 6.89,6.89,synthetic,demo,6.89,True,True,True,none,True
synthetic/s7/0130,address,address,mock-a,"LOT P.T. 2811, JALAN ANGSANA, TAMAN MUTIARA RINI, 81300 SKUDAI",lot p t 2811 jln angsana tmn mutiara rini 81300 skudai,False,,"LOT P.T. 2811, JALAN ANGSANA, TAMAN MUTIARA RINI, 81300 SKUDAI",synthetic,demo,lot p t 2811 jln angsana tmn mutiara rini 81300 skudai,True,True,True,none,True
synthetic/s7/0130,address,address,mock-b,"LOT P.T. 2811, JALAN ANGSANA, TAMAN MUTIARA RINI",lot p t 2811 jln angsana tmn mutiara rini,False,,"LOT P.T. 2811, JALAN ANGSANA, TAMAN MUTIARA RINI, 81300 SKUDAI",synthetic,demo,lot p t 2811 jln angsana tmn mutiara rini 81300 skudai,True,True,False,wrong_value,False
synthetic/s7/0130,address,address,mock-c,"LOT P.T. 2811, JALAN ANGSANA, TAMAN MUTIARA RINI, 81300 SKUDAI",lot p t 2811 jln angsana tmn mutiara rini 81300 skudai,False,,"LOT P.T. 2811, JALAN ANGSANA, TAMAN MUTIARA RINI, 81300 SKUDAI",synthetic,demo,lot p t 2811 jln angsana tmn mutiara rini 81300 skudai,True,True,True,none,True
synthetic/s7/0130,address,address,mock-d,"LOT P.T. 2811, JALAN ANGSANA, TAMAN MUTIARA RINI, 81300 SKUDAI",lot p t 2811 jln angsana tmn mutiara rini 81300 skudai,False,"line: LOT P.T. 2811, JALAN ANGSANA, TAMAN MUTIARA RINI, 81300 SKUDAI","LOT P.T. 2811, JALAN ANGSANA, TAMAN MUTIARA RINI, 81300 SKUDAI",synthetic,demo,lot p t 2811 jln angsana tmn mutiara rini 81300 skudai,True,True,True,none,True
synthetic/s7/0130,company,org,mock-a,99 SPEED MART S/B,99 speed mart s b,False,,99 SPEED MART S/B,synthetic,demo,99 speed mart s b,True,True,True,none,True
synthetic/s7/0130,company,org,mock-b,99 SPEED MART S/B,99 speed mart s b,False,,99 SPEED MART S/B,synthetic,demo,99 speed mart s b,True,True,True,none,True
synthetic/s7/0130,company,org,mock-c,99 SPEED MART S/B,99 speed mart s b,False,,99 SPEED MART S/B,synthetic,demo,99 speed mart s b,True,True,True,none,True
synthetic/s7/0130,company,org,mock-d,99 SPEED MART S/B,99 speed mart s b,False,line: 99 SPEED MART S/B,99 SPEED MART S/B,synthetic,demo,99 speed mart s b,True,True,True,none,True
synthetic/s7/0130,date,date,mock-a,17/11/2019,2019-11-17,False,,17/11/2019,synthetic,demo,2019-11-17,True,True,True,none,True
synthetic/s7/0130,date,date,mock-b,17/11/2019,2019-11-17,False,,17/11/2019,synthetic,demo,2019-11-17,True,True,True,none,True
synthetic/s7/0130,date,date,mock-c,17/11/2019,2019-11-17,False,,17/11/2019,synthetic,demo,2019-11-17,True,True,True,none,True
synthetic/s7/0130,date,date,mock-d,17/11/2019,2019-11-17,False,line: 17/11/2019,17/11/2019,synthetic,demo,2019-11-17,True,True,True,none,True
synthetic/s7/0130,phone,phone,mock-a,04-973 8045,49738045,False,,04-973 8045,synthetic,demo,49738045,True,True,True,none,True
synthetic/s7/0130,phone,phone,mock-b,04-973 8045,49738045,False,,04-973 8045,synthetic,demo,49738045,True,True,True,none,True
synthetic/s7/0130,phone,phone,mock-c,24-973 8045,249738045,False,,04-973 8045,synthetic,demo,49738045,True,True,False,wrong_value,False
synthetic/s7/0130,phone,phone,mock-d,04-973 8045,49738045,False,line: 04-973 8045,04-973 8045,synthetic,demo,49738045,True,True,True,none,True
synthetic/s7/0130,tax,money,mock-a,,,True,,,synthetic,demo,,False,False,True,none,True
synthetic/s7/0130,tax,money,mock-b,,,True,,,synthetic,demo,,False,False,True,none,True
synthetic/s7/0130,tax,money,mock-c,,,True,,,synthetic,demo,,False,False,True,none,True
synthetic/s7/0130,tax,money,mock-d,,,True,,,synthetic,demo,,False,False,True,none,True
synthetic/s7/0130,total,money,mock-a,23.20,23.20,False,,23.20,synthetic,demo,23.20,True,True,True,none,True
synthetic/s7/0130,total,money,mock-b,23.20,23.20,False,,23.20,synthetic,demo,23.20,True,True,True,none,True
synthetic/s7/0130,total,money,mock-c,23.20,23.20,False,,23.20,synthetic,demo,23.20,True,True,True,none,True
synthetic/s7/0130,total,money,mock-d,23.20,23.20,False,line: 23.20,23.20,synthetic,demo,23.20,True,True,True,none,True
synthetic/s7/0131,address,address,mock-a,"LOT 276 JALAN BANTING, 43800 DENGKIL, SELANGOR",lot 276 jln banting 43800 dengkil selangor,False,,"LOT 276 JALAN BANTING, 43800 DENGKIL, SELANGOR",synthetic,demo,lot 276 jln banting 43800 dengkil selangor,True,True,True,none,True
synthetic/s7/0131,address,address,mock-b,"LOT 276 JALAN BANTING, 43800 DENGKIL, SELANGOR",lot 276 jln banting 43800 dengkil selangor,False,,"LOT 276 JALAN BANTING, 43800 DENGKIL, SELANGOR",synthetic,demo,lot 276 jln banting 43800 dengkil selangor,True,True,True,none,True
synthetic/s7/0131,address,address,mock-c,"LOT 276 JALAN BANTING, 43800 DENGKIL, SELANGOR",lot 276 jln banting 43800 dengkil selangor,False,,"LOT 276 JALAN BANTING, 43800 DENGKIL, SELANGOR",synthetic,demo,lot 276 jln banting 43800 dengkil selangor,True,True,True,none,True
synthetic/s7/0131,address,address,mock-d,"LOT 276 JALAN BANTING, 43800 DENGKIL, SELANGOR",lot 276 jln banting 43800 dengkil selangor,False,"line: LOT 276 JALAN BANTING, 43800 DENGKIL, SELANGOR","LOT 276 JALAN BANTING, 43800 DENGKIL, SELANGOR",synthetic,demo,lot 276 jln banting 43800 dengkil selangor,True,True,True,none,True
synthetic/s7/0131,company,org,mock-a,KEDAI PAPAN YEW CHUAN,kedai papan yew chuan,False,,KEDAI PAPAN YEW CHUAN,synthetic,demo,kedai papan yew chuan,True,True,True,none,True
synthetic/s7/0131,company,org,mock-b,KEDAI PAPAN YEW CHUAN,kedai papan yew chuan,False,,KEDAI PAPAN YEW CHUAN,synthetic,demo,kedai papan yew chuan,True,True,True,none,True
synthetic/s7/0131,company,org,mock-c,PAPAN YEW CHUAN,papan yew chuan,False,,KEDAI PAPAN YEW CHUAN,synthetic,demo,kedai papan yew chuan,True,True,False,wrong_value,False
synthetic/s7/0131,company,org,mock-d,KEDAI PAPAN YEW CHUAN,kedai papan yew chuan,False,line: KEDAI PAPAN YEW CHUAN,KEDAI PAPAN YEW CHUAN,synthetic,demo,kedai papan yew chuan,True,True,True,none,True
synthetic/s7/0131,date,date,mock-a,24/11/2019,2019-11-24,False,,24/11/2019,synthetic,demo,2019-11-24,True,True,True,none,True
synthetic/s7/0131,date,date,mock-b,11/24/2019,2019-11-24,False,,24/11/2019,synthetic,demo,2019-11-24,True,True,True,none,True
synthetic/s7/0131,date,date,mock-c,24/11/2019,2019-11-24,False,,24/11/2019,synthetic,demo,2019-11-24,True,True,True,none,True
synthetic/s7/0131,date,date,mock-d,24/11/2019,2019-11-24,False,line: 24/11/2019,24/11/2019,synthetic,demo,2019-11-24,True,True,True,none,True
synthetic/s7/0131,phone,phone,mock-a,06-420 5256,64205256,False,,06-420 5256,synthetic,demo,64205256,True,True,True,none,True
synthetic/s7/0131,phone,phone,mock-b,06-420 5256,64205256,False,,06-420 5256,synthetic,demo,64205256,True,True,True,none,True
synthetic/s7/0131,phone,phone,mock-c,06-420 5256,64205256,False,,06-420 5256,synthetic,demo,64205256,True,True,True,none,True
synthetic/s7/0131,phone,phone,mock-d,,,True,,06-420 5256,synthetic,demo,64205256,True,False,False,miss,False
synthetic/s7/0131,tax,money,mock-a,1.27,1.27,False,,1.27,synthetic,demo,1.27,True,True,True,none,True
synthetic/s7/0131,tax,money,mock-b,1.27,1.27,False,,1.27,synthetic,demo,1.27,True,True,True,none,True
synthetic/s7/0131,tax,money,mock-c,4.27,4.27,False,,1.27,synthetic,demo,1.27,True,True,False,wrong_value,False
synthetic/s7/0131,tax,money,mock-d,1.27,1.27,False,line: 1.27,1.27,synthetic,demo,1.27,True,True,True,none,True
synthetic/s7/0131,total,money,mock-a,62.47,62.47,False,,22.47,synthetic,demo,22.47,True,True,False,wrong_value,False
synthetic/s7/0131,total,money,mock-b,62.47,62.47,False,,22.47,synthetic,demo,22.47,True,True,False,wrong_value,False
synthetic/s7/0131,total,money,mock-c,62.47,62.47,False,,22.47,synthetic,demo,22.47,True,True,False,wrong_value,False
synthetic/s7/0131,total,money,mock-d,62.47,62.47,False,line: 62.47,22.47,synthetic,demo,22.47,True,True,False,wrong_value,False
synthetic/s7/0132,address,address,mock-a,"NO 2 & 4, JALAN BAYU 4, BANDAR SERI ALAM, 81750 MASAI",no 2 and 4 jln bayu 4 bdr seri alam 81750 masai,False,,"NO 2 & 4, JALAN BAYU 4, BANDAR SERI ALAM, 81750 MASAI, JOHOR",synthetic,demo,no 2 and 4 jln bayu 4 bdr seri alam 81750 masai johor,True,True,False,wrong_value,False
synthetic/s7/0132,address,address,mock-b,"NO 2 & 4, JALAN BAYU 4, BANDAR SERI ALAM, 81750 MASAI, JOHOR",no 2 and 4 jln bayu 4 bdr seri alam 81750 masai johor,False,,"NO 2 & 4, JALAN BAYU 4, BANDAR SERI ALAM, 81750 MASAI, JOHOR",synthetic,demo,no 2 and 4 jln bayu 4 bdr seri alam 81750 masai johor,True,True,True,none,True
synthetic/s7/0132,address,address,mock-c,"NO 2 & 4, JALAN BAYU 4, BANDAR SERI ALAM, 81750 MASAI, JOHOR",no 2 and 4 jln bayu 4 bdr seri alam 81750 masai johor,False,,"NO 2 & 4, JALAN BAYU 4, BANDAR SERI ALAM, 81750 MASAI, JOHOR",synthetic,demo,no 2 and 4 jln bayu 4 bdr seri alam 81750 masai johor,True,True,True,none,True
synthetic/s7/0132,address,address,mock-d,"NO 2 & 4, JALAN BAYU 4, BANDAR SERI ALAM, 81750 MASAI",no 2 and 4 jln bayu 4 bdr seri alam 81750 masai,False,"line: NO 2 & 4, JALAN BAYU 4, BANDAR SERI ALAM, 81750 MASAI","NO 2 & 4, JALAN BAYU 4, BANDAR SERI ALAM, 81750 MASAI, JOHOR",synthetic,demo,no 2 and 4 jln bayu 4 bdr seri alam 81750 masai johor,True,True,False,wrong_value,False
synthetic/s7/0132,company,org,mock-a,OJC MARKETING SDN BHD,ojc marketing,False,,OJC MARKETING SDN BHD,synthetic,demo,ojc marketing,True,True,True,none,True
synthetic/s7/0132,company,org,mock-b,OJC MARKETING SDN BHD,ojc marketing,False,,OJC MARKETING SDN BHD,synthetic,demo,ojc marketing,True,True,True,none,True
synthetic/s7/0132,company,org,mock-c,OJC MARKETING SDN BHD,ojc marketing,False,,OJC MARKETING SDN BHD,synthetic,demo,ojc marketing,True,True,True,none,True
synthetic/s7/0132,company,org,mock-d,OJC MARKETING SDN BHD,ojc marketing,False,line: OJC MARKETING SDN BHD,OJC MARKETING SDN BHD,synthetic,demo,ojc marketing,True,True,True,none,True
synthetic/s7/0132,date,date,mock-a,04/14/2019,2019-04-14,False,,14/04/2019,synthetic,demo,2019-04-14,True,True,True,none,True
synthetic/s7/0132,date,date,mock-b,04/14/2019,2019-04-14,False,,14/04/2019,synthetic,demo,2019-04-14,True,True,True,none,True
synthetic/s7/0132,date,date,mock-c,14/04/2019,2019-04-14,False,,14/04/2019,synthetic,demo,2019-04-14,True,True,True,none,True
synthetic/s7/0132,date,date,mock-d,14/04/2019,2019-04-14,False,line: 14/04/2019,14/04/2019,synthetic,demo,2019-04-14,True,True,True,none,True
synthetic/s7/0132,phone,phone,mock-a,87-979 7706,879797706,False,,07-979 7706,synthetic,demo,79797706,True,True,False,wrong_value,False
synthetic/s7/0132,phone,phone,mock-b,87-979 7706,879797706,False,,07-979 7706,synthetic,demo,79797706,True,True,False,wrong_value,False
synthetic/s7/0132,phone,phone,mock-c,87-979 7706,879797706,False,,07-979 7706,synthetic,demo,79797706,True,True,False,wrong_value,False
synthetic/s7/0132,phone,phone,mock-d,87-979 7706,879797706,False,line: 87-979 7706,07-979 7706,synthetic,demo,79797706,True,True,False,wrong_value,False
synthetic/s7/0132,tax,money,mock-a,1.67,1.67,False,,1.67,synthetic,demo,1.67,True,True,True,none,True
synthetic/s7/0132,tax,money,mock-b,1.61,1.61,False,,1.67,synthetic,demo,1.67,True,True,False,wrong_value,False
synthetic/s7/0132,tax,money,mock-c,1.67,1.67,False,,1.67,synthetic,demo,1.67,True,True,True,none,True
synthetic/s7/0132,tax,money,mock-d,1.67,1.67,False,line: 1.67,1.67,synthetic,demo,1.67,True,True,True,none,True
synthetic/s7/0132,total,money,mock-a,29.57,29.57,False,,29.57,synthetic,demo,29.57,True,True,True,none,True
synthetic/s7/0132,total,money,mock-b,39.57,39.57,False,,29.57,synthetic,demo,29.57,True,True,False,wrong_value,False
synthetic/s7/0132,total,money,mock-c,29.57,29.57,False,,29.57,synthetic,demo,29.57,True,True,True,none,True
synthetic/s7/0132,total,money,mock-d,29.57,29.57,False,line: 29.57,29.57,synthetic,demo,29.57,True,True,True,none,True
synthetic/s7/0133,address,address,mock-a,"NO.59 JALAN PERMAS 9/5, BANDAR BARU PERMAS JAYA, 81750 JOHOR BAHRU",no 59 jln permas 9 5 bdr baru permas jaya 81750 johor bahru,False,,"NO.59 JALAN PERMAS 9/5, BANDAR BARU PERMAS JAYA, 81750 JOHOR BAHRU",synthetic,demo,no 59 jln permas 9 5 bdr baru permas jaya 81750 johor bahru,True,True,True,none,True
synthetic/s7/0133,address,address,mock-b,"NO.59 JALAN PERMAS 9/5, BANDAR BARU PERMAS JAYA, 81750 JOHOR BAHRU",no 59 jln permas 9 5 bdr baru permas jaya 81750 johor bahru,False,,"NO.59 JALAN PERMAS 9/5, BANDAR BARU PERMAS JAYA, 81750 JOHOR BAHRU",synthetic,demo,no 59 jln permas 9 5 bdr baru permas jaya 81750 johor bahru,True,True,True,none,True
synthetic/s7/0133,address,address,mock-c,"NO.59 JALAN PERMAS 9/5, BANDAR BARU PERMAS JAYA, 81750 JOHOR BAHRU",no 59 jln permas 9 5 bdr baru permas jaya 81750 johor bahru,False,,"NO.59 JALAN PERMAS 9/5, BANDAR BARU PERMAS JAYA, 81750 JOHOR BAHRU",synthetic,demo,no 59 jln permas 9 5 bdr baru permas jaya 81750 johor bahru,True,True,True,none,True
synthetic/s7/0133,address,address,mock-d,"NO.59 JALAN PERMAS 9/5, BANDAR BARU PERMAS JAYA, 81750 JOHOR BAHRU",no 59 jln permas 9 5 bdr baru permas jaya 81750 johor bahru,False,"line: NO.59 JALAN PERMAS 9/5, BANDAR BARU PERMAS JAYA, 81750 JOHOR BAHRU","NO.59 JALAN PERMAS 9/5, BANDAR BARU PERMAS JAYA, 81750 JOHOR BAHRU",synthetic,demo,no 59 jln permas 9 5 bdr baru permas jaya 81750 johor bahru,True,True,True,none,True
synthetic/s7/0133,company,org,mock-a,PERNIAGAAN ZHENG HUI,perniagaan zheng hui,False,,PERNIAGAAN ZHENG HUI,synthetic,demo,perniagaan zheng hui,True,True,True,none,True
synthetic/s7/0133,company,org,mock-b,PERNIAGAAN ZHENG HUI,perniagaan zheng hui,False,,PERNIAGAAN ZHENG HUI,synthetic,demo,perniagaan zheng hui,True,True,True,none,True
synthetic/s7/0133,company,org,mock-c,,,True,,PERNIAGAAN ZHENG HUI,synthetic,demo,perniagaan zheng hui,True,False,False,miss,False
synthetic/s7/0133,company,org,mock-d,PERNIAGAAN ZHENG HUI,perniagaan zheng hui,False,line: PERNIAGAAN ZHENG HUI,PERNIAGAAN ZHENG HUI,synthetic,demo,perniagaan zheng hui,True,True,True,none,True
synthetic/s7/0133,date,date,mock-a,03/28/2019,2019-03-28,False,,28/03/2019,synthetic,demo,2019-03-28,True,True,True,none,True
synthetic/s7/0133,date,date,mock-b,28/03/2019,2019-03-28,False,,28/03/2019,synthetic,demo,2019-03-28,True,True,True,none,True
synthetic/s7/0133,date,date,mock-c,28/03/2019,2019-03-28,False,,28/03/2019,synthetic,demo,2019-03-28,True,True,True,none,True
synthetic/s7/0133,date,date,mock-d,28/03/2019,2019-03-28,False,line: 28/03/2019,28/03/2019,synthetic,demo,2019-03-28,True,True,True,none,True
synthetic/s7/0133,phone,phone,mock-a,,,True,,,synthetic,demo,,False,False,True,none,True
synthetic/s7/0133,phone,phone,mock-b,,,True,,,synthetic,demo,,False,False,True,none,True
synthetic/s7/0133,phone,phone,mock-c,,,True,,,synthetic,demo,,False,False,True,none,True
synthetic/s7/0133,phone,phone,mock-d,,,True,,,synthetic,demo,,False,False,True,none,True
synthetic/s7/0133,tax,money,mock-a,,,True,,,synthetic,demo,,False,False,True,none,True
synthetic/s7/0133,tax,money,mock-b,,,True,,,synthetic,demo,,False,False,True,none,True
synthetic/s7/0133,tax,money,mock-c,,,True,,,synthetic,demo,,False,False,True,none,True
synthetic/s7/0133,tax,money,mock-d,,,True,,,synthetic,demo,,False,False,True,none,True
synthetic/s7/0133,total,money,mock-a,21.40,21.40,False,,21.40,synthetic,demo,21.40,True,True,True,none,True
synthetic/s7/0133,total,money,mock-b,21.40,21.40,False,,21.40,synthetic,demo,21.40,True,True,True,none,True
synthetic/s7/0133,total,money,mock-c,21.40,21.40,False,,21.40,synthetic,demo,21.40,True,True,True,none,True
synthetic/s7/0133,total,money,mock-d,20.20,20.20,False,line: 20.20,21.40,synthetic,demo,21.40,True,True,False,wrong_value,False
synthetic/s7/0134,address,address,mock-a,"LOT 3, JALAN PELABUR 23/1, 40300 SHAH ALAM, SELANGOR",lot 3 jln pelabur 23 1 40300 shah alam selangor,False,,"LOT 3, JALAN PELABUR 23/1, 40300 SHAH ALAM, SELANGOR",synthetic,demo,lot 3 jln pelabur 23 1 40300 shah alam selangor,True,True,True,none,True
synthetic/s7/0134,address,address,mock-b,"LOT 3, JALAN PELABUR 23/1, 40300 SHAH ALAM, SELANGOR",lot 3 jln pelabur 23 1 40300 shah alam selangor,False,,"LOT 3, JALAN PELABUR 23/1, 40300 SHAH ALAM, SELANGOR",synthetic,demo,lot 3 jln pelabur 23 1 40300 shah alam selangor,True,True,True,none,True
synthetic/s7/0134,address,address,mock-c,"LOT 3, JALAN PELABUR 23/1, 40300 SHAH ALAM, SELANGOR",lot 3 jln pelabur 23 1 40300 shah alam selangor,False,,"LOT 3, JALAN PELABUR 23/1, 40300 SHAH ALAM, SELANGOR",synthetic,demo,lot 3 jln pelabur 23 1 40300 shah alam selangor,True,True,True,none,True
synthetic/s7/0134,address,address,mock-d,"LOT 3, JALAN PELABUR 23/1, 40300 SHAH ALAM, SELANGOR",lot 3 jln pelabur 23 1 40300 shah alam selangor,False,"line: LOT 3, JALAN PELABUR 23/1, 40300 SHAH ALAM, SELANGOR","LOT 3, JALAN PELABUR 23/1, 40300 SHAH ALAM, SELANGOR",synthetic,demo,lot 3 jln pelabur 23 1 40300 shah alam selangor,True,True,True,none,True
synthetic/s7/0134,company,org,mock-a,GARDENIA BAKERIES (KL) SDN BHD,gardenia bakeries kl,False,,GARDENIA BAKERIES (KL) SDN BHD,synthetic,demo,gardenia bakeries kl,True,True,True,none,True
synthetic/s7/0134,company,org,mock-b,GARDENIA BAKERIES (KL) SDN BHD,gardenia bakeries kl,False,,GARDENIA BAKERIES (KL) SDN BHD,synthetic,demo,gardenia bakeries kl,True,True,True,none,True
synthetic/s7/0134,company,org,mock-c,GARDENIA BAKERIES (KL) SDN BHD,gardenia bakeries kl,False,,GARDENIA BAKERIES (KL) SDN BHD,synthetic,demo,gardenia bakeries kl,True,True,True,none,True
synthetic/s7/0134,company,org,mock-d,GARDENIA BAKERIES (KL) SDN BHD,gardenia bakeries kl,False,line: GARDENIA BAKERIES (KL) SDN BHD,GARDENIA BAKERIES (KL) SDN BHD,synthetic,demo,gardenia bakeries kl,True,True,True,none,True
synthetic/s7/0134,date,date,mock-a,18/04/2018,2018-04-18,False,,18/04/2018,synthetic,demo,2018-04-18,True,True,True,none,True
synthetic/s7/0134,date,date,mock-b,18/04/2018,2018-04-18,False,,18/04/2018,synthetic,demo,2018-04-18,True,True,True,none,True
synthetic/s7/0134,date,date,mock-c,18/04/2018,2018-04-18,False,,18/04/2018,synthetic,demo,2018-04-18,True,True,True,none,True
synthetic/s7/0134,date,date,mock-d,04/18/2018,2018-04-18,False,line: 04/18/2018,18/04/2018,synthetic,demo,2018-04-18,True,True,True,none,True
synthetic/s7/0134,phone,phone,mock-a,04-834 8794,48348794,False,,04-834 8794,synthetic,demo,48348794,True,True,True,none,True
synthetic/s7/0134,phone,phone,mock-b,04-834 8794,48348794,False,,04-834 8794,synthetic,demo,48348794,True,True,True,none,True
synthetic/s7/0134,phone,phone,mock-c,04-834 8794,48348794,False,,04-834 8794,synthetic,demo,48348794,True,True,True,none,True
synthetic/s7/0134,phone,phone,mock-d,04-834 8794,48348794,False,line: 04-834 8794,04-834 8794,synthetic,demo,48348794,True,True,True,none,True
synthetic/s7/0134,tax,money,mock-a,,,True,,,synthetic,demo,,False,False,True,none,True
synthetic/s7/0134,tax,money,mock-b,,,True,,,synthetic,demo,,False,False,True,none,True
synthetic/s7/0134,tax,money,mock-c,,,True,,,synthetic,demo,,False,False,True,none,True
synthetic/s7/0134,tax,money,mock-d,,,True,,,synthetic,demo,,False,False,True,none,True
synthetic/s7/0134,total,money,mock-a,19.50,19.50,False,,19.50,synthetic,demo,19.50,True,True,True,none,True
synthetic/s7/0134,total,money,mock-b,19.50,19.50,False,,19.50,synthetic,demo,19.50,True,True,True,none,True
synthetic/s7/0134,total,money,mock-c,19.50,19.50,False,,19.50,synthetic,demo,19.50,True,True,True,none,True
synthetic/s7/0134,total,money,mock-d,19.50,19.50,False,line: 19.50,19.50,synthetic,demo,19.50,True,True,True,none,True
synthetic/s7/0135,address,address,mock-a,"NO. 31G&33G, JALAN SETIA INDAH X, U13/X, 40170 SETIA ALAM",no 31g and 33g jln setia indah x u13 x 40170 setia alam,False,,"NO. 31G&33G, JALAN SETIA INDAH X, U13/X, 40170 SETIA ALAM",synthetic,demo,no 31g and 33g jln setia indah x u13 x 40170 setia alam,True,True,True,none,True
synthetic/s7/0135,address,address,mock-b,,,True,,"NO. 31G&33G, JALAN SETIA INDAH X, U13/X, 40170 SETIA ALAM",synthetic,demo,no 31g and 33g jln setia indah x u13 x 40170 setia alam,True,False,False,miss,False
synthetic/s7/0135,address,address,mock-c,"NO. 31G&33G, JALAN SETIA INDAH X, U13/X, 40170 SETIA ALAM",no 31g and 33g jln setia indah x u13 x 40170 setia alam,False,,"NO. 31G&33G, JALAN SETIA INDAH X, U13/X, 40170 SETIA ALAM",synthetic,demo,no 31g and 33g jln setia indah x u13 x 40170 setia alam,True,True,True,none,True
synthetic/s7/0135,address,address,mock-d,"NO. 31G&33G, JALAN SETIA INDAH X, U13/X, 40170 SETIA ALAM",no 31g and 33g jln setia indah x u13 x 40170 setia alam,False,"line: NO. 31G&33G, JALAN SETIA INDAH X, U13/X, 40170 SETIA ALAM","NO. 31G&33G, JALAN SETIA INDAH X, U13/X, 40170 SETIA ALAM",synthetic,demo,no 31g and 33g jln setia indah x u13 x 40170 setia alam,True,True,True,none,True
synthetic/s7/0135,company,org,mock-a,SANYU STATIONERY SHOP,sanyu stationery shop,False,,SANYU STATIONERY SHOP,synthetic,demo,sanyu stationery shop,True,True,True,none,True
synthetic/s7/0135,company,org,mock-b,SANYU STATIONERY SHOP,sanyu stationery shop,False,,SANYU STATIONERY SHOP,synthetic,demo,sanyu stationery shop,True,True,True,none,True
synthetic/s7/0135,company,org,mock-c,SANYU STATIONERY SHOP,sanyu stationery shop,False,,SANYU STATIONERY SHOP,synthetic,demo,sanyu stationery shop,True,True,True,none,True
synthetic/s7/0135,company,org,mock-d,,,True,,SANYU STATIONERY SHOP,synthetic,demo,sanyu stationery shop,True,False,False,miss,False
synthetic/s7/0135,date,date,mock-a,26/06/2019,2019-06-26,False,,26/06/2019,synthetic,demo,2019-06-26,True,True,True,none,True
synthetic/s7/0135,date,date,mock-b,26/06/2019,2019-06-26,False,,26/06/2019,synthetic,demo,2019-06-26,True,True,True,none,True
synthetic/s7/0135,date,date,mock-c,26/06/2019,2019-06-26,False,,26/06/2019,synthetic,demo,2019-06-26,True,True,True,none,True
synthetic/s7/0135,date,date,mock-d,26/06/2019,2019-06-26,False,line: 26/06/2019,26/06/2019,synthetic,demo,2019-06-26,True,True,True,none,True
synthetic/s7/0135,phone,phone,mock-a,,,True,,,synthetic,demo,,False,False,True,none,True
synthetic/s7/0135,phone,phone,mock-b,,,True,,,synthetic,demo,,False,False,True,none,True
synthetic/s7/0135,phone,phone,mock-c,,,True,,,synthetic,demo,,False,False,True,none,True
synthetic/s7/0135,phone,phone,mock-d,,,True,,,synthetic,demo,,False,False,True,none,True
synthetic/s7/0135,tax,money,mock-a,,,True,,3.43,synthetic,demo,3.43,True,False,False,miss,False
synthetic/s7/0135,tax,money,mock-b,3.43,3.43,False,,3.43,synthetic,demo,3.43,True,True,True,none,True
synthetic/s7/0135,tax,money,mock-c,3.43,3.43,False,,3.43,synthetic,demo,3.43,True,True,True,none,True
synthetic/s7/0135,tax,money,mock-d,3.43,3.43,False,line: 3.43,3.43,synthetic,demo,3.43,True,True,True,none,True
synthetic/s7/0135,total,money,mock-a,60.53,60.53,False,,60.53,synthetic,demo,60.53,True,True,True,none,True
synthetic/s7/0135,total,money,mock-b,60.53,60.53,False,,60.53,synthetic,demo,60.53,True,True,True,none,True
synthetic/s7/0135,total,money,mock-c,,,True,,60.53,synthetic,demo,60.53,True,False,False,miss,False
synthetic/s7/0135,total,money,mock-d,60.53,60.53,False,line: 60.53,60.53,synthetic,demo,60.53,True,True,True,none,True
synthetic/s7/0136,address,address,mock-a,"LOT P.T. 2811, JALAN ANGSANA, TAMAN MUTIARA RINI, 81300 SKUDAI",lot p t 2811 jln angsana tmn mutiara rini 81300 skudai,False,,"LOT P.T. 2811, JALAN ANGSANA, TAMAN MUTIARA RINI, 81300 SKUDAI",synthetic,demo,lot p t 2811 jln angsana tmn mutiara rini 81300 skudai,True,True,True,none,True
synthetic/s7/0136,address,address,mock-b,"LOT P.T. 2811, JALAN ANGSANA, TAMAN MUTIARA RINI, 81300 SKUDAI",lot p t 2811 jln angsana tmn mutiara rini 81300 skudai,False,,"LOT P.T. 2811, JALAN ANGSANA, TAMAN MUTIARA RINI, 81300 SKUDAI",synthetic,demo,lot p t 2811 jln angsana tmn mutiara rini 81300 skudai,True,True,True,none,True
synthetic/s7/0136,address,address,mock-c,"LOT P.T. 2811, JALAN ANGSANA, TAMAN MUTIARA RINI, 81300 SKUDAI",lot p t 2811 jln angsana tmn mutiara rini 81300 skudai,False,,"LOT P.T. 2811, JALAN ANGSANA, TAMAN MUTIARA RINI, 81300 SKUDAI",synthetic,demo,lot p t 2811 jln angsana tmn mutiara rini 81300 skudai,True,True,True,none,True
synthetic/s7/0136,address,address,mock-d,"LOT P.T. 2811, JALAN ANGSANA, TAMAN MUTIARA RINI, 81300 SKUDAI",lot p t 2811 jln angsana tmn mutiara rini 81300 skudai,False,"line: LOT P.T. 2811, JALAN ANGSANA, TAMAN MUTIARA RINI, 81300 SKUDAI","LOT P.T. 2811, JALAN ANGSANA, TAMAN MUTIARA RINI, 81300 SKUDAI",synthetic,demo,lot p t 2811 jln angsana tmn mutiara rini 81300 skudai,True,True,True,none,True
synthetic/s7/0136,company,org,mock-a,99 SPEED MART S/B,99 speed mart s b,False,,99 SPEED MART S/B,synthetic,demo,99 speed mart s b,True,True,True,none,True
synthetic/s7/0136,company,org,mock-b,99 SPEED MART S/B,99 speed mart s b,False,,99 SPEED MART S/B,synthetic,demo,99 speed mart s b,True,True,True,none,True
synthetic/s7/0136,company,org,mock-c,99 SPEED MART S/B,99 speed mart s b,False,,99 SPEED MART S/B,synthetic,demo,99 speed mart s b,True,True,True,none,True
synthetic/s7/0136,company,org,mock-d,99 SPEED MART S/B,99 speed mart s b,False,line: 99 SPEED MART S/B,99 SPEED MART S/B,synthetic,demo,99 speed mart s b,True,True,True,none,True
synthetic/s7/0136,date,date,mock-a,12/11/2018,2018-11-12,False,,12/11/2018,synthetic,demo,2018-11-12,True,True,True,none,True
synthetic/s7/0136,date,date,mock-b,11/12/2018,2018-12-11,False,,12/11/2018,synthetic,demo,2018-11-12,True,True,False,wrong_value,False
synthetic/s7/0136,date,date,mock-c,12/11/2018,2018-11-12,False,,12/11/2018,synthetic,demo,2018-11-12,True,True,True,none,True
synthetic/s7/0136,date,date,mock-d,12/11/2018,2018-11-12,False,line: 12/11/2018,12/11/2018,synthetic,demo,2018-11-12,True,True,True,none,True
synthetic/s7/0136,phone,phone,mock-a,06-743 6769,67436769,False,,06-743 6769,synthetic,demo,67436769,True,True,True,none,True
synthetic/s7/0136,phone,phone,mock-b,76-743 6769,767436769,False,,06-743 6769,synthetic,demo,67436769,True,True,False,wrong_value,False
synthetic/s7/0136,phone,phone,mock-c,06-743 6769,67436769,False,,06-743 6769,synthetic,demo,67436769,True,True,True,none,True
synthetic/s7/0136,phone,phone,mock-d,,,True,,06-743 6769,synthetic,demo,67436769,True,False,False,miss,False
synthetic/s7/0136,tax,money,mock-a,1.87,1.87,False,,1.87,synthetic,demo,1.87,True,True,True,none,True
synthetic/s7/0136,tax,money,mock-b,1.87,1.87,False,,1.87,synthetic,demo,1.87,True,True,True,none,True
synthetic/s7/0136,tax,money,mock-c,1.87,1.87,False,,1.87,synthetic,demo,1.87,True,True,True,none,True
synthetic/s7/0136,tax,money,mock-d,1.87,1.87,False,line: 1.87,1.87,synthetic,demo,1.87,True,True,True,none,True
synthetic/s7/0136,total,money,mock-a,32.97,32.97,False,,32.97,synthetic,demo,32.97,True,True,True,none,True
synthetic/s7/0136,total,money,mock-b,32.97,32.97,False,,32.97,synthetic,demo,32.97,True,True,True,none,True
synthetic/s7/0136,total,money,mock-c,32.97,32.97,False,,32.97,synthetic,demo,32.97,True,True,True,none,True
synthetic/s7/0136,total,money,mock-d,32.97,32.97,False,line: 32.97,32.97,synthetic,demo,32.97,True,True,True,none,True
synthetic/s7/0137,address,address,mock-a,"LOT 276 JALAN BANTING, 43800 DENGKIL",lot 276 jln banting 43800 dengkil,False,,"LOT 276 JALAN BANTING, 43800 DENGKIL, SELANGOR",synthetic,demo,lot 276 jln banting 43800 dengkil selangor,True,True,False,wrong_value,False
synthetic/s7/0137,address,address,mock-b,"LOT 276 JALAN BANTING, 43800 DENGKIL",lot 276 jln banting 43800 dengkil,False,,"LOT 276 JALAN BANTING, 43800 DENGKIL, SELANGOR",synthetic,demo,lot 276 jln banting 43800 dengkil selangor,True,True,False,wrong_value,False
synthetic/s7/0137,address,address,mock-c,"LOT 276 JALAN BANTING, 43800 DENGKIL, SELANGOR",lot 276 jln banting 43800 dengkil selangor,False,,"LOT 276 JALAN BANTING, 43800 DENGKIL, SELANGOR",synthetic,demo,lot 276 jln banting 43800 dengkil selangor,True,True,True,none,True
synthetic/s7/0137,address,address,mock-d,"LOT 276 JALAN BANTING, 43800 DENGKIL, SELANGOR",lot 276 jln banting 43800 dengkil selangor,False,"line: LOT 276 JALAN BANTING, 43800 DENGKIL, SELANGOR","LOT 276 JALAN BANTING, 43800 DENGKIL, SELANGOR",synthetic,demo,lot 276 jln banting 43800 dengkil selangor,True,True,True,none,True
synthetic/s7/0137,company,org,mock-a,KEDAI PAPAN YEW,kedai papan yew,False,,KEDAI PAPAN YEW CHUAN,synthetic,demo,kedai papan yew chuan,True,True,False,wrong_value,False
synthetic/s7/0137,company,org,mock-b,KEDAI PAPAN YEW CHUAN,kedai papan yew chuan,False,,KEDAI PAPAN YEW CHUAN,synthetic,demo,kedai papan yew chuan,True,True,True,none,True
synthetic/s7/0137,company,org,mock-c,KEDAI PAPAN YEW CHUAN,kedai papan yew chuan,False,,KEDAI PAPAN YEW CHUAN,synthetic,demo,kedai papan yew chuan,True,True,True,none,True
synthetic/s7/0137,company,org,mock-d,KEDAI PAPAN YEW CHUAN,kedai papan yew chuan,False,line: KEDAI PAPAN YEW CHUAN,KEDAI PAPAN YEW CHUAN,synthetic,demo,kedai papan yew chuan,True,True,True,none,True
synthetic/s7/0137,date,date,mock-a,08/05/2019,2019-05-08,False,,08/05/2019,synthetic,demo,2019-05-08,True,True,True,none,True
synthetic/s7/0137,date,date,mock-b,08/05/2019,2019-05-08,False,,08/05/2019,synthetic,demo,2019-05-08,True,True,True,none,True
synthetic/s7/0137,date,date,mock-c,05/08/2019,2019-08-05,False,,08/05/2019,synthetic,demo,2019-05-08,True,True,False,wrong_value,False
synthetic/s7/0137,date,date,mock-d,05/08/2019,2019-08-05,False,line: 05/08/2019,08/05/2019,synthetic,demo,2019-05-08,True,True,False,wrong_value,False
synthetic/s7/0137,phone,phone,mock-a,09-170 4164,91704164,False,,09-170 4164,synthetic,demo,91704164,True,True,True,none,True
synthetic/s7/0137,phone,phone,mock-b,09-170 4164,91704164,False,,09-170 4164,synthetic,demo,91704164,True,True,True,none,True
synthetic/s7/0137,phone,phone,mock-c,09-170 4164,91704164,False,,09-170 4164,synthetic,demo,91704164,True,True,True,none,True
synthetic/s7/0137,phone,phone,mock-d,49-170 4164,491704164,False,line: 49-170 4164,09-170 4164,synthetic,demo,91704164,True,True,False,wrong_value,False
synthetic/s7/0137,tax,money,mock-a,1.48,1.48,False,,1.48,synthetic,demo,1.48,True,True,True,none,True
synthetic/s7/0137,tax,money,mock-b,1.48,1.48,False,,1.48,synthetic,demo,1.48,True,True,True,none,True
synthetic/s7/0137,tax,money,mock-c,1.48,1.48,False,,1.48,synthetic,demo,1.48,True,True,True,none,True
synthetic/s7/0137,tax,money,mock-d,1.48,1.48,False,line: 1.48,1.48,synthetic,demo,1.48,True,True,True,none,True
synthetic/s7/0137,total,money,mock-a,26.08,26.08,False,,26.08,synthetic,demo,26.08,True,True,True,none,True
synthetic/s7/0137,total,money,mock-b,26.08,26.08,False,,26.08,synthetic,demo,26.08,True,True,True,none,True
synthetic/s7/0137,total,money,mock-c,26.08,26.08,False,,26.08,synthetic,demo,26.08,True,True,True,none,True
synthetic/s7/0137,total,money,mock-d,26.08,26.08,False,line: 26.08,26.08,synthetic,demo,26.08,True,True,True,none,True
synthetic/s7/0138,address,address,mock-a,"NO 2 & 4, JALAN BAYU 4, BANDAR SERI ALAM, 81750 MASAI",no 2 and 4 jln bayu 4 bdr seri alam 81750 masai,False,,"NO 2 & 4, JALAN BAYU 4, BANDAR SERI ALAM, 81750 MASAI, JOHOR",synthetic,demo,no 2 and 4 jln bayu 4 bdr seri alam 81750 masai johor,True,True,False,wrong_value,False
synthetic/s7/0138,address,address,mock-b,"NO 2 & 4, JALAN BAYU 4, BANDAR SERI ALAM, 81750 MASAI, JOHOR",no 2 and 4 jln bayu 4 bdr seri alam 81750 masai johor,False,,"NO 2 & 4, JALAN BAYU 4, BANDAR SERI ALAM, 81750 MASAI, JOHOR",synthetic,demo,no 2 and 4 jln bayu 4 bdr seri alam 81750 masai johor,True,True,True,none,True
synthetic/s7/0138,address,address,mock-c,"NO 2 & 4, JALAN BAYU 4, BANDAR SERI ALAM, 81750 MASAI, JOHOR",no 2 and 4 jln bayu 4 bdr seri alam 81750 masai johor,False,,"NO 2 & 4, JALAN BAYU 4, BANDAR SERI ALAM, 81750 MASAI, JOHOR",synthetic,demo,no 2 and 4 jln bayu 4 bdr seri alam 81750 masai johor,True,True,True,none,True
synthetic/s7/0138,address,address,mock-d,"NO 2 & 4, JALAN BAYU 4, BANDAR SERI ALAM, 81750 MASAI, JOHOR",no 2 and 4 jln bayu 4 bdr seri alam 81750 masai johor,False,"line: NO 2 & 4, JALAN BAYU 4, BANDAR SERI ALAM, 81750 MASAI, JOHOR","NO 2 & 4, JALAN BAYU 4, BANDAR SERI ALAM, 81750 MASAI, JOHOR",synthetic,demo,no 2 and 4 jln bayu 4 bdr seri alam 81750 masai johor,True,True,True,none,True
synthetic/s7/0138,company,org,mock-a,OJC MARKETING SDN,ojc marketing sdn,False,,OJC MARKETING SDN BHD,synthetic,demo,ojc marketing,True,True,False,wrong_value,False
synthetic/s7/0138,company,org,mock-b,OJC MARKETING SDN BHD,ojc marketing,False,,OJC MARKETING SDN BHD,synthetic,demo,ojc marketing,True,True,True,none,True
synthetic/s7/0138,company,org,mock-c,OJC MARKETING SDN BHD,ojc marketing,False,,OJC MARKETING SDN BHD,synthetic,demo,ojc marketing,True,True,True,none,True
synthetic/s7/0138,company,org,mock-d,OJC MARKETING SDN BHD,ojc marketing,False,line: OJC MARKETING SDN BHD,OJC MARKETING SDN BHD,synthetic,demo,ojc marketing,True,True,True,none,True
synthetic/s7/0138,date,date,mock-a,24/04/2018,2018-04-24,False,,24/04/2018,synthetic,demo,2018-04-24,True,True,True,none,True
synthetic/s7/0138,date,date,mock-b,24/04/2018,2018-04-24,False,,24/04/2018,synthetic,demo,2018-04-24,True,True,True,none,True
synthetic/s7/0138,date,date,mock-c,24/04/2018,2018-04-24,False,,24/04/2018,synthetic,demo,2018-04-24,True,True,True,none,True
synthetic/s7/0138,date,date,mock-d,24/04/2018,2018-04-24,False,line: 24/04/2018,24/04/2018,synthetic,demo,2018-04-24,True,True,True,none,True
synthetic/s7/0138,phone,phone,mock-a,,,True,,,synthetic,demo,,False,False,True,none,True
synthetic/s7/0138,phone,phone,mock-b,,,True,,,synthetic,demo,,False,False,True,none,True
synthetic/s7/0138,phone,phone,mock-c,,,True,,,synthetic,demo,,False,False,True,none,True
synthetic/s7/0138,phone,phone,mock-d,,,True,,,synthetic,demo,,False,False,True,none,True
synthetic/s7/0138,tax,money,mock-a,,,True,,,synthetic,demo,,False,False,True,none,True
synthetic/s7/0138,tax,money,mock-b,,,True,,,synthetic,demo,,False,False,True,none,True
synthetic/s7/0138,tax,money,mock-c,,,True,,,synthetic,demo,,False,False,True,none,True
synthetic/s7/0138,tax,money,mock-d,,,True,,,synthetic,demo,,False,False,True,none,True
synthetic/s7/0138,total,money,mock-a,,,True,,26.90,synthetic,demo,26.90,True,False,False,miss,False
synthetic/s7/0138,total,money,mock-b,26.90,26.90,False,,26.90,synthetic,demo,26.90,True,True,True,none,True
synthetic/s7/0138,total,money,mock-c,26.90,26.90,False,,26.90,synthetic,demo,26.90,True,True,True,none,True
synthetic/s7/0138,total,money,mock-d,26.90,26.90,False,line: 26.90,26.90,synthetic,demo,26.90,True,True,True,none,True
synthetic/s7/0139,address,address,mock-a,"NO.59 JALAN PERMAS 9/5, BANDAR BARU PERMAS JAYA, 81750 JOHOR BAHRU",no 59 jln permas 9 5 bdr baru permas jaya 81750 johor bahru,False,,"NO.59 JALAN PERMAS 9/5, BANDAR BARU PERMAS JAYA, 81750 JOHOR BAHRU",synthetic,demo,no 59 jln permas 9 5 bdr baru permas jaya 81750 johor bahru,True,True,True,none,True
synthetic/s7/0139,address,address,mock-b,"NO.59 JALAN PERMAS 9/5, BANDAR BARU PERMAS JAYA",no 59 jln permas 9 5 bdr baru permas jaya,False,,"NO.59 JALAN PERMAS 9/5, BANDAR BARU PERMAS JAYA, 81750 JOHOR BAHRU",synthetic,demo,no 59 jln permas 9 5 bdr baru permas jaya 81750 johor bahru,True,True,False,wrong_value,False
synthetic/s7/0139,address,address,mock-c,"NO.59 JALAN PERMAS 9/5, BANDAR BARU PERMAS JAYA",no 59 jln permas 9 5 bdr baru permas jaya,False,,"NO.59 JALAN PERMAS 9/5, BANDAR BARU PERMAS JAYA, 81750 JOHOR BAHRU",synthetic,demo,no 59 jln permas 9 5 bdr baru permas jaya 81750 johor bahru,True,True,False,wrong_value,False
synthetic/s7/0139,address,address,mock-d,"NO.59 JALAN PERMAS 9/5, BANDAR BARU PERMAS JAYA, 81750 JOHOR BAHRU",no 59 jln permas 9 5 bdr baru permas jaya 81750 johor bahru,False,"line: NO.59 JALAN PERMAS 9/5, BANDAR BARU PERMAS JAYA, 81750 JOHOR BAHRU","NO.59 JALAN PERMAS 9/5, BANDAR BARU PERMAS JAYA, 81750 JOHOR BAHRU",synthetic,demo,no 59 jln permas 9 5 bdr baru permas jaya 81750 johor bahru,True,True,True,none,True
synthetic/s7/0139,company,org,mock-a,,,True,,PERNIAGAAN ZHENG HUI,synthetic,demo,perniagaan zheng hui,True,False,False,miss,False
synthetic/s7/0139,company,org,mock-b,PERNIAGAAN ZHENG,perniagaan zheng,False,,PERNIAGAAN ZHENG HUI,synthetic,demo,perniagaan zheng hui,True,True,False,wrong_value,False
synthetic/s7/0139,company,org,mock-c,PERNIAGAAN ZHENG HUI,perniagaan zheng hui,False,,PERNIAGAAN ZHENG HUI,synthetic,demo,perniagaan zheng hui,True,True,True,none,True
synthetic/s7/0139,company,org,mock-d,PERNIAGAAN ZHENG HUI,perniagaan zheng hui,False,line: PERNIAGAAN ZHENG HUI,PERNIAGAAN ZHENG HUI,synthetic,demo,perniagaan zheng hui,True,True,True,none,True
synthetic/s7/0139,date,date,mock-a,09/12/2019,2019-12-09,False,,09/12/2019,synthetic,demo,2019-12-09,True,True,True,none,True
synthetic/s7/0139,date,date,mock-b,09/12/2019,2019-12-09,False,,09/12/2019,synthetic,demo,2019-12-09,True,True,True,none,True
synthetic/s7/0139,date,date,mock-c,09/12/2019,2019-12-09,False,,09/12/2019,synthetic,demo,2019-12-09,True,True,True,none,True
synthetic/s7/0139,date,date,mock-d,09/12/2019,2019-12-09,False,line: 09/12/2019,09/12/2019,synthetic,demo,2019-12-09,True,True,True,none,True
synthetic/s7/0139,phone,phone,mock-a,03-1234 5678,312345678,False,,,synthetic,demo,,False,True,False,hallucination,False
synthetic/s7/0139,phone,phone,mock-b,03-1234 5678,312345678,False,,,synthetic,demo,,False,True,False,hallucination,False
synthetic/s7/0139,phone,phone,mock-c,03-1234 5678,312345678,False,,,synthetic,demo,,False,True,False,hallucination,False
synthetic/s7/0139,phone,phone,mock-d,,,True,,,synthetic,demo,,False,False,True,none,True
synthetic/s7/0139,tax,money,mock-a,3.14,3.14,False,,3.14,synthetic,demo,3.14,True,True,True,none,True
synthetic/s7/0139,tax,money,mock-b,3.14,3.14,False,,3.14,synthetic,demo,3.14,True,True,True,none,True
synthetic/s7/0139,tax,money,mock-c,3.14,3.14,False,,3.14,synthetic,demo,3.14,True,True,True,none,True
synthetic/s7/0139,tax,money,mock-d,3.14,3.14,False,line: 3.14,3.14,synthetic,demo,3.14,True,True,True,none,True
synthetic/s7/0139,total,money,mock-a,55.44,55.44,False,,55.44,synthetic,demo,55.44,True,True,True,none,True
synthetic/s7/0139,total,money,mock-b,,,True,,55.44,synthetic,demo,55.44,True,False,False,miss,False
synthetic/s7/0139,total,money,mock-c,55.44,55.44,False,,55.44,synthetic,demo,55.44,True,True,True,none,True
synthetic/s7/0139,total,money,mock-d,55.49,55.49,False,line: 55.49,55.44,synthetic,demo,55.44,True,True,False,wrong_value,False
synthetic/s7/0140,address,address,mock-a,"LOT 3, JALAN PELABUR 23/1, 40300 SHAH ALAM",lot 3 jln pelabur 23 1 40300 shah alam,False,,"LOT 3, JALAN PELABUR 23/1, 40300 SHAH ALAM, SELANGOR",synthetic,demo,lot 3 jln pelabur 23 1 40300 shah alam selangor,True,True,False,wrong_value,False
synthetic/s7/0140,address,address,mock-b,"LOT 3, JALAN PELABUR 23/1, 40300 SHAH ALAM, SELANGOR",lot 3 jln pelabur 23 1 40300 shah alam selangor,False,,"LOT 3, JALAN PELABUR 23/1, 40300 SHAH ALAM, SELANGOR",synthetic,demo,lot 3 jln pelabur 23 1 40300 shah alam selangor,True,True,True,none,True
synthetic/s7/0140,address,address,mock-c,"LOT 3, JALAN PELABUR 23/1, 40300 SHAH ALAM, SELANGOR",lot 3 jln pelabur 23 1 40300 shah alam selangor,False,,"LOT 3, JALAN PELABUR 23/1, 40300 SHAH ALAM, SELANGOR",synthetic,demo,lot 3 jln pelabur 23 1 40300 shah alam selangor,True,True,True,none,True
synthetic/s7/0140,address,address,mock-d,"LOT 3, JALAN PELABUR 23/1, 40300 SHAH ALAM, SELANGOR",lot 3 jln pelabur 23 1 40300 shah alam selangor,False,"line: LOT 3, JALAN PELABUR 23/1, 40300 SHAH ALAM, SELANGOR","LOT 3, JALAN PELABUR 23/1, 40300 SHAH ALAM, SELANGOR",synthetic,demo,lot 3 jln pelabur 23 1 40300 shah alam selangor,True,True,True,none,True
synthetic/s7/0140,company,org,mock-a,BAKERIES (KL) SDN BHD,bakeries kl,False,,GARDENIA BAKERIES (KL) SDN BHD,synthetic,demo,gardenia bakeries kl,True,True,False,wrong_value,False
synthetic/s7/0140,company,org,mock-b,BAKERIES (KL) SDN BHD,bakeries kl,False,,GARDENIA BAKERIES (KL) SDN BHD,synthetic,demo,gardenia bakeries kl,True,True,False,wrong_value,False
synthetic/s7/0140,company,org,mock-c,BAKERIES (KL) SDN BHD,bakeries kl,False,,GARDENIA BAKERIES (KL) SDN BHD,synthetic,demo,gardenia bakeries kl,True,True,False,wrong_value,False
synthetic/s7/0140,company,org,mock-d,GARDENIA BAKERIES (KL) SDN BHD,gardenia bakeries kl,False,line: GARDENIA BAKERIES (KL) SDN BHD,GARDENIA BAKERIES (KL) SDN BHD,synthetic,demo,gardenia bakeries kl,True,True,True,none,True
synthetic/s7/0140,date,date,mock-a,21/05/2019,2019-05-21,False,,21/05/2019,synthetic,demo,2019-05-21,True,True,True,none,True
synthetic/s7/0140,date,date,mock-b,21/05/2019,2019-05-21,False,,21/05/2019,synthetic,demo,2019-05-21,True,True,True,none,True
synthetic/s7/0140,date,date,mock-c,21/05/2019,2019-05-21,False,,21/05/2019,synthetic,demo,2019-05-21,True,True,True,none,True
synthetic/s7/0140,date,date,mock-d,21/05/2019,2019-05-21,False,line: 21/05/2019,21/05/2019,synthetic,demo,2019-05-21,True,True,True,none,True
synthetic/s7/0140,phone,phone,mock-a,05-974 7309,59747309,False,,05-974 7309,synthetic,demo,59747309,True,True,True,none,True
synthetic/s7/0140,phone,phone,mock-b,,,True,,05-974 7309,synthetic,demo,59747309,True,False,False,miss,False
synthetic/s7/0140,phone,phone,mock-c,05-974 7309,59747309,False,,05-974 7309,synthetic,demo,59747309,True,True,True,none,True
synthetic/s7/0140,phone,phone,mock-d,05-974 7309,59747309,False,line: 05-974 7309,05-974 7309,synthetic,demo,59747309,True,True,True,none,True
synthetic/s7/0140,tax,money,mock-a,,,True,,,synthetic,demo,,False,False,True,none,True
synthetic/s7/0140,tax,money,mock-b,,,True,,,synthetic,demo,,False,False,True,none,True
synthetic/s7/0140,tax,money,mock-c,,,True,,,synthetic,demo,,False,False,True,none,True
synthetic/s7/0140,tax,money,mock-d,,,True,,,synthetic,demo,,False,False,True,none,True
synthetic/s7/0140,total,money,mock-a,16.00,16.00,False,,16.00,synthetic,demo,16.00,True,True,True,none,True
synthetic/s7/0140,total,money,mock-b,16.00,16.00,False,,16.00,synthetic,demo,16.00,True,True,True,none,True
synthetic/s7/0140,total,money,mock-c,16.00,16.00,False,,16.00,synthetic,demo,16.00,True,True,True,none,True
synthetic/s7/0140,total,money,mock-d,16.00,16.00,False,line: 16.00,16.00,synthetic,demo,16.00,True,True,True,none,True
synthetic/s7/0141,address,address,mock-a,"NO. 31G&33G, JALAN SETIA INDAH X, U13/X, 40170 SETIA ALAM",no 31g and 33g jln setia indah x u13 x 40170 setia alam,False,,"NO. 31G&33G, JALAN SETIA INDAH X, U13/X, 40170 SETIA ALAM",synthetic,demo,no 31g and 33g jln setia indah x u13 x 40170 setia alam,True,True,True,none,True
synthetic/s7/0141,address,address,mock-b,"NO. 31G&33G, JALAN SETIA INDAH X, U13/X",no 31g and 33g jln setia indah x u13 x,False,,"NO. 31G&33G, JALAN SETIA INDAH X, U13/X, 40170 SETIA ALAM",synthetic,demo,no 31g and 33g jln setia indah x u13 x 40170 setia alam,True,True,False,wrong_value,False
synthetic/s7/0141,address,address,mock-c,"NO. 31G&33G, JALAN SETIA INDAH X, U13/X, 40170 SETIA ALAM",no 31g and 33g jln setia indah x u13 x 40170 setia alam,False,,"NO. 31G&33G, JALAN SETIA INDAH X, U13/X, 40170 SETIA ALAM",synthetic,demo,no 31g and 33g jln setia indah x u13 x 40170 setia alam,True,True,True,none,True
synthetic/s7/0141,address,address,mock-d,"NO. 31G&33G, JALAN SETIA INDAH X, U13/X, 40170 SETIA ALAM",no 31g and 33g jln setia indah x u13 x 40170 setia alam,False,"line: NO. 31G&33G, JALAN SETIA INDAH X, U13/X, 40170 SETIA ALAM","NO. 31G&33G, JALAN SETIA INDAH X, U13/X, 40170 SETIA ALAM",synthetic,demo,no 31g and 33g jln setia indah x u13 x 40170 setia alam,True,True,True,none,True
synthetic/s7/0141,company,org,mock-a,,,True,,SANYU STATIONERY SHOP,synthetic,demo,sanyu stationery shop,True,False,False,miss,False
synthetic/s7/0141,company,org,mock-b,STATIONERY SHOP,stationery shop,False,,SANYU STATIONERY SHOP,synthetic,demo,sanyu stationery shop,True,True,False,wrong_value,False
synthetic/s7/0141,company,org,mock-c,SANYU STATIONERY SHOP,sanyu stationery shop,False,,SANYU STATIONERY SHOP,synthetic,demo,sanyu stationery shop,True,True,True,none,True
synthetic/s7/0141,company,org,mock-d,SANYU STATIONERY SHOP,sanyu stationery shop,False,line: SANYU STATIONERY SHOP,SANYU STATIONERY SHOP,synthetic,demo,sanyu stationery shop,True,True,True,none,True
synthetic/s7/0141,date,date,mock-a,11/03/2019,2019-03-11,False,,11/03/2019,synthetic,demo,2019-03-11,True,True,True,none,True
synthetic/s7/0141,date,date,mock-b,03/11/2019,2019-11-03,False,,11/03/2019,synthetic,demo,2019-03-11,True,True,False,wrong_value,False
synthetic/s7/0141,date,date,mock-c,11/03/2019,2019-03-11,False,,11/03/2019,synthetic,demo,2019-03-11,True,True,True,none,True
synthetic/s7/0141,date,date,mock-d,11/03/2019,2019-03-11,False,line: 11/03/2019,11/03/2019,synthetic,demo,2019-03-11,True,True,True,none,True
synthetic/s7/0141,phone,phone,mock-a,05-356 2663,53562663,False,,05-356 2663,synthetic,demo,53562663,True,True,True,none,True
synthetic/s7/0141,phone,phone,mock-b,05-356 2663,53562663,False,,05-356 2663,synthetic,demo,53562663,True,True,True,none,True
synthetic/s7/0141,phone,phone,mock-c,05-356 2663,53562663,False,,05-356 2663,synthetic,demo,53562663,True,True,True,none,True
synthetic/s7/0141,phone,phone,mock-d,05-356 2663,53562663,False,line: 05-356 2663,05-356 2663,synthetic,demo,53562663,True,True,True,none,True
synthetic/s7/0141,tax,money,mock-a,0.09,0.09,False,,0.09,synthetic,demo,0.09,True,True,True,none,True
synthetic/s7/0141,tax,money,mock-b,0.07,0.07,False,,0.09,synthetic,demo,0.09,True,True,False,wrong_value,False
synthetic/s7/0141,tax,money,mock-c,0.09,0.09,False,,0.09,synthetic,demo,0.09,True,True,True,none,True
synthetic/s7/0141,tax,money,mock-d,,,True,,0.09,synthetic,demo,0.09,True,False,False,miss,False
synthetic/s7/0141,total,money,mock-a,1.59,1.59,False,,1.59,synthetic,demo,1.59,True,True,True,none,True
synthetic/s7/0141,total,money,mock-b,1.59,1.59,False,,1.59,synthetic,demo,1.59,True,True,True,none,True
synthetic/s7/0141,total,money,mock-c,1.59,1.59,False,,1.59,synthetic,demo,1.59,True,True,True,none,True
synthetic/s7/0141,total,money,mock-d,0.99,0.99,False,line: 0.99,1.59,synthetic,demo,1.59,True,True,False,wrong_value,False
synthetic/s7/0142,address,address,mock-a,"LOT P.T. 2811, JALAN ANGSANA, TAMAN MUTIARA RINI, 81300 SKUDAI",lot p t 2811 jln angsana tmn mutiara rini 81300 skudai,False,,"LOT P.T. 2811, JALAN ANGSANA, TAMAN MUTIARA RINI, 81300 SKUDAI",synthetic,demo,lot p t 2811 jln angsana tmn mutiara rini 81300 skudai,True,True,True,none,True
synthetic/s7/0142,address,address,mock-b,"LOT P.T. 2811, JALAN ANGSANA, TAMAN MUTIARA RINI, 81300 SKUDAI",lot p t 2811 jln angsana tmn mutiara rini 81300 skudai,False,,"LOT P.T. 2811, JALAN ANGSANA, TAMAN MUTIARA RINI, 81300 SKUDAI",synthetic,demo,lot p t 2811 jln angsana tmn mutiara rini 81300 skudai,True,True,True,none,True
synthetic/s7/0142,address,address,mock-c,"LOT P.T. 2811, JALAN ANGSANA, TAMAN MUTIARA RINI, 81300 SKUDAI",lot p t 2811 jln angsana tmn mutiara rini 81300 skudai,False,,"LOT P.T. 2811, JALAN ANGSANA, TAMAN MUTIARA RINI, 81300 SKUDAI",synthetic,demo,lot p t 2811 jln angsana tmn mutiara rini 81300 skudai,True,True,True,none,True
synthetic/s7/0142,address,address,mock-d,"LOT P.T. 2811, JALAN ANGSANA, TAMAN MUTIARA RINI, 81300 SKUDAI",lot p t 2811 jln angsana tmn mutiara rini 81300 skudai,False,"line: LOT P.T. 2811, JALAN ANGSANA, TAMAN MUTIARA RINI, 81300 SKUDAI","LOT P.T. 2811, JALAN ANGSANA, TAMAN MUTIARA RINI, 81300 SKUDAI",synthetic,demo,lot p t 2811 jln angsana tmn mutiara rini 81300 skudai,True,True,True,none,True
synthetic/s7/0142,company,org,mock-a,99 SPEED MART S/B,99 speed mart s b,False,,99 SPEED MART S/B,synthetic,demo,99 speed mart s b,True,True,True,none,True
synthetic/s7/0142,company,org,mock-b,99 SPEED MART S/B,99 speed mart s b,False,,99 SPEED MART S/B,synthetic,demo,99 speed mart s b,True,True,True,none,True
synthetic/s7/0142,company,org,mock-c,99 SPEED MART,99 speed mart,False,,99 SPEED MART S/B,synthetic,demo,99 speed mart s b,True,True,False,wrong_value,False
synthetic/s7/0142,company,org,mock-d,99 SPEED MART S/B,99 speed mart s b,False,line: 99 SPEED MART S/B,99 SPEED MART S/B,synthetic,demo,99 speed mart s b,True,True,True,none,True
synthetic/s7/0142,date,date,mock-a,06/08/2019,2019-08-06,False,,06/08/2019,synthetic,demo,2019-08-06,True,True,True,none,True
synthetic/s7/0142,date,date,mock-b,08/06/2019,2019-06-08,False,,06/08/2019,synthetic,demo,2019-08-06,True,True,False,wrong_value,False
synthetic/s7/0142,date,date,mock-c,06/08/2019,2019-08-06,False,,06/08/2019,synthetic,demo,2019-08-06,True,True,True,none,True
synthetic/s7/0142,date,date,mock-d,06/08/2019,2019-08-06,False,line: 06/08/2019,06/08/2019,synthetic,demo,2019-08-06,True,True,True,none,True
synthetic/s7/0142,phone,phone,mock-a,08-722 2481,87222481,False,,08-722 2481,synthetic,demo,87222481,True,True,True,none,True
synthetic/s7/0142,phone,phone,mock-b,08-722 2481,87222481,False,,08-722 2481,synthetic,demo,87222481,True,True,True,none,True
synthetic/s7/0142,phone,phone,mock-c,08-722 2481,87222481,False,,08-722 2481,synthetic,demo,87222481,True,True,True,none,True
synthetic/s7/0142,phone,phone,mock-d,08-722 2481,87222481,False,line: 08-722 2481,08-722 2481,synthetic,demo,87222481,True,True,True,none,True
synthetic/s7/0142,tax,money,mock-a,,,True,,,synthetic,demo,,False,False,True,none,True
synthetic/s7/0142,tax,money,mock-b,,,True,,,synthetic,demo,,False,False,True,none,True
synthetic/s7/0142,tax,money,mock-c,,,True,,,synthetic,demo,,False,False,True,none,True
synthetic/s7/0142,tax,money,mock-d,,,True,,,synthetic,demo,,False,False,True,none,True
synthetic/s7/0142,total,money,mock-a,8.00,8.00,False,,8.00,synthetic,demo,8.00,True,True,True,none,True
synthetic/s7/0142,total,money,mock-b,8.00,8.00,False,,8.00,synthetic,demo,8.00,True,True,True,none,True
synthetic/s7/0142,total,money,mock-c,8.00,8.00,False,,8.00,synthetic,demo,8.00,True,True,True,none,True
synthetic/s7/0142,total,money,mock-d,8.00,8.00,False,line: 8.00,8.00,synthetic,demo,8.00,True,True,True,none,True
synthetic/s7/0143,address,address,mock-a,"LOT 276 JALAN BANTING, 43800 DENGKIL, SELANGOR",lot 276 jln banting 43800 dengkil selangor,False,,"LOT 276 JALAN BANTING, 43800 DENGKIL, SELANGOR",synthetic,demo,lot 276 jln banting 43800 dengkil selangor,True,True,True,none,True
synthetic/s7/0143,address,address,mock-b,,,True,,"LOT 276 JALAN BANTING, 43800 DENGKIL, SELANGOR",synthetic,demo,lot 276 jln banting 43800 dengkil selangor,True,False,False,miss,False
synthetic/s7/0143,address,address,mock-c,"LOT 276 JALAN BANTING, 43800 DENGKIL, SELANGOR",lot 276 jln banting 43800 dengkil selangor,False,,"LOT 276 JALAN BANTING, 43800 DENGKIL, SELANGOR",synthetic,demo,lot 276 jln banting 43800 dengkil selangor,True,True,True,none,True
synthetic/s7/0143,address,address,mock-d,"LOT 276 JALAN BANTING, 43800 DENGKIL, SELANGOR",lot 276 jln banting 43800 dengkil selangor,False,"line: LOT 276 JALAN BANTING, 43800 DENGKIL, SELANGOR","LOT 276 JALAN BANTING, 43800 DENGKIL, SELANGOR",synthetic,demo,lot 276 jln banting 43800 dengkil selangor,True,True,True,none,True
synthetic/s7/0143,company,org,mock-a,KEDAI PAPAN YEW CHUAN,kedai papan yew chuan,False,,KEDAI PAPAN YEW CHUAN,synthetic,demo,kedai papan yew chuan,True,True,True,none,True
synthetic/s7/0143,company,org,mock-b,KEDAI PAPAN YEW CHUAN,kedai papan yew chuan,False,,KEDAI PAPAN YEW CHUAN,synthetic,demo,kedai papan yew chuan,True,True,True,none,True
synthetic/s7/0143,company,org,mock-c,KEDAI PAPAN YEW CHUAN,kedai papan yew chuan,False,,KEDAI PAPAN YEW CHUAN,synthetic,demo,kedai papan yew chuan,True,True,True,none,True
synthetic/s7/0143,company,org,mock-d,KEDAI PAPAN YEW CHUAN,kedai papan yew chuan,False,line: KEDAI PAPAN YEW CHUAN,KEDAI PAPAN YEW CHUAN,synthetic,demo,kedai papan yew chuan,True,True,True,none,True
synthetic/s7/0143,date,date,mock-a,,,True,,27/05/2018,synthetic,demo,2018-05-27,True,False,False,miss,False
synthetic/s7/0143,date,date,mock-b,27/05/2018,2018-05-27,False,,27/05/2018,synthetic,demo,2018-05-27,True,True,True,none,True
synthetic/s7/0143,date,date,mock-c,27/05/2018,2018-05-27,False,,27/05/2018,synthetic,demo,2018-05-27,True,True,True,none,True
synthetic/s7/0143,date,date,mock-d,27/05/2018,2018-05-27,False,line: 27/05/2018,27/05/2018,synthetic,demo,2018-05-27,True,True,True,none,True
synthetic/s7/0143,phone,phone,mock-a,03-370 7865,33707865,False,,03-370 7865,synthetic,demo,33707865,True,True,True,none,True
synthetic/s7/0143,phone,phone,mock-b,03-370 7865,33707865,False,,03-370 7865,synthetic,demo,33707865,True,True,True,none,True
synthetic/s7/0143,phone,phone,mock-c,03-370 7865,33707865,False,,03-370 7865,synthetic,demo,33707865,True,True,True,none,True
synthetic/s7/0143,phone,phone,mock-d,03-370 7865,33707865,False,line: 03-370 7865,03-370 7865,synthetic,demo,33707865,True,True,True,none,True
synthetic/s7/0143,tax,money,mock-a,10.00,10.00,False,,,synthetic,demo,,False,True,False,hallucination,False
synthetic/s7/0143,tax,money,mock-b,,,True,,,synthetic,demo,,False,False,True,none,True
synthetic/s7/0143,tax,money,mock-c,,,True,,,synthetic,demo,,False,False,True,none,True
synthetic/s7/0143,tax,money,mock-d,,,True,,,synthetic,demo,,False,False,True,none,True
synthetic/s7/0143,total,money,mock-a,16.00,16.00,False,,16.00,synthetic,demo,16.00,True,True,True,none,True
synthetic/s7/0143,total,money,mock-b,16.00,16.00,False,,16.00,synthetic,demo,16.00,True,True,True,none,True
synthetic/s7/0143,total,money,mock-c,16.00,16.00,False,,16.00,synthetic,demo,16.00,True,True,True,none,True
synthetic/s7/0143,total,money,mock-d,16.00,16.00,False,line: 16.00,16.00,synthetic,demo,16.00,True,True,True,none,True
synthetic/s7/0144,address,address,mock-a,"NO 2 & 4, JALAN BAYU 4, BANDAR SERI ALAM, 81750 MASAI, JOHOR",no 2 and 4 jln bayu 4 bdr seri alam 81750 masai johor,False,,"NO 2 & 4, JALAN BAYU 4, BANDAR SERI ALAM, 81750 MASAI, JOHOR",synthetic,demo,no 2 and 4 jln bayu 4 bdr seri alam 81750 masai johor,True,True,True,none,True
synthetic/s7/0144,address,address,mock-b,"NO 2 & 4, JALAN BAYU 4, BANDAR SERI ALAM, 81750 MASAI, JOHOR",no 2 and 4 jln bayu 4 bdr seri alam 81750 masai johor,False,,"NO 2 & 4, JALAN BAYU 4, BANDAR SERI ALAM, 81750 MASAI, JOHOR",synthetic,demo,no 2 and 4 jln bayu 4 bdr seri alam 81750 masai johor,True,True,True,none,True
synthetic/s7/0144,address,address,mock-c,"NO 2 & 4, JALAN BAYU 4, BANDAR SERI ALAM, 81750 MASAI, JOHOR",no 2 and 4 jln bayu 4 bdr seri alam 81750 masai johor,False,,"NO 2 & 4, JALAN BAYU 4, BANDAR SERI ALAM, 81750 MASAI, JOHOR",synthetic,demo,no 2 and 4 jln bayu 4 bdr seri alam 81750 masai johor,True,True,True,none,True
synthetic/s7/0144,address,address,mock-d,"NO 2 & 4, JALAN BAYU 4, BANDAR SERI ALAM, 81750 MASAI, JOHOR",no 2 and 4 jln bayu 4 bdr seri alam 81750 masai johor,False,"line: NO 2 & 4, JALAN BAYU 4, BANDAR SERI ALAM, 81750 MASAI, JOHOR","NO 2 & 4, JALAN BAYU 4, BANDAR SERI ALAM, 81750 MASAI, JOHOR",synthetic,demo,no 2 and 4 jln bayu 4 bdr seri alam 81750 masai johor,True,True,True,none,True
synthetic/s7/0144,company,org,mock-a,,,True,,OJC MARKETING SDN BHD,synthetic,demo,ojc marketing,True,False,False,miss,False
synthetic/s7/0144,company,org,mock-b,OJC MARKETING SDN BHD,ojc marketing,False,,OJC MARKETING SDN BHD,synthetic,demo,ojc marketing,True,True,True,none,True
synthetic/s7/0144,company,org,mock-c,OJC MARKETING SDN BHD,ojc marketing,False,,OJC MARKETING SDN BHD,synthetic,demo,ojc marketing,True,True,True,none,True
synthetic/s7/0144,company,org,mock-d,OJC MARKETING SDN BHD,ojc marketing,False,line: OJC MARKETING SDN BHD,OJC MARKETING SDN BHD,synthetic,demo,ojc marketing,True,True,True,none,True
synthetic/s7/0144,date,date,mock-a,16/09/2018,2018-09-16,False,,16/09/2018,synthetic,demo,2018-09-16,True,True,True,none,True
synthetic/s7/0144,date,date,mock-b,16/09/2018,2018-09-16,False,,16/09/2018,synthetic,demo,2018-09-16,True,True,True,none,True
synthetic/s7/0144,date,date,mock-c,09/16/2018,2018-09-16,False,,16/09/2018,synthetic,demo,2018-09-16,True,True,True,none,True
synthetic/s7/0144,date,date,mock-d,16/09/2018,2018-09-16,False,line: 16/09/2018,16/09/2018,synthetic,demo,2018-09-16,True,True,True,none,True
synthetic/s7/0144,phone,phone,mock-a,07-983 1108,79831108,False,,07-983 1108,synthetic,demo,79831108,True,True,True,none,True
synthetic/s7/0144,phone,phone,mock-b,07-983 1108,79831108,False,,07-983 1108,synthetic,demo,79831108,True,True,True,none,True
synthetic/s7/0144,phone,phone,mock-c,07-983 1108,79831108,False,,07-983 1108,synthetic,demo,79831108,True,True,True,none,True
synthetic/s7/0144,phone,phone,mock-d,07-983 1108,79831108,False,line: 07-983 1108,07-983 1108,synthetic,demo,79831108,True,True,True,none,True
synthetic/s7/0144,tax,money,mock-a,2.33,2.33,False,,2.33,synthetic,demo,2.33,True,True,True,none,True
synthetic/s7/0144,tax,money,mock-b,2.33,2.33,False,,2.33,synthetic,demo,2.33,True,True,True,none,True
synthetic/s7/0144,tax,money,mock-c,2.33,2.33,False,,2.33,synthetic,demo,2.33,True,True,True,none,True
synthetic/s7/0144,tax,money,mock-d,2.33,2.33,False,line: 2.33,2.33,synthetic,demo,2.33,True,True,True,none,True
synthetic/s7/0144,total,money,mock-a,41.23,41.23,False,,41.23,synthetic,demo,41.23,True,True,True,none,True
synthetic/s7/0144,total,money,mock-b,41.23,41.23,False,,41.23,synthetic,demo,41.23,True,True,True,none,True
synthetic/s7/0144,total,money,mock-c,41.23,41.23,False,,41.23,synthetic,demo,41.23,True,True,True,none,True
synthetic/s7/0144,total,money,mock-d,41.23,41.23,False,line: 41.23,41.23,synthetic,demo,41.23,True,True,True,none,True
synthetic/s7/0145,address,address,mock-a,"NO.59 JALAN PERMAS 9/5, BANDAR BARU PERMAS JAYA",no 59 jln permas 9 5 bdr baru permas jaya,False,,"NO.59 JALAN PERMAS 9/5, BANDAR BARU PERMAS JAYA, 81750 JOHOR BAHRU",synthetic,demo,no 59 jln permas 9 5 bdr baru permas jaya 81750 johor bahru,True,True,False,wrong_value,False
synthetic/s7/0145,address,address,mock-b,,,True,,"NO.59 JALAN PERMAS 9/5, BANDAR BARU PERMAS JAYA, 81750 JOHOR BAHRU",synthetic,demo,no 59 jln permas 9 5 bdr baru permas jaya 81750 johor bahru,True,False,False,miss,False
synthetic/s7/0145,address,address,mock-c,"NO.59 JALAN PERMAS 9/5, BANDAR BARU PERMAS JAYA, 81750 JOHOR BAHRU",no 59 jln permas 9 5 bdr baru permas jaya 81750 johor bahru,False,,"NO.59 JALAN PERMAS 9/5, BANDAR BARU PERMAS JAYA, 81750 JOHOR BAHRU",synthetic,demo,no 59 jln permas 9 5 bdr baru permas jaya 81750 johor bahru,True,True,True,none,True
synthetic/s7/0145,address,address,mock-d,"NO.59 JALAN PERMAS 9/5, BANDAR BARU PERMAS JAYA, 81750 JOHOR BAHRU",no 59 jln permas 9 5 bdr baru permas jaya 81750 johor bahru,False,"line: NO.59 JALAN PERMAS 9/5, BANDAR BARU PERMAS JAYA, 81750 JOHOR BAHRU","NO.59 JALAN PERMAS 9/5, BANDAR BARU PERMAS JAYA, 81750 JOHOR BAHRU",synthetic,demo,no 59 jln permas 9 5 bdr baru permas jaya 81750 johor bahru,True,True,True,none,True
synthetic/s7/0145,company,org,mock-a,PERNIAGAAN ZHENG HUI,perniagaan zheng hui,False,,PERNIAGAAN ZHENG HUI,synthetic,demo,perniagaan zheng hui,True,True,True,none,True
synthetic/s7/0145,company,org,mock-b,PERNIAGAAN ZHENG HUI,perniagaan zheng hui,False,,PERNIAGAAN ZHENG HUI,synthetic,demo,perniagaan zheng hui,True,True,True,none,True
synthetic/s7/0145,company,org,mock-c,PERNIAGAAN ZHENG HUI,perniagaan zheng hui,False,,PERNIAGAAN ZHENG HUI,synthetic,demo,perniagaan zheng hui,True,True,True,none,True
synthetic/s7/0145,company,org,mock-d,PERNIAGAAN ZHENG HUI,perniagaan zheng hui,False,line: PERNIAGAAN ZHENG HUI,PERNIAGAAN ZHENG HUI,synthetic,demo,perniagaan zheng hui,True,True,True,none,True
synthetic/s7/0145,date,date,mock-a,10/23/2019,2019-10-23,False,,23/10/2019,synthetic,demo,2019-10-23,True,True,True,none,True
synthetic/s7/0145,date,date,mock-b,,,True,,23/10/2019,synthetic,demo,2019-10-23,True,False,False,miss,False
synthetic/s7/0145,date,date,mock-c,23/10/2019,2019-10-23,False,,23/10/2019,synthetic,demo,2019-10-23,True,True,True,none,True
synthetic/s7/0145,date,date,mock-d,23/10/2019,2019-10-23,False,line: 23/10/2019,23/10/2019,synthetic,demo,2019-10-23,True,True,True,none,True
synthetic/s7/0145,phone,phone,mock-a,,,True,,,synthetic,demo,,False,False,True,none,True
synthetic/s7/0145,phone,phone,mock-b,,,True,,,synthetic,demo,,False,False,True,none,True
synthetic/s7/0145,phone,phone,mock-c,,,True,,,synthetic,demo,,False,False,True,none,True
synthetic/s7/0145,phone,phone,mock-d,,,True,,,synthetic,demo,,False,False,True,none,True
synthetic/s7/0145,tax,money,mock-a,0.62,0.62,False,,0.62,synthetic,demo,0.62,True,True,True,none,True
synthetic/s7/0145,tax,money,mock-b,0.62,0.62,False,,0.62,synthetic,demo,0.62,True,True,True,none,True
synthetic/s7/0145,tax,money,mock-c,0.62,0.62,False,,0.62,synthetic,demo,0.62,True,True,True,none,True
synthetic/s7/0145,tax,money,mock-d,0.62,0.62,False,line: 0.62,0.62,synthetic,demo,0.62,True,True,True,none,True
synthetic/s7/0145,total,money,mock-a,10.92,10.92,False,,10.92,synthetic,demo,10.92,True,True,True,none,True
synthetic/s7/0145,total,money,mock-b,10.92,10.92,False,,10.92,synthetic,demo,10.92,True,True,True,none,True
synthetic/s7/0145,total,money,mock-c,10.92,10.92,False,,10.92,synthetic,demo,10.92,True,True,True,none,True
synthetic/s7/0145,total,money,mock-d,10.92,10.92,False,line: 10.92,10.92,synthetic,demo,10.92,True,True,True,none,True
synthetic/s7/0146,address,address,mock-a,"LOT 3, JALAN PELABUR 23/1, 40300 SHAH ALAM, SELANGOR",lot 3 jln pelabur 23 1 40300 shah alam selangor,False,,"LOT 3, JALAN PELABUR 23/1, 40300 SHAH ALAM, SELANGOR",synthetic,demo,lot 3 jln pelabur 23 1 40300 shah alam selangor,True,True,True,none,True
synthetic/s7/0146,address,address,mock-b,"LOT 3, JALAN PELABUR 23/1, 40300 SHAH ALAM, SELANGOR",lot 3 jln pelabur 23 1 40300 shah alam selangor,False,,"LOT 3, JALAN PELABUR 23/1, 40300 SHAH ALAM, SELANGOR",synthetic,demo,lot 3 jln pelabur 23 1 40300 shah alam selangor,True,True,True,none,True
synthetic/s7/0146,address,address,mock-c,"LOT 3, JALAN PELABUR 23/1, 40300 SHAH ALAM, SELANGOR",lot 3 jln pelabur 23 1 40300 shah alam selangor,False,,"LOT 3, JALAN PELABUR 23/1, 40300 SHAH ALAM, SELANGOR",synthetic,demo,lot 3 jln pelabur 23 1 40300 shah alam selangor,True,True,True,none,True
synthetic/s7/0146,address,address,mock-d,"LOT 3, JALAN PELABUR 23/1, 40300 SHAH ALAM, SELANGOR",lot 3 jln pelabur 23 1 40300 shah alam selangor,False,"line: LOT 3, JALAN PELABUR 23/1, 40300 SHAH ALAM, SELANGOR","LOT 3, JALAN PELABUR 23/1, 40300 SHAH ALAM, SELANGOR",synthetic,demo,lot 3 jln pelabur 23 1 40300 shah alam selangor,True,True,True,none,True
synthetic/s7/0146,company,org,mock-a,GARDENIA BAKERIES (KL) SDN BHD,gardenia bakeries kl,False,,GARDENIA BAKERIES (KL) SDN BHD,synthetic,demo,gardenia bakeries kl,True,True,True,none,True
synthetic/s7/0146,company,org,mock-b,GARDENIA BAKERIES (KL) SDN BHD,gardenia bakeries kl,False,,GARDENIA BAKERIES (KL) SDN BHD,synthetic,demo,gardenia bakeries kl,True,True,True,none,True
synthetic/s7/0146,company,org,mock-c,GARDENIA BAKERIES (KL) SDN BHD,gardenia bakeries kl,False,,GARDENIA BAKERIES (KL) SDN BHD,synthetic,demo,gardenia bakeries kl,True,True,True,none,True
synthetic/s7/0146,company,org,mock-d,GARDENIA BAKERIES (KL) SDN BHD,gardenia bakeries kl,False,line: GARDENIA BAKERIES (KL) SDN BHD,GARDENIA BAKERIES (KL) SDN BHD,synthetic,demo,gardenia bakeries kl,True,True,True,none,True
synthetic/s7/0146,date,date,mock-a,12/11/2018,2018-11-12,False,,12/11/2018,synthetic,demo,2018-11-12,True,True,True,none,True
synthetic/s7/0146,date,date,mock-b,12/11/2018,2018-11-12,False,,12/11/2018,synthetic,demo,2018-11-12,True,True,True,none,True
synthetic/s7/0146,date,date,mock-c,12/11/2018,2018-11-12,False,,12/11/2018,synthetic,demo,2018-11-12,True,True,True,none,True
synthetic/s7/0146,date,date,mock-d,12/11/2018,2018-11-12,False,line: 12/11/2018,12/11/2018,synthetic,demo,2018-11-12,True,True,True,none,True
synthetic/s7/0146,phone,phone,mock-a,,,True,,,synthetic,demo,,False,False,True,none,True
synthetic/s7/0146,phone,phone,mock-b,,,True,,,synthetic,demo,,False,False,True,none,True
synthetic/s7/0146,phone,phone,mock-c,,,True,,,synthetic,demo,,False,False,True,none,True
synthetic/s7/0146,phone,phone,mock-d,,,True,,,synthetic,demo,,False,False,True,none,True
synthetic/s7/0146,tax,money,mock-a,,,True,,,synthetic,demo,,False,False,True,none,True
synthetic/s7/0146,tax,money,mock-b,,,True,,,synthetic,demo,,False,False,True,none,True
synthetic/s7/0146,tax,money,mock-c,,,True,,,synthetic,demo,,False,False,True,none,True
synthetic/s7/0146,tax,money,mock-d,,,True,,,synthetic,demo,,False,False,True,none,True
synthetic/s7/0146,total,money,mock-a,1.50,1.50,False,,1.50,synthetic,demo,1.50,True,True,True,none,True
synthetic/s7/0146,total,money,mock-b,,,True,,1.50,synthetic,demo,1.50,True,False,False,miss,False
synthetic/s7/0146,total,money,mock-c,1.50,1.50,False,,1.50,synthetic,demo,1.50,True,True,True,none,True
synthetic/s7/0146,total,money,mock-d,1.50,1.50,False,line: 1.50,1.50,synthetic,demo,1.50,True,True,True,none,True
synthetic/s7/0147,address,address,mock-a,"NO. 31G&33G, JALAN SETIA INDAH X, U13/X, 40170 SETIA ALAM",no 31g and 33g jln setia indah x u13 x 40170 setia alam,False,,"NO. 31G&33G, JALAN SETIA INDAH X, U13/X, 40170 SETIA ALAM",synthetic,demo,no 31g and 33g jln setia indah x u13 x 40170 setia alam,True,True,True,none,True
synthetic/s7/0147,address,address,mock-b,"NO. 31G&33G, JALAN SETIA INDAH X, U13/X, 40170 SETIA ALAM",no 31g and 33g jln setia indah x u13 x 40170 setia alam,False,,"NO. 31G&33G, JALAN SETIA INDAH X, U13/X, 40170 SETIA ALAM",synthetic,demo,no 31g and 33g jln setia indah x u13 x 40170 setia alam,True,True,True,none,True
synthetic/s7/0147,address,address,mock-c,"NO. 31G&33G, JALAN SETIA INDAH X, U13/X, 40170 SETIA ALAM",no 31g and 33g jln setia indah x u13 x 40170 setia alam,False,,"NO. 31G&33G, JALAN SETIA INDAH X, U13/X, 40170 SETIA ALAM",synthetic,demo,no 31g and 33g jln setia indah x u13 x 40170 setia alam,True,True,True,none,True
synthetic/s7/0147,address,address,mock-d,"NO. 31G&33G, JALAN SETIA INDAH X, U13/X, 40170 SETIA ALAM",no 31g and 33g jln setia indah x u13 x 40170 setia alam,False,"line: NO. 31G&33G, JALAN SETIA INDAH X, U13/X, 40170 SETIA ALAM","NO. 31G&33G, JALAN SETIA INDAH X, U13/X, 40170 SETIA ALAM",synthetic,demo,no 31g and 33g jln setia indah x u13 x 40170 setia alam,True,True,True,none,True
synthetic/s7/0147,company,org,mock-a,SANYU STATIONERY SHOP,sanyu stationery shop,False,,SANYU STATIONERY SHOP,synthetic,demo,sanyu stationery shop,True,True,True,none,True
synthetic/s7/0147,company,org,mock-b,,,True,,SANYU STATIONERY SHOP,synthetic,demo,sanyu stationery shop,True,False,False,miss,False
synthetic/s7/0147,company,org,mock-c,SANYU STATIONERY SHOP,sanyu stationery shop,False,,SANYU STATIONERY SHOP,synthetic,demo,sanyu stationery shop,True,True,True,none,True
synthetic/s7/0147,company,org,mock-d,SANYU STATIONERY SHOP,sanyu stationery shop,False,line: SANYU STATIONERY SHOP,SANYU STATIONERY SHOP,synthetic,demo,sanyu stationery shop,True,True,True,none,True
synthetic/s7/0147,date,date,mock-a,16/08/2018,2018-08-16,False,,16/08/2018,synthetic,demo,2018-08-16,True,True,True,none,True
synthetic/s7/0147,date,date,mock-b,08/16/2018,2018-08-16,False,,16/08/2018,synthetic,demo,2018-08-16,True,True,True,none,True
synthetic/s7/0147,date,date,mock-c,,,True,,16/08/2018,synthetic,demo,2018-08-16,True,False,False,miss,False
synthetic/s7/0147,date,date,mock-d,16/08/2018,2018-08-16,False,line: 16/08/2018,16/08/2018,synthetic,demo,2018-08-16,True,True,True,none,True
synthetic/s7/0147,phone,phone,mock-a,,,True,,,synthetic,demo,,False,False,True,none,True
synthetic/s7/0147,phone,phone,mock-b,,,True,,,synthetic,demo,,False,False,True,none,True
synthetic/s7/0147,phone,phone,mock-c,,,True,,,synthetic,demo,,False,False,True,none,True
synthetic/s7/0147,phone,phone,mock-d,,,True,,,synthetic,demo,,False,False,True,none,True
synthetic/s7/0147,tax,money,mock-a,,,True,,,synthetic,demo,,False,False,True,none,True
synthetic/s7/0147,tax,money,mock-b,,,True,,,synthetic,demo,,False,False,True,none,True
synthetic/s7/0147,tax,money,mock-c,,,True,,,synthetic,demo,,False,False,True,none,True
synthetic/s7/0147,tax,money,mock-d,,,True,,,synthetic,demo,,False,False,True,none,True
synthetic/s7/0147,total,money,mock-a,3.20,3.20,False,,3.20,synthetic,demo,3.20,True,True,True,none,True
synthetic/s7/0147,total,money,mock-b,3.20,3.20,False,,3.20,synthetic,demo,3.20,True,True,True,none,True
synthetic/s7/0147,total,money,mock-c,3.20,3.20,False,,3.20,synthetic,demo,3.20,True,True,True,none,True
synthetic/s7/0147,total,money,mock-d,3.20,3.20,False,line: 3.20,3.20,synthetic,demo,3.20,True,True,True,none,True
synthetic/s7/0148,address,address,mock-a,"LOT P.T. 2811, JALAN ANGSANA, TAMAN MUTIARA RINI, 81300 SKUDAI",lot p t 2811 jln angsana tmn mutiara rini 81300 skudai,False,,"LOT P.T. 2811, JALAN ANGSANA, TAMAN MUTIARA RINI, 81300 SKUDAI",synthetic,demo,lot p t 2811 jln angsana tmn mutiara rini 81300 skudai,True,True,True,none,True
synthetic/s7/0148,address,address,mock-b,"LOT P.T. 2811, JALAN ANGSANA, TAMAN MUTIARA RINI, 81300 SKUDAI",lot p t 2811 jln angsana tmn mutiara rini 81300 skudai,False,,"LOT P.T. 2811, JALAN ANGSANA, TAMAN MUTIARA RINI, 81300 SKUDAI",synthetic,demo,lot p t 2811 jln angsana tmn mutiara rini 81300 skudai,True,True,True,none,True
synthetic/s7/0148,address,address,mock-c,"LOT P.T. 2811, JALAN ANGSANA, TAMAN MUTIARA RINI, 81300 SKUDAI",lot p t 2811 jln angsana tmn mutiara rini 81300 skudai,False,,"LOT P.T. 2811, JALAN ANGSANA, TAMAN MUTIARA RINI, 81300 SKUDAI",synthetic,demo,lot p t 2811 jln angsana tmn mutiara rini 81300 skudai,True,True,True,none,True
synthetic/s7/0148,address,address,mock-d,"LOT P.T. 2811, JALAN ANGSANA, TAMAN MUTIARA RINI, 81300 SKUDAI",lot p t 2811 jln angsana tmn mutiara rini 81300 skudai,False,"line: LOT P.T. 2811, JALAN ANGSANA, TAMAN MUTIARA RINI, 81300 SKUDAI","LOT P.T. 2811, JALAN ANGSANA, TAMAN MUTIARA RINI, 81300 SKUDAI",synthetic,demo,lot p t 2811 jln angsana tmn mutiara rini 81300 skudai,True,True,True,none,True
synthetic/s7/0148,company,org,mock-a,99 SPEED MART S/B,99 speed mart s b,False,,99 SPEED MART S/B,synthetic,demo,99 speed mart s b,True,True,True,none,True
synthetic/s7/0148,company,org,mock-b,99 SPEED MART,99 speed mart,False,,99 SPEED MART S/B,synthetic,demo,99 speed mart s b,True,True,False,wrong_value,False
synthetic/s7/0148,company,org,mock-c,99 SPEED MART,99 speed mart,False,,99 SPEED MART S/B,synthetic,demo,99 speed mart s b,True,True,False,wrong_value,False
synthetic/s7/0148,company,org,mock-d,99 SPEED MART S/B,99 speed mart s b,False,line: 99 SPEED MART S/B,99 SPEED MART S/B,synthetic,demo,99 speed mart s b,True,True,True,none,True
synthetic/s7/0148,date,date,mock-a,12/06/2019,2019-06-12,False,,12/06/2019,synthetic,demo,2019-06-12,True,True,True,none,True
synthetic/s7/0148,date,date,mock-b,12/06/2019,2019-06-12,False,,12/06/2019,synthetic,demo,2019-06-12,True,True,True,none,True
synthetic/s7/0148,date,date,mock-c,12/06/2019,2019-06-12,False,,12/06/2019,synthetic,demo,2019-06-12,True,True,True,none,True
synthetic/s7/0148,date,date,mock-d,12/06/2019,2019-06-12,False,line: 12/06/2019,12/06/2019,synthetic,demo,2019-06-12,True,True,True,none,True
synthetic/s7/0148,phone,phone,mock-a,03-946 5737,39465737,False,,03-946 5737,synthetic,demo,39465737,True,True,True,none,True
synthetic/s7/0148,phone,phone,mock-b,03-946 5737,39465737,False,,03-946 5737,synthetic,demo,39465737,True,True,True,none,True
synthetic/s7/0148,phone,phone,mock-c,23-946 5737,239465737,False,,03-946 5737,synthetic,demo,39465737,True,True,False,wrong_value,False
synthetic/s7/0148,phone,phone,mock-d,03-946 5737,39465737,False,line: 03-946 5737,03-946 5737,synthetic,demo,39465737,True,True,True,none,True
synthetic/s7/0148,tax,money,mock-a,0.58,0.58,False,,0.58,synthetic,demo,0.58,True,True,True,none,True
synthetic/s7/0148,tax,money,mock-b,0.58,0.58,False,,0.58,synthetic,demo,0.58,True,True,True,none,True
synthetic/s7/0148,tax,money,mock-c,,,True,,0.58,synthetic,demo,0.58,True,False,False,miss,False
synthetic/s7/0148,tax,money,mock-d,0.58,0.58,False,line: 0.58,0.58,synthetic,demo,0.58,True,True,True,none,True
synthetic/s7/0148,total,money,mock-a,10.28,10.28,False,,10.28,synthetic,demo,10.28,True,True,True,none,True
synthetic/s7/0148,total,money,mock-b,9.08,9.08,False,,10.28,synthetic,demo,10.28,True,True,False,wrong_value,False
synthetic/s7/0148,total,money,mock-c,10.28,10.28,False,,10.28,synthetic,demo,10.28,True,True,True,none,True
synthetic/s7/0148,total,money,mock-d,10.28,10.28,False,line: 10.28,10.28,synthetic,demo,10.28,True,True,True,none,True
synthetic/s7/0149,address,address,mock-a,"LOT 276 JALAN BANTING, 43800 DENGKIL, SELANGOR",lot 276 jln banting 43800 dengkil selangor,False,,"LOT 276 JALAN BANTING, 43800 DENGKIL, SELANGOR",synthetic,demo,lot 276 jln banting 43800 dengkil selangor,True,True,True,none,True
synthetic/s7/0149,address,address,mock-b,"LOT 276 JALAN BANTING, 43800 DENGKIL, SELANGOR",lot 276 jln banting 43800 dengkil selangor,False,,"LOT 276 JALAN BANTING, 43800 DENGKIL, SELANGOR",synthetic,demo,lot 276 jln banting 43800 dengkil selangor,True,True,True,none,True
synthetic/s7/0149,address,address,mock-c,"LOT 276 JALAN BANTING, 43800 DENGKIL, SELANGOR",lot 276 jln banting 43800 dengkil selangor,False,,"LOT 276 JALAN BANTING, 43800 DENGKIL, SELANGOR",synthetic,demo,lot 276 jln banting 43800 dengkil selangor,True,True,True,none,True
synthetic/s7/0149,address,address,mock-d,"LOT 276 JALAN BANTING, 43800 DENGKIL, SELANGOR",lot 276 jln banting 43800 dengkil selangor,False,"line: LOT 276 JALAN BANTING, 43800 DENGKIL, SELANGOR","LOT 276 JALAN BANTING, 43800 DENGKIL, SELANGOR",synthetic,demo,lot 276 jln banting 43800 dengkil selangor,True,True,True,none,True
synthetic/s7/0149,company,org,mock-a,KEDAI PAPAN YEW CHUAN,kedai papan yew chuan,False,,KEDAI PAPAN YEW CHUAN,synthetic,demo,kedai papan yew chuan,True,True,True,none,True
synthetic/s7/0149,company,org,mock-b,KEDAI PAPAN YEW CHUAN,kedai papan yew chuan,False,,KEDAI PAPAN YEW CHUAN,synthetic,demo,kedai papan yew chuan,True,True,True,none,True
synthetic/s7/0149,company,org,mock-c,KEDAI PAPAN YEW CHUAN,kedai papan yew chuan,False,,KEDAI PAPAN YEW CHUAN,synthetic,demo,kedai papan yew chuan,True,True,True,none,True
synthetic/s7/0149,company,org,mock-d,KEDAI PAPAN YEW,kedai papan yew,False,line: KEDAI PAPAN YEW,KEDAI PAPAN YEW CHUAN,synthetic,demo,kedai papan yew chuan,True,True,False,wrong_value,False
synthetic/s7/0149,date,date,mock-a,13/06/2019,2019-06-13,False,,13/06/2019,synthetic,demo,2019-06-13,True,True,True,none,True
synthetic/s7/0149,date,date,mock-b,13/06/2019,2019-06-13,False,,13/06/2019,synthetic,demo,2019-06-13,True,True,True,none,True
synthetic/s7/0149,date,date,mock-c,13/06/2019,2019-06-13,False,,13/06/2019,synthetic,demo,2019-06-13,True,True,True,none,True
synthetic/s7/0149,date,date,mock-d,13/06/2019,2019-06-13,False,line: 13/06/2019,13/06/2019,synthetic,demo,2019-06-13,True,True,True,none,True
synthetic/s7/0149,phone,phone,mock-a,05-830 5902,58305902,False,,05-830 5902,synthetic,demo,58305902,True,True,True,none,True
synthetic/s7/0149,phone,phone,mock-b,05-830 5902,58305902,False,,05-830 5902,synthetic,demo,58305902,True,True,True,none,True
synthetic/s7/0149,phone,phone,mock-c,05-830 5902,58305902,False,,05-830 5902,synthetic,demo,58305902,True,True,True,none,True
synthetic/s7/0149,phone,phone,mock-d,05-830 5902,58305902,False,line: 05-830 5902,05-830 5902,synthetic,demo,58305902,True,True,True,none,True
synthetic/s7/0149,tax,money,mock-a,,,True,,,synthetic,demo,,False,False,True,none,True
synthetic/s7/0149,tax,money,mock-b,,,True,,,synthetic,demo,,False,False,True,none,True
synthetic/s7/0149,tax,money,mock-c,,,True,,,synthetic,demo,,False,False,True,none,True
synthetic/s7/0149,tax,money,mock-d,,,True,,,synthetic,demo,,False,False,True,none,True
synthetic/s7/0149,total,money,mock-a,26.00,26.00,False,,26.00,synthetic,demo,26.00,True,True,True,none,True
synthetic/s7/0149,total,money,mock-b,26.00,26.00,False,,26.00,synthetic,demo,26.00,True,True,True,none,True
synthetic/s7/0149,total,money,mock-c,26.00,26.00,False,,26.00,synthetic,demo,26.00,True,True,True,none,True
synthetic/s7/0149,total,money,mock-d,26.00,26.00,False,line: 26.00,26.00,synthetic,demo,26.00,True,True,True,none,True
synthetic/s7/0150,address,address,mock-a,"NO 2 & 4, JALAN BAYU 4, BANDAR SERI ALAM, 81750 MASAI",no 2 and 4 jln bayu 4 bdr seri alam 81750 masai,False,,"NO 2 & 4, JALAN BAYU 4, BANDAR SERI ALAM, 81750 MASAI, JOHOR",synthetic,demo,no 2 and 4 jln bayu 4 bdr seri alam 81750 masai johor,True,True,False,wrong_value,False
synthetic/s7/0150,address,address,mock-b,"NO 2 & 4, JALAN BAYU 4, BANDAR SERI ALAM, 81750 MASAI, JOHOR",no 2 and 4 jln bayu 4 bdr seri alam 81750 masai johor,False,,"NO 2 & 4, JALAN BAYU 4, BANDAR SERI ALAM, 81750 MASAI, JOHOR",synthetic,demo,no 2 and 4 jln bayu 4 bdr seri alam 81750 masai johor,True,True,True,none,True
synthetic/s7/0150,address,address,mock-c,"NO 2 & 4, JALAN BAYU 4, BANDAR SERI ALAM, 81750 MASAI, JOHOR",no 2 and 4 jln bayu 4 bdr seri alam 81750 masai johor,False,,"NO 2 & 4, JALAN BAYU 4, BANDAR SERI ALAM, 81750 MASAI, JOHOR",synthetic,demo,no 2 and 4 jln bayu 4 bdr seri alam 81750 masai johor,True,True,True,none,True
synthetic/s7/0150,address,address,mock-d,"NO 2 & 4, JALAN BAYU 4, BANDAR SERI ALAM, 81750 MASAI, JOHOR",no 2 and 4 jln bayu 4 bdr seri alam 81750 masai johor,False,"line: NO 2 & 4, JALAN BAYU 4, BANDAR SERI ALAM, 81750 MASAI, JOHOR","NO 2 & 4, JALAN BAYU 4, BANDAR SERI ALAM, 81750 MASAI, JOHOR",synthetic,demo,no 2 and 4 jln bayu 4 bdr seri alam 81750 masai johor,True,True,True,none,True
synthetic/s7/0150,company,org,mock-a,OJC MARKETING SDN,ojc marketing sdn,False,,OJC MARKETING SDN BHD,synthetic,demo,ojc marketing,True,True,False,wrong_value,False
synthetic/s7/0150,company,org,mock-b,OJC MARKETING SDN BHD,ojc marketing,False,,OJC MARKETING SDN BHD,synthetic,demo,ojc marketing,True,True,True,none,True
synthetic/s7/0150,company,org,mock-c,OJC MARKETING SDN BHD,ojc marketing,False,,OJC MARKETING SDN BHD,synthetic,demo,ojc marketing,True,True,True,none,True
synthetic/s7/0150,company,org,mock-d,OJC MARKETING SDN BHD,ojc marketing,False,line: OJC MARKETING SDN BHD,OJC MARKETING SDN BHD,synthetic,demo,ojc marketing,True,True,True,none,True
synthetic/s7/0150,date,date,mock-a,03/01/2019,2019-01-03,False,,03/01/2019,synthetic,demo,2019-01-03,True,True,True,none,True
synthetic/s7/0150,date,date,mock-b,03/01/2019,2019-01-03,False,,03/01/2019,synthetic,demo,2019-01-03,True,True,True,none,True
synthetic/s7/0150,date,date,mock-c,01/03/2019,2019-03-01,False,,03/01/2019,synthetic,demo,2019-01-03,True,True,False,wrong_value,False
synthetic/s7/0150,date,date,mock-d,03/01/2019,2019-01-03,False,line: 03/01/2019,03/01/2019,synthetic,demo,2019-01-03,True,True,True,none,True
synthetic/s7/0150,phone,phone,mock-a,06-723 1985,67231985,False,,06-723 1985,synthetic,demo,67231985,True,True,True,none,True
synthetic/s7/0150,phone,phone,mock-b,,,True,,06-723 1985,synthetic,demo,67231985,True,False,False,miss,False
synthetic/s7/0150,phone,phone,mock-c,06-723 1985,67231985,False,,06-723 1985,synthetic,demo,67231985,True,True,True,none,True
synthetic/s7/0150,phone,phone,mock-d,06-723 1985,67231985,False,line: 06-723 1985,06-723 1985,synthetic,demo,67231985,True,True,True,none,True
synthetic/s7/0150,tax,money,mock-a,0.71,0.71,False,,0.71,synthetic,demo,0.71,True,True,True,none,True
synthetic/s7/0150,tax,money,mock-b,0.71,0.71,False,,0.71,synthetic,demo,0.71,True,True,True,none,True
synthetic/s7/0150,tax,money,mock-c,0.71,0.71,False,,0.71,synthetic,demo,0.71,True,True,True,none,True
synthetic/s7/0150,tax,money,mock-d,0.71,0.71,False,line: 0.71,0.71,synthetic,demo,0.71,True,True,True,none,True
synthetic/s7/0150,total,money,mock-a,12.51,12.51,False,,12.51,synthetic,demo,12.51,True,True,True,none,True
synthetic/s7/0150,total,money,mock-b,52.51,52.51,False,,12.51,synthetic,demo,12.51,True,True,False,wrong_value,False
synthetic/s7/0150,total,money,mock-c,12.51,12.51,False,,12.51,synthetic,demo,12.51,True,True,True,none,True
synthetic/s7/0150,total,money,mock-d,12.51,12.51,False,line: 12.51,12.51,synthetic,demo,12.51,True,True,True,none,True
synthetic/s7/0151,address,address,mock-a,"NO.59 JALAN PERMAS 9/5, BANDAR BARU PERMAS JAYA, 81750 JOHOR BAHRU",no 59 jln permas 9 5 bdr baru permas jaya 81750 johor bahru,False,,"NO.59 JALAN PERMAS 9/5, BANDAR BARU PERMAS JAYA, 81750 JOHOR BAHRU",synthetic,demo,no 59 jln permas 9 5 bdr baru permas jaya 81750 johor bahru,True,True,True,none,True
synthetic/s7/0151,address,address,mock-b,,,True,,"NO.59 JALAN PERMAS 9/5, BANDAR BARU PERMAS JAYA, 81750 JOHOR BAHRU",synthetic,demo,no 59 jln permas 9 5 bdr baru permas jaya 81750 johor bahru,True,False,False,miss,False
synthetic/s7/0151,address,address,mock-c,"NO.59 JALAN PERMAS 9/5, BANDAR BARU PERMAS JAYA, 81750 JOHOR BAHRU",no 59 jln permas 9 5 bdr baru permas jaya 81750 johor bahru,False,,"NO.59 JALAN PERMAS 9/5, BANDAR BARU PERMAS JAYA, 81750 JOHOR BAHRU",synthetic,demo,no 59 jln permas 9 5 bdr baru permas jaya 81750 johor bahru,True,True,True,none,True
synthetic/s7/0151,address,address,mock-d,"NO.59 JALAN PERMAS 9/5, BANDAR BARU PERMAS JAYA, 81750 JOHOR BAHRU",no 59 jln permas 9 5 bdr baru permas jaya 81750 johor bahru,False,"line: NO.59 JALAN PERMAS 9/5, BANDAR BARU PERMAS JAYA, 81750 JOHOR BAHRU","NO.59 JALAN PERMAS 9/5, BANDAR BARU PERMAS JAYA, 81750 JOHOR BAHRU",synthetic,demo,no 59 jln permas 9 5 bdr baru permas jaya 81750 johor bahru,True,True,True,none,True
synthetic/s7/0151,company,org,mock-a,ZHENG HUI,zheng hui,False,,PERNIAGAAN ZHENG HUI,synthetic,demo,perniagaan zheng hui,True,True,False,wrong_value,False
synthetic/s7/0151,company,org,mock-b,PERNIAGAAN ZHENG HUI,perniagaan zheng hui,False,,PERNIAGAAN ZHENG HUI,synthetic,demo,perniagaan zheng hui,True,True,True,none,True
synthetic/s7/0151,company,org,mock-c,PERNIAGAAN ZHENG HUI,perniagaan zheng hui,False,,PERNIAGAAN ZHENG HUI,synthetic,demo,perniagaan zheng hui,True,True,True,none,True
synthetic/s7/0151,company,org,mock-d,PERNIAGAAN ZHENG HUI,perniagaan zheng hui,False,line: PERNIAGAAN ZHENG HUI,PERNIAGAAN ZHENG HUI,synthetic,demo,perniagaan zheng hui,True,True,True,none,True
synthetic/s7/0151,date,date,mock-a,10/13/2018,2018-10-13,False,,13/10/2018,synthetic,demo,2018-10-13,True,True,True,none,True
synthetic/s7/0151,date,date,mock-b,13/10/2018,2018-10-13,False,,13/10/2018,synthetic,demo,2018-10-13,True,True,True,none,True
synthetic/s7/0151,date,date,mock-c,13/10/2018,2018-10-13,False,,13/10/2018,synthetic,demo,2018-10-13,True,True,True,none,True
synthetic/s7/0151,date,date,mock-d,13/10/2018,2018-10-13,False,line: 13/10/2018,13/10/2018,synthetic,demo,2018-10-13,True,True,True,none,True
synthetic/s7/0151,phone,phone,mock-a,,,True,,,synthetic,demo,,False,False,True,none,True
synthetic/s7/0151,phone,phone,mock-b,03-1234 5678,312345678,False,,,synthetic,demo,,False,True,False,hallucination,False
synthetic/s7/0151,phone,phone,mock-c,,,True,,,synthetic,demo,,False,False,True,none,True
synthetic/s7/0151,phone,phone,mock-d,,,True,,,synthetic,demo,,False,False,True,none,True
synthetic/s7/0151,tax,money,mock-a,0.19,0.19,False,,0.19,synthetic,demo,0.19,True,True,True,none,True
synthetic/s7/0151,tax,money,mock-b,0.19,0.19,False,,0.19,synthetic,demo,0.19,True,True,True,none,True
synthetic/s7/0151,tax,money,mock-c,0.19,0.19,False,,0.19,synthetic,demo,0.19,True,True,True,none,True
synthetic/s7/0151,tax,money,mock-d,0.69,0.69,False,line: 0.69,0.19,synthetic,demo,0.19,True,True,False,wrong_value,False
synthetic/s7/0151,total,money,mock-a,3.39,3.39,False,,3.39,synthetic,demo,3.39,True,True,True,none,True
synthetic/s7/0151,total,money,mock-b,,,True,,3.39,synthetic,demo,3.39,True,False,False,miss,False
synthetic/s7/0151,total,money,mock-c,3.39,3.39,False,,3.39,synthetic,demo,3.39,True,True,True,none,True
synthetic/s7/0151,total,money,mock-d,3.39,3.39,False,line: 3.39,3.39,synthetic,demo,3.39,True,True,True,none,True
synthetic/s7/0152,address,address,mock-a,"LOT 3, JALAN PELABUR 23/1, 40300 SHAH ALAM",lot 3 jln pelabur 23 1 40300 shah alam,False,,"LOT 3, JALAN PELABUR 23/1, 40300 SHAH ALAM, SELANGOR",synthetic,demo,lot 3 jln pelabur 23 1 40300 shah alam selangor,True,True,False,wrong_value,False
synthetic/s7/0152,address,address,mock-b,"LOT 3, JALAN PELABUR 23/1, 40300 SHAH ALAM, SELANGOR",lot 3 jln pelabur 23 1 40300 shah alam selangor,False,,"LOT 3, JALAN PELABUR 23/1, 40300 SHAH ALAM, SELANGOR",synthetic,demo,lot 3 jln pelabur 23 1 40300 shah alam selangor,True,True,True,none,True
synthetic/s7/0152,address,address,mock-c,"LOT 3, JALAN PELABUR 23/1, 40300 SHAH ALAM",lot 3 jln pelabur 23 1 40300 shah alam,False,,"LOT 3, JALAN PELABUR 23/1, 40300 SHAH ALAM, SELANGOR",synthetic,demo,lot 3 jln pelabur 23 1 40300 shah alam selangor,True,True,False,wrong_value,False
synthetic/s7/0152,address,address,mock-d,"LOT 3, JALAN PELABUR 23/1, 40300 SHAH ALAM, SELANGOR",lot 3 jln pelabur 23 1 40300 shah alam selangor,False,"line: LOT 3, JALAN PELABUR 23/1, 40300 SHAH ALAM, SELANGOR","LOT 3, JALAN PELABUR 23/1, 40300 SHAH ALAM, SELANGOR",synthetic,demo,lot 3 jln pelabur 23 1 40300 shah alam selangor,True,True,True,none,True
synthetic/s7/0152,company,org,mock-a,GARDENIA BAKERIES (KL) SDN BHD,gardenia bakeries kl,False,,GARDENIA BAKERIES (KL) SDN BHD,synthetic,demo,gardenia bakeries kl,True,True,True,none,True
synthetic/s7/0152,company,org,mock-b,GARDENIA BAKERIES (KL) SDN BHD,gardenia bakeries kl,False,,GARDENIA BAKERIES (KL) SDN BHD,synthetic,demo,gardenia bakeries kl,True,True,True,none,True
synthetic/s7/0152,company,org,mock-c,GARDENIA BAKERIES (KL) SDN BHD,gardenia bakeries kl,False,,GARDENIA BAKERIES (KL) SDN BHD,synthetic,demo,gardenia bakeries kl,True,True,True,none,True
synthetic/s7/0152,company,org,mock-d,GARDENIA BAKERIES (KL) SDN BHD,gardenia bakeries kl,False,line: GARDENIA BAKERIES (KL) SDN BHD,GARDENIA BAKERIES (KL) SDN BHD,synthetic,demo,gardenia bakeries kl,True,True,True,none,True
synthetic/s7/0152,date,date,mock-a,04/11/2018,2018-11-04,False,,04/11/2018,synthetic,demo,2018-11-04,True,True,True,none,True
synthetic/s7/0152,date,date,mock-b,04/11/2018,2018-11-04,False,,04/11/2018,synthetic,demo,2018-11-04,True,True,True,none,True
synthetic/s7/0152,date,date,mock-c,04/11/2018,2018-11-04,False,,04/11/2018,synthetic,demo,2018-11-04,True,True,True,none,True
synthetic/s7/0152,date,date,mock-d,04/11/2018,2018-11-04,False,line: 04/11/2018,04/11/2018,synthetic,demo,2018-11-04,True,True,True,none,True
synthetic/s7/0152,phone,phone,mock-a,,,True,,,synthetic,demo,,False,False,True,none,True
synthetic/s7/0152,phone,phone,mock-b,,,True,,,synthetic,demo,,False,False,True,none,True
synthetic/s7/0152,phone,phone,mock-c,,,True,,,synthetic,demo,,False,False,True,none,True
synthetic/s7/0152,phone,phone,mock-d,,,True,,,synthetic,demo,,False,False,True,none,True
synthetic/s7/0152,tax,money,mock-a,,,True,,,synthetic,demo,,False,False,True,none,True
synthetic/s7/0152,tax,money,mock-b,,,True,,,synthetic,demo,,False,False,True,none,True
synthetic/s7/0152,tax,money,mock-c,,,True,,,synthetic,demo,,False,False,True,none,True
synthetic/s7/0152,tax,money,mock-d,,,True,,,synthetic,demo,,False,False,True,none,True
synthetic/s7/0152,total,money,mock-a,21.40,21.40,False,,21.40,synthetic,demo,21.40,True,True,True,none,True
synthetic/s7/0152,total,money,mock-b,21.40,21.40,False,,21.40,synthetic,demo,21.40,True,True,True,none,True
synthetic/s7/0152,total,money,mock-c,21.40,21.40,False,,21.40,synthetic,demo,21.40,True,True,True,none,True
synthetic/s7/0152,total,money,mock-d,21.40,21.40,False,line: 21.40,21.40,synthetic,demo,21.40,True,True,True,none,True
synthetic/s7/0153,address,address,mock-a,,,True,,"NO. 31G&33G, JALAN SETIA INDAH X, U13/X, 40170 SETIA ALAM",synthetic,demo,no 31g and 33g jln setia indah x u13 x 40170 setia alam,True,False,False,miss,False
synthetic/s7/0153,address,address,mock-b,"NO. 31G&33G, JALAN SETIA INDAH X, U13/X, 40170 SETIA ALAM",no 31g and 33g jln setia indah x u13 x 40170 setia alam,False,,"NO. 31G&33G, JALAN SETIA INDAH X, U13/X, 40170 SETIA ALAM",synthetic,demo,no 31g and 33g jln setia indah x u13 x 40170 setia alam,True,True,True,none,True
synthetic/s7/0153,address,address,mock-c,"NO. 31G&33G, JALAN SETIA INDAH X, U13/X, 40170 SETIA ALAM",no 31g and 33g jln setia indah x u13 x 40170 setia alam,False,,"NO. 31G&33G, JALAN SETIA INDAH X, U13/X, 40170 SETIA ALAM",synthetic,demo,no 31g and 33g jln setia indah x u13 x 40170 setia alam,True,True,True,none,True
synthetic/s7/0153,address,address,mock-d,"NO. 31G&33G, JALAN SETIA INDAH X, U13/X, 40170 SETIA ALAM",no 31g and 33g jln setia indah x u13 x 40170 setia alam,False,"line: NO. 31G&33G, JALAN SETIA INDAH X, U13/X, 40170 SETIA ALAM","NO. 31G&33G, JALAN SETIA INDAH X, U13/X, 40170 SETIA ALAM",synthetic,demo,no 31g and 33g jln setia indah x u13 x 40170 setia alam,True,True,True,none,True
synthetic/s7/0153,company,org,mock-a,SANYU STATIONERY SHOP,sanyu stationery shop,False,,SANYU STATIONERY SHOP,synthetic,demo,sanyu stationery shop,True,True,True,none,True
synthetic/s7/0153,company,org,mock-b,SANYU STATIONERY SHOP,sanyu stationery shop,False,,SANYU STATIONERY SHOP,synthetic,demo,sanyu stationery shop,True,True,True,none,True
synthetic/s7/0153,company,org,mock-c,SANYU STATIONERY SHOP,sanyu stationery shop,False,,SANYU STATIONERY SHOP,synthetic,demo,sanyu stationery shop,True,True,True,none,True
synthetic/s7/0153,company,org,mock-d,SANYU STATIONERY SHOP,sanyu stationery shop,False,line: SANYU STATIONERY SHOP,SANYU STATIONERY SHOP,synthetic,demo,sanyu stationery shop,True,True,True,none,True
synthetic/s7/0153,date,date,mock-a,28/03/2019,2019-03-28,False,,28/03/2019,synthetic,demo,2019-03-28,True,True,True,none,True
synthetic/s7/0153,date,date,mock-b,28/03/2019,2019-03-28,False,,28/03/2019,synthetic,demo,2019-03-28,True,True,True,none,True
synthetic/s7/0153,date,date,mock-c,28/03/2019,2019-03-28,False,,28/03/2019,synthetic,demo,2019-03-28,True,True,True,none,True
synthetic/s7/0153,date,date,mock-d,28/03/2019,2019-03-28,False,line: 28/03/2019,28/03/2019,synthetic,demo,2019-03-28,True,True,True,none,True
synthetic/s7/0153,phone,phone,mock-a,07-757 1894,77571894,False,,07-757 1894,synthetic,demo,77571894,True,True,True,none,True
synthetic/s7/0153,phone,phone,mock-b,27-757 1894,277571894,False,,07-757 1894,synthetic,demo,77571894,True,True,False,wrong_value,False
synthetic/s7/0153,phone,phone,mock-c,07-757 1894,77571894,False,,07-757 1894,synthetic,demo,77571894,True,True,True,none,True
synthetic/s7/0153,phone,phone,mock-d,07-757 1894,77571894,False,line: 07-757 1894,07-757 1894,synthetic,demo,77571894,True,True,True,none,True
synthetic/s7/0153,tax,money,mock-a,1.36,1.36,False,,1.36,synthetic,demo,1.36,True,True,True,none,True
synthetic/s7/0153,tax,money,mock-b,1.36,1.36,False,,1.36,synthetic,demo,1.36,True,True,True,none,True
synthetic/s7/0153,tax,money,mock-c,1.36,1.36,False,,1.36,synthetic,demo,1.36,True,True,True,none,True
synthetic/s7/0153,tax,money,mock-d,1.36,1.36,False,line: 1.36,1.36,synthetic,demo,1.36,True,True,True,none,True
synthetic/s7/0153,total,money,mock-a,23.96,23.96,False,,23.96,synthetic,demo,23.96,True,True,True,none,True
synthetic/s7/0153,total,money,mock-b,,,True,,23.96,synthetic,demo,23.96,True,False,False,miss,False
synthetic/s7/0153,total,money,mock-c,23.96,23.96,False,,23.96,synthetic,demo,23.96,True,True,True,none,True
synthetic/s7/0153,total,money,mock-d,23.96,23.96,False,line: 23.96,23.96,synthetic,demo,23.96,True,True,True,none,True
synthetic/s7/0154,address,address,mock-a,"LOT P.T. 2811, JALAN ANGSANA, TAMAN MUTIARA RINI",lot p t 2811 jln angsana tmn mutiara rini,False,,"LOT P.T. 2811, JALAN ANGSANA, TAMAN MUTIARA RINI, 81300 SKUDAI",synthetic,demo,lot p t 2811 jln angsana tmn mutiara rini 81300 skudai,True,True,False,wrong_value,False
synthetic/s7/0154,address,address,mock-b,"LOT P.T. 2811, JALAN ANGSANA, TAMAN MUTIARA RINI, 81300 SKUDAI",lot p t 2811 jln angsana tmn mutiara rini 81300 skudai,False,,"LOT P.T. 2811, JALAN ANGSANA, TAMAN MUTIARA RINI, 81300 SKUDAI",synthetic,demo,lot p t 2811 jln angsana tmn mutiara rini 81300 skudai,True,True,True,none,True
synthetic/s7/0154,address,address,mock-c,"LOT P.T. 2811, JALAN ANGSANA, TAMAN MUTIARA RINI, 81300 SKUDAI",lot p t 2811 jln angsana tmn mutiara rini 81300 skudai,False,,"LOT P.T. 2811, JALAN ANGSANA, TAMAN MUTIARA RINI, 81300 SKUDAI",synthetic,demo,lot p t 2811 jln angsana tmn mutiara rini 81300 skudai,True,True,True,none,True
synthetic/s7/0154,address,address,mock-d,"LOT P.T. 2811, JALAN ANGSANA, TAMAN MUTIARA RINI, 81300 SKUDAI",lot p t 2811 jln angsana tmn mutiara rini 81300 skudai,False,"line: LOT P.T. 2811, JALAN ANGSANA, TAMAN MUTIARA RINI, 81300 SKUDAI","LOT P.T. 2811, JALAN ANGSANA, TAMAN MUTIARA RINI, 81300 SKUDAI",synthetic,demo,lot p t 2811 jln angsana tmn mutiara rini 81300 skudai,True,True,True,none,True
synthetic/s7/0154,company,org,mock-a,99 SPEED MART S/B,99 speed mart s b,False,,99 SPEED MART S/B,synthetic,demo,99 speed mart s b,True,True,True,none,True
synthetic/s7/0154,company,org,mock-b,99 SPEED MART S/B,99 speed mart s b,False,,99 SPEED MART S/B,synthetic,demo,99 speed mart s b,True,True,True,none,True
synthetic/s7/0154,company,org,mock-c,99 SPEED MART S/B,99 speed mart s b,False,,99 SPEED MART S/B,synthetic,demo,99 speed mart s b,True,True,True,none,True
synthetic/s7/0154,company,org,mock-d,99 SPEED MART S/B,99 speed mart s b,False,line: 99 SPEED MART S/B,99 SPEED MART S/B,synthetic,demo,99 speed mart s b,True,True,True,none,True
synthetic/s7/0154,date,date,mock-a,02/02/2019,2019-02-02,False,,02/02/2019,synthetic,demo,2019-02-02,True,True,True,none,True
synthetic/s7/0154,date,date,mock-b,,,True,,02/02/2019,synthetic,demo,2019-02-02,True,False,False,miss,False
synthetic/s7/0154,date,date,mock-c,02/02/2019,2019-02-02,False,,02/02/2019,synthetic,demo,2019-02-02,True,True,True,none,True
synthetic/s7/0154,date,date,mock-d,,,True,,02/02/2019,synthetic,demo,2019-02-02,True,False,False,miss,False
synthetic/s7/0154,phone,phone,mock-a,,,True,,,synthetic,demo,,False,False,True,none,True
synthetic/s7/0154,phone,phone,mock-b,,,True,,,synthetic,demo,,False,False,True,none,True
synthetic/s7/0154,phone,phone,mock-c,,,True,,,synthetic,demo,,False,False,True,none,True
synthetic/s7/0154,phone,phone,mock-d,,,True,,,synthetic,demo,,False,False,True,none,True
synthetic/s7/0154,tax,money,mock-a,,,True,,,synthetic,demo,,False,False,True,none,True
synthetic/s7/0154,tax,money,mock-b,,,True,,,synthetic,demo,,False,False,True,none,True
synthetic/s7/0154,tax,money,mock-c,,,True,,,synthetic,demo,,False,False,True,none,True
synthetic/s7/0154,tax,money,mock-d,,,True,,,synthetic,demo,,False,False,True,none,True
synthetic/s7/0154,total,money,mock-a,30.90,30.90,False,,30.90,synthetic,demo,30.90,True,True,True,none,True
synthetic/s7/0154,total,money,mock-b,30.90,30.90,False,,30.90,synthetic,demo,30.90,True,True,True,none,True
synthetic/s7/0154,total,money,mock-c,30.90,30.90,False,,30.90,synthetic,demo,30.90,True,True,True,none,True
synthetic/s7/0154,total,money,mock-d,31.90,31.90,False,line: 31.90,30.90,synthetic,demo,30.90,True,True,False,wrong_value,False
synthetic/s7/0155,address,address,mock-a,"LOT 276 JALAN BANTING, 43800 DENGKIL, SELANGOR",lot 276 jln banting 43800 dengkil selangor,False,,"LOT 276 JALAN BANTING, 43800 DENGKIL, SELANGOR",synthetic,demo,lot 276 jln banting 43800 dengkil selangor,True,True,True,none,True
synthetic/s7/0155,address,address,mock-b,"LOT 276 JALAN BANTING, 43800 DENGKIL, SELANGOR",lot 276 jln banting 43800 dengkil selangor,False,,"LOT 276 JALAN BANTING, 43800 DENGKIL, SELANGOR",synthetic,demo,lot 276 jln banting 43800 dengkil selangor,True,True,True,none,True
synthetic/s7/0155,address,address,mock-c,"LOT 276 JALAN BANTING, 43800 DENGKIL, SELANGOR",lot 276 jln banting 43800 dengkil selangor,False,,"LOT 276 JALAN BANTING, 43800 DENGKIL, SELANGOR",synthetic,demo,lot 276 jln banting 43800 dengkil selangor,True,True,True,none,True
synthetic/s7/0155,address,address,mock-d,"LOT 276 JALAN BANTING, 43800 DENGKIL, SELANGOR",lot 276 jln banting 43800 dengkil selangor,False,"line: LOT 276 JALAN BANTING, 43800 DENGKIL, SELANGOR","LOT 276 JALAN BANTING, 43800 DENGKIL, SELANGOR",synthetic,demo,lot 276 jln banting 43800 dengkil selangor,True,True,True,none,True
synthetic/s7/0155,company,org,mock-a,KEDAI PAPAN YEW CHUAN,kedai papan yew chuan,False,,KEDAI PAPAN YEW CHUAN,synthetic,demo,kedai papan yew chuan,True,True,True,none,True
synthetic/s7/0155,company,org,mock-b,KEDAI PAPAN YEW CHUAN,kedai papan yew chuan,False,,KEDAI PAPAN YEW CHUAN,synthetic,demo,kedai papan yew chuan,True,True,True,none,True
synthetic/s7/0155,company,org,mock-c,PAPAN YEW CHUAN,papan yew chuan,False,,KEDAI PAPAN YEW CHUAN,synthetic,demo,kedai papan yew chuan,True,True,False,wrong_value,False
synthetic/s7/0155,company,org,mock-d,KEDAI PAPAN YEW CHUAN,kedai papan yew chuan,False,line: KEDAI PAPAN YEW CHUAN,KEDAI PAPAN YEW CHUAN,synthetic,demo,kedai papan yew chuan,True,True,True,none,True
synthetic/s7/0155,date,date,mock-a,07/25/2018,2018-07-25,False,,25/07/2018,synthetic,demo,2018-07-25,True,True,True,none,True
synthetic/s7/0155,date,date,mock-b,25/07/2018,2018-07-25,False,,25/07/2018,synthetic,demo,2018-07-25,True,True,True,none,True
synthetic/s7/0155,date,date,mock-c,25/07/2018,2018-07-25,False,,25/07/2018,synthetic,demo,2018-07-25,True,True,True,none,True
synthetic/s7/0155,date,date,mock-d,25/07/2018,2018-07-25,False,line: 25/07/2018,25/07/2018,synthetic,demo,2018-07-25,True,True,True,none,True
synthetic/s7/0155,phone,phone,mock-a,13-537 1078,35371078,False,,03-537 1078,synthetic,demo,35371078,True,True,True,none,True
synthetic/s7/0155,phone,phone,mock-b,,,True,,03-537 1078,synthetic,demo,35371078,True,False,False,miss,False
synthetic/s7/0155,phone,phone,mock-c,03-537 1078,35371078,False,,03-537 1078,synthetic,demo,35371078,True,True,True,none,True
synthetic/s7/0155,phone,phone,mock-d,03-537 1078,35371078,False,line: 03-537 1078,03-537 1078,synthetic,demo,35371078,True,True,True,none,True
synthetic/s7/0155,tax,money,mock-a,0.29,0.29,False,,0.29,synthetic,demo,0.29,True,True,True,none,True
synthetic/s7/0155,tax,money,mock-b,0.29,0.29,False,,0.29,synthetic,demo,0.29,True,True,True,none,True
synthetic/s7/0155,tax,money,mock-c,0.29,0.29,False,,0.29,synthetic,demo,0.29,True,True,True,none,True
synthetic/s7/0155,tax,money,mock-d,0.29,0.29,False,line: 0.29,0.29,synthetic,demo,0.29,True,True,True,none,True
synthetic/s7/0155,total,money,mock-a,5.09,5.09,False,,5.09,synthetic,demo,5.09,True,True,True,none,True
synthetic/s7/0155,total,money,mock-b,5.03,5.03,False,,5.09,synthetic,demo,5.09,True,True,False,wrong_value,False
synthetic/s7/0155,total,money,mock-c,5.09,5.09,False,,5.09,synthetic,demo,5.09,True,True,True,none,True
synthetic/s7/0155,total,money,mock-d,,,True,,5.09,synthetic,demo,5.09,True,False,False,miss,False
synthetic/s7/0156,address,address,mock-a,"NO 2 & 4, JALAN BAYU 4, BANDAR SERI ALAM, 81750 MASAI, JOHOR",no 2 and 4 jln bayu 4 bdr seri alam 81750 masai johor,False,,"NO 2 & 4, JALAN BAYU 4, BANDAR SERI ALAM, 81750 MASAI, JOHOR",synthetic,demo,no 2 and 4 jln bayu 4 bdr seri alam 81750 masai johor,True,True,True,none,True
synthetic/s7/0156,address,address,mock-b,"NO 2 & 4, JALAN BAYU 4, BANDAR SERI ALAM, 81750 MASAI, JOHOR",no 2 and 4 jln bayu 4 bdr seri alam 81750 masai johor,False,,"NO 2 & 4, JALAN BAYU 4, BANDAR SERI ALAM, 81750 MASAI, JOHOR",synthetic,demo,no 2 and 4 jln bayu 4 bdr seri alam 81750 masai johor,True,True,True,none,True
synthetic/s7/0156,address,address,mock-c,"NO 2 & 4, JALAN BAYU 4, BANDAR SERI ALAM, 81750 MASAI",no 2 and 4 jln bayu 4 bdr seri alam 81750 masai,False,,"NO 2 & 4, JALAN BAYU 4, BANDAR SERI ALAM, 81750 MASAI, JOHOR",synthetic,demo,no 2 and 4 jln bayu 4 bdr seri alam 81750 masai johor,True,True,False,wrong_value,False
synthetic/s7/0156,address,address,mock-d,"NO 2 & 4, JALAN BAYU 4, BANDAR SERI ALAM, 81750 MASAI, JOHOR",no 2 and 4 jln bayu 4 bdr seri alam 81750 masai johor,False,"line: NO 2 & 4, JALAN BAYU 4, BANDAR SERI ALAM, 81750 MASAI, JOHOR","NO 2 & 4, JALAN BAYU 4, BANDAR SERI ALAM, 81750 MASAI, JOHOR",synthetic,demo,no 2 and 4 jln bayu 4 bdr seri alam 81750 masai johor,True,True,True,none,True
synthetic/s7/0156,company,org,mock-a,MARKETING SDN BHD,marketing,False,,OJC MARKETING SDN BHD,synthetic,demo,ojc marketing,True,True,False,wrong_value,False
synthetic/s7/0156,company,org,mock-b,MARKETING SDN BHD,marketing,False,,OJC MARKETING SDN BHD,synthetic,demo,ojc marketing,True,True,False,wrong_value,False
synthetic/s7/0156,company,org,mock-c,MARKETING SDN BHD,marketing,False,,OJC MARKETING SDN BHD,synthetic,demo,ojc marketing,True,True,False,wrong_value,False
synthetic/s7/0156,company,org,mock-d,MARKETING SDN BHD,marketing,False,line: MARKETING SDN BHD,OJC MARKETING SDN BHD,synthetic,demo,ojc marketing,True,True,False,wrong_value,False
synthetic/s7/0156,date,date,mock-a,04/02/2018,2018-02-04,False,,04/02/2018,synthetic,demo,2018-02-04,True,True,True,none,True
synthetic/s7/0156,date,date,mock-b,04/02/2018,2018-02-04,False,,04/02/2018,synthetic,demo,2018-02-04,True,True,True,none,True
synthetic/s7/0156,date,date,mock-c,02/04/2018,2018-04-02,False,,04/02/2018,synthetic,demo,2018-02-04,True,True,False,wrong_value,False
synthetic/s7/0156,date,date,mock-d,04/02/2018,2018-02-04,False,line: 04/02/2018,04/02/2018,synthetic,demo,2018-02-04,True,True,True,none,True
synthetic/s7/0156,phone,phone,mock-a,07-348 8385,73488385,False,,07-348 8385,synthetic,demo,73488385,True,True,True,none,True
synthetic/s7/0156,phone,phone,mock-b,07-348 8385,73488385,False,,07-348 8385,synthetic,demo,73488385,True,True,True,none,True
synthetic/s7/0156,phone,phone,mock-c,07-348 8385,73488385,False,,07-348 8385,synthetic,demo,73488385,True,True,True,none,True
synthetic/s7/0156,phone,phone,mock-d,07-348 8385,73488385,False,line: 07-348 8385,07-348 8385,synthetic,demo,73488385,True,True,True,none,True
synthetic/s7/0156,tax,money,mock-a,0.14,0.14,False,,0.14,synthetic,demo,0.14,True,True,True,none,True
synthetic/s7/0156,tax,money,mock-b,0.14,0.14,False,,0.14,synthetic,demo,0.14,True,True,True,none,True
synthetic/s7/0156,tax,money,mock-c,0.14,0.14,False,,0.14,synthetic,demo,0.14,True,True,True,none,True
synthetic/s7/0156,tax,money,mock-d,0.14,0.14,False,line: 0.14,0.14,synthetic,demo,0.14,True,True,True,none,True
synthetic/s7/0156,total,money,mock-a,1.24,1.24,False,,2.44,synthetic,demo,2.44,True,True,False,wrong_value,False
synthetic/s7/0156,total,money,mock-b,1.24,1.24,False,,2.44,synthetic,demo,2.44,True,True,False,wrong_value,False
synthetic/s7/0156,total,money,mock-c,1.24,1.24,False,,2.44,synthetic,demo,2.44,True,True,False,wrong_value,False
synthetic/s7/0156,total,money,mock-d,1.24,1.24,False,line: 1.24,2.44,synthetic,demo,2.44,True,True,False,wrong_value,False
synthetic/s7/0157,address,address,mock-a,"NO.59 JALAN PERMAS 9/5, BANDAR BARU PERMAS JAYA, 81750 JOHOR BAHRU",no 59 jln permas 9 5 bdr baru permas jaya 81750 johor bahru,False,,"NO.59 JALAN PERMAS 9/5, BANDAR BARU PERMAS JAYA, 81750 JOHOR BAHRU",synthetic,demo,no 59 jln permas 9 5 bdr baru permas jaya 81750 johor bahru,True,True,True,none,True
synthetic/s7/0157,address,address,mock-b,"NO.59 JALAN PERMAS 9/5, BANDAR BARU PERMAS JAYA, 81750 JOHOR BAHRU",no 59 jln permas 9 5 bdr baru permas jaya 81750 johor bahru,False,,"NO.59 JALAN PERMAS 9/5, BANDAR BARU PERMAS JAYA, 81750 JOHOR BAHRU",synthetic,demo,no 59 jln permas 9 5 bdr baru permas jaya 81750 johor bahru,True,True,True,none,True
synthetic/s7/0157,address,address,mock-c,"NO.59 JALAN PERMAS 9/5, BANDAR BARU PERMAS JAYA, 81750 JOHOR BAHRU",no 59 jln permas 9 5 bdr baru permas jaya 81750 johor bahru,False,,"NO.59 JALAN PERMAS 9/5, BANDAR BARU PERMAS JAYA, 81750 JOHOR BAHRU",synthetic,demo,no 59 jln permas 9 5 bdr baru permas jaya 81750 johor bahru,True,True,True,none,True
synthetic/s7/0157,address,address,mock-d,"NO.59 JALAN PERMAS 9/5, BANDAR BARU PERMAS JAYA, 81750 JOHOR BAHRU",no 59 jln permas 9 5 bdr baru permas jaya 81750 johor bahru,False,"line: NO.59 JALAN PERMAS 9/5, BANDAR BARU PERMAS JAYA, 81750 JOHOR BAHRU","NO.59 JALAN PERMAS 9/5, BANDAR BARU PERMAS JAYA, 81750 JOHOR BAHRU",synthetic,demo,no 59 jln permas 9 5 bdr baru permas jaya 81750 johor bahru,True,True,True,none,True
synthetic/s7/0157,company,org,mock-a,PERNIAGAAN ZHENG HUI,perniagaan zheng hui,False,,PERNIAGAAN ZHENG HUI,synthetic,demo,perniagaan zheng hui,True,True,True,none,True
synthetic/s7/0157,company,org,mock-b,PERNIAGAAN ZHENG HUI,perniagaan zheng hui,False,,PERNIAGAAN ZHENG HUI,synthetic,demo,perniagaan zheng hui,True,True,True,none,True
synthetic/s7/0157,company,org,mock-c,PERNIAGAAN ZHENG HUI,perniagaan zheng hui,False,,PERNIAGAAN ZHENG HUI,synthetic,demo,perniagaan zheng hui,True,True,True,none,True
synthetic/s7/0157,company,org,mock-d,PERNIAGAAN ZHENG HUI,perniagaan zheng hui,False,line: PERNIAGAAN ZHENG HUI,PERNIAGAAN ZHENG HUI,synthetic,demo,perniagaan zheng hui,True,True,True,none,True
synthetic/s7/0157,date,date,mock-a,02/06/2018,2018-06-02,False,,02/06/2018,synthetic,demo,2018-06-02,True,True,True,none,True
synthetic/s7/0157,date,date,mock-b,02/06/2018,2018-06-02,False,,02/06/2018,synthetic,demo,2018-06-02,True,True,True,none,True
synthetic/s7/0157,date,date,mock-c,02/06/2018,2018-06-02,False,,02/06/2018,synthetic,demo,2018-06-02,True,True,True,none,True
synthetic/s7/0157,date,date,mock-d,02/06/2018,2018-06-02,False,line: 02/06/2018,02/06/2018,synthetic,demo,2018-06-02,True,True,True,none,True
synthetic/s7/0157,phone,phone,mock-a,,,True,,,synthetic,demo,,False,False,True,none,True
synthetic/s7/0157,phone,phone,mock-b,,,True,,,synthetic,demo,,False,False,True,none,True
synthetic/s7/0157,phone,phone,mock-c,,,True,,,synthetic,demo,,False,False,True,none,True
synthetic/s7/0157,phone,phone,mock-d,,,True,,,synthetic,demo,,False,False,True,none,True
synthetic/s7/0157,tax,money,mock-a,,,True,,,synthetic,demo,,False,False,True,none,True
synthetic/s7/0157,tax,money,mock-b,,,True,,,synthetic,demo,,False,False,True,none,True
synthetic/s7/0157,tax,money,mock-c,,,True,,,synthetic,demo,,False,False,True,none,True
synthetic/s7/0157,tax,money,mock-d,,,True,,,synthetic,demo,,False,False,True,none,True
synthetic/s7/0157,total,money,mock-a,6.50,6.50,False,,6.50,synthetic,demo,6.50,True,True,True,none,True
synthetic/s7/0157,total,money,mock-b,6.50,6.50,False,,6.50,synthetic,demo,6.50,True,True,True,none,True
synthetic/s7/0157,total,money,mock-c,6.50,6.50,False,,6.50,synthetic,demo,6.50,True,True,True,none,True
synthetic/s7/0157,total,money,mock-d,6.50,6.50,False,line: 6.50,6.50,synthetic,demo,6.50,True,True,True,none,True
synthetic/s7/0158,address,address,mock-a,"LOT 3, JALAN PELABUR 23/1, 40300 SHAH ALAM, SELANGOR",lot 3 jln pelabur 23 1 40300 shah alam selangor,False,,"LOT 3, JALAN PELABUR 23/1, 40300 SHAH ALAM, SELANGOR",synthetic,demo,lot 3 jln pelabur 23 1 40300 shah alam selangor,True,True,True,none,True
synthetic/s7/0158,address,address,mock-b,"LOT 3, JALAN PELABUR 23/1, 40300 SHAH ALAM, SELANGOR",lot 3 jln pelabur 23 1 40300 shah alam selangor,False,,"LOT 3, JALAN PELABUR 23/1, 40300 SHAH ALAM, SELANGOR",synthetic,demo,lot 3 jln pelabur 23 1 40300 shah alam selangor,True,True,True,none,True
synthetic/s7/0158,address,address,mock-c,"LOT 3, JALAN PELABUR 23/1, 40300 SHAH ALAM",lot 3 jln pelabur 23 1 40300 shah alam,False,,"LOT 3, JALAN PELABUR 23/1, 40300 SHAH ALAM, SELANGOR",synthetic,demo,lot 3 jln pelabur 23 1 40300 shah alam selangor,True,True,False,wrong_value,False
synthetic/s7/0158,address,address,mock-d,"LOT 3, JALAN PELABUR 23/1, 40300 SHAH ALAM, SELANGOR",lot 3 jln pelabur 23 1 40300 shah alam selangor,False,"line: LOT 3, JALAN PELABUR 23/1, 40300 SHAH ALAM, SELANGOR","LOT 3, JALAN PELABUR 23/1, 40300 SHAH ALAM, SELANGOR",synthetic,demo,lot 3 jln pelabur 23 1 40300 shah alam selangor,True,True,True,none,True
synthetic/s7/0158,company,org,mock-a,GARDENIA BAKERIES (KL) SDN BHD,gardenia bakeries kl,False,,GARDENIA BAKERIES (KL) SDN BHD,synthetic,demo,gardenia bakeries kl,True,True,True,none,True
synthetic/s7/0158,company,org,mock-b,BAKERIES (KL) SDN BHD,bakeries kl,False,,GARDENIA BAKERIES (KL) SDN BHD,synthetic,demo,gardenia bakeries kl,True,True,False,wrong_value,False
synthetic/s7/0158,company,org,mock-c,GARDENIA BAKERIES (KL) SDN BHD,gardenia bakeries kl,False,,GARDENIA BAKERIES (KL) SDN BHD,synthetic,demo,gardenia bakeries kl,True,True,True,none,True
synthetic/s7/0158,company,org,mock-d,GARDENIA BAKERIES (KL) SDN BHD,gardenia bakeries kl,False,line: GARDENIA BAKERIES (KL) SDN BHD,GARDENIA BAKERIES (KL) SDN BHD,synthetic,demo,gardenia bakeries kl,True,True,True,none,True
synthetic/s7/0158,date,date,mock-a,12/02/2018,2018-02-12,False,,02/12/2018,synthetic,demo,2018-12-02,True,True,False,wrong_value,False
synthetic/s7/0158,date,date,mock-b,02/12/2018,2018-12-02,False,,02/12/2018,synthetic,demo,2018-12-02,True,True,True,none,True
synthetic/s7/0158,date,date,mock-c,02/12/2018,2018-12-02,False,,02/12/2018,synthetic,demo,2018-12-02,True,True,True,none,True
synthetic/s7/0158,date,date,mock-d,02/12/2018,2018-12-02,False,line: 02/12/2018,02/12/2018,synthetic,demo,2018-12-02,True,True,True,none,True
synthetic/s7/0158,phone,phone,mock-a,,,True,,,synthetic,demo,,False,False,True,none,True
synthetic/s7/0158,phone,phone,mock-b,,,True,,,synthetic,demo,,False,False,True,none,True
synthetic/s7/0158,phone,phone,mock-c,,,True,,,synthetic,demo,,False,False,True,none,True
synthetic/s7/0158,phone,phone,mock-d,,,True,,,synthetic,demo,,False,False,True,none,True
synthetic/s7/0158,tax,money,mock-a,0.09,0.09,False,,0.09,synthetic,demo,0.09,True,True,True,none,True
synthetic/s7/0158,tax,money,mock-b,0.09,0.09,False,,0.09,synthetic,demo,0.09,True,True,True,none,True
synthetic/s7/0158,tax,money,mock-c,0.19,0.19,False,,0.09,synthetic,demo,0.09,True,True,False,wrong_value,False
synthetic/s7/0158,tax,money,mock-d,0.09,0.09,False,line: 0.09,0.09,synthetic,demo,0.09,True,True,True,none,True
synthetic/s7/0158,total,money,mock-a,1.59,1.59,False,,1.59,synthetic,demo,1.59,True,True,True,none,True
synthetic/s7/0158,total,money,mock-b,1.59,1.59,False,,1.59,synthetic,demo,1.59,True,True,True,none,True
synthetic/s7/0158,total,money,mock-c,1.59,1.59,False,,1.59,synthetic,demo,1.59,True,True,True,none,True
synthetic/s7/0158,total,money,mock-d,1.59,1.59,False,line: 1.59,1.59,synthetic,demo,1.59,True,True,True,none,True
synthetic/s7/0159,address,address,mock-a,"NO. 31G&33G, JALAN SETIA INDAH X, U13/X, 40170 SETIA ALAM",no 31g and 33g jln setia indah x u13 x 40170 setia alam,False,,"NO. 31G&33G, JALAN SETIA INDAH X, U13/X, 40170 SETIA ALAM",synthetic,demo,no 31g and 33g jln setia indah x u13 x 40170 setia alam,True,True,True,none,True
synthetic/s7/0159,address,address,mock-b,"NO. 31G&33G, JALAN SETIA INDAH X, U13/X, 40170 SETIA ALAM",no 31g and 33g jln setia indah x u13 x 40170 setia alam,False,,"NO. 31G&33G, JALAN SETIA INDAH X, U13/X, 40170 SETIA ALAM",synthetic,demo,no 31g and 33g jln setia indah x u13 x 40170 setia alam,True,True,True,none,True
synthetic/s7/0159,address,address,mock-c,"NO. 31G&33G, JALAN SETIA INDAH X, U13/X, 40170 SETIA ALAM",no 31g and 33g jln setia indah x u13 x 40170 setia alam,False,,"NO. 31G&33G, JALAN SETIA INDAH X, U13/X, 40170 SETIA ALAM",synthetic,demo,no 31g and 33g jln setia indah x u13 x 40170 setia alam,True,True,True,none,True
synthetic/s7/0159,address,address,mock-d,"NO. 31G&33G, JALAN SETIA INDAH X, U13/X, 40170 SETIA ALAM",no 31g and 33g jln setia indah x u13 x 40170 setia alam,False,"line: NO. 31G&33G, JALAN SETIA INDAH X, U13/X, 40170 SETIA ALAM","NO. 31G&33G, JALAN SETIA INDAH X, U13/X, 40170 SETIA ALAM",synthetic,demo,no 31g and 33g jln setia indah x u13 x 40170 setia alam,True,True,True,none,True
synthetic/s7/0159,company,org,mock-a,SANYU STATIONERY,sanyu stationery,False,,SANYU STATIONERY SHOP,synthetic,demo,sanyu stationery shop,True,True,False,wrong_value,False
synthetic/s7/0159,company,org,mock-b,SANYU STATIONERY,sanyu stationery,False,,SANYU STATIONERY SHOP,synthetic,demo,sanyu stationery shop,True,True,False,wrong_value,False
synthetic/s7/0159,company,org,mock-c,SANYU STATIONERY SHOP,sanyu stationery shop,False,,SANYU STATIONERY SHOP,synthetic,demo,sanyu stationery shop,True,True,True,none,True
synthetic/s7/0159,company,org,mock-d,SANYU STATIONERY SHOP,sanyu stationery shop,False,line: SANYU STATIONERY SHOP,SANYU STATIONERY SHOP,synthetic,demo,sanyu stationery shop,True,True,True,none,True
synthetic/s7/0159,date,date,mock-a,10/05/2018,2018-05-10,False,,10/05/2018,synthetic,demo,2018-05-10,True,True,True,none,True
synthetic/s7/0159,date,date,mock-b,10/05/2018,2018-05-10,False,,10/05/2018,synthetic,demo,2018-05-10,True,True,True,none,True
synthetic/s7/0159,date,date,mock-c,10/05/2018,2018-05-10,False,,10/05/2018,synthetic,demo,2018-05-10,True,True,True,none,True
synthetic/s7/0159,date,date,mock-d,10/05/2018,2018-05-10,False,line: 10/05/2018,10/05/2018,synthetic,demo,2018-05-10,True,True,True,none,True
synthetic/s7/0159,phone,phone,mock-a,04-248 2912,42482912,False,,04-248 2912,synthetic,demo,42482912,True,True,True,none,True
synthetic/s7/0159,phone,phone,mock-b,04-248 2912,42482912,False,,04-248 2912,synthetic,demo,42482912,True,True,True,none,True
synthetic/s7/0159,phone,phone,mock-c,04-248 2912,42482912,False,,04-248 2912,synthetic,demo,42482912,True,True,True,none,True
synthetic/s7/0159,phone,phone,mock-d,04-248 2912,42482912,False,line: 04-248 2912,04-248 2912,synthetic,demo,42482912,True,True,True,none,True
synthetic/s7/0159,tax,money,mock-a,,,True,,,synthetic,demo,,False,False,True,none,True
synthetic/s7/0159,tax,money,mock-b,,,True,,,synthetic,demo,,False,False,True,none,True
synthetic/s7/0159,tax,money,mock-c,,,True,,,synthetic,demo,,False,False,True,none,True
synthetic/s7/0159,tax,money,mock-d,,,True,,,synthetic,demo,,False,False,True,none,True
synthetic/s7/0159,total,money,mock-a,31.70,31.70,False,,31.70,synthetic,demo,31.70,True,True,True,none,True
synthetic/s7/0159,total,money,mock-b,34.70,34.70,False,,31.70,synthetic,demo,31.70,True,True,False,wrong_value,False
synthetic/s7/0159,total,money,mock-c,34.70,34.70,False,,31.70,synthetic,demo,31.70,True,True,False,wrong_value,False
synthetic/s7/0159,total,money,mock-d,31.70,31.70,False,line: 31.70,31.70,synthetic,demo,31.70,True,True,True,none,True
synthetic/s7/0160,address,address,mock-a,"LOT P.T. 2811, JALAN ANGSANA, TAMAN MUTIARA RINI, 81300 SKUDAI",lot p t 2811 jln angsana tmn mutiara rini 81300 skudai,False,,"LOT P.T. 2811, JALAN ANGSANA, TAMAN MUTIARA RINI, 81300 SKUDAI",synthetic,demo,lot p t 2811 jln angsana tmn mutiara rini 81300 skudai,True,True,True,none,True
synthetic/s7/0160,address,address,mock-b,"LOT P.T. 2811, JALAN ANGSANA, TAMAN MUTIARA RINI, 81300 SKUDAI",lot p t 2811 jln angsana tmn mutiara rini 81300 skudai,False,,"LOT P.T. 2811, JALAN ANGSANA, TAMAN MUTIARA RINI, 81300 SKUDAI",synthetic,demo,lot p t 2811 jln angsana tmn mutiara rini 81300 skudai,True,True,True,none,True
synthetic/s7/0160,address,address,mock-c,"LOT P.T. 2811, JALAN ANGSANA, TAMAN MUTIARA RINI, 81300 SKUDAI",lot p t 2811 jln angsana tmn mutiara rini 81300 skudai,False,,"LOT P.T. 2811, JALAN ANGSANA, TAMAN MUTIARA RINI, 81300 SKUDAI",synthetic,demo,lot p t 2811 jln angsana tmn mutiara rini 81300 skudai,True,True,True,none,True
synthetic/s7/0160,address,address,mock-d,"LOT P.T. 2811, JALAN ANGSANA, TAMAN MUTIARA RINI, 81300 SKUDAI",lot p t 2811 jln angsana tmn mutiara rini 81300 skudai,False,"line: LOT P.T. 2811, JALAN ANGSANA, TAMAN MUTIARA RINI, 81300 SKUDAI","LOT P.T. 2811, JALAN ANGSANA, TAMAN MUTIARA RINI, 81300 SKUDAI",synthetic,demo,lot p t 2811 jln angsana tmn mutiara rini 81300 skudai,True,True,True,none,True
synthetic/s7/0160,company,org,mock-a,SPEED MART S/B,speed mart s b,False,,99 SPEED MART S/B,synthetic,demo,99 speed mart s b,True,True,False,wrong_value,False
synthetic/s7/0160,company,org,mock-b,SPEED MART S/B,speed mart s b,False,,99 SPEED MART S/B,synthetic,demo,99 speed mart s b,True,True,False,wrong_value,False
synthetic/s7/0160,company,org,mock-c,SPEED MART S/B,speed mart s b,False,,99 SPEED MART S/B,synthetic,demo,99 speed mart s b,True,True,False,wrong_value,False
synthetic/s7/0160,company,org,mock-d,SPEED MART S/B,speed mart s b,False,line: SPEED MART S/B,99 SPEED MART S/B,synthetic,demo,99 speed mart s b,True,True,False,wrong_value,False
synthetic/s7/0160,date,date,mock-a,21/07/2019,2019-07-21,False,,21/07/2019,synthetic,demo,2019-07-21,True,True,True,none,True
synthetic/s7/0160,date,date,mock-b,21/07/2019,2019-07-21,False,,21/07/2019,synthetic,demo,2019-07-21,True,True,True,none,True
synthetic/s7/0160,date,date,mock-c,21/07/2019,2019-07-21,False,,21/07/2019,synthetic,demo,2019-07-21,True,True,True,none,True
synthetic/s7/0160,date,date,mock-d,07/21/2019,2019-07-21,False,line: 07/21/2019,21/07/2019,synthetic,demo,2019-07-21,True,True,True,none,True
synthetic/s7/0160,phone,phone,mock-a,08-820 6440,88206440,False,,08-820 6440,synthetic,demo,88206440,True,True,True,none,True
synthetic/s7/0160,phone,phone,mock-b,08-820 6440,88206440,False,,08-820 6440,synthetic,demo,88206440,True,True,True,none,True
synthetic/s7/0160,phone,phone,mock-c,08-820 6440,88206440,False,,08-820 6440,synthetic,demo,88206440,True,True,True,none,True
synthetic/s7/0160,phone,phone,mock-d,08-820 6440,88206440,False,line: 08-820 6440,08-820 6440,synthetic,demo,88206440,True,True,True,none,True
synthetic/s7/0160,tax,money,mock-a,2.10,2.10,False,,2.10,synthetic,demo,2.10,True,True,True,none,True
synthetic/s7/0160,tax,money,mock-b,2.10,2.10,False,,2.10,synthetic,demo,2.10,True,True,True,none,True
synthetic/s7/0160,tax,money,mock-c,2.10,2.10,False,,2.10,synthetic,demo,2.10,True,True,True,none,True
synthetic/s7/0160,tax,money,mock-d,2.10,2.10,False,line: 2.10,2.10,synthetic,demo,2.10,True,True,True,none,True
synthetic/s7/0160,total,money,mock-a,35.90,35.90,False,,37.10,synthetic,demo,37.10,True,True,False,wrong_value,False
synthetic/s7/0160,total,money,mock-b,37.10,37.10,False,,37.10,synthetic,demo,37.10,True,True,True,none,True
synthetic/s7/0160,total,money,mock-c,37.10,37.10,False,,37.10,synthetic,demo,37.10,True,True,True,none,True
synthetic/s7/0160,total,money,mock-d,37.10,37.10,False,line: 37.10,37.10,synthetic,demo,37.10,True,True,True,none,True
synthetic/s7/0161,address,address,mock-a,"LOT 276 JALAN BANTING, 43800 DENGKIL",lot 276 jln banting 43800 dengkil,False,,"LOT 276 JALAN BANTING, 43800 DENGKIL, SELANGOR",synthetic,demo,lot 276 jln banting 43800 dengkil selangor,True,True,False,wrong_value,False
synthetic/s7/0161,address,address,mock-b,"LOT 276 JALAN BANTING, 43800 DENGKIL",lot 276 jln banting 43800 dengkil,False,,"LOT 276 JALAN BANTING, 43800 DENGKIL, SELANGOR",synthetic,demo,lot 276 jln banting 43800 dengkil selangor,True,True,False,wrong_value,False
synthetic/s7/0161,address,address,mock-c,"LOT 276 JALAN BANTING, 43800 DENGKIL",lot 276 jln banting 43800 dengkil,False,,"LOT 276 JALAN BANTING, 43800 DENGKIL, SELANGOR",synthetic,demo,lot 276 jln banting 43800 dengkil selangor,True,True,False,wrong_value,False
synthetic/s7/0161,address,address,mock-d,"LOT 276 JALAN BANTING, 43800 DENGKIL",lot 276 jln banting 43800 dengkil,False,"line: LOT 276 JALAN BANTING, 43800 DENGKIL","LOT 276 JALAN BANTING, 43800 DENGKIL, SELANGOR",synthetic,demo,lot 276 jln banting 43800 dengkil selangor,True,True,False,wrong_value,False
synthetic/s7/0161,company,org,mock-a,PAPAN YEW CHUAN,papan yew chuan,False,,KEDAI PAPAN YEW CHUAN,synthetic,demo,kedai papan yew chuan,True,True,False,wrong_value,False
synthetic/s7/0161,company,org,mock-b,KEDAI PAPAN YEW CHUAN,kedai papan yew chuan,False,,KEDAI PAPAN YEW CHUAN,synthetic,demo,kedai papan yew chuan,True,True,True,none,True
synthetic/s7/0161,company,org,mock-c,KEDAI PAPAN YEW CHUAN,kedai papan yew chuan,False,,KEDAI PAPAN YEW CHUAN,synthetic,demo,kedai papan yew chuan,True,True,True,none,True
synthetic/s7/0161,company,org,mock-d,KEDAI PAPAN YEW CHUAN,kedai papan yew chuan,False,line: KEDAI PAPAN YEW CHUAN,KEDAI PAPAN YEW CHUAN,synthetic,demo,kedai papan yew chuan,True,True,True,none,True
synthetic/s7/0161,date,date,mock-a,27/03/2019,2019-03-27,False,,27/03/2019,synthetic,demo,2019-03-27,True,True,True,none,True
synthetic/s7/0161,date,date,mock-b,03/27/2019,2019-03-27,False,,27/03/2019,synthetic,demo,2019-03-27,True,True,True,none,True
synthetic/s7/0161,date,date,mock-c,27/03/2019,2019-03-27,False,,27/03/2019,synthetic,demo,2019-03-27,True,True,True,none,True
synthetic/s7/0161,date,date,mock-d,27/03/2019,2019-03-27,False,line: 27/03/2019,27/03/2019,synthetic,demo,2019-03-27,True,True,True,none,True
synthetic/s7/0161,phone,phone,mock-a,,,True,,,synthetic,demo,,False,False,True,none,True
synthetic/s7/0161,phone,phone,mock-b,,,True,,,synthetic,demo,,False,False,True,none,True
synthetic/s7/0161,phone,phone,mock-c,,,True,,,synthetic,demo,,False,False,True,none,True
synthetic/s7/0161,phone,phone,mock-d,,,True,,,synthetic,demo,,False,False,True,none,True
synthetic/s7/0161,tax,money,mock-a,,,True,,,synthetic,demo,,False,False,True,none,True
synthetic/s7/0161,tax,money,mock-b,,,True,,,synthetic,demo,,False,False,True,none,True
synthetic/s7/0161,tax,money,mock-c,,,True,,,synthetic,demo,,False,False,True,none,True
synthetic/s7/0161,tax,money,mock-d,,,True,,,synthetic,demo,,False,False,True,none,True
synthetic/s7/0161,total,money,mock-a,47.40,47.40,False,,47.40,synthetic,demo,47.40,True,True,True,none,True
synthetic/s7/0161,total,money,mock-b,47.40,47.40,False,,47.40,synthetic,demo,47.40,True,True,True,none,True
synthetic/s7/0161,total,money,mock-c,46.20,46.20,False,,47.40,synthetic,demo,47.40,True,True,False,wrong_value,False
synthetic/s7/0161,total,money,mock-d,47.40,47.40,False,line: 47.40,47.40,synthetic,demo,47.40,True,True,True,none,True
synthetic/s7/0162,address,address,mock-a,"NO 2 & 4, JALAN BAYU 4, BANDAR SERI ALAM, 81750 MASAI",no 2 and 4 jln bayu 4 bdr seri alam 81750 masai,False,,"NO 2 & 4, JALAN BAYU 4, BANDAR SERI ALAM, 81750 MASAI, JOHOR",synthetic,demo,no 2 and 4 jln bayu 4 bdr seri alam 81750 masai johor,True,True,False,wrong_value,False
synthetic/s7/0162,address,address,mock-b,"NO 2 & 4, JALAN BAYU 4, BANDAR SERI ALAM, 81750 MASAI, JOHOR",no 2 and 4 jln bayu 4 bdr seri alam 81750 masai johor,False,,"NO 2 & 4, JALAN BAYU 4, BANDAR SERI ALAM, 81750 MASAI, JOHOR",synthetic,demo,no 2 and 4 jln bayu 4 bdr seri alam 81750 masai johor,True,True,True,none,True
synthetic/s7/0162,address,address,mock-c,"NO 2 & 4, JALAN BAYU 4, BANDAR SERI ALAM, 81750 MASAI, JOHOR",no 2 and 4 jln bayu 4 bdr seri alam 81750 masai johor,False,,"NO 2 & 4, JALAN BAYU 4, BANDAR SERI ALAM, 81750 MASAI, JOHOR",synthetic,demo,no 2 and 4 jln bayu 4 bdr seri alam 81750 masai johor,True,True,True,none,True
synthetic/s7/0162,address,address,mock-d,"NO 2 & 4, JALAN BAYU 4, BANDAR SERI ALAM, 81750 MASAI, JOHOR",no 2 and 4 jln bayu 4 bdr seri alam 81750 masai johor,False,"line: NO 2 & 4, JALAN BAYU 4, BANDAR SERI ALAM, 81750 MASAI, JOHOR","NO 2 & 4, JALAN BAYU 4, BANDAR SERI ALAM, 81750 MASAI, JOHOR",synthetic,demo,no 2 and 4 jln bayu 4 bdr seri alam 81750 masai johor,True,True,True,none,True
synthetic/s7/0162,company,org,mock-a,OJC MARKETING SDN,ojc marketing sdn,False,,OJC MARKETING SDN BHD,synthetic,demo,ojc marketing,True,True,False,wrong_value,False
synthetic/s7/0162,company,org,mock-b,OJC MARKETING SDN BHD,ojc marketing,False,,OJC MARKETING SDN BHD,synthetic,demo,ojc marketing,True,True,True,none,True
synthetic/s7/0162,company,org,mock-c,OJC MARKETING SDN BHD,ojc marketing,False,,OJC MARKETING SDN BHD,synthetic,demo,ojc marketing,True,True,True,none,True
synthetic/s7/0162,company,org,mock-d,OJC MARKETING SDN BHD,ojc marketing,False,line: OJC MARKETING SDN BHD,OJC MARKETING SDN BHD,synthetic,demo,ojc marketing,True,True,True,none,True
synthetic/s7/0162,date,date,mock-a,11/05/2019,2019-05-11,False,,11/05/2019,synthetic,demo,2019-05-11,True,True,True,none,True
synthetic/s7/0162,date,date,mock-b,11/05/2019,2019-05-11,False,,11/05/2019,synthetic,demo,2019-05-11,True,True,True,none,True
synthetic/s7/0162,date,date,mock-c,11/05/2019,2019-05-11,False,,11/05/2019,synthetic,demo,2019-05-11,True,True,True,none,True
synthetic/s7/0162,date,date,mock-d,11/05/2019,2019-05-11,False,line: 11/05/2019,11/05/2019,synthetic,demo,2019-05-11,True,True,True,none,True
synthetic/s7/0162,phone,phone,mock-a,,,True,,,synthetic,demo,,False,False,True,none,True
synthetic/s7/0162,phone,phone,mock-b,,,True,,,synthetic,demo,,False,False,True,none,True
synthetic/s7/0162,phone,phone,mock-c,,,True,,,synthetic,demo,,False,False,True,none,True
synthetic/s7/0162,phone,phone,mock-d,,,True,,,synthetic,demo,,False,False,True,none,True
synthetic/s7/0162,tax,money,mock-a,,,True,,,synthetic,demo,,False,False,True,none,True
synthetic/s7/0162,tax,money,mock-b,,,True,,,synthetic,demo,,False,False,True,none,True
synthetic/s7/0162,tax,money,mock-c,,,True,,,synthetic,demo,,False,False,True,none,True
synthetic/s7/0162,tax,money,mock-d,,,True,,,synthetic,demo,,False,False,True,none,True
synthetic/s7/0162,total,money,mock-a,15.10,15.10,False,,15.10,synthetic,demo,15.10,True,True,True,none,True
synthetic/s7/0162,total,money,mock-b,15.10,15.10,False,,15.10,synthetic,demo,15.10,True,True,True,none,True
synthetic/s7/0162,total,money,mock-c,15.10,15.10,False,,15.10,synthetic,demo,15.10,True,True,True,none,True
synthetic/s7/0162,total,money,mock-d,15.10,15.10,False,line: 15.10,15.10,synthetic,demo,15.10,True,True,True,none,True
synthetic/s7/0163,address,address,mock-a,"NO.59 JALAN PERMAS 9/5, BANDAR BARU PERMAS JAYA, 81750 JOHOR BAHRU",no 59 jln permas 9 5 bdr baru permas jaya 81750 johor bahru,False,,"NO.59 JALAN PERMAS 9/5, BANDAR BARU PERMAS JAYA, 81750 JOHOR BAHRU",synthetic,demo,no 59 jln permas 9 5 bdr baru permas jaya 81750 johor bahru,True,True,True,none,True
synthetic/s7/0163,address,address,mock-b,"NO.59 JALAN PERMAS 9/5, BANDAR BARU PERMAS JAYA",no 59 jln permas 9 5 bdr baru permas jaya,False,,"NO.59 JALAN PERMAS 9/5, BANDAR BARU PERMAS JAYA, 81750 JOHOR BAHRU",synthetic,demo,no 59 jln permas 9 5 bdr baru permas jaya 81750 johor bahru,True,True,False,wrong_value,False
synthetic/s7/0163,address,address,mock-c,"NO.59 JALAN PERMAS 9/5, BANDAR BARU PERMAS JAYA, 81750 JOHOR BAHRU",no 59 jln permas 9 5 bdr baru permas jaya 81750 johor bahru,False,,"NO.59 JALAN PERMAS 9/5, BANDAR BARU PERMAS JAYA, 81750 JOHOR BAHRU",synthetic,demo,no 59 jln permas 9 5 bdr baru permas jaya 81750 johor bahru,True,True,True,none,True
synthetic/s7/0163,address,address,mock-d,"NO.59 JALAN PERMAS 9/5, BANDAR BARU PERMAS JAYA, 81750 JOHOR BAHRU",no 59 jln permas 9 5 bdr baru permas jaya 81750 johor bahru,False,"line: NO.59 JALAN PERMAS 9/5, BANDAR BARU PERMAS JAYA, 81750 JOHOR BAHRU","NO.59 JALAN PERMAS 9/5, BANDAR BARU PERMAS JAYA, 81750 JOHOR BAHRU",synthetic,demo,no 59 jln permas 9 5 bdr baru permas jaya 81750 johor bahru,True,True,True,none,True
synthetic/s7/0163,company,org,mock-a,PERNIAGAAN ZHENG HUI,perniagaan zheng hui,False,,PERNIAGAAN ZHENG HUI,synthetic,demo,perniagaan zheng hui,True,True,True,none,True
synthetic/s7/0163,company,org,mock-b,PERNIAGAAN ZHENG HUI,perniagaan zheng hui,False,,PERNIAGAAN ZHENG HUI,synthetic,demo,perniagaan zheng hui,True,True,True,none,True
synthetic/s7/0163,company,org,mock-c,PERNIAGAAN ZHENG HUI,perniagaan zheng hui,False,,PERNIAGAAN ZHENG HUI,synthetic,demo,perniagaan zheng hui,True,True,True,none,True
synthetic/s7/0163,company,org,mock-d,PERNIAGAAN ZHENG HUI,perniagaan zheng hui,False,line: PERNIAGAAN ZHENG HUI,PERNIAGAAN ZHENG HUI,synthetic,demo,perniagaan zheng hui,True,True,True,none,True
synthetic/s7/0163,date,date,mock-a,28/09/2019,2019-09-28,False,,28/09/2019,synthetic,demo,2019-09-28,True,True,True,none,True
synthetic/s7/0163,date,date,mock-b,28/09/2019,2019-09-28,False,,28/09/2019,synthetic,demo,2019-09-28,True,True,True,none,True
synthetic/s7/0163,date,date,mock-c,28/09/2019,2019-09-28,False,,28/09/2019,synthetic,demo,2019-09-28,True,True,True,none,True
synthetic/s7/0163,date,date,mock-d,28/09/2019,2019-09-28,False,line: 28/09/2019,28/09/2019,synthetic,demo,2019-09-28,True,True,True,none,True
synthetic/s7/0163,phone,phone,mock-a,09-868 4834,98684834,False,,09-868 4834,synthetic,demo,98684834,True,True,True,none,True
synthetic/s7/0163,phone,phone,mock-b,09-868 4834,98684834,False,,09-868 4834,synthetic,demo,98684834,True,True,True,none,True
synthetic/s7/0163,phone,phone,mock-c,09-868 4834,98684834,False,,09-868 4834,synthetic,demo,98684834,True,True,True,none,True
synthetic/s7/0163,phone,phone,mock-d,09-868 4834,98684834,False,line: 09-868 4834,09-868 4834,synthetic,demo,98684834,True,True,True,none,True
synthetic/s7/0163,tax,money,mock-a,2.46,2.46,False,,2.45,synthetic,demo,2.45,True,True,False,wrong_value,False
synthetic/s7/0163,tax,money,mock-b,2.45,2.45,False,,2.45,synthetic,demo,2.45,True,True,True,none,True
synthetic/s7/0163,tax,money,mock-c,2.45,2.45,False,,2.45,synthetic,demo,2.45,True,True,True,none,True
synthetic/s7/0163,tax,money,mock-d,5.45,5.45,False,line: 5.45,2.45,synthetic,demo,2.45,True,True,False,wrong_value,False
synthetic/s7/0163,total,money,mock-a,42.05,42.05,False,,43.25,synthetic,demo,43.25,True,True,False,wrong_value,False
synthetic/s7/0163,total,money,mock-b,43.25,43.25,False,,43.25,synthetic,demo,43.25,True,True,True,none,True
synthetic/s7/0163,total,money,mock-c,43.25,43.25,False,,43.25,synthetic,demo,43.25,True,True,True,none,True
synthetic/s7/0163,total,money,mock-d,,,True,,43.25,synthetic,demo,43.25,True,False,False,miss,False
synthetic/s7/0164,address,address,mock-a,"LOT 3, JALAN PELABUR 23/1, 40300 SHAH ALAM",lot 3 jln pelabur 23 1 40300 shah alam,False,,"LOT 3, JALAN PELABUR 23/1, 40300 SHAH ALAM, SELANGOR",synthetic,demo,lot 3 jln pelabur 23 1 40300 shah alam selangor,True,True,False,wrong_value,False
synthetic/s7/0164,address,address,mock-b,"LOT 3, JALAN PELABUR 23/1, 40300 SHAH ALAM, SELANGOR",lot 3 jln pelabur 23 1 40300 shah alam selangor,False,,"LOT 3, JALAN PELABUR 23/1, 40300 SHAH ALAM, SELANGOR",synthetic,demo,lot 3 jln pelabur 23 1 40300 shah alam selangor,True,True,True,none,True
synthetic/s7/0164,address,address,mock-c,"LOT 3, JALAN PELABUR 23/1, 40300 SHAH ALAM",lot 3 jln pelabur 23 1 40300 shah alam,False,,"LOT 3, JALAN PELABUR 23/1, 40300 SHAH ALAM, SELANGOR",synthetic,demo,lot 3 jln pelabur 23 1 40300 shah alam selangor,True,True,False,wrong_value,False
synthetic/s7/0164,address,address,mock-d,"LOT 3, JALAN PELABUR 23/1, 40300 SHAH ALAM, SELANGOR",lot 3 jln pelabur 23 1 40300 shah alam selangor,False,"line: LOT 3, JALAN PELABUR 23/1, 40300 SHAH ALAM, SELANGOR","LOT 3, JALAN PELABUR 23/1, 40300 SHAH ALAM, SELANGOR",synthetic,demo,lot 3 jln pelabur 23 1 40300 shah alam selangor,True,True,True,none,True
synthetic/s7/0164,company,org,mock-a,GARDENIA BAKERIES (KL) SDN BHD,gardenia bakeries kl,False,,GARDENIA BAKERIES (KL) SDN BHD,synthetic,demo,gardenia bakeries kl,True,True,True,none,True
synthetic/s7/0164,company,org,mock-b,GARDENIA BAKERIES (KL) SDN BHD,gardenia bakeries kl,False,,GARDENIA BAKERIES (KL) SDN BHD,synthetic,demo,gardenia bakeries kl,True,True,True,none,True
synthetic/s7/0164,company,org,mock-c,GARDENIA BAKERIES (KL) SDN BHD,gardenia bakeries kl,False,,GARDENIA BAKERIES (KL) SDN BHD,synthetic,demo,gardenia bakeries kl,True,True,True,none,True
synthetic/s7/0164,company,org,mock-d,GARDENIA BAKERIES (KL) SDN BHD,gardenia bakeries kl,False,line: GARDENIA BAKERIES (KL) SDN BHD,GARDENIA BAKERIES (KL) SDN BHD,synthetic,demo,gardenia bakeries kl,True,True,True,none,True
synthetic/s7/0164,date,date,mock-a,22/07/2019,2019-07-22,False,,22/07/2019,synthetic,demo,2019-07-22,True,True,True,none,True
synthetic/s7/0164,date,date,mock-b,22/07/2019,2019-07-22,False,,22/07/2019,synthetic,demo,2019-07-22,True,True,True,none,True
synthetic/s7/0164,date,date,mock-c,22/07/2019,2019-07-22,False,,22/07/2019,synthetic,demo,2019-07-22,True,True,True,none,True
synthetic/s7/0164,date,date,mock-d,22/07/2019,2019-07-22,False,line: 22/07/2019,22/07/2019,synthetic,demo,2019-07-22,True,True,True,none,True
synthetic/s7/0164,phone,phone,mock-a,,,True,,,synthetic,demo,,False,False,True,none,True
synthetic/s7/0164,phone,phone,mock-b,,,True,,,synthetic,demo,,False,False,True,none,True
synthetic/s7/0164,phone,phone,mock-c,,,True,,,synthetic,demo,,False,False,True,none,True
synthetic/s7/0164,phone,phone,mock-d,,,True,,,synthetic,demo,,False,False,True,none,True
synthetic/s7/0164,tax,money,mock-a,,,True,,,synthetic,demo,,False,False,True,none,True
synthetic/s7/0164,tax,money,mock-b,,,True,,,synthetic,demo,,False,False,True,none,True
synthetic/s7/0164,tax,money,mock-c,,,True,,,synthetic,demo,,False,False,True,none,True
synthetic/s7/0164,tax,money,mock-d,,,True,,,synthetic,demo,,False,False,True,none,True
synthetic/s7/0164,total,money,mock-a,11.30,11.30,False,,11.30,synthetic,demo,11.30,True,True,True,none,True
synthetic/s7/0164,total,money,mock-b,,,True,,11.30,synthetic,demo,11.30,True,False,False,miss,False
synthetic/s7/0164,total,money,mock-c,10.70,10.70,False,,11.30,synthetic,demo,11.30,True,True,False,wrong_value,False
synthetic/s7/0164,total,money,mock-d,11.30,11.30,False,line: 11.30,11.30,synthetic,demo,11.30,True,True,True,none,True
synthetic/s7/0165,address,address,mock-a,"NO. 31G&33G, JALAN SETIA INDAH X, U13/X, 40170 SETIA ALAM",no 31g and 33g jln setia indah x u13 x 40170 setia alam,False,,"NO. 31G&33G, JALAN SETIA INDAH X, U13/X, 40170 SETIA ALAM",synthetic,demo,no 31g and 33g jln setia indah x u13 x 40170 setia alam,True,True,True,none,True
synthetic/s7/0165,address,address,mock-b,"NO. 31G&33G, JALAN SETIA INDAH X, U13/X",no 31g and 33g jln setia indah x u13 x,False,,"NO. 31G&33G, JALAN SETIA INDAH X, U13/X, 40170 SETIA ALAM",synthetic,demo,no 31g and 33g jln setia indah x u13 x 40170 setia alam,True,True,False,wrong_value,False
synthetic/s7/0165,address,address,mock-c,"NO. 31G&33G, JALAN SETIA INDAH X, U13/X, 40170 SETIA ALAM",no 31g and 33g jln setia indah x u13 x 40170 setia alam,False,,"NO. 31G&33G, JALAN SETIA INDAH X, U13/X, 40170 SETIA ALAM",synthetic,demo,no 31g and 33g jln setia indah x u13 x 40170 setia alam,True,True,True,none,True
synthetic/s7/0165,address,address,mock-d,,,True,,"NO. 31G&33G, JALAN SETIA INDAH X, U13/X, 40170 SETIA ALAM",synthetic,demo,no 31g and 33g jln setia indah x u13 x 40170 setia alam,True,False,False,miss,False
synthetic/s7/0165,company,org,mock-a,SANYU STATIONERY SHOP,sanyu stationery shop,False,,SANYU STATIONERY SHOP,synthetic,demo,sanyu stationery shop,True,True,True,none,True
synthetic/s7/0165,company,org,mock-b,SANYU STATIONERY,sanyu stationery,False,,SANYU STATIONERY SHOP,synthetic,demo,sanyu stationery shop,True,True,False,wrong_value,False
synthetic/s7/0165,company,org,mock-c,STATIONERY SHOP,stationery shop,False,,SANYU STATIONERY SHOP,synthetic,demo,sanyu stationery shop,True,True,False,wrong_value,False
synthetic/s7/0165,company,org,mock-d,SANYU STATIONERY SHOP,sanyu stationery shop,False,line: SANYU STATIONERY SHOP,SANYU STATIONERY SHOP,synthetic,demo,sanyu stationery shop,True,True,True,none,True
synthetic/s7/0165,date,date,mock-a,18/06/2018,2018-06-18,False,,18/06/2018,synthetic,demo,2018-06-18,True,True,True,none,True
synthetic/s7/0165,date,date,mock-b,,,True,,18/06/2018,synthetic,demo,2018-06-18,True,False,False,miss,False
synthetic/s7/0165,date,date,mock-c,18/06/2018,2018-06-18,False,,18/06/2018,synthetic,demo,2018-06-18,True,True,True,none,True
synthetic/s7/0165,date,date,mock-d,18/06/2018,2018-06-18,False,line: 18/06/2018,18/06/2018,synthetic,demo,2018-06-18,True,True,True,none,True
synthetic/s7/0165,phone,phone,mock-a,09-634 6259,96346259,False,,09-634 6259,synthetic,demo,96346259,True,True,True,none,True
synthetic/s7/0165,phone,phone,mock-b,09-634 6259,96346259,False,,09-634 6259,synthetic,demo,96346259,True,True,True,none,True
synthetic/s7/0165,phone,phone,mock-c,09-634 6259,96346259,False,,09-634 6259,synthetic,demo,96346259,True,True,True,none,True
synthetic/s7/0165,phone,phone,mock-d,09-634 6259,96346259,False,line: 09-634 6259,09-634 6259,synthetic,demo,96346259,True,True,True,none,True
synthetic/s7/0165,tax,money,mock-a,1.67,1.67,False,,1.67,synthetic,demo,1.67,True,True,True,none,True
synthetic/s7/0165,tax,money,mock-b,1.67,1.67,False,,1.67,synthetic,demo,1.67,True,True,True,none,True
synthetic/s7/0165,tax,money,mock-c,1.67,1.67,False,,1.67,synthetic,demo,1.67,True,True,True,none,True
synthetic/s7/0165,tax,money,mock-d,1.69,1.69,False,line: 1.69,1.67,synthetic,demo,1.67,True,True,False,wrong_value,False
synthetic/s7/0165,total,money,mock-a,29.57,29.57,False,,29.57,synthetic,demo,29.57,True,True,True,none,True
synthetic/s7/0165,total,money,mock-b,29.57,29.57,False,,29.57,synthetic,demo,29.57,True,True,True,none,True
synthetic/s7/0165,total,money,mock-c,29.57,29.57,False,,29.57,synthetic,demo,29.57,True,True,True,none,True
synthetic/s7/0165,total,money,mock-d,29.57,29.57,False,line: 29.57,29.57,synthetic,demo,29.57,True,True,True,none,True
synthetic/s7/0166,address,address,mock-a,"LOT P.T. 2811, JALAN ANGSANA, TAMAN MUTIARA RINI, 81300 SKUDAI",lot p t 2811 jln angsana tmn mutiara rini 81300 skudai,False,,"LOT P.T. 2811, JALAN ANGSANA, TAMAN MUTIARA RINI, 81300 SKUDAI",synthetic,demo,lot p t 2811 jln angsana tmn mutiara rini 81300 skudai,True,True,True,none,True
synthetic/s7/0166,address,address,mock-b,"LOT P.T. 2811, JALAN ANGSANA, TAMAN MUTIARA RINI, 81300 SKUDAI",lot p t 2811 jln angsana tmn mutiara rini 81300 skudai,False,,"LOT P.T. 2811, JALAN ANGSANA, TAMAN MUTIARA RINI, 81300 SKUDAI",synthetic,demo,lot p t 2811 jln angsana tmn mutiara rini 81300 skudai,True,True,True,none,True
synthetic/s7/0166,address,address,mock-c,"LOT P.T. 2811, JALAN ANGSANA, TAMAN MUTIARA RINI, 81300 SKUDAI",lot p t 2811 jln angsana tmn mutiara rini 81300 skudai,False,,"LOT P.T. 2811, JALAN ANGSANA, TAMAN MUTIARA RINI, 81300 SKUDAI",synthetic,demo,lot p t 2811 jln angsana tmn mutiara rini 81300 skudai,True,True,True,none,True
synthetic/s7/0166,address,address,mock-d,"LOT P.T. 2811, JALAN ANGSANA, TAMAN MUTIARA RINI, 81300 SKUDAI",lot p t 2811 jln angsana tmn mutiara rini 81300 skudai,False,"line: LOT P.T. 2811, JALAN ANGSANA, TAMAN MUTIARA RINI, 81300 SKUDAI","LOT P.T. 2811, JALAN ANGSANA, TAMAN MUTIARA RINI, 81300 SKUDAI",synthetic,demo,lot p t 2811 jln angsana tmn mutiara rini 81300 skudai,True,True,True,none,True
synthetic/s7/0166,company,org,mock-a,99 SPEED MART S/B,99 speed mart s b,False,,99 SPEED MART S/B,synthetic,demo,99 speed mart s b,True,True,True,none,True
synthetic/s7/0166,company,org,mock-b,99 SPEED MART S/B,99 speed mart s b,False,,99 SPEED MART S/B,synthetic,demo,99 speed mart s b,True,True,True,none,True
synthetic/s7/0166,company,org,mock-c,99 SPEED MART S/B,99 speed mart s b,False,,99 SPEED MART S/B,synthetic,demo,99 speed mart s b,True,True,True,none,True
synthetic/s7/0166,company,org,mock-d,99 SPEED MART S/B,99 speed mart s b,False,line: 99 SPEED MART S/B,99 SPEED MART S/B,synthetic,demo,99 speed mart s b,True,True,True,none,True
synthetic/s7/0166,date,date,mock-a,07/04/2018,2018-04-07,False,,07/04/2018,synthetic,demo,2018-04-07,True,True,True,none,True
synthetic/s7/0166,date,date,mock-b,04/07/2018,2018-07-04,False,,07/04/2018,synthetic,demo,2018-04-07,True,True,False,wrong_value,False
synthetic/s7/0166,date,date,mock-c,04/07/2018,2018-07-04,False,,07/04/2018,synthetic,demo,2018-04-07,True,True,False,wrong_value,False
synthetic/s7/0166,date,date,mock-d,07/04/2018,2018-04-07,False,line: 07/04/2018,07/04/2018,synthetic,demo,2018-04-07,True,True,True,none,True
synthetic/s7/0166,phone,phone,mock-a,07-677 6880,76776880,False,,07-677 6880,synthetic,demo,76776880,True,True,True,none,True
synthetic/s7/0166,phone,phone,mock-b,07-677 6880,76776880,False,,07-677 6880,synthetic,demo,76776880,True,True,True,none,True
synthetic/s7/0166,phone,phone,mock-c,07-677 6880,76776880,False,,07-677 6880,synthetic,demo,76776880,True,True,True,none,True
synthetic/s7/0166,phone,phone,mock-d,07-677 6880,76776880,False,line: 07-677 6880,07-677 6880,synthetic,demo,76776880,True,True,True,none,True
synthetic/s7/0166,tax,money,mock-a,5.30,5.30,False,,,synthetic,demo,,False,True,False,hallucination,False
synthetic/s7/0166,tax,money,mock-b,,,True,,,synthetic,demo,,False,False,True,none,True
synthetic/s7/0166,tax,money,mock-c,,,True,,,synthetic,demo,,False,False,True,none,True
synthetic/s7/0166,tax,money,mock-d,,,True,,,synthetic,demo,,False,False,True,none,True
synthetic/s7/0166,total,money,mock-a,,,True,,17.70,synthetic,demo,17.70,True,False,False,miss,False
synthetic/s7/0166,total,money,mock-b,17.70,17.70,False,,17.70,synthetic,demo,17.70,True,True,True,none,True
synthetic/s7/0166,total,money,mock-c,17.70,17.70,False,,17.70,synthetic,demo,17.70,True,True,True,none,True
synthetic/s7/0166,total,money,mock-d,17.70,17.70,False,line: 17.70,17.70,synthetic,demo,17.70,True,True,True,none,True
synthetic/s7/0167,address,address,mock-a,"LOT 276 JALAN BANTING, 43800 DENGKIL, SELANGOR",lot 276 jln banting 43800 dengkil selangor,False,,"LOT 276 JALAN BANTING, 43800 DENGKIL, SELANGOR",synthetic,demo,lot 276 jln banting 43800 dengkil selangor,True,True,True,none,True
synthetic/s7/0167,address,address,mock-b,,,True,,"LOT 276 JALAN BANTING, 43800 DENGKIL, SELANGOR",synthetic,demo,lot 276 jln banting 43800 dengkil selangor,True,False,False,miss,False
synthetic/s7/0167,address,address,mock-c,"LOT 276 JALAN BANTING, 43800 DENGKIL, SELANGOR",lot 276 jln banting 43800 dengkil selangor,False,,"LOT 276 JALAN BANTING, 43800 DENGKIL, SELANGOR",synthetic,demo,lot 276 jln banting 43800 dengkil selangor,True,True,True,none,True
synthetic/s7/0167,address,address,mock-d,,,True,,"LOT 276 JALAN BANTING, 43800 DENGKIL, SELANGOR",synthetic,demo,lot 276 jln banting 43800 dengkil selangor,True,False,False,miss,False
synthetic/s7/0167,company,org,mock-a,,,True,,KEDAI PAPAN YEW CHUAN,synthetic,demo,kedai papan yew chuan,True,False,False,miss,False
synthetic/s7/0167,company,org,mock-b,KEDAI PAPAN YEW CHUAN,kedai papan yew chuan,False,,KEDAI PAPAN YEW CHUAN,synthetic,demo,kedai papan yew chuan,True,True,True,none,True
synthetic/s7/0167,company,org,mock-c,KEDAI PAPAN YEW CHUAN,kedai papan yew chuan,False,,KEDAI PAPAN YEW CHUAN,synthetic,demo,kedai papan yew chuan,True,True,True,none,True
synthetic/s7/0167,company,org,mock-d,KEDAI PAPAN YEW CHUAN,kedai papan yew chuan,False,line: KEDAI PAPAN YEW CHUAN,KEDAI PAPAN YEW CHUAN,synthetic,demo,kedai papan yew chuan,True,True,True,none,True
synthetic/s7/0167,date,date,mock-a,28/03/2018,2018-03-28,False,,28/03/2018,synthetic,demo,2018-03-28,True,True,True,none,True
synthetic/s7/0167,date,date,mock-b,28/03/2018,2018-03-28,False,,28/03/2018,synthetic,demo,2018-03-28,True,True,True,none,True
synthetic/s7/0167,date,date,mock-c,28/03/2018,2018-03-28,False,,28/03/2018,synthetic,demo,2018-03-28,True,True,True,none,True
synthetic/s7/0167,date,date,mock-d,28/03/2018,2018-03-28,False,line: 28/03/2018,28/03/2018,synthetic,demo,2018-03-28,True,True,True,none,True
synthetic/s7/0167,phone,phone,mock-a,08-574 2339,85742339,False,,08-574 2339,synthetic,demo,85742339,True,True,True,none,True
synthetic/s7/0167,phone,phone,mock-b,,,True,,08-574 2339,synthetic,demo,85742339,True,False,False,miss,False
synthetic/s7/0167,phone,phone,mock-c,08-574 2339,85742339,False,,08-574 2339,synthetic,demo,85742339,True,True,True,none,True
synthetic/s7/0167,phone,phone,mock-d,08-574 2339,85742339,False,line: 08-574 2339,08-574 2339,synthetic,demo,85742339,True,True,True,none,True
synthetic/s7/0167,tax,money,mock-a,0.29,0.29,False,,0.29,synthetic,demo,0.29,True,True,True,none,True
synthetic/s7/0167,tax,money,mock-b,0.29,0.29,False,,0.29,synthetic,demo,0.29,True,True,True,none,True
synthetic/s7/0167,tax,money,mock-c,0.29,0.29,False,,0.29,synthetic,demo,0.29,True,True,True,none,True
synthetic/s7/0167,tax,money,mock-d,0.29,0.29,False,line: 0.29,0.29,synthetic,demo,0.29,True,True,True,none,True
synthetic/s7/0167,total,money,mock-a,5.09,5.09,False,,5.09,synthetic,demo,5.09,True,True,True,none,True
synthetic/s7/0167,total,money,mock-b,5.09,5.09,False,,5.09,synthetic,demo,5.09,True,True,True,none,True
synthetic/s7/0167,total,money,mock-c,5.09,5.09,False,,5.09,synthetic,demo,5.09,True,True,True,none,True
synthetic/s7/0167,total,money,mock-d,5.09,5.09,False,line: 5.09,5.09,synthetic,demo,5.09,True,True,True,none,True
synthetic/s7/0168,address,address,mock-a,"NO 2 & 4, JALAN BAYU 4, BANDAR SERI ALAM, 81750 MASAI, JOHOR",no 2 and 4 jln bayu 4 bdr seri alam 81750 masai johor,False,,"NO 2 & 4, JALAN BAYU 4, BANDAR SERI ALAM, 81750 MASAI, JOHOR",synthetic,demo,no 2 and 4 jln bayu 4 bdr seri alam 81750 masai johor,True,True,True,none,True
synthetic/s7/0168,address,address,mock-b,"NO 2 & 4, JALAN BAYU 4, BANDAR SERI ALAM, 81750 MASAI, JOHOR",no 2 and 4 jln bayu 4 bdr seri alam 81750 masai johor,False,,"NO 2 & 4, JALAN BAYU 4, BANDAR SERI ALAM, 81750 MASAI, JOHOR",synthetic,demo,no 2 and 4 jln bayu 4 bdr seri alam 81750 masai johor,True,True,True,none,True
synthetic/s7/0168,address,address,mock-c,"NO 2 & 4, JALAN BAYU 4, BANDAR SERI ALAM, 81750 MASAI, JOHOR",no 2 and 4 jln bayu 4 bdr seri alam 81750 masai johor,False,,"NO 2 & 4, JALAN BAYU 4, BANDAR SERI ALAM, 81750 MASAI, JOHOR",synthetic,demo,no 2 and 4 jln bayu 4 bdr seri alam 81750 masai johor,True,True,True,none,True
synthetic/s7/0168,address,address,mock-d,"NO 2 & 4, JALAN BAYU 4, BANDAR SERI ALAM, 81750 MASAI, JOHOR",no 2 and 4 jln bayu 4 bdr seri alam 81750 masai johor,False,"line: NO 2 & 4, JALAN BAYU 4, BANDAR SERI ALAM, 81750 MASAI, JOHOR","NO 2 & 4, JALAN BAYU 4, BANDAR SERI ALAM, 81750 MASAI, JOHOR",synthetic,demo,no 2 and 4 jln bayu 4 bdr seri alam 81750 masai johor,True,True,True,none,True
synthetic/s7/0168,company,org,mock-a,OJC MARKETING SDN BHD,ojc marketing,False,,OJC MARKETING SDN BHD,synthetic,demo,ojc marketing,True,True,True,none,True
synthetic/s7/0168,company,org,mock-b,OJC MARKETING SDN BHD,ojc marketing,False,,OJC MARKETING SDN BHD,synthetic,demo,ojc marketing,True,True,True,none,True
synthetic/s7/0168,company,org,mock-c,OJC MARKETING SDN BHD,ojc marketing,False,,OJC MARKETING SDN BHD,synthetic,demo,ojc marketing,True,True,True,none,True
synthetic/s7/0168,company,org,mock-d,OJC MARKETING SDN BHD,ojc marketing,False,line: OJC MARKETING SDN BHD,OJC MARKETING SDN BHD,synthetic,demo,ojc marketing,True,True,True,none,True
synthetic/s7/0168,date,date,mock-a,01/06/2019,2019-06-01,False,,01/06/2019,synthetic,demo,2019-06-01,True,True,True,none,True
synthetic/s7/0168,date,date,mock-b,01/06/2019,2019-06-01,False,,01/06/2019,synthetic,demo,2019-06-01,True,True,True,none,True
synthetic/s7/0168,date,date,mock-c,01/06/2019,2019-06-01,False,,01/06/2019,synthetic,demo,2019-06-01,True,True,True,none,True
synthetic/s7/0168,date,date,mock-d,01/06/2019,2019-06-01,False,line: 01/06/2019,01/06/2019,synthetic,demo,2019-06-01,True,True,True,none,True
synthetic/s7/0168,phone,phone,mock-a,,,True,,,synthetic,demo,,False,False,True,none,True
synthetic/s7/0168,phone,phone,mock-b,03-1234 5678,312345678,False,,,synthetic,demo,,False,True,False,hallucination,False
synthetic/s7/0168,phone,phone,mock-c,,,True,,,synthetic,demo,,False,False,True,none,True
synthetic/s7/0168,phone,phone,mock-d,,,True,,,synthetic,demo,,False,False,True,none,True
synthetic/s7/0168,tax,money,mock-a,0.77,0.77,False,,0.77,synthetic,demo,0.77,True,True,True,none,True
synthetic/s7/0168,tax,money,mock-b,0.77,0.77,False,,0.77,synthetic,demo,0.77,True,True,True,none,True
synthetic/s7/0168,tax,money,mock-c,0.77,0.77,False,,0.77,synthetic,demo,0.77,True,True,True,none,True
synthetic/s7/0168,tax,money,mock-d,0.77,0.77,False,line: 0.77,0.77,synthetic,demo,0.77,True,True,True,none,True
synthetic/s7/0168,total,money,mock-a,13.67,13.67,False,,13.67,synthetic,demo,13.67,True,True,True,none,True
synthetic/s7/0168,total,money,mock-b,13.67,13.67,False,,13.67,synthetic,demo,13.67,True,True,True,none,True
synthetic/s7/0168,total,money,mock-c,13.67,13.67,False,,13.67,synthetic,demo,13.67,True,True,True,none,True
synthetic/s7/0168,total,money,mock-d,11.27,11.27,False,line: 11.27,13.67,synthetic,demo,13.67,True,True,False,wrong_value,False
synthetic/s7/0169,address,address,mock-a,"NO.59 JALAN PERMAS 9/5, BANDAR BARU PERMAS JAYA, 81750 JOHOR BAHRU",no 59 jln permas 9 5 bdr baru permas jaya 81750 johor bahru,False,,"NO.59 JALAN PERMAS 9/5, BANDAR BARU PERMAS JAYA, 81750 JOHOR BAHRU",synthetic,demo,no 59 jln permas 9 5 bdr baru permas jaya 81750 johor bahru,True,True,True,none,True
synthetic/s7/0169,address,address,mock-b,,,True,,"NO.59 JALAN PERMAS 9/5, BANDAR BARU PERMAS JAYA, 81750 JOHOR BAHRU",synthetic,demo,no 59 jln permas 9 5 bdr baru permas jaya 81750 johor bahru,True,False,False,miss,False
synthetic/s7/0169,address,address,mock-c,"NO.59 JALAN PERMAS 9/5, BANDAR BARU PERMAS JAYA, 81750 JOHOR BAHRU",no 59 jln permas 9 5 bdr baru permas jaya 81750 johor bahru,False,,"NO.59 JALAN PERMAS 9/5, BANDAR BARU PERMAS JAYA, 81750 JOHOR BAHRU",synthetic,demo,no 59 jln permas 9 5 bdr baru permas jaya 81750 johor bahru,True,True,True,none,True
synthetic/s7/0169,address,address,mock-d,"NO.59 JALAN PERMAS 9/5, BANDAR BARU PERMAS JAYA, 81750 JOHOR BAHRU",no 59 jln permas 9 5 bdr baru permas jaya 81750 johor bahru,False,"line: NO.59 JALAN PERMAS 9/5, BANDAR BARU PERMAS JAYA, 81750 JOHOR BAHRU","NO.59 JALAN PERMAS 9/5, BANDAR BARU PERMAS JAYA, 81750 JOHOR BAHRU",synthetic,demo,no 59 jln permas 9 5 bdr baru permas jaya 81750 johor bahru,True,True,True,none,True
synthetic/s7/0169,company,org,mock-a,ZHENG HUI,zheng hui,False,,PERNIAGAAN ZHENG HUI,synthetic,demo,perniagaan zheng hui,True,True,False,wrong_value,False
synthetic/s7/0169,company,org,mock-b,PERNIAGAAN ZHENG HUI,perniagaan zheng hui,False,,PERNIAGAAN ZHENG HUI,synthetic,demo,perniagaan zheng hui,True,True,True,none,True
synthetic/s7/0169,company,org,mock-c,ZHENG HUI,zheng hui,False,,PERNIAGAAN ZHENG HUI,synthetic,demo,perniagaan zheng hui,True,True,False,wrong_value,False
synthetic/s7/0169,company,org,mock-d,PERNIAGAAN ZHENG HUI,perniagaan zheng hui,False,line: PERNIAGAAN ZHENG HUI,PERNIAGAAN ZHENG HUI,synthetic,demo,perniagaan zheng hui,True,True,True,none,True
synthetic/s7/0169,date,date,mock-a,19/04/2019,2019-04-19,False,,19/04/2019,synthetic,demo,2019-04-19,True,True,True,none,True
synthetic/s7/0169,date,date,mock-b,19/04/2019,2019-04-19,False,,19/04/2019,synthetic,demo,2019-04-19,True,True,True,none,True
synthetic/s7/0169,date,date,mock-c,19/04/2019,2019-04-19,False,,19/04/2019,synthetic,demo,2019-04-19,True,True,True,none,True
synthetic/s7/0169,date,date,mock-d,19/04/2019,2019-04-19,False,line: 19/04/2019,19/04/2019,synthetic,demo,2019-04-19,True,True,True,none,True
synthetic/s7/0169,phone,phone,mock-a,,,True,,,synthetic,demo,,False,False,True,none,True
synthetic/s7/0169,phone,phone,mock-b,,,True,,,synthetic,demo,,False,False,True,none,True
synthetic/s7/0169,phone,phone,mock-c,,,True,,,synthetic,demo,,False,False,True,none,True
synthetic/s7/0169,phone,phone,mock-d,03-1234 5678,312345678,False,line: 03-1234 5678,,synthetic,demo,,False,True,False,hallucination,False
synthetic/s7/0169,tax,money,mock-a,,,True,,,synthetic,demo,,False,False,True,none,True
synthetic/s7/0169,tax,money,mock-b,,,True,,,synthetic,demo,,False,False,True,none,True
synthetic/s7/0169,tax,money,mock-c,,,True,,,synthetic,demo,,False,False,True,none,True
synthetic/s7/0169,tax,money,mock-d,,,True,,,synthetic,demo,,False,False,True,none,True
synthetic/s7/0169,total,money,mock-a,26.10,26.10,False,,26.10,synthetic,demo,26.10,True,True,True,none,True
synthetic/s7/0169,total,money,mock-b,26.10,26.10,False,,26.10,synthetic,demo,26.10,True,True,True,none,True
synthetic/s7/0169,total,money,mock-c,26.10,26.10,False,,26.10,synthetic,demo,26.10,True,True,True,none,True
synthetic/s7/0169,total,money,mock-d,26.10,26.10,False,line: 26.10,26.10,synthetic,demo,26.10,True,True,True,none,True
synthetic/s7/0170,address,address,mock-a,"LOT 3, JALAN PELABUR 23/1, 40300 SHAH ALAM, SELANGOR",lot 3 jln pelabur 23 1 40300 shah alam selangor,False,,"LOT 3, JALAN PELABUR 23/1, 40300 SHAH ALAM, SELANGOR",synthetic,demo,lot 3 jln pelabur 23 1 40300 shah alam selangor,True,True,True,none,True
synthetic/s7/0170,address,address,mock-b,"LOT 3, JALAN PELABUR 23/1, 40300 SHAH ALAM, SELANGOR",lot 3 jln pelabur 23 1 40300 shah alam selangor,False,,"LOT 3, JALAN PELABUR 23/1, 40300 SHAH ALAM, SELANGOR",synthetic,demo,lot 3 jln pelabur 23 1 40300 shah alam selangor,True,True,True,none,True
synthetic/s7/0170,address,address,mock-c,"LOT 3, JALAN PELABUR 23/1, 40300 SHAH ALAM, SELANGOR",lot 3 jln pelabur 23 1 40300 shah alam selangor,False,,"LOT 3, JALAN PELABUR 23/1, 40300 SHAH ALAM, SELANGOR",synthetic,demo,lot 3 jln pelabur 23 1 40300 shah alam selangor,True,True,True,none,True
synthetic/s7/0170,address,address,mock-d,"LOT 3, JALAN PELABUR 23/1, 40300 SHAH ALAM, SELANGOR",lot 3 jln pelabur 23 1 40300 shah alam selangor,False,"line: LOT 3, JALAN PELABUR 23/1, 40300 SHAH ALAM, SELANGOR","LOT 3, JALAN PELABUR 23/1, 40300 SHAH ALAM, SELANGOR",synthetic,demo,lot 3 jln pelabur 23 1 40300 shah alam selangor,True,True,True,none,True
synthetic/s7/0170,company,org,mock-a,GARDENIA BAKERIES (KL) SDN BHD,gardenia bakeries kl,False,,GARDENIA BAKERIES (KL) SDN BHD,synthetic,demo,gardenia bakeries kl,True,True,True,none,True
synthetic/s7/0170,company,org,mock-b,GARDENIA BAKERIES (KL) SDN BHD,gardenia bakeries kl,False,,GARDENIA BAKERIES (KL) SDN BHD,synthetic,demo,gardenia bakeries kl,True,True,True,none,True
synthetic/s7/0170,company,org,mock-c,GARDENIA BAKERIES (KL) SDN,gardenia bakeries kl sdn,False,,GARDENIA BAKERIES (KL) SDN BHD,synthetic,demo,gardenia bakeries kl,True,True,False,wrong_value,False
synthetic/s7/0170,company,org,mock-d,GARDENIA BAKERIES (KL) SDN BHD,gardenia bakeries kl,False,line: GARDENIA BAKERIES (KL) SDN BHD,GARDENIA BAKERIES (KL) SDN BHD,synthetic,demo,gardenia bakeries kl,True,True,True,none,True
synthetic/s7/0170,date,date,mock-a,11/04/2018,2018-04-11,False,,11/04/2018,synthetic,demo,2018-04-11,True,True,True,none,True
synthetic/s7/0170,date,date,mock-b,11/04/2018,2018-04-11,False,,11/04/2018,synthetic,demo,2018-04-11,True,True,True,none,True
synthetic/s7/0170,date,date,mock-c,11/04/2018,2018-04-11,False,,11/04/2018,synthetic,demo,2018-04-11,True,True,True,none,True
synthetic/s7/0170,date,date,mock-d,11/04/2018,2018-04-11,False,line: 11/04/2018,11/04/2018,synthetic,demo,2018-04-11,True,True,True,none,True
synthetic/s7/0170,phone,phone,mock-a,,,True,,,synthetic,demo,,False,False,True,none,True
synthetic/s7/0170,phone,phone,mock-b,,,True,,,synthetic,demo,,False,False,True,none,True
synthetic/s7/0170,phone,phone,mock-c,,,True,,,synthetic,demo,,False,False,True,none,True
synthetic/s7/0170,phone,phone,mock-d,,,True,,,synthetic,demo,,False,False,True,none,True
synthetic/s7/0170,tax,money,mock-a,,,True,,,synthetic,demo,,False,False,True,none,True
synthetic/s7/0170,tax,money,mock-b,,,True,,,synthetic,demo,,False,False,True,none,True
synthetic/s7/0170,tax,money,mock-c,,,True,,,synthetic,demo,,False,False,True,none,True
synthetic/s7/0170,tax,money,mock-d,,,True,,,synthetic,demo,,False,False,True,none,True
synthetic/s7/0170,total,money,mock-a,53.80,53.80,False,,53.80,synthetic,demo,53.80,True,True,True,none,True
synthetic/s7/0170,total,money,mock-b,,,True,,53.80,synthetic,demo,53.80,True,False,False,miss,False
synthetic/s7/0170,total,money,mock-c,,,True,,53.80,synthetic,demo,53.80,True,False,False,miss,False
synthetic/s7/0170,total,money,mock-d,53.80,53.80,False,line: 53.80,53.80,synthetic,demo,53.80,True,True,True,none,True
synthetic/s7/0171,address,address,mock-a,"NO. 31G&33G, JALAN SETIA INDAH X, U13/X, 40170 SETIA ALAM",no 31g and 33g jln setia indah x u13 x 40170 setia alam,False,,"NO. 31G&33G, JALAN SETIA INDAH X, U13/X, 40170 SETIA ALAM",synthetic,demo,no 31g and 33g jln setia indah x u13 x 40170 setia alam,True,True,True,none,True
synthetic/s7/0171,address,address,mock-b,"NO. 31G&33G, JALAN SETIA INDAH X, U13/X, 40170 SETIA ALAM",no 31g and 33g jln setia indah x u13 x 40170 setia alam,False,,"NO. 31G&33G, JALAN SETIA INDAH X, U13/X, 40170 SETIA ALAM",synthetic,demo,no 31g and 33g jln setia indah x u13 x 40170 setia alam,True,True,True,none,True
synthetic/s7/0171,address,address,mock-c,"NO. 31G&33G, JALAN SETIA INDAH X, U13/X, 40170 SETIA ALAM",no 31g and 33g jln setia indah x u13 x 40170 setia alam,False,,"NO. 31G&33G, JALAN SETIA INDAH X, U13/X, 40170 SETIA ALAM",synthetic,demo,no 31g and 33g jln setia indah x u13 x 40170 setia alam,True,True,True,none,True
synthetic/s7/0171,address,address,mock-d,"NO. 31G&33G, JALAN SETIA INDAH X, U13/X",no 31g and 33g jln setia indah x u13 x,False,"line: NO. 31G&33G, JALAN SETIA INDAH X, U13/X","NO. 31G&33G, JALAN SETIA INDAH X, U13/X, 40170 SETIA ALAM",synthetic,demo,no 31g and 33g jln setia indah x u13 x 40170 setia alam,True,True,False,wrong_value,False
synthetic/s7/0171,company,org,mock-a,SANYU STATIONERY SHOP,sanyu stationery shop,False,,SANYU STATIONERY SHOP,synthetic,demo,sanyu stationery shop,True,True,True,none,True
synthetic/s7/0171,company,org,mock-b,SANYU STATIONERY SHOP,sanyu stationery shop,False,,SANYU STATIONERY SHOP,synthetic,demo,sanyu stationery shop,True,True,True,none,True
synthetic/s7/0171,company,org,mock-c,SANYU STATIONERY SHOP,sanyu stationery shop,False,,SANYU STATIONERY SHOP,synthetic,demo,sanyu stationery shop,True,True,True,none,True
synthetic/s7/0171,company,org,mock-d,SANYU STATIONERY SHOP,sanyu stationery shop,False,line: SANYU STATIONERY SHOP,SANYU STATIONERY SHOP,synthetic,demo,sanyu stationery shop,True,True,True,none,True
synthetic/s7/0171,date,date,mock-a,28/10/2019,2019-10-28,False,,28/10/2019,synthetic,demo,2019-10-28,True,True,True,none,True
synthetic/s7/0171,date,date,mock-b,,,True,,28/10/2019,synthetic,demo,2019-10-28,True,False,False,miss,False
synthetic/s7/0171,date,date,mock-c,28/10/2019,2019-10-28,False,,28/10/2019,synthetic,demo,2019-10-28,True,True,True,none,True
synthetic/s7/0171,date,date,mock-d,28/10/2019,2019-10-28,False,line: 28/10/2019,28/10/2019,synthetic,demo,2019-10-28,True,True,True,none,True
synthetic/s7/0171,phone,phone,mock-a,08-191 9298,81919298,False,,08-191 9298,synthetic,demo,81919298,True,True,True,none,True
synthetic/s7/0171,phone,phone,mock-b,68-191 9298,681919298,False,,08-191 9298,synthetic,demo,81919298,True,True,False,wrong_value,False
synthetic/s7/0171,phone,phone,mock-c,08-191 9298,81919298,False,,08-191 9298,synthetic,demo,81919298,True,True,True,none,True
synthetic/s7/0171,phone,phone,mock-d,08-191 9298,81919298,False,line: 08-191 9298,08-191 9298,synthetic,demo,81919298,True,True,True,none,True
synthetic/s7/0171,tax,money,mock-a,0.77,0.77,False,,0.77,synthetic,demo,0.77,True,True,True,none,True
synthetic/s7/0171,tax,money,mock-b,0.77,0.77,False,,0.77,synthetic,demo,0.77,True,True,True,none,True
synthetic/s7/0171,tax,money,mock-c,0.77,0.77,False,,0.77,synthetic,demo,0.77,True,True,True,none,True
synthetic/s7/0171,tax,money,mock-d,0.77,0.77,False,line: 0.77,0.77,synthetic,demo,0.77,True,True,True,none,True
synthetic/s7/0171,total,money,mock-a,13.67,13.67,False,,13.67,synthetic,demo,13.67,True,True,True,none,True
synthetic/s7/0171,total,money,mock-b,13.67,13.67,False,,13.67,synthetic,demo,13.67,True,True,True,none,True
synthetic/s7/0171,total,money,mock-c,13.67,13.67,False,,13.67,synthetic,demo,13.67,True,True,True,none,True
synthetic/s7/0171,total,money,mock-d,93.67,93.67,False,line: 93.67,13.67,synthetic,demo,13.67,True,True,False,wrong_value,False
synthetic/s7/0172,address,address,mock-a,"LOT P.T. 2811, JALAN ANGSANA, TAMAN MUTIARA RINI",lot p t 2811 jln angsana tmn mutiara rini,False,,"LOT P.T. 2811, JALAN ANGSANA, TAMAN MUTIARA RINI, 81300 SKUDAI",synthetic,demo,lot p t 2811 jln angsana tmn mutiara rini 81300 skudai,True,True,False,wrong_value,False
synthetic/s7/0172,address,address,mock-b,"LOT P.T. 2811, JALAN ANGSANA, TAMAN MUTIARA RINI, 81300 SKUDAI",lot p t 2811 jln angsana tmn mutiara rini 81300 skudai,False,,"LOT P.T. 2811, JALAN ANGSANA, TAMAN MUTIARA RINI, 81300 SKUDAI",synthetic,demo,lot p t 2811 jln angsana tmn mutiara rini 81300 skudai,True,True,True,none,True
synthetic/s7/0172,address,address,mock-c,"LOT P.T. 2811, JALAN ANGSANA, TAMAN MUTIARA RINI, 81300 SKUDAI",lot p t 2811 jln angsana tmn mutiara rini 81300 skudai,False,,"LOT P.T. 2811, JALAN ANGSANA, TAMAN MUTIARA RINI, 81300 SKUDAI",synthetic,demo,lot p t 2811 jln angsana tmn mutiara rini 81300 skudai,True,True,True,none,True
synthetic/s7/0172,address,address,mock-d,"LOT P.T. 2811, JALAN ANGSANA, TAMAN MUTIARA RINI, 81300 SKUDAI",lot p t 2811 jln angsana tmn mutiara rini 81300 skudai,False,"line: LOT P.T. 2811, JALAN ANGSANA, TAMAN MUTIARA RINI, 81300 SKUDAI","LOT P.T. 2811, JALAN ANGSANA, TAMAN MUTIARA RINI, 81300 SKUDAI",synthetic,demo,lot p t 2811 jln angsana tmn mutiara rini 81300 skudai,True,True,True,none,True
synthetic/s7/0172,company,org,mock-a,99 SPEED MART S/B,99 speed mart s b,False,,99 SPEED MART S/B,synthetic,demo,99 speed mart s b,True,True,True,none,True
synthetic/s7/0172,company,org,mock-b,99 SPEED MART S/B,99 speed mart s b,False,,99 SPEED MART S/B,synthetic,demo,99 speed mart s b,True,True,True,none,True
synthetic/s7/0172,company,org,mock-c,SPEED MART S/B,speed mart s b,False,,99 SPEED MART S/B,synthetic,demo,99 speed mart s b,True,True,False,wrong_value,False
synthetic/s7/0172,company,org,mock-d,99 SPEED MART S/B,99 speed mart s b,False,line: 99 SPEED MART S/B,99 SPEED MART S/B,synthetic,demo,99 speed mart s b,True,True,True,none,True
synthetic/s7/0172,date,date,mock-a,28/03/2019,2019-03-28,False,,28/03/2019,synthetic,demo,2019-03-28,True,True,True,none,True
synthetic/s7/0172,date,date,mock-b,,,True,,28/03/2019,synthetic,demo,2019-03-28,True,False,False,miss,False
synthetic/s7/0172,date,date,mock-c,28/03/2019,2019-03-28,False,,28/03/2019,synthetic,demo,2019-03-28,True,True,True,none,True
synthetic/s7/0172,date,date,mock-d,28/03/2019,2019-03-28,False,line: 28/03/2019,28/03/2019,synthetic,demo,2019-03-28,True,True,True,none,True
synthetic/s7/0172,phone,phone,mock-a,05-160 1455,51601455,False,,05-160 1455,synthetic,demo,51601455,True,True,True,none,True
synthetic/s7/0172,phone,phone,mock-b,05-160 1455,51601455,False,,05-160 1455,synthetic,demo,51601455,True,True,True,none,True
synthetic/s7/0172,phone,phone,mock-c,05-160 1455,51601455,False,,05-160 1455,synthetic,demo,51601455,True,True,True,none,True
synthetic/s7/0172,phone,phone,mock-d,05-160 1455,51601455,False,line: 05-160 1455,05-160 1455,synthetic,demo,51601455,True,True,True,none,True
synthetic/s7/0172,tax,money,mock-a,0.97,0.97,False,,0.97,synthetic,demo,0.97,True,True,True,none,True
synthetic/s7/0172,tax,money,mock-b,0.97,0.97,False,,0.97,synthetic,demo,0.97,True,True,True,none,True
synthetic/s7/0172,tax,money,mock-c,0.97,0.97,False,,0.97,synthetic,demo,0.97,True,True,True,none,True
synthetic/s7/0172,tax,money,mock-d,0.97,0.97,False,line: 0.97,0.97,synthetic,demo,0.97,True,True,True,none,True
synthetic/s7/0172,total,money,mock-a,17.07,17.07,False,,17.07,synthetic,demo,17.07,True,True,True,none,True
synthetic/s7/0172,total,money,mock-b,17.07,17.07,False,,17.07,synthetic,demo,17.07,True,True,True,none,True
synthetic/s7/0172,total,money,mock-c,17.07,17.07,False,,17.07,synthetic,demo,17.07,True,True,True,none,True
synthetic/s7/0172,total,money,mock-d,17.07,17.07,False,line: 17.07,17.07,synthetic,demo,17.07,True,True,True,none,True
synthetic/s7/0173,address,address,mock-a,"LOT 276 JALAN BANTING, 43800 DENGKIL",lot 276 jln banting 43800 dengkil,False,,"LOT 276 JALAN BANTING, 43800 DENGKIL, SELANGOR",synthetic,demo,lot 276 jln banting 43800 dengkil selangor,True,True,False,wrong_value,False
synthetic/s7/0173,address,address,mock-b,"LOT 276 JALAN BANTING, 43800 DENGKIL",lot 276 jln banting 43800 dengkil,False,,"LOT 276 JALAN BANTING, 43800 DENGKIL, SELANGOR",synthetic,demo,lot 276 jln banting 43800 dengkil selangor,True,True,False,wrong_value,False
synthetic/s7/0173,address,address,mock-c,"LOT 276 JALAN BANTING, 43800 DENGKIL",lot 276 jln banting 43800 dengkil,False,,"LOT 276 JALAN BANTING, 43800 DENGKIL, SELANGOR",synthetic,demo,lot 276 jln banting 43800 dengkil selangor,True,True,False,wrong_value,False
synthetic/s7/0173,address,address,mock-d,"LOT 276 JALAN BANTING, 43800 DENGKIL",lot 276 jln banting 43800 dengkil,False,"line: LOT 276 JALAN BANTING, 43800 DENGKIL","LOT 276 JALAN BANTING, 43800 DENGKIL, SELANGOR",synthetic,demo,lot 276 jln banting 43800 dengkil selangor,True,True,False,wrong_value,False
synthetic/s7/0173,company,org,mock-a,KEDAI PAPAN YEW CHUAN,kedai papan yew chuan,False,,KEDAI PAPAN YEW CHUAN,synthetic,demo,kedai papan yew chuan,True,True,True,none,True
synthetic/s7/0173,company,org,mock-b,KEDAI PAPAN YEW,kedai papan yew,False,,KEDAI PAPAN YEW CHUAN,synthetic,demo,kedai papan yew chuan,True,True,False,wrong_value,False
synthetic/s7/0173,company,org,mock-c,KEDAI PAPAN YEW CHUAN,kedai papan yew chuan,False,,KEDAI PAPAN YEW CHUAN,synthetic,demo,kedai papan yew chuan,True,True,True,none,True
synthetic/s7/0173,company,org,mock-d,PAPAN YEW CHUAN,papan yew chuan,False,line: PAPAN YEW CHUAN,KEDAI PAPAN YEW CHUAN,synthetic,demo,kedai papan yew chuan,True,True,False,wrong_value,False
synthetic/s7/0173,date,date,mock-a,23/12/2019,2019-12-23,False,,23/12/2019,synthetic,demo,2019-12-23,True,True,True,none,True
synthetic/s7/0173,date,date,mock-b,23/12/2019,2019-12-23,False,,23/12/2019,synthetic,demo,2019-12-23,True,True,True,none,True
synthetic/s7/0173,date,date,mock-c,23/12/2019,2019-12-23,False,,23/12/2019,synthetic,demo,2019-12-23,True,True,True,none,True
synthetic/s7/0173,date,date,mock-d,23/12/2019,2019-12-23,False,line: 23/12/2019,23/12/2019,synthetic,demo,2019-12-23,True,True,True,none,True
synthetic/s7/0173,phone,phone,mock-a,,,True,,,synthetic,demo,,False,False,True,none,True
synthetic/s7/0173,phone,phone,mock-b,,,True,,,synthetic,demo,,False,False,True,none,True
synthetic/s7/0173,phone,phone,mock-c,,,True,,,synthetic,demo,,False,False,True,none,True
synthetic/s7/0173,phone,phone,mock-d,,,True,,,synthetic,demo,,False,False,True,none,True
synthetic/s7/0173,tax,money,mock-a,0.77,0.77,False,,0.77,synthetic,demo,0.77,True,True,True,none,True
synthetic/s7/0173,tax,money,mock-b,0.77,0.77,False,,0.77,synthetic,demo,0.77,True,True,True,none,True
synthetic/s7/0173,tax,money,mock-c,0.77,0.77,False,,0.77,synthetic,demo,0.77,True,True,True,none,True
synthetic/s7/0173,tax,money,mock-d,0.77,0.77,False,line: 0.77,0.77,synthetic,demo,0.77,True,True,True,none,True
synthetic/s7/0173,total,money,mock-a,13.67,13.67,False,,13.67,synthetic,demo,13.67,True,True,True,none,True
synthetic/s7/0173,total,money,mock-b,13.67,13.67,False,,13.67,synthetic,demo,13.67,True,True,True,none,True
synthetic/s7/0173,total,money,mock-c,13.67,13.67,False,,13.67,synthetic,demo,13.67,True,True,True,none,True
synthetic/s7/0173,total,money,mock-d,13.67,13.67,False,line: 13.67,13.67,synthetic,demo,13.67,True,True,True,none,True
synthetic/s7/0174,address,address,mock-a,"NO 2 & 4, JALAN BAYU 4, BANDAR SERI ALAM, 81750 MASAI, JOHOR",no 2 and 4 jln bayu 4 bdr seri alam 81750 masai johor,False,,"NO 2 & 4, JALAN BAYU 4, BANDAR SERI ALAM, 81750 MASAI, JOHOR",synthetic,demo,no 2 and 4 jln bayu 4 bdr seri alam 81750 masai johor,True,True,True,none,True
synthetic/s7/0174,address,address,mock-b,"NO 2 & 4, JALAN BAYU 4, BANDAR SERI ALAM, 81750 MASAI",no 2 and 4 jln bayu 4 bdr seri alam 81750 masai,False,,"NO 2 & 4, JALAN BAYU 4, BANDAR SERI ALAM, 81750 MASAI, JOHOR",synthetic,demo,no 2 and 4 jln bayu 4 bdr seri alam 81750 masai johor,True,True,False,wrong_value,False
synthetic/s7/0174,address,address,mock-c,"NO 2 & 4, JALAN BAYU 4, BANDAR SERI ALAM, 81750 MASAI, JOHOR",no 2 and 4 jln bayu 4 bdr seri alam 81750 masai johor,False,,"NO 2 & 4, JALAN BAYU 4, BANDAR SERI ALAM, 81750 MASAI, JOHOR",synthetic,demo,no 2 and 4 jln bayu 4 bdr seri alam 81750 masai johor,True,True,True,none,True
synthetic/s7/0174,address,address,mock-d,"NO 2 & 4, JALAN BAYU 4, BANDAR SERI ALAM, 81750 MASAI",no 2 and 4 jln bayu 4 bdr seri alam 81750 masai,False,"line: NO 2 & 4, JALAN BAYU 4, BANDAR SERI ALAM, 81750 MASAI","NO 2 & 4, JALAN BAYU 4, BANDAR SERI ALAM, 81750 MASAI, JOHOR",synthetic,demo,no 2 and 4 jln bayu 4 bdr seri alam 81750 masai johor,True,True,False,wrong_value,False
synthetic/s7/0174,company,org,mock-a,OJC MARKETING SDN BHD,ojc marketing,False,,OJC MARKETING SDN BHD,synthetic,demo,ojc marketing,True,True,True,none,True
synthetic/s7/0174,company,org,mock-b,OJC MARKETING SDN BHD,ojc marketing,False,,OJC MARKETING SDN BHD,synthetic,demo,ojc marketing,True,True,True,none,True
synthetic/s7/0174,company,org,mock-c,OJC MARKETING SDN BHD,ojc marketing,False,,OJC MARKETING SDN BHD,synthetic,demo,ojc marketing,True,True,True,none,True
synthetic/s7/0174,company,org,mock-d,OJC MARKETING SDN BHD,ojc marketing,False,line: OJC MARKETING SDN BHD,OJC MARKETING SDN BHD,synthetic,demo,ojc marketing,True,True,True,none,True
synthetic/s7/0174,date,date,mock-a,19/10/2019,2019-10-19,False,,19/10/2019,synthetic,demo,2019-10-19,True,True,True,none,True
synthetic/s7/0174,date,date,mock-b,10/19/2019,2019-10-19,False,,19/10/2019,synthetic,demo,2019-10-19,True,True,True,none,True
synthetic/s7/0174,date,date,mock-c,10/19/2019,2019-10-19,False,,19/10/2019,synthetic,demo,2019-10-19,True,True,True,none,True
synthetic/s7/0174,date,date,mock-d,19/10/2019,2019-10-19,False,line: 19/10/2019,19/10/2019,synthetic,demo,2019-10-19,True,True,True,none,True
synthetic/s7/0174,phone,phone,mock-a,03-483 8885,34838885,False,,03-483 8885,synthetic,demo,34838885,True,True,True,none,True
synthetic/s7/0174,phone,phone,mock-b,03-483 8885,34838885,False,,03-483 8885,synthetic,demo,34838885,True,True,True,none,True
synthetic/s7/0174,phone,phone,mock-c,03-483 8885,34838885,False,,03-483 8885,synthetic,demo,34838885,True,True,True,none,True
synthetic/s7/0174,phone,phone,mock-d,03-483 8885,34838885,False,line: 03-483 8885,03-483 8885,synthetic,demo,34838885,True,True,True,none,True
synthetic/s7/0174,tax,money,mock-a,0.29,0.29,False,,0.29,synthetic,demo,0.29,True,True,True,none,True
synthetic/s7/0174,tax,money,mock-b,0.29,0.29,False,,0.29,synthetic,demo,0.29,True,True,True,none,True
synthetic/s7/0174,tax,money,mock-c,0.29,0.29,False,,0.29,synthetic,demo,0.29,True,True,True,none,True
synthetic/s7/0174,tax,money,mock-d,,,True,,0.29,synthetic,demo,0.29,True,False,False,miss,False
synthetic/s7/0174,total,money,mock-a,5.09,5.09,False,,5.09,synthetic,demo,5.09,True,True,True,none,True
synthetic/s7/0174,total,money,mock-b,5.09,5.09,False,,5.09,synthetic,demo,5.09,True,True,True,none,True
synthetic/s7/0174,total,money,mock-c,5.09,5.09,False,,5.09,synthetic,demo,5.09,True,True,True,none,True
synthetic/s7/0174,total,money,mock-d,5.09,5.09,False,line: 5.09,5.09,synthetic,demo,5.09,True,True,True,none,True
synthetic/s7/0175,address,address,mock-a,"NO.59 JALAN PERMAS 9/5, BANDAR BARU PERMAS JAYA, 81750 JOHOR BAHRU",no 59 jln permas 9 5 bdr baru permas jaya 81750 johor bahru,False,,"NO.59 JALAN PERMAS 9/5, BANDAR BARU PERMAS JAYA, 81750 JOHOR BAHRU",synthetic,demo,no 59 jln permas 9 5 bdr baru permas jaya 81750 johor bahru,True,True,True,none,True
synthetic/s7/0175,address,address,mock-b,"NO.59 JALAN PERMAS 9/5, BANDAR BARU PERMAS JAYA, 81750 JOHOR BAHRU",no 59 jln permas 9 5 bdr baru permas jaya 81750 johor bahru,False,,"NO.59 JALAN PERMAS 9/5, BANDAR BARU PERMAS JAYA, 81750 JOHOR BAHRU",synthetic,demo,no 59 jln permas 9 5 bdr baru permas jaya 81750 johor bahru,True,True,True,none,True
synthetic/s7/0175,address,address,mock-c,"NO.59 JALAN PERMAS 9/5, BANDAR BARU PERMAS JAYA, 81750 JOHOR BAHRU",no 59 jln permas 9 5 bdr baru permas jaya 81750 johor bahru,False,,"NO.59 JALAN PERMAS 9/5, BANDAR BARU PERMAS JAYA, 81750 JOHOR BAHRU",synthetic,demo,no 59 jln permas 9 5 bdr baru permas jaya 81750 johor bahru,True,True,True,none,True
synthetic/s7/0175,address,address,mock-d,,,True,,"NO.59 JALAN PERMAS 9/5, BANDAR BARU PERMAS JAYA, 81750 JOHOR BAHRU",synthetic,demo,no 59 jln permas 9 5 bdr baru permas jaya 81750 johor bahru,True,False,False,miss,False
synthetic/s7/0175,company,org,mock-a,PERNIAGAAN ZHENG HUI,perniagaan zheng hui,False,,PERNIAGAAN ZHENG HUI,synthetic,demo,perniagaan zheng hui,True,True,True,none,True
synthetic/s7/0175,company,org,mock-b,PERNIAGAAN ZHENG HUI,perniagaan zheng hui,False,,PERNIAGAAN ZHENG HUI,synthetic,demo,perniagaan zheng hui,True,True,True,none,True
synthetic/s7/0175,company,org,mock-c,PERNIAGAAN ZHENG HUI,perniagaan zheng hui,False,,PERNIAGAAN ZHENG HUI,synthetic,demo,perniagaan zheng hui,True,True,True,none,True
synthetic/s7/0175,company,org,mock-d,PERNIAGAAN ZHENG HUI,perniagaan zheng hui,False,line: PERNIAGAAN ZHENG HUI,PERNIAGAAN ZHENG HUI,synthetic,demo,perniagaan zheng hui,True,True,True,none,True
synthetic/s7/0175,date,date,mock-a,08/03/2018,2018-03-08,False,,08/03/2018,synthetic,demo,2018-03-08,True,True,True,none,True
synthetic/s7/0175,date,date,mock-b,08/03/2018,2018-03-08,False,,08/03/2018,synthetic,demo,2018-03-08,True,True,True,none,True
synthetic/s7/0175,date,date,mock-c,08/03/2018,2018-03-08,False,,08/03/2018,synthetic,demo,2018-03-08,True,True,True,none,True
synthetic/s7/0175,date,date,mock-d,08/03/2018,2018-03-08,False,line: 08/03/2018,08/03/2018,synthetic,demo,2018-03-08,True,True,True,none,True
synthetic/s7/0175,phone,phone,mock-a,07-987 7112,79877112,False,,07-987 7112,synthetic,demo,79877112,True,True,True,none,True
synthetic/s7/0175,phone,phone,mock-b,07-987 7112,79877112,False,,07-987 7112,synthetic,demo,79877112,True,True,True,none,True
synthetic/s7/0175,phone,phone,mock-c,07-987 7112,79877112,False,,07-987 7112,synthetic,demo,79877112,True,True,True,none,True
synthetic/s7/0175,phone,phone,mock-d,87-987 7112,879877112,False,line: 87-987 7112,07-987 7112,synthetic,demo,79877112,True,True,False,wrong_value,False
synthetic/s7/0175,tax,money,mock-a,,,True,,,synthetic,demo,,False,False,True,none,True
synthetic/s7/0175,tax,money,mock-b,,,True,,,synthetic,demo,,False,False,True,none,True
synthetic/s7/0175,tax,money,mock-c,,,True,,,synthetic,demo,,False,False,True,none,True
synthetic/s7/0175,tax,money,mock-d,,,True,,,synthetic,demo,,False,False,True,none,True
synthetic/s7/0175,total,money,mock-a,33.00,33.00,False,,39.00,synthetic,demo,39.00,True,True,False,wrong_value,False
synthetic/s7/0175,total,money,mock-b,,,True,,39.00,synthetic,demo,39.00,True,False,False,miss,False
synthetic/s7/0175,total,money,mock-c,,,True,,39.00,synthetic,demo,39.00,True,False,False,miss,False
synthetic/s7/0175,total,money,mock-d,39.00,39.00,False,line: 39.00,39.00,synthetic,demo,39.00,True,True,True,none,True
synthetic/s7/0176,address,address,mock-a,"LOT 3, JALAN PELABUR 23/1, 40300 SHAH ALAM, SELANGOR",lot 3 jln pelabur 23 1 40300 shah alam selangor,False,,"LOT 3, JALAN PELABUR 23/1, 40300 SHAH ALAM, SELANGOR",synthetic,demo,lot 3 jln pelabur 23 1 40300 shah alam selangor,True,True,True,none,True
synthetic/s7/0176,address,address,mock-b,"LOT 3, JALAN PELABUR 23/1, 40300 SHAH ALAM, SELANGOR",lot 3 jln pelabur 23 1 40300 shah alam selangor,False,,"LOT 3, JALAN PELABUR 23/1, 40300 SHAH ALAM, SELANGOR",synthetic,demo,lot 3 jln pelabur 23 1 40300 shah alam selangor,True,True,True,none,True
synthetic/s7/0176,address,address,mock-c,"LOT 3, JALAN PELABUR 23/1, 40300 SHAH ALAM, SELANGOR",lot 3 jln pelabur 23 1 40300 shah alam selangor,False,,"LOT 3, JALAN PELABUR 23/1, 40300 SHAH ALAM, SELANGOR",synthetic,demo,lot 3 jln pelabur 23 1 40300 shah alam selangor,True,True,True,none,True
synthetic/s7/0176,address,address,mock-d,"LOT 3, JALAN PELABUR 23/1, 40300 SHAH ALAM",lot 3 jln pelabur 23 1 40300 shah alam,False,"line: LOT 3, JALAN PELABUR 23/1, 40300 SHAH ALAM","LOT 3, JALAN PELABUR 23/1, 40300 SHAH ALAM, SELANGOR",synthetic,demo,lot 3 jln pelabur 23 1 40300 shah alam selangor,True,True,False,wrong_value,False
synthetic/s7/0176,company,org,mock-a,GARDENIA BAKERIES (KL) SDN BHD,gardenia bakeries kl,False,,GARDENIA BAKERIES (KL) SDN BHD,synthetic,demo,gardenia bakeries kl,True,True,True,none,True
synthetic/s7/0176,company,org,mock-b,GARDENIA BAKERIES (KL) SDN BHD,gardenia bakeries kl,False,,GARDENIA BAKERIES (KL) SDN BHD,synthetic,demo,gardenia bakeries kl,True,True,True,none,True
synthetic/s7/0176,company,org,mock-c,GARDENIA BAKERIES (KL) SDN BHD,gardenia bakeries kl,False,,GARDENIA BAKERIES (KL) SDN BHD,synthetic,demo,gardenia bakeries kl,True,True,True,none,True
synthetic/s7/0176,company,org,mock-d,GARDENIA BAKERIES (KL) SDN BHD,gardenia bakeries kl,False,line: GARDENIA BAKERIES (KL) SDN BHD,GARDENIA BAKERIES (KL) SDN BHD,synthetic,demo,gardenia bakeries kl,True,True,True,none,True
synthetic/s7/0176,date,date,mock-a,04/07/2018,2018-07-04,False,,04/07/2018,synthetic,demo,2018-07-04,True,True,True,none,True
synthetic/s7/0176,date,date,mock-b,04/07/2018,2018-07-04,False,,04/07/2018,synthetic,demo,2018-07-04,True,True,True,none,True
synthetic/s7/0176,date,date,mock-c,04/07/2018,2018-07-04,False,,04/07/2018,synthetic,demo,2018-07-04,True,True,True,none,True
synthetic/s7/0176,date,date,mock-d,04/07/2018,2018-07-04,False,line: 04/07/2018,04/07/2018,synthetic,demo,2018-07-04,True,True,True,none,True
synthetic/s7/0176,phone,phone,mock-a,04-588 2894,45882894,False,,04-588 2894,synthetic,demo,45882894,True,True,True,none,True
synthetic/s7/0176,phone,phone,mock-b,04-588 2894,45882894,False,,04-588 2894,synthetic,demo,45882894,True,True,True,none,True
synthetic/s7/0176,phone,phone,mock-c,04-588 2894,45882894,False,,04-588 2894,synthetic,demo,45882894,True,True,True,none,True
synthetic/s7/0176,phone,phone,mock-d,04-588 2894,45882894,False,line: 04-588 2894,04-588 2894,synthetic,demo,45882894,True,True,True,none,True
synthetic/s7/0176,tax,money,mock-a,,,True,,,synthetic,demo,,False,False,True,none,True
synthetic/s7/0176,tax,money,mock-b,,,True,,,synthetic,demo,,False,False,True,none,True
synthetic/s7/0176,tax,money,mock-c,,,True,,,synthetic,demo,,False,False,True,none,True
synthetic/s7/0176,tax,money,mock-d,,,True,,,synthetic,demo,,False,False,True,none,True
synthetic/s7/0176,total,money,mock-a,4.80,4.80,False,,4.80,synthetic,demo,4.80,True,True,True,none,True
synthetic/s7/0176,total,money,mock-b,4.20,4.20,False,,4.80,synthetic,demo,4.80,True,True,False,wrong_value,False
synthetic/s7/0176,total,money,mock-c,4.80,4.80,False,,4.80,synthetic,demo,4.80,True,True,True,none,True
synthetic/s7/0176,total,money,mock-d,4.80,4.80,False,line: 4.80,4.80,synthetic,demo,4.80,True,True,True,none,True
synthetic/s7/0177,address,address,mock-a,"NO. 31G&33G, JALAN SETIA INDAH X, U13/X, 40170 SETIA ALAM",no 31g and 33g jln setia indah x u13 x 40170 setia alam,False,,"NO. 31G&33G, JALAN SETIA INDAH X, U13/X, 40170 SETIA ALAM",synthetic,demo,no 31g and 33g jln setia indah x u13 x 40170 setia alam,True,True,True,none,True
synthetic/s7/0177,address,address,mock-b,"NO. 31G&33G, JALAN SETIA INDAH X, U13/X, 40170 SETIA ALAM",no 31g and 33g jln setia indah x u13 x 40170 setia alam,False,,"NO. 31G&33G, JALAN SETIA INDAH X, U13/X, 40170 SETIA ALAM",synthetic,demo,no 31g and 33g jln setia indah x u13 x 40170 setia alam,True,True,True,none,True
synthetic/s7/0177,address,address,mock-c,"NO. 31G&33G, JALAN SETIA INDAH X, U13/X, 40170 SETIA ALAM",no 31g and 33g jln setia indah x u13 x 40170 setia alam,False,,"NO. 31G&33G, JALAN SETIA INDAH X, U13/X, 40170 SETIA ALAM",synthetic,demo,no 31g and 33g jln setia indah x u13 x 40170 setia alam,True,True,True,none,True
synthetic/s7/0177,address,address,mock-d,"NO. 31G&33G, JALAN SETIA INDAH X, U13/X, 40170 SETIA ALAM",no 31g and 33g jln setia indah x u13 x 40170 setia alam,False,"line: NO. 31G&33G, JALAN SETIA INDAH X, U13/X, 40170 SETIA ALAM","NO. 31G&33G, JALAN SETIA INDAH X, U13/X, 40170 SETIA ALAM",synthetic,demo,no 31g and 33g jln setia indah x u13 x 40170 setia alam,True,True,True,none,True
synthetic/s7/0177,company,org,mock-a,SANYU STATIONERY SHOP,sanyu stationery shop,False,,SANYU STATIONERY SHOP,synthetic,demo,sanyu stationery shop,True,True,True,none,True
synthetic/s7/0177,company,org,mock-b,SANYU STATIONERY SHOP,sanyu stationery shop,False,,SANYU STATIONERY SHOP,synthetic,demo,sanyu stationery shop,True,True,True,none,True
synthetic/s7/0177,company,org,mock-c,SANYU STATIONERY SHOP,sanyu stationery shop,False,,SANYU STATIONERY SHOP,synthetic,demo,sanyu stationery shop,True,True,True,none,True
synthetic/s7/0177,company,org,mock-d,SANYU STATIONERY SHOP,sanyu stationery shop,False,line: SANYU STATIONERY SHOP,SANYU STATIONERY SHOP,synthetic,demo,sanyu stationery shop,True,True,True,none,True
synthetic/s7/0177,date,date,mock-a,,,True,,11/04/2018,synthetic,demo,2018-04-11,True,False,False,miss,False
synthetic/s7/0177,date,date,mock-b,11/04/2018,2018-04-11,False,,11/04/2018,synthetic,demo,2018-04-11,True,True,True,none,True
synthetic/s7/0177,date,date,mock-c,11/04/2018,2018-04-11,False,,11/04/2018,synthetic,demo,2018-04-11,True,True,True,none,True
synthetic/s7/0177,date,date,mock-d,11/04/2018,2018-04-11,False,line: 11/04/2018,11/04/2018,synthetic,demo,2018-04-11,True,True,True,none,True
synthetic/s7/0177,phone,phone,mock-a,04-372 7852,43727852,False,,04-372 7852,synthetic,demo,43727852,True,True,True,none,True
synthetic/s7/0177,phone,phone,mock-b,04-372 7852,43727852,False,,04-372 7852,synthetic,demo,43727852,True,True,True,none,True
synthetic/s7/0177,phone,phone,mock-c,94-372 7852,943727852,False,,04-372 7852,synthetic,demo,43727852,True,True,False,wrong_value,False
synthetic/s7/0177,phone,phone,mock-d,44-372 7852,3727852,False,line: 44-372 7852,04-372 7852,synthetic,demo,43727852,True,True,False,wrong_value,False
synthetic/s7/0177,tax,money,mock-a,,,True,,,synthetic,demo,,False,False,True,none,True
synthetic/s7/0177,tax,money,mock-b,,,True,,,synthetic,demo,,False,False,True,none,True
synthetic/s7/0177,tax,money,mock-c,,,True,,,synthetic,demo,,False,False,True,none,True
synthetic/s7/0177,tax,money,mock-d,,,True,,,synthetic,demo,,False,False,True,none,True
synthetic/s7/0177,total,money,mock-a,11.30,11.30,False,,11.30,synthetic,demo,11.30,True,True,True,none,True
synthetic/s7/0177,total,money,mock-b,,,True,,11.30,synthetic,demo,11.30,True,False,False,miss,False
synthetic/s7/0177,total,money,mock-c,11.30,11.30,False,,11.30,synthetic,demo,11.30,True,True,True,none,True
synthetic/s7/0177,total,money,mock-d,11.30,11.30,False,line: 11.30,11.30,synthetic,demo,11.30,True,True,True,none,True
synthetic/s7/0178,address,address,mock-a,"LOT P.T. 2811, JALAN ANGSANA, TAMAN MUTIARA RINI, 81300 SKUDAI",lot p t 2811 jln angsana tmn mutiara rini 81300 skudai,False,,"LOT P.T. 2811, JALAN ANGSANA, TAMAN MUTIARA RINI, 81300 SKUDAI",synthetic,demo,lot p t 2811 jln angsana tmn mutiara rini 81300 skudai,True,True,True,none,True
synthetic/s7/0178,address,address,mock-b,"LOT P.T. 2811, JALAN ANGSANA, TAMAN MUTIARA RINI, 81300 SKUDAI",lot p t 2811 jln angsana tmn mutiara rini 81300 skudai,False,,"LOT P.T. 2811, JALAN ANGSANA, TAMAN MUTIARA RINI, 81300 SKUDAI",synthetic,demo,lot p t 2811 jln angsana tmn mutiara rini 81300 skudai,True,True,True,none,True
synthetic/s7/0178,address,address,mock-c,"LOT P.T. 2811, JALAN ANGSANA, TAMAN MUTIARA RINI, 81300 SKUDAI",lot p t 2811 jln angsana tmn mutiara rini 81300 skudai,False,,"LOT P.T. 2811, JALAN ANGSANA, TAMAN MUTIARA RINI, 81300 SKUDAI",synthetic,demo,lot p t 2811 jln angsana tmn mutiara rini 81300 skudai,True,True,True,none,True
synthetic/s7/0178,address,address,mock-d,"LOT P.T. 2811, JALAN ANGSANA, TAMAN MUTIARA RINI, 81300 SKUDAI",lot p t 2811 jln angsana tmn mutiara rini 81300 skudai,False,"line: LOT P.T. 2811, JALAN ANGSANA, TAMAN MUTIARA RINI, 81300 SKUDAI","LOT P.T. 2811, JALAN ANGSANA, TAMAN MUTIARA RINI, 81300 SKUDAI",synthetic,demo,lot p t 2811 jln angsana tmn mutiara rini 81300 skudai,True,True,True,none,True
synthetic/s7/0178,company,org,mock-a,99 SPEED MART S/B,99 speed mart s b,False,,99 SPEED MART S/B,synthetic,demo,99 speed mart s b,True,True,True,none,True
synthetic/s7/0178,company,org,mock-b,99 SPEED MART S/B,99 speed mart s b,False,,99 SPEED MART S/B,synthetic,demo,99 speed mart s b,True,True,True,none,True
synthetic/s7/0178,company,org,mock-c,99 SPEED MART S/B,99 speed mart s b,False,,99 SPEED MART S/B,synthetic,demo,99 speed mart s b,True,True,True,none,True
synthetic/s7/0178,company,org,mock-d,99 SPEED MART S/B,99 speed mart s b,False,line: 99 SPEED MART S/B,99 SPEED MART S/B,synthetic,demo,99 speed mart s b,True,True,True,none,True
synthetic/s7/0178,date,date,mock-a,,,True,,01/05/2019,synthetic,demo,2019-05-01,True,False,False,miss,False
synthetic/s7/0178,date,date,mock-b,01/05/2019,2019-05-01,False,,01/05/2019,synthetic,demo,2019-05-01,True,True,True,none,True
synthetic/s7/0178,date,date,mock-c,01/05/2019,2019-05-01,False,,01/05/2019,synthetic,demo,2019-05-01,True,True,True,none,True
synthetic/s7/0178,date,date,mock-d,01/05/2019,2019-05-01,False,line: 01/05/2019,01/05/2019,synthetic,demo,2019-05-01,True,True,True,none,True
synthetic/s7/0178,phone,phone,mock-a,06-216 3512,62163512,False,,06-216 3512,synthetic,demo,62163512,True,True,True,none,True
synthetic/s7/0178,phone,phone,mock-b,06-216 3512,62163512,False,,06-216 3512,synthetic,demo,62163512,True,True,True,none,True
synthetic/s7/0178,phone,phone,mock-c,06-216 3512,62163512,False,,06-216 3512,synthetic,demo,62163512,True,True,True,none,True
synthetic/s7/0178,phone,phone,mock-d,06-216 3512,62163512,False,line: 06-216 3512,06-216 3512,synthetic,demo,62163512,True,True,True,none,True
synthetic/s7/0178,tax,money,mock-a,0.62,0.62,False,,0.62,synthetic,demo,0.62,True,True,True,none,True
synthetic/s7/0178,tax,money,mock-b,0.62,0.62,False,,0.62,synthetic,demo,0.62,True,True,True,none,True
synthetic/s7/0178,tax,money,mock-c,0.62,0.62,False,,0.62,synthetic,demo,0.62,True,True,True,none,True
synthetic/s7/0178,tax,money,mock-d,0.62,0.62,False,line: 0.62,0.62,synthetic,demo,0.62,True,True,True,none,True
synthetic/s7/0178,total,money,mock-a,9.72,9.72,False,,10.92,synthetic,demo,10.92,True,True,False,wrong_value,False
synthetic/s7/0178,total,money,mock-b,10.92,10.92,False,,10.92,synthetic,demo,10.92,True,True,True,none,True
synthetic/s7/0178,total,money,mock-c,10.92,10.92,False,,10.92,synthetic,demo,10.92,True,True,True,none,True
synthetic/s7/0178,total,money,mock-d,10.92,10.92,False,line: 10.92,10.92,synthetic,demo,10.92,True,True,True,none,True
synthetic/s7/0179,address,address,mock-a,"LOT 276 JALAN BANTING, 43800 DENGKIL, SELANGOR",lot 276 jln banting 43800 dengkil selangor,False,,"LOT 276 JALAN BANTING, 43800 DENGKIL, SELANGOR",synthetic,demo,lot 276 jln banting 43800 dengkil selangor,True,True,True,none,True
synthetic/s7/0179,address,address,mock-b,"LOT 276 JALAN BANTING, 43800 DENGKIL, SELANGOR",lot 276 jln banting 43800 dengkil selangor,False,,"LOT 276 JALAN BANTING, 43800 DENGKIL, SELANGOR",synthetic,demo,lot 276 jln banting 43800 dengkil selangor,True,True,True,none,True
synthetic/s7/0179,address,address,mock-c,"LOT 276 JALAN BANTING, 43800 DENGKIL, SELANGOR",lot 276 jln banting 43800 dengkil selangor,False,,"LOT 276 JALAN BANTING, 43800 DENGKIL, SELANGOR",synthetic,demo,lot 276 jln banting 43800 dengkil selangor,True,True,True,none,True
synthetic/s7/0179,address,address,mock-d,"LOT 276 JALAN BANTING, 43800 DENGKIL",lot 276 jln banting 43800 dengkil,False,"line: LOT 276 JALAN BANTING, 43800 DENGKIL","LOT 276 JALAN BANTING, 43800 DENGKIL, SELANGOR",synthetic,demo,lot 276 jln banting 43800 dengkil selangor,True,True,False,wrong_value,False
synthetic/s7/0179,company,org,mock-a,KEDAI PAPAN YEW CHUAN,kedai papan yew chuan,False,,KEDAI PAPAN YEW CHUAN,synthetic,demo,kedai papan yew chuan,True,True,True,none,True
synthetic/s7/0179,company,org,mock-b,KEDAI PAPAN YEW CHUAN,kedai papan yew chuan,False,,KEDAI PAPAN YEW CHUAN,synthetic,demo,kedai papan yew chuan,True,True,True,none,True
synthetic/s7/0179,company,org,mock-c,KEDAI PAPAN YEW CHUAN,kedai papan yew chuan,False,,KEDAI PAPAN YEW CHUAN,synthetic,demo,kedai papan yew chuan,True,True,True,none,True
synthetic/s7/0179,company,org,mock-d,KEDAI PAPAN YEW CHUAN,kedai papan yew chuan,False,line: KEDAI PAPAN YEW CHUAN,KEDAI PAPAN YEW CHUAN,synthetic,demo,kedai papan yew chuan,True,True,True,none,True
synthetic/s7/0179,date,date,mock-a,11/26/2018,2018-11-26,False,,26/11/2018,synthetic,demo,2018-11-26,True,True,True,none,True
synthetic/s7/0179,date,date,mock-b,26/11/2018,2018-11-26,False,,26/11/2018,synthetic,demo,2018-11-26,True,True,True,none,True
synthetic/s7/0179,date,date,mock-c,,,True,,26/11/2018,synthetic,demo,2018-11-26,True,False,False,miss,False
synthetic/s7/0179,date,date,mock-d,26/11/2018,2018-11-26,False,line: 26/11/2018,26/11/2018,synthetic,demo,2018-11-26,True,True,True,none,True
synthetic/s7/0179,phone,phone,mock-a,05-344 4901,53444901,False,,05-344 4901,synthetic,demo,53444901,True,True,True,none,True
synthetic/s7/0179,phone,phone,mock-b,05-344 4901,53444901,False,,05-344 4901,synthetic,demo,53444901,True,True,True,none,True
synthetic/s7/0179,phone,phone,mock-c,35-344 4901,353444901,False,,05-344 4901,synthetic,demo,53444901,True,True,False,wrong_value,False
synthetic/s7/0179,phone,phone,mock-d,05-344 4901,53444901,False,line: 05-344 4901,05-344 4901,synthetic,demo,53444901,True,True,True,none,True
synthetic/s7/0179,tax,money,mock-a,,,True,,,synthetic,demo,,False,False,True,none,True
synthetic/s7/0179,tax,money,mock-b,,,True,,,synthetic,demo,,False,False,True,none,True
synthetic/s7/0179,tax,money,mock-c,,,True,,,synthetic,demo,,False,False,True,none,True
synthetic/s7/0179,tax,money,mock-d,,,True,,,synthetic,demo,,False,False,True,none,True
synthetic/s7/0179,total,money,mock-a,23.20,23.20,False,,23.20,synthetic,demo,23.20,True,True,True,none,True
synthetic/s7/0179,total,money,mock-b,23.20,23.20,False,,23.20,synthetic,demo,23.20,True,True,True,none,True
synthetic/s7/0179,total,money,mock-c,23.20,23.20,False,,23.20,synthetic,demo,23.20,True,True,True,none,True
synthetic/s7/0179,total,money,mock-d,23.20,23.20,False,line: 23.20,23.20,synthetic,demo,23.20,True,True,True,none,True
synthetic/s7/0180,address,address,mock-a,,,True,,"NO 2 & 4, JALAN BAYU 4, BANDAR SERI ALAM, 81750 MASAI, JOHOR",synthetic,demo,no 2 and 4 jln bayu 4 bdr seri alam 81750 masai johor,True,False,False,miss,False
synthetic/s7/0180,address,address,mock-b,"NO 2 & 4, JALAN BAYU 4, BANDAR SERI ALAM, 81750 MASAI, JOHOR",no 2 and 4 jln bayu 4 bdr seri alam 81750 masai johor,False,,"NO 2 & 4, JALAN BAYU 4, BANDAR SERI ALAM, 81750 MASAI, JOHOR",synthetic,demo,no 2 and 4 jln bayu 4 bdr seri alam 81750 masai johor,True,True,True,none,True
synthetic/s7/0180,address,address,mock-c,,,True,,"NO 2 & 4, JALAN BAYU 4, BANDAR SERI ALAM, 81750 MASAI, JOHOR",synthetic,demo,no 2 and 4 jln bayu 4 bdr seri alam 81750 masai johor,True,False,False,miss,False
synthetic/s7/0180,address,address,mock-d,"NO 2 & 4, JALAN BAYU 4, BANDAR SERI ALAM, 81750 MASAI, JOHOR",no 2 and 4 jln bayu 4 bdr seri alam 81750 masai johor,False,"line: NO 2 & 4, JALAN BAYU 4, BANDAR SERI ALAM, 81750 MASAI, JOHOR","NO 2 & 4, JALAN BAYU 4, BANDAR SERI ALAM, 81750 MASAI, JOHOR",synthetic,demo,no 2 and 4 jln bayu 4 bdr seri alam 81750 masai johor,True,True,True,none,True
synthetic/s7/0180,company,org,mock-a,OJC MARKETING SDN BHD,ojc marketing,False,,OJC MARKETING SDN BHD,synthetic,demo,ojc marketing,True,True,True,none,True
synthetic/s7/0180,company,org,mock-b,OJC MARKETING SDN BHD,ojc marketing,False,,OJC MARKETING SDN BHD,synthetic,demo,ojc marketing,True,True,True,none,True
synthetic/s7/0180,company,org,mock-c,OJC MARKETING SDN BHD,ojc marketing,False,,OJC MARKETING SDN BHD,synthetic,demo,ojc marketing,True,True,True,none,True
synthetic/s7/0180,company,org,mock-d,OJC MARKETING SDN BHD,ojc marketing,False,line: OJC MARKETING SDN BHD,OJC MARKETING SDN BHD,synthetic,demo,ojc marketing,True,True,True,none,True
synthetic/s7/0180,date,date,mock-a,03/14/2018,2018-03-14,False,,14/03/2018,synthetic,demo,2018-03-14,True,True,True,none,True
synthetic/s7/0180,date,date,mock-b,14/03/2018,2018-03-14,False,,14/03/2018,synthetic,demo,2018-03-14,True,True,True,none,True
synthetic/s7/0180,date,date,mock-c,14/03/2018,2018-03-14,False,,14/03/2018,synthetic,demo,2018-03-14,True,True,True,none,True
synthetic/s7/0180,date,date,mock-d,14/03/2018,2018-03-14,False,line: 14/03/2018,14/03/2018,synthetic,demo,2018-03-14,True,True,True,none,True
synthetic/s7/0180,phone,phone,mock-a,07-243 8258,72438258,False,,07-243 8258,synthetic,demo,72438258,True,True,True,none,True
synthetic/s7/0180,phone,phone,mock-b,27-243 8258,272438258,False,,07-243 8258,synthetic,demo,72438258,True,True,False,wrong_value,False
synthetic/s7/0180,phone,phone,mock-c,07-243 8258,72438258,False,,07-243 8258,synthetic,demo,72438258,True,True,True,none,True
synthetic/s7/0180,phone,phone,mock-d,07-243 8258,72438258,False,line: 07-243 8258,07-243 8258,synthetic,demo,72438258,True,True,True,none,True
synthetic/s7/0180,tax,money,mock-a,1.31,1.31,False,,1.31,synthetic,demo,1.31,True,True,True,none,True
synthetic/s7/0180,tax,money,mock-b,1.31,1.31,False,,1.31,synthetic,demo,1.31,True,True,True,none,True
synthetic/s7/0180,tax,money,mock-c,1.31,1.31,False,,1.31,synthetic,demo,1.31,True,True,True,none,True
synthetic/s7/0180,tax,money,mock-d,,,True,,1.31,synthetic,demo,1.31,True,False,False,miss,False
synthetic/s7/0180,total,money,mock-a,23.11,23.11,False,,23.11,synthetic,demo,23.11,True,True,True,none,True
synthetic/s7/0180,total,money,mock-b,23.11,23.11,False,,23.11,synthetic,demo,23.11,True,True,True,none,True
synthetic/s7/0180,total,money,mock-c,23.11,23.11,False,,23.11,synthetic,demo,23.11,True,True,True,none,True
synthetic/s7/0180,total,money,mock-d,23.11,23.11,False,line: 23.11,23.11,synthetic,demo,23.11,True,True,True,none,True
synthetic/s7/0181,address,address,mock-a,"NO.59 JALAN PERMAS 9/5, BANDAR BARU PERMAS JAYA, 81750 JOHOR BAHRU",no 59 jln permas 9 5 bdr baru permas jaya 81750 johor bahru,False,,"NO.59 JALAN PERMAS 9/5, BANDAR BARU PERMAS JAYA, 81750 JOHOR BAHRU",synthetic,demo,no 59 jln permas 9 5 bdr baru permas jaya 81750 johor bahru,True,True,True,none,True
synthetic/s7/0181,address,address,mock-b,"NO.59 JALAN PERMAS 9/5, BANDAR BARU PERMAS JAYA, 81750 JOHOR BAHRU",no 59 jln permas 9 5 bdr baru permas jaya 81750 johor bahru,False,,"NO.59 JALAN PERMAS 9/5, BANDAR BARU PERMAS JAYA, 81750 JOHOR BAHRU",synthetic,demo,no 59 jln permas 9 5 bdr baru permas jaya 81750 johor bahru,True,True,True,none,True
synthetic/s7/0181,address,address,mock-c,"NO.59 JALAN PERMAS 9/5, BANDAR BARU PERMAS JAYA, 81750 JOHOR BAHRU",no 59 jln permas 9 5 bdr baru permas jaya 81750 johor bahru,False,,"NO.59 JALAN PERMAS 9/5, BANDAR BARU PERMAS JAYA, 81750 JOHOR BAHRU",synthetic,demo,no 59 jln permas 9 5 bdr baru permas jaya 81750 johor bahru,True,True,True,none,True
synthetic/s7/0181,address,address,mock-d,"NO.59 JALAN PERMAS 9/5, BANDAR BARU PERMAS JAYA, 81750 JOHOR BAHRU",no 59 jln permas 9 5 bdr baru permas jaya 81750 johor bahru,False,"line: NO.59 JALAN PERMAS 9/5, BANDAR BARU PERMAS JAYA, 81750 JOHOR BAHRU","NO.59 JALAN PERMAS 9/5, BANDAR BARU PERMAS JAYA, 81750 JOHOR BAHRU",synthetic,demo,no 59 jln permas 9 5 bdr baru permas jaya 81750 johor bahru,True,True,True,none,True
synthetic/s7/0181,company,org,mock-a,PERNIAGAAN ZHENG HUI,perniagaan zheng hui,False,,PERNIAGAAN ZHENG HUI,synthetic,demo,perniagaan zheng hui,True,True,True,none,True
synthetic/s7/0181,company,org,mock-b,PERNIAGAAN ZHENG,perniagaan zheng,False,,PERNIAGAAN ZHENG HUI,synthetic,demo,perniagaan zheng hui,True,True,False,wrong_value,False
synthetic/s7/0181,company,org,mock-c,PERNIAGAAN ZHENG HUI,perniagaan zheng hui,False,,PERNIAGAAN ZHENG HUI,synthetic,demo,perniagaan zheng hui,True,True,True,none,True
synthetic/s7/0181,company,org,mock-d,PERNIAGAAN ZHENG HUI,perniagaan zheng hui,False,line: PERNIAGAAN ZHENG HUI,PERNIAGAAN ZHENG HUI,synthetic,demo,perniagaan zheng hui,True,True,True,none,True
synthetic/s7/0181,date,date,mock-a,06/06/2019,2019-06-06,False,,06/06/2019,synthetic,demo,2019-06-06,True,True,True,none,True
synthetic/s7/0181,date,date,mock-b,06/06/2019,2019-06-06,False,,06/06/2019,synthetic,demo,2019-06-06,True,True,True,none,True
synthetic/s7/0181,date,date,mock-c,06/06/2019,2019-06-06,False,,06/06/2019,synthetic,demo,2019-06-06,True,True,True,none,True
synthetic/s7/0181,date,date,mock-d,06/06/2019,2019-06-06,False,line: 06/06/2019,06/06/2019,synthetic,demo,2019-06-06,True,True,True,none,True
synthetic/s7/0181,phone,phone,mock-a,04-963 3951,49633951,False,,04-963 3951,synthetic,demo,49633951,True,True,True,none,True
synthetic/s7/0181,phone,phone,mock-b,34-963 3951,349633951,False,,04-963 3951,synthetic,demo,49633951,True,True,False,wrong_value,False
synthetic/s7/0181,phone,phone,mock-c,04-963 3951,49633951,False,,04-963 3951,synthetic,demo,49633951,True,True,True,none,True
synthetic/s7/0181,phone,phone,mock-d,04-963 3951,49633951,False,line: 04-963 3951,04-963 3951,synthetic,demo,49633951,True,True,True,none,True
synthetic/s7/0181,tax,money,mock-a,1.28,1.28,False,,1.28,synthetic,demo,1.28,True,True,True,none,True
synthetic/s7/0181,tax,money,mock-b,1.28,1.28,False,,1.28,synthetic,demo,1.28,True,True,True,none,True
synthetic/s7/0181,tax,money,mock-c,1.28,1.28,False,,1.28,synthetic,demo,1.28,True,True,True,none,True
synthetic/s7/0181,tax,money,mock-d,1.28,1.28,False,line: 1.28,1.28,synthetic,demo,1.28,True,True,True,none,True
synthetic/s7/0181,total,money,mock-a,22.68,22.68,False,,22.68,synthetic,demo,22.68,True,True,True,none,True
synthetic/s7/0181,total,money,mock-b,22.68,22.68,False,,22.68,synthetic,demo,22.68,True,True,True,none,True
synthetic/s7/0181,total,money,mock-c,22.68,22.68,False,,22.68,synthetic,demo,22.68,True,True,True,none,True
synthetic/s7/0181,total,money,mock-d,22.68,22.68,False,line: 22.68,22.68,synthetic,demo,22.68,True,True,True,none,True
synthetic/s7/0182,address,address,mock-a,"LOT 3, JALAN PELABUR 23/1, 40300 SHAH ALAM, SELANGOR",lot 3 jln pelabur 23 1 40300 shah alam selangor,False,,"LOT 3, JALAN PELABUR 23/1, 40300 SHAH ALAM, SELANGOR",synthetic,demo,lot 3 jln pelabur 23 1 40300 shah alam selangor,True,True,True,none,True
synthetic/s7/0182,address,address,mock-b,"LOT 3, JALAN PELABUR 23/1, 40300 SHAH ALAM, SELANGOR",lot 3 jln pelabur 23 1 40300 shah alam selangor,False,,"LOT 3, JALAN PELABUR 23/1, 40300 SHAH ALAM, SELANGOR",synthetic,demo,lot 3 jln pelabur 23 1 40300 shah alam selangor,True,True,True,none,True
synthetic/s7/0182,address,address,mock-c,"LOT 3, JALAN PELABUR 23/1, 40300 SHAH ALAM, SELANGOR",lot 3 jln pelabur 23 1 40300 shah alam selangor,False,,"LOT 3, JALAN PELABUR 23/1, 40300 SHAH ALAM, SELANGOR",synthetic,demo,lot 3 jln pelabur 23 1 40300 shah alam selangor,True,True,True,none,True
synthetic/s7/0182,address,address,mock-d,"LOT 3, JALAN PELABUR 23/1, 40300 SHAH ALAM, SELANGOR",lot 3 jln pelabur 23 1 40300 shah alam selangor,False,"line: LOT 3, JALAN PELABUR 23/1, 40300 SHAH ALAM, SELANGOR","LOT 3, JALAN PELABUR 23/1, 40300 SHAH ALAM, SELANGOR",synthetic,demo,lot 3 jln pelabur 23 1 40300 shah alam selangor,True,True,True,none,True
synthetic/s7/0182,company,org,mock-a,GARDENIA BAKERIES (KL) SDN,gardenia bakeries kl sdn,False,,GARDENIA BAKERIES (KL) SDN BHD,synthetic,demo,gardenia bakeries kl,True,True,False,wrong_value,False
synthetic/s7/0182,company,org,mock-b,,,True,,GARDENIA BAKERIES (KL) SDN BHD,synthetic,demo,gardenia bakeries kl,True,False,False,miss,False
synthetic/s7/0182,company,org,mock-c,,,True,,GARDENIA BAKERIES (KL) SDN BHD,synthetic,demo,gardenia bakeries kl,True,False,False,miss,False
synthetic/s7/0182,company,org,mock-d,GARDENIA BAKERIES (KL) SDN BHD,gardenia bakeries kl,False,line: GARDENIA BAKERIES (KL) SDN BHD,GARDENIA BAKERIES (KL) SDN BHD,synthetic,demo,gardenia bakeries kl,True,True,True,none,True
synthetic/s7/0182,date,date,mock-a,23/03/2018,2018-03-23,False,,23/03/2018,synthetic,demo,2018-03-23,True,True,True,none,True
synthetic/s7/0182,date,date,mock-b,23/03/2018,2018-03-23,False,,23/03/2018,synthetic,demo,2018-03-23,True,True,True,none,True
synthetic/s7/0182,date,date,mock-c,23/03/2018,2018-03-23,False,,23/03/2018,synthetic,demo,2018-03-23,True,True,True,none,True
synthetic/s7/0182,date,date,mock-d,,,True,,23/03/2018,synthetic,demo,2018-03-23,True,False,False,miss,False
synthetic/s7/0182,phone,phone,mock-a,,,True,,,synthetic,demo,,False,False,True,none,True
synthetic/s7/0182,phone,phone,mock-b,,,True,,,synthetic,demo,,False,False,True,none,True
synthetic/s7/0182,phone,phone,mock-c,,,True,,,synthetic,demo,,False,False,True,none,True
synthetic/s7/0182,phone,phone,mock-d,,,True,,,synthetic,demo,,False,False,True,none,True
synthetic/s7/0182,tax,money,mock-a,0.00,0.00,False,,,synthetic,demo,,False,True,False,hallucination,False
synthetic/s7/0182,tax,money,mock-b,,,True,,,synthetic,demo,,False,False,True,none,True
synthetic/s7/0182,tax,money,mock-c,,,True,,,synthetic,demo,,False,False,True,none,True
synthetic/s7/0182,tax,money,mock-d,,,True,,,synthetic,demo,,False,False,True,none,True
synthetic/s7/0182,total,money,mock-a,12.90,12.90,False,,12.90,synthetic,demo,12.90,True,True,True,none,True
synthetic/s7/0182,total,money,mock-b,12.90,12.90,False,,12.90,synthetic,demo,12.90,True,True,True,none,True
synthetic/s7/0182,total,money,mock-c,12.90,12.90,False,,12.90,synthetic,demo,12.90,True,True,True,none,True
synthetic/s7/0182,total,money,mock-d,12.90,12.90,False,line: 12.90,12.90,synthetic,demo,12.90,True,True,True,none,True
synthetic/s7/0183,address,address,mock-a,"NO. 31G&33G, JALAN SETIA INDAH X, U13/X, 40170 SETIA ALAM",no 31g and 33g jln setia indah x u13 x 40170 setia alam,False,,"NO. 31G&33G, JALAN SETIA INDAH X, U13/X, 40170 SETIA ALAM",synthetic,demo,no 31g and 33g jln setia indah x u13 x 40170 setia alam,True,True,True,none,True
synthetic/s7/0183,address,address,mock-b,"NO. 31G&33G, JALAN SETIA INDAH X, U13/X, 40170 SETIA ALAM",no 31g and 33g jln setia indah x u13 x 40170 setia alam,False,,"NO. 31G&33G, JALAN SETIA INDAH X, U13/X, 40170 SETIA ALAM",synthetic,demo,no 31g and 33g jln setia indah x u13 x 40170 setia alam,True,True,True,none,True
synthetic/s7/0183,address,address,mock-c,"NO. 31G&33G, JALAN SETIA INDAH X, U13/X, 40170 SETIA ALAM",no 31g and 33g jln setia indah x u13 x 40170 setia alam,False,,"NO. 31G&33G, JALAN SETIA INDAH X, U13/X, 40170 SETIA ALAM",synthetic,demo,no 31g and 33g jln setia indah x u13 x 40170 setia alam,True,True,True,none,True
synthetic/s7/0183,address,address,mock-d,"NO. 31G&33G, JALAN SETIA INDAH X, U13/X, 40170 SETIA ALAM",no 31g and 33g jln setia indah x u13 x 40170 setia alam,False,"line: NO. 31G&33G, JALAN SETIA INDAH X, U13/X, 40170 SETIA ALAM","NO. 31G&33G, JALAN SETIA INDAH X, U13/X, 40170 SETIA ALAM",synthetic,demo,no 31g and 33g jln setia indah x u13 x 40170 setia alam,True,True,True,none,True
synthetic/s7/0183,company,org,mock-a,,,True,,SANYU STATIONERY SHOP,synthetic,demo,sanyu stationery shop,True,False,False,miss,False
synthetic/s7/0183,company,org,mock-b,SANYU STATIONERY SHOP,sanyu stationery shop,False,,SANYU STATIONERY SHOP,synthetic,demo,sanyu stationery shop,True,True,True,none,True
synthetic/s7/0183,company,org,mock-c,SANYU STATIONERY SHOP,sanyu stationery shop,False,,SANYU STATIONERY SHOP,synthetic,demo,sanyu stationery shop,True,True,True,none,True
synthetic/s7/0183,company,org,mock-d,SANYU STATIONERY SHOP,sanyu stationery shop,False,line: SANYU STATIONERY SHOP,SANYU STATIONERY SHOP,synthetic,demo,sanyu stationery shop,True,True,True,none,True
synthetic/s7/0183,date,date,mock-a,05/10/2018,2018-10-05,False,,05/10/2018,synthetic,demo,2018-10-05,True,True,True,none,True
synthetic/s7/0183,date,date,mock-b,05/10/2018,2018-10-05,False,,05/10/2018,synthetic,demo,2018-10-05,True,True,True,none,True
synthetic/s7/0183,date,date,mock-c,05/10/2018,2018-10-05,False,,05/10/2018,synthetic,demo,2018-10-05,True,True,True,none,True
synthetic/s7/0183,date,date,mock-d,05/10/2018,2018-10-05,False,line: 05/10/2018,05/10/2018,synthetic,demo,2018-10-05,True,True,True,none,True
synthetic/s7/0183,phone,phone,mock-a,09-838 1907,98381907,False,,09-838 1907,synthetic,demo,98381907,True,True,True,none,True
synthetic/s7/0183,phone,phone,mock-b,09-838 1907,98381907,False,,09-838 1907,synthetic,demo,98381907,True,True,True,none,True
synthetic/s7/0183,phone,phone,mock-c,09-838 1907,98381907,False,,09-838 1907,synthetic,demo,98381907,True,True,True,none,True
synthetic/s7/0183,phone,phone,mock-d,09-838 1907,98381907,False,line: 09-838 1907,09-838 1907,synthetic,demo,98381907,True,True,True,none,True
synthetic/s7/0183,tax,money,mock-a,,,True,,,synthetic,demo,,False,False,True,none,True
synthetic/s7/0183,tax,money,mock-b,,,True,,,synthetic,demo,,False,False,True,none,True
synthetic/s7/0183,tax,money,mock-c,,,True,,,synthetic,demo,,False,False,True,none,True
synthetic/s7/0183,tax,money,mock-d,,,True,,,synthetic,demo,,False,False,True,none,True
synthetic/s7/0183,total,money,mock-a,26.10,26.10,False,,26.10,synthetic,demo,26.10,True,True,True,none,True
synthetic/s7/0183,total,money,mock-b,26.10,26.10,False,,26.10,synthetic,demo,26.10,True,True,True,none,True
synthetic/s7/0183,total,money,mock-c,26.10,26.10,False,,26.10,synthetic,demo,26.10,True,True,True,none,True
synthetic/s7/0183,total,money,mock-d,26.10,26.10,False,line: 26.10,26.10,synthetic,demo,26.10,True,True,True,none,True
synthetic/s7/0184,address,address,mock-a,"LOT P.T. 2811, JALAN ANGSANA, TAMAN MUTIARA RINI, 81300 SKUDAI",lot p t 2811 jln angsana tmn mutiara rini 81300 skudai,False,,"LOT P.T. 2811, JALAN ANGSANA, TAMAN MUTIARA RINI, 81300 SKUDAI",synthetic,demo,lot p t 2811 jln angsana tmn mutiara rini 81300 skudai,True,True,True,none,True
synthetic/s7/0184,address,address,mock-b,"LOT P.T. 2811, JALAN ANGSANA, TAMAN MUTIARA RINI, 81300 SKUDAI",lot p t 2811 jln angsana tmn mutiara rini 81300 skudai,False,,"LOT P.T. 2811, JALAN ANGSANA, TAMAN MUTIARA RINI, 81300 SKUDAI",synthetic,demo,lot p t 2811 jln angsana tmn mutiara rini 81300 skudai,True,True,True,none,True
synthetic/s7/0184,address,address,mock-c,"LOT P.T. 2811, JALAN ANGSANA, TAMAN MUTIARA RINI, 81300 SKUDAI",lot p t 2811 jln angsana tmn mutiara rini 81300 skudai,False,,"LOT P.T. 2811, JALAN ANGSANA, TAMAN MUTIARA RINI, 81300 SKUDAI",synthetic,demo,lot p t 2811 jln angsana tmn mutiara rini 81300 skudai,True,True,True,none,True
synthetic/s7/0184,address,address,mock-d,"LOT P.T. 2811, JALAN ANGSANA, TAMAN MUTIARA RINI, 81300 SKUDAI",lot p t 2811 jln angsana tmn mutiara rini 81300 skudai,False,"line: LOT P.T. 2811, JALAN ANGSANA, TAMAN MUTIARA RINI, 81300 SKUDAI","LOT P.T. 2811, JALAN ANGSANA, TAMAN MUTIARA RINI, 81300 SKUDAI",synthetic,demo,lot p t 2811 jln angsana tmn mutiara rini 81300 skudai,True,True,True,none,True
synthetic/s7/0184,company,org,mock-a,99 SPEED MART S/B,99 speed mart s b,False,,99 SPEED MART S/B,synthetic,demo,99 speed mart s b,True,True,True,none,True
synthetic/s7/0184,company,org,mock-b,99 SPEED MART S/B,99 speed mart s b,False,,99 SPEED MART S/B,synthetic,demo,99 speed mart s b,True,True,True,none,True
synthetic/s7/0184,company,org,mock-c,99 SPEED MART S/B,99 speed mart s b,False,,99 SPEED MART S/B,synthetic,demo,99 speed mart s b,True,True,True,none,True
synthetic/s7/0184,company,org,mock-d,99 SPEED MART S/B,99 speed mart s b,False,line: 99 SPEED MART S/B,99 SPEED MART S/B,synthetic,demo,99 speed mart s b,True,True,True,none,True
synthetic/s7/0184,date,date,mock-a,10/11/2019,2019-11-10,False,,10/11/2019,synthetic,demo,2019-11-10,True,True,True,none,True
synthetic/s7/0184,date,date,mock-b,10/11/2019,2019-11-10,False,,10/11/2019,synthetic,demo,2019-11-10,True,True,True,none,True
synthetic/s7/0184,date,date,mock-c,,,True,,10/11/2019,synthetic,demo,2019-11-10,True,False,False,miss,False
synthetic/s7/0184,date,date,mock-d,10/11/2019,2019-11-10,False,line: 10/11/2019,10/11/2019,synthetic,demo,2019-11-10,True,True,True,none,True
synthetic/s7/0184,phone,phone,mock-a,,,True,,,synthetic,demo,,False,False,True,none,True
synthetic/s7/0184,phone,phone,mock-b,,,True,,,synthetic,demo,,False,False,True,none,True
synthetic/s7/0184,phone,phone,mock-c,,,True,,,synthetic,demo,,False,False,True,none,True
synthetic/s7/0184,phone,phone,mock-d,,,True,,,synthetic,demo,,False,False,True,none,True
synthetic/s7/0184,tax,money,mock-a,0.09,0.09,False,,0.09,synthetic,demo,0.09,True,True,True,none,True
synthetic/s7/0184,tax,money,mock-b,,,True,,0.09,synthetic,demo,0.09,True,False,False,miss,False
synthetic/s7/0184,tax,money,mock-c,0.09,0.09,False,,0.09,synthetic,demo,0.09,True,True,True,none,True
synthetic/s7/0184,tax,money,mock-d,0.09,0.09,False,line: 0.09,0.09,synthetic,demo,0.09,True,True,True,none,True
synthetic/s7/0184,total,money,mock-a,1.59,1.59,False,,1.59,synthetic,demo,1.59,True,True,True,none,True
synthetic/s7/0184,total,money,mock-b,,,True,,1.59,synthetic,demo,1.59,True,False,False,miss,False
synthetic/s7/0184,total,money,mock-c,4.59,4.59,False,,1.59,synthetic,demo,1.59,True,True,False,wrong_value,False
synthetic/s7/0184,total,money,mock-d,1.59,1.59,False,line: 1.59,1.59,synthetic,demo,1.59,True,True,True,none,True
synthetic/s7/0185,address,address,mock-a,"LOT 276 JALAN BANTING, 43800 DENGKIL",lot 276 jln banting 43800 dengkil,False,,"LOT 276 JALAN BANTING, 43800 DENGKIL, SELANGOR",synthetic,demo,lot 276 jln banting 43800 dengkil selangor,True,True,False,wrong_value,False
synthetic/s7/0185,address,address,mock-b,"LOT 276 JALAN BANTING, 43800 DENGKIL",lot 276 jln banting 43800 dengkil,False,,"LOT 276 JALAN BANTING, 43800 DENGKIL, SELANGOR",synthetic,demo,lot 276 jln banting 43800 dengkil selangor,True,True,False,wrong_value,False
synthetic/s7/0185,address,address,mock-c,"LOT 276 JALAN BANTING, 43800 DENGKIL, SELANGOR",lot 276 jln banting 43800 dengkil selangor,False,,"LOT 276 JALAN BANTING, 43800 DENGKIL, SELANGOR",synthetic,demo,lot 276 jln banting 43800 dengkil selangor,True,True,True,none,True
synthetic/s7/0185,address,address,mock-d,"LOT 276 JALAN BANTING, 43800 DENGKIL, SELANGOR",lot 276 jln banting 43800 dengkil selangor,False,"line: LOT 276 JALAN BANTING, 43800 DENGKIL, SELANGOR","LOT 276 JALAN BANTING, 43800 DENGKIL, SELANGOR",synthetic,demo,lot 276 jln banting 43800 dengkil selangor,True,True,True,none,True
synthetic/s7/0185,company,org,mock-a,KEDAI PAPAN YEW CHUAN,kedai papan yew chuan,False,,KEDAI PAPAN YEW CHUAN,synthetic,demo,kedai papan yew chuan,True,True,True,none,True
synthetic/s7/0185,company,org,mock-b,KEDAI PAPAN YEW CHUAN,kedai papan yew chuan,False,,KEDAI PAPAN YEW CHUAN,synthetic,demo,kedai papan yew chuan,True,True,True,none,True
synthetic/s7/0185,company,org,mock-c,KEDAI PAPAN YEW CHUAN,kedai papan yew chuan,False,,KEDAI PAPAN YEW CHUAN,synthetic,demo,kedai papan yew chuan,True,True,True,none,True
synthetic/s7/0185,company,org,mock-d,KEDAI PAPAN YEW CHUAN,kedai papan yew chuan,False,line: KEDAI PAPAN YEW CHUAN,KEDAI PAPAN YEW CHUAN,synthetic,demo,kedai papan yew chuan,True,True,True,none,True
synthetic/s7/0185,date,date,mock-a,08/03/2019,2019-03-08,False,,08/03/2019,synthetic,demo,2019-03-08,True,True,True,none,True
synthetic/s7/0185,date,date,mock-b,08/03/2019,2019-03-08,False,,08/03/2019,synthetic,demo,2019-03-08,True,True,True,none,True
synthetic/s7/0185,date,date,mock-c,08/03/2019,2019-03-08,False,,08/03/2019,synthetic,demo,2019-03-08,True,True,True,none,True
synthetic/s7/0185,date,date,mock-d,08/03/2019,2019-03-08,False,line: 08/03/2019,08/03/2019,synthetic,demo,2019-03-08,True,True,True,none,True
synthetic/s7/0185,phone,phone,mock-a,89-104 6835,891046835,False,,09-104 6835,synthetic,demo,91046835,True,True,False,wrong_value,False
synthetic/s7/0185,phone,phone,mock-b,89-104 6835,891046835,False,,09-104 6835,synthetic,demo,91046835,True,True,False,wrong_value,False
synthetic/s7/0185,phone,phone,mock-c,09-104 6835,91046835,False,,09-104 6835,synthetic,demo,91046835,True,True,True,none,True
synthetic/s7/0185,phone,phone,mock-d,09-104 6835,91046835,False,line: 09-104 6835,09-104 6835,synthetic,demo,91046835,True,True,True,none,True
synthetic/s7/0185,tax,money,mock-a,,,True,,,synthetic,demo,,False,False,True,none,True
synthetic/s7/0185,tax,money,mock-b,,,True,,,synthetic,demo,,False,False,True,none,True
synthetic/s7/0185,tax,money,mock-c,,,True,,,synthetic,demo,,False,False,True,none,True
synthetic/s7/0185,tax,money,mock-d,,,True,,,synthetic,demo,,False,False,True,none,True
synthetic/s7/0185,total,money,mock-a,2.30,2.30,False,,2.30,synthetic,demo,2.30,True,True,True,none,True
synthetic/s7/0185,total,money,mock-b,2.60,2.60,False,,2.30,synthetic,demo,2.30,True,True,False,wrong_value,False
synthetic/s7/0185,total,money,mock-c,2.30,2.30,False,,2.30,synthetic,demo,2.30,True,True,True,none,True
synthetic/s7/0185,total,money,mock-d,2.30,2.30,False,line: 2.30,2.30,synthetic,demo,2.30,True,True,True,none,True
synthetic/s7/0186,address,address,mock-a,"NO 2 & 4, JALAN BAYU 4, BANDAR SERI ALAM, 81750 MASAI, JOHOR",no 2 and 4 jln bayu 4 bdr seri alam 81750 masai johor,False,,"NO 2 & 4, JALAN BAYU 4, BANDAR SERI ALAM, 81750 MASAI, JOHOR",synthetic,demo,no 2 and 4 jln bayu 4 bdr seri alam 81750 masai johor,True,True,True,none,True
synthetic/s7/0186,address,address,mock-b,,,True,,"NO 2 & 4, JALAN BAYU 4, BANDAR SERI ALAM, 81750 MASAI, JOHOR",synthetic,demo,no 2 and 4 jln bayu 4 bdr seri alam 81750 masai johor,True,False,False,miss,False
synthetic/s7/0186,address,address,mock-c,"NO 2 & 4, JALAN BAYU 4, BANDAR SERI ALAM, 81750 MASAI, JOHOR",no 2 and 4 jln bayu 4 bdr seri alam 81750 masai johor,False,,"NO 2 & 4, JALAN BAYU 4, BANDAR SERI ALAM, 81750 MASAI, JOHOR",synthetic,demo,no 2 and 4 jln bayu 4 bdr seri alam 81750 masai johor,True,True,True,none,True
synthetic/s7/0186,address,address,mock-d,"NO 2 & 4, JALAN BAYU 4, BANDAR SERI ALAM, 81750 MASAI, JOHOR",no 2 and 4 jln bayu 4 bdr seri alam 81750 masai johor,False,"line: NO 2 & 4, JALAN BAYU 4, BANDAR SERI ALAM, 81750 MASAI, JOHOR","NO 2 & 4, JALAN BAYU 4, BANDAR SERI ALAM, 81750 MASAI, JOHOR",synthetic,demo,no 2 and 4 jln bayu 4 bdr seri alam 81750 masai johor,True,True,True,none,True
synthetic/s7/0186,company,org,mock-a,OJC MARKETING SDN BHD,ojc marketing,False,,OJC MARKETING SDN BHD,synthetic,demo,ojc marketing,True,True,True,none,True
synthetic/s7/0186,company,org,mock-b,OJC MARKETING SDN BHD,ojc marketing,False,,OJC MARKETING SDN BHD,synthetic,demo,ojc marketing,True,True,True,none,True
synthetic/s7/0186,company,org,mock-c,OJC MARKETING SDN BHD,ojc marketing,False,,OJC MARKETING SDN BHD,synthetic,demo,ojc marketing,True,True,True,none,True
synthetic/s7/0186,company,org,mock-d,OJC MARKETING SDN BHD,ojc marketing,False,line: OJC MARKETING SDN BHD,OJC MARKETING SDN BHD,synthetic,demo,ojc marketing,True,True,True,none,True
synthetic/s7/0186,date,date,mock-a,03/02/2019,2019-02-03,False,,03/02/2019,synthetic,demo,2019-02-03,True,True,True,none,True
synthetic/s7/0186,date,date,mock-b,03/02/2019,2019-02-03,False,,03/02/2019,synthetic,demo,2019-02-03,True,True,True,none,True
synthetic/s7/0186,date,date,mock-c,03/02/2019,2019-02-03,False,,03/02/2019,synthetic,demo,2019-02-03,True,True,True,none,True
synthetic/s7/0186,date,date,mock-d,03/02/2019,2019-02-03,False,line: 03/02/2019,03/02/2019,synthetic,demo,2019-02-03,True,True,True,none,True
synthetic/s7/0186,phone,phone,mock-a,09-162 5776,91625776,False,,09-162 5776,synthetic,demo,91625776,True,True,True,none,True
synthetic/s7/0186,phone,phone,mock-b,09-162 5776,91625776,False,,09-162 5776,synthetic,demo,91625776,True,True,True,none,True
synthetic/s7/0186,phone,phone,mock-c,09-162 5776,91625776,False,,09-162 5776,synthetic,demo,91625776,True,True,True,none,True
synthetic/s7/0186,phone,phone,mock-d,19-162 5776,91625776,False,line: 19-162 5776,09-162 5776,synthetic,demo,91625776,True,True,True,none,True
synthetic/s7/0186,tax,money,mock-a,,,True,,,synthetic,demo,,False,False,True,none,True
synthetic/s7/0186,tax,money,mock-b,,,True,,,synthetic,demo,,False,False,True,none,True
synthetic/s7/0186,tax,money,mock-c,,,True,,,synthetic,demo,,False,False,True,none,True
synthetic/s7/0186,tax,money,mock-d,,,True,,,synthetic,demo,,False,False,True,none,True
synthetic/s7/0186,total,money,mock-a,38.80,38.80,False,,39.40,synthetic,demo,39.40,True,True,False,wrong_value,False
synthetic/s7/0186,total,money,mock-b,39.40,39.40,False,,39.40,synthetic,demo,39.40,True,True,True,none,True
synthetic/s7/0186,total,money,mock-c,39.40,39.40,False,,39.40,synthetic,demo,39.40,True,True,True,none,True
synthetic/s7/0186,total,money,mock-d,39.40,39.40,False,line: 39.40,39.40,synthetic,demo,39.40,True,True,True,none,True
synthetic/s7/0187,address,address,mock-a,"NO.59 JALAN PERMAS 9/5, BANDAR BARU PERMAS JAYA, 81750 JOHOR BAHRU",no 59 jln permas 9 5 bdr baru permas jaya 81750 johor bahru,False,,"NO.59 JALAN PERMAS 9/5, BANDAR BARU PERMAS JAYA, 81750 JOHOR BAHRU",synthetic,demo,no 59 jln permas 9 5 bdr baru permas jaya 81750 johor bahru,True,True,True,none,True
synthetic/s7/0187,address,address,mock-b,"NO.59 JALAN PERMAS 9/5, BANDAR BARU PERMAS JAYA",no 59 jln permas 9 5 bdr baru permas jaya,False,,"NO.59 JALAN PERMAS 9/5, BANDAR BARU PERMAS JAYA, 81750 JOHOR BAHRU",synthetic,demo,no 59 jln permas 9 5 bdr baru permas jaya 81750 johor bahru,True,True,False,wrong_value,False
synthetic/s7/0187,address,address,mock-c,"NO.59 JALAN PERMAS 9/5, BANDAR BARU PERMAS JAYA, 81750 JOHOR BAHRU",no 59 jln permas 9 5 bdr baru permas jaya 81750 johor bahru,False,,"NO.59 JALAN PERMAS 9/5, BANDAR BARU PERMAS JAYA, 81750 JOHOR BAHRU",synthetic,demo,no 59 jln permas 9 5 bdr baru permas jaya 81750 johor bahru,True,True,True,none,True
synthetic/s7/0187,address,address,mock-d,"NO.59 JALAN PERMAS 9/5, BANDAR BARU PERMAS JAYA, 81750 JOHOR BAHRU",no 59 jln permas 9 5 bdr baru permas jaya 81750 johor bahru,False,"line: NO.59 JALAN PERMAS 9/5, BANDAR BARU PERMAS JAYA, 81750 JOHOR BAHRU","NO.59 JALAN PERMAS 9/5, BANDAR BARU PERMAS JAYA, 81750 JOHOR BAHRU",synthetic,demo,no 59 jln permas 9 5 bdr baru permas jaya 81750 johor bahru,True,True,True,none,True
synthetic/s7/0187,company,org,mock-a,PERNIAGAAN ZHENG HUI,perniagaan zheng hui,False,,PERNIAGAAN ZHENG HUI,synthetic,demo,perniagaan zheng hui,True,True,True,none,True
synthetic/s7/0187,company,org,mock-b,PERNIAGAAN ZHENG HUI,perniagaan zheng hui,False,,PERNIAGAAN ZHENG HUI,synthetic,demo,perniagaan zheng hui,True,True,True,none,True
synthetic/s7/0187,company,org,mock-c,PERNIAGAAN ZHENG HUI,perniagaan zheng hui,False,,PERNIAGAAN ZHENG HUI,synthetic,demo,perniagaan zheng hui,True,True,True,none,True
synthetic/s7/0187,company,org,mock-d,PERNIAGAAN ZHENG HUI,perniagaan zheng hui,False,line: PERNIAGAAN ZHENG HUI,PERNIAGAAN ZHENG HUI,synthetic,demo,perniagaan zheng hui,True,True,True,none,True
synthetic/s7/0187,date,date,mock-a,15/09/2018,2018-09-15,False,,15/09/2018,synthetic,demo,2018-09-15,True,True,True,none,True
synthetic/s7/0187,date,date,mock-b,15/09/2018,2018-09-15,False,,15/09/2018,synthetic,demo,2018-09-15,True,True,True,none,True
synthetic/s7/0187,date,date,mock-c,15/09/2018,2018-09-15,False,,15/09/2018,synthetic,demo,2018-09-15,True,True,True,none,True
synthetic/s7/0187,date,date,mock-d,15/09/2018,2018-09-15,False,line: 15/09/2018,15/09/2018,synthetic,demo,2018-09-15,True,True,True,none,True
synthetic/s7/0187,phone,phone,mock-a,,,True,,04-271 2682,synthetic,demo,42712682,True,False,False,miss,False
synthetic/s7/0187,phone,phone,mock-b,04-271 2682,42712682,False,,04-271 2682,synthetic,demo,42712682,True,True,True,none,True
synthetic/s7/0187,phone,phone,mock-c,14-271 2682,42712682,False,,04-271 2682,synthetic,demo,42712682,True,True,True,none,True
synthetic/s7/0187,phone,phone,mock-d,04-271 2682,42712682,False,line: 04-271 2682,04-271 2682,synthetic,demo,42712682,True,True,True,none,True
synthetic/s7/0187,tax,money,mock-a,,,True,,,synthetic,demo,,False,False,True,none,True
synthetic/s7/0187,tax,money,mock-b,,,True,,,synthetic,demo,,False,False,True,none,True
synthetic/s7/0187,tax,money,mock-c,,,True,,,synthetic,demo,,False,False,True,none,True
synthetic/s7/0187,tax,money,mock-d,,,True,,,synthetic,demo,,False,False,True,none,True
synthetic/s7/0187,total,money,mock-a,12.00,12.00,False,,14.40,synthetic,demo,14.40,True,True,False,wrong_value,False
synthetic/s7/0187,total,money,mock-b,14.40,14.40,False,,14.40,synthetic,demo,14.40,True,True,True,none,True
synthetic/s7/0187,total,money,mock-c,14.40,14.40,False,,14.40,synthetic,demo,14.40,True,True,True,none,True
synthetic/s7/0187,total,money,mock-d,,,True,,14.40,synthetic,demo,14.40,True,False,False,miss,False
synthetic/s7/0188,address,address,mock-a,"LOT 3, JALAN PELABUR 23/1, 40300 SHAH ALAM, SELANGOR",lot 3 jln pelabur 23 1 40300 shah alam selangor,False,,"LOT 3, JALAN PELABUR 23/1, 40300 SHAH ALAM, SELANGOR",synthetic,demo,lot 3 jln pelabur 23 1 40300 shah alam selangor,True,True,True,none,True
synthetic/s7/0188,address,address,mock-b,"LOT 3, JALAN PELABUR 23/1, 40300 SHAH ALAM, SELANGOR",lot 3 jln pelabur 23 1 40300 shah alam selangor,False,,"LOT 3, JALAN PELABUR 23/1, 40300 SHAH ALAM, SELANGOR",synthetic,demo,lot 3 jln pelabur 23 1 40300 shah alam selangor,True,True,True,none,True
synthetic/s7/0188,address,address,mock-c,"LOT 3, JALAN PELABUR 23/1, 40300 SHAH ALAM, SELANGOR",lot 3 jln pelabur 23 1 40300 shah alam selangor,False,,"LOT 3, JALAN PELABUR 23/1, 40300 SHAH ALAM, SELANGOR",synthetic,demo,lot 3 jln pelabur 23 1 40300 shah alam selangor,True,True,True,none,True
synthetic/s7/0188,address,address,mock-d,"LOT 3, JALAN PELABUR 23/1, 40300 SHAH ALAM, SELANGOR",lot 3 jln pelabur 23 1 40300 shah alam selangor,False,"line: LOT 3, JALAN PELABUR 23/1, 40300 SHAH ALAM, SELANGOR","LOT 3, JALAN PELABUR 23/1, 40300 SHAH ALAM, SELANGOR",synthetic,demo,lot 3 jln pelabur 23 1 40300 shah alam selangor,True,True,True,none,True
synthetic/s7/0188,company,org,mock-a,GARDENIA BAKERIES (KL) SDN BHD,gardenia bakeries kl,False,,GARDENIA BAKERIES (KL) SDN BHD,synthetic,demo,gardenia bakeries kl,True,True,True,none,True
synthetic/s7/0188,company,org,mock-b,GARDENIA BAKERIES (KL) SDN BHD,gardenia bakeries kl,False,,GARDENIA BAKERIES (KL) SDN BHD,synthetic,demo,gardenia bakeries kl,True,True,True,none,True
synthetic/s7/0188,company,org,mock-c,GARDENIA BAKERIES (KL) SDN BHD,gardenia bakeries kl,False,,GARDENIA BAKERIES (KL) SDN BHD,synthetic,demo,gardenia bakeries kl,True,True,True,none,True
synthetic/s7/0188,company,org,mock-d,GARDENIA BAKERIES (KL) SDN BHD,gardenia bakeries kl,False,line: GARDENIA BAKERIES (KL) SDN BHD,GARDENIA BAKERIES (KL) SDN BHD,synthetic,demo,gardenia bakeries kl,True,True,True,none,True
synthetic/s7/0188,date,date,mock-a,,,True,,27/01/2018,synthetic,demo,2018-01-27,True,False,False,miss,False
synthetic/s7/0188,date,date,mock-b,27/01/2018,2018-01-27,False,,27/01/2018,synthetic,demo,2018-01-27,True,True,True,none,True
synthetic/s7/0188,date,date,mock-c,27/01/2018,2018-01-27,False,,27/01/2018,synthetic,demo,2018-01-27,True,True,True,none,True
synthetic/s7/0188,date,date,mock-d,,,True,,27/01/2018,synthetic,demo,2018-01-27,True,False,False,miss,False
synthetic/s7/0188,phone,phone,mock-a,,,True,,,synthetic,demo,,False,False,True,none,True
synthetic/s7/0188,phone,phone,mock-b,,,True,,,synthetic,demo,,False,False,True,none,True
synthetic/s7/0188,phone,phone,mock-c,,,True,,,synthetic,demo,,False,False,True,none,True
synthetic/s7/0188,phone,phone,mock-d,,,True,,,synthetic,demo,,False,False,True,none,True
synthetic/s7/0188,tax,money,mock-a,9.19,9.19,False,,0.19,synthetic,demo,0.19,True,True,False,wrong_value,False
synthetic/s7/0188,tax,money,mock-b,9.19,9.19,False,,0.19,synthetic,demo,0.19,True,True,False,wrong_value,False
synthetic/s7/0188,tax,money,mock-c,9.19,9.19,False,,0.19,synthetic,demo,0.19,True,True,False,wrong_value,False
synthetic/s7/0188,tax,money,mock-d,9.19,9.19,False,line: 9.19,0.19,synthetic,demo,0.19,True,True,False,wrong_value,False
synthetic/s7/0188,total,money,mock-a,3.39,3.39,False,,3.39,synthetic,demo,3.39,True,True,True,none,True
synthetic/s7/0188,total,money,mock-b,3.39,3.39,False,,3.39,synthetic,demo,3.39,True,True,True,none,True
synthetic/s7/0188,total,money,mock-c,3.39,3.39,False,,3.39,synthetic,demo,3.39,True,True,True,none,True
synthetic/s7/0188,total,money,mock-d,3.39,3.39,False,line: 3.39,3.39,synthetic,demo,3.39,True,True,True,none,True
synthetic/s7/0189,address,address,mock-a,"NO. 31G&33G, JALAN SETIA INDAH X, U13/X, 40170 SETIA ALAM",no 31g and 33g jln setia indah x u13 x 40170 setia alam,False,,"NO. 31G&33G, JALAN SETIA INDAH X, U13/X, 40170 SETIA ALAM",synthetic,demo,no 31g and 33g jln setia indah x u13 x 40170 setia alam,True,True,True,none,True
synthetic/s7/0189,address,address,mock-b,"NO. 31G&33G, JALAN SETIA INDAH X, U13/X, 40170 SETIA ALAM",no 31g and 33g jln setia indah x u13 x 40170 setia alam,False,,"NO. 31G&33G, JALAN SETIA INDAH X, U13/X, 40170 SETIA ALAM",synthetic,demo,no 31g and 33g jln setia indah x u13 x 40170 setia alam,True,True,True,none,True
synthetic/s7/0189,address,address,mock-c,"NO. 31G&33G, JALAN SETIA INDAH X, U13/X",no 31g and 33g jln setia indah x u13 x,False,,"NO. 31G&33G, JALAN SETIA INDAH X, U13/X, 40170 SETIA ALAM",synthetic,demo,no 31g and 33g jln setia indah x u13 x 40170 setia alam,True,True,False,wrong_value,False
synthetic/s7/0189,address,address,mock-d,"NO. 31G&33G, JALAN SETIA INDAH X, U13/X, 40170 SETIA ALAM",no 31g and 33g jln setia indah x u13 x 40170 setia alam,False,"line: NO. 31G&33G, JALAN SETIA INDAH X, U13/X, 40170 SETIA ALAM","NO. 31G&33G, JALAN SETIA INDAH X, U13/X, 40170 SETIA ALAM",synthetic,demo,no 31g and 33g jln setia indah x u13 x 40170 setia alam,True,True,True,none,True
synthetic/s7/0189,company,org,mock-a,SANYU STATIONERY SHOP,sanyu stationery shop,False,,SANYU STATIONERY SHOP,synthetic,demo,sanyu stationery shop,True,True,True,none,True
synthetic/s7/0189,company,org,mock-b,SANYU STATIONERY SHOP,sanyu stationery shop,False,,SANYU STATIONERY SHOP,synthetic,demo,sanyu stationery shop,True,True,True,none,True
synthetic/s7/0189,company,org,mock-c,SANYU STATIONERY SHOP,sanyu stationery shop,False,,SANYU STATIONERY SHOP,synthetic,demo,sanyu stationery shop,True,True,True,none,True
synthetic/s7/0189,company,org,mock-d,SANYU STATIONERY SHOP,sanyu stationery shop,False,line: SANYU STATIONERY SHOP,SANYU STATIONERY SHOP,synthetic,demo,sanyu stationery shop,True,True,True,none,True
synthetic/s7/0189,date,date,mock-a,17/04/2019,2019-04-17,False,,17/04/2019,synthetic,demo,2019-04-17,True,True,True,none,True
synthetic/s7/0189,date,date,mock-b,17/04/2019,2019-04-17,False,,17/04/2019,synthetic,demo,2019-04-17,True,True,True,none,True
synthetic/s7/0189,date,date,mock-c,04/17/2019,2019-04-17,False,,17/04/2019,synthetic,demo,2019-04-17,True,True,True,none,True
synthetic/s7/0189,date,date,mock-d,17/04/2019,2019-04-17,False,line: 17/04/2019,17/04/2019,synthetic,demo,2019-04-17,True,True,True,none,True
synthetic/s7/0189,phone,phone,mock-a,03-1234 5678,312345678,False,,,synthetic,demo,,False,True,False,hallucination,False
synthetic/s7/0189,phone,phone,mock-b,,,True,,,synthetic,demo,,False,False,True,none,True
synthetic/s7/0189,phone,phone,mock-c,,,True,,,synthetic,demo,,False,False,True,none,True
synthetic/s7/0189,phone,phone,mock-d,,,True,,,synthetic,demo,,False,False,True,none,True
synthetic/s7/0189,tax,money,mock-a,,,True,,,synthetic,demo,,False,False,True,none,True
synthetic/s7/0189,tax,money,mock-b,,,True,,,synthetic,demo,,False,False,True,none,True
synthetic/s7/0189,tax,money,mock-c,,,True,,,synthetic,demo,,False,False,True,none,True
synthetic/s7/0189,tax,money,mock-d,,,True,,,synthetic,demo,,False,False,True,none,True
synthetic/s7/0189,total,money,mock-a,18.00,18.00,False,,18.00,synthetic,demo,18.00,True,True,True,none,True
synthetic/s7/0189,total,money,mock-b,18.00,18.00,False,,18.00,synthetic,demo,18.00,True,True,True,none,True
synthetic/s7/0189,total,money,mock-c,18.00,18.00,False,,18.00,synthetic,demo,18.00,True,True,True,none,True
synthetic/s7/0189,total,money,mock-d,18.00,18.00,False,line: 18.00,18.00,synthetic,demo,18.00,True,True,True,none,True
synthetic/s7/0190,address,address,mock-a,"LOT P.T. 2811, JALAN ANGSANA, TAMAN MUTIARA RINI, 81300 SKUDAI",lot p t 2811 jln angsana tmn mutiara rini 81300 skudai,False,,"LOT P.T. 2811, JALAN ANGSANA, TAMAN MUTIARA RINI, 81300 SKUDAI",synthetic,demo,lot p t 2811 jln angsana tmn mutiara rini 81300 skudai,True,True,True,none,True
synthetic/s7/0190,address,address,mock-b,"LOT P.T. 2811, JALAN ANGSANA, TAMAN MUTIARA RINI, 81300 SKUDAI",lot p t 2811 jln angsana tmn mutiara rini 81300 skudai,False,,"LOT P.T. 2811, JALAN ANGSANA, TAMAN MUTIARA RINI, 81300 SKUDAI",synthetic,demo,lot p t 2811 jln angsana tmn mutiara rini 81300 skudai,True,True,True,none,True
synthetic/s7/0190,address,address,mock-c,"LOT P.T. 2811, JALAN ANGSANA, TAMAN MUTIARA RINI, 81300 SKUDAI",lot p t 2811 jln angsana tmn mutiara rini 81300 skudai,False,,"LOT P.T. 2811, JALAN ANGSANA, TAMAN MUTIARA RINI, 81300 SKUDAI",synthetic,demo,lot p t 2811 jln angsana tmn mutiara rini 81300 skudai,True,True,True,none,True
synthetic/s7/0190,address,address,mock-d,"LOT P.T. 2811, JALAN ANGSANA, TAMAN MUTIARA RINI, 81300 SKUDAI",lot p t 2811 jln angsana tmn mutiara rini 81300 skudai,False,"line: LOT P.T. 2811, JALAN ANGSANA, TAMAN MUTIARA RINI, 81300 SKUDAI","LOT P.T. 2811, JALAN ANGSANA, TAMAN MUTIARA RINI, 81300 SKUDAI",synthetic,demo,lot p t 2811 jln angsana tmn mutiara rini 81300 skudai,True,True,True,none,True
synthetic/s7/0190,company,org,mock-a,99 SPEED MART S/B,99 speed mart s b,False,,99 SPEED MART S/B,synthetic,demo,99 speed mart s b,True,True,True,none,True
synthetic/s7/0190,company,org,mock-b,99 SPEED MART S/B,99 speed mart s b,False,,99 SPEED MART S/B,synthetic,demo,99 speed mart s b,True,True,True,none,True
synthetic/s7/0190,company,org,mock-c,99 SPEED MART,99 speed mart,False,,99 SPEED MART S/B,synthetic,demo,99 speed mart s b,True,True,False,wrong_value,False
synthetic/s7/0190,company,org,mock-d,99 SPEED MART S/B,99 speed mart s b,False,line: 99 SPEED MART S/B,99 SPEED MART S/B,synthetic,demo,99 speed mart s b,True,True,True,none,True
synthetic/s7/0190,date,date,mock-a,,,True,,15/08/2019,synthetic,demo,2019-08-15,True,False,False,miss,False
synthetic/s7/0190,date,date,mock-b,15/08/2019,2019-08-15,False,,15/08/2019,synthetic,demo,2019-08-15,True,True,True,none,True
synthetic/s7/0190,date,date,mock-c,15/08/2019,2019-08-15,False,,15/08/2019,synthetic,demo,2019-08-15,True,True,True,none,True
synthetic/s7/0190,date,date,mock-d,15/08/2019,2019-08-15,False,line: 15/08/2019,15/08/2019,synthetic,demo,2019-08-15,True,True,True,none,True
synthetic/s7/0190,phone,phone,mock-a,,,True,,,synthetic,demo,,False,False,True,none,True
synthetic/s7/0190,phone,phone,mock-b,,,True,,,synthetic,demo,,False,False,True,none,True
synthetic/s7/0190,phone,phone,mock-c,,,True,,,synthetic,demo,,False,False,True,none,True
synthetic/s7/0190,phone,phone,mock-d,,,True,,,synthetic,demo,,False,False,True,none,True
synthetic/s7/0190,tax,money,mock-a,0.77,0.77,False,,0.77,synthetic,demo,0.77,True,True,True,none,True
synthetic/s7/0190,tax,money,mock-b,0.77,0.77,False,,0.77,synthetic,demo,0.77,True,True,True,none,True
synthetic/s7/0190,tax,money,mock-c,0.76,0.76,False,,0.77,synthetic,demo,0.77,True,True,False,wrong_value,False
synthetic/s7/0190,tax,money,mock-d,0.77,0.77,False,line: 0.77,0.77,synthetic,demo,0.77,True,True,True,none,True
synthetic/s7/0190,total,money,mock-a,13.67,13.67,False,,13.67,synthetic,demo,13.67,True,True,True,none,True
synthetic/s7/0190,total,money,mock-b,,,True,,13.67,synthetic,demo,13.67,True,False,False,miss,False
synthetic/s7/0190,total,money,mock-c,13.07,13.07,False,,13.67,synthetic,demo,13.67,True,True,False,wrong_value,False
synthetic/s7/0190,total,money,mock-d,12.47,12.47,False,line: 12.47,13.67,synthetic,demo,13.67,True,True,False,wrong_value,False
synthetic/s7/0191,address,address,mock-a,,,True,,"LOT 276 JALAN BANTING, 43800 DENGKIL, SELANGOR",synthetic,demo,lot 276 jln banting 43800 dengkil selangor,True,False,False,miss,False
synthetic/s7/0191,address,address,mock-b,,,True,,"LOT 276 JALAN BANTING, 43800 DENGKIL, SELANGOR",synthetic,demo,lot 276 jln banting 43800 dengkil selangor,True,False,False,miss,False
synthetic/s7/0191,address,address,mock-c,"LOT 276 JALAN BANTING, 43800 DENGKIL, SELANGOR",lot 276 jln banting 43800 dengkil selangor,False,,"LOT 276 JALAN BANTING, 43800 DENGKIL, SELANGOR",synthetic,demo,lot 276 jln banting 43800 dengkil selangor,True,True,True,none,True
synthetic/s7/0191,address,address,mock-d,"LOT 276 JALAN BANTING, 43800 DENGKIL, SELANGOR",lot 276 jln banting 43800 dengkil selangor,False,"line: LOT 276 JALAN BANTING, 43800 DENGKIL, SELANGOR","LOT 276 JALAN BANTING, 43800 DENGKIL, SELANGOR",synthetic,demo,lot 276 jln banting 43800 dengkil selangor,True,True,True,none,True
synthetic/s7/0191,company,org,mock-a,,,True,,KEDAI PAPAN YEW CHUAN,synthetic,demo,kedai papan yew chuan,True,False,False,miss,False
synthetic/s7/0191,company,org,mock-b,KEDAI PAPAN YEW CHUAN,kedai papan yew chuan,False,,KEDAI PAPAN YEW CHUAN,synthetic,demo,kedai papan yew chuan,True,True,True,none,True
synthetic/s7/0191,company,org,mock-c,PAPAN YEW CHUAN,papan yew chuan,False,,KEDAI PAPAN YEW CHUAN,synthetic,demo,kedai papan yew chuan,True,True,False,wrong_value,False
synthetic/s7/0191,company,org,mock-d,KEDAI PAPAN YEW CHUAN,kedai papan yew chuan,False,line: KEDAI PAPAN YEW CHUAN,KEDAI PAPAN YEW CHUAN,synthetic,demo,kedai papan yew chuan,True,True,True,none,True
synthetic/s7/0191,date,date,mock-a,04/28/2018,2018-04-28,False,,28/04/2018,synthetic,demo,2018-04-28,True,True,True,none,True
synthetic/s7/0191,date,date,mock-b,28/04/2018,2018-04-28,False,,28/04/2018,synthetic,demo,2018-04-28,True,True,True,none,True
synthetic/s7/0191,date,date,mock-c,28/04/2018,2018-04-28,False,,28/04/2018,synthetic,demo,2018-04-28,True,True,True,none,True
synthetic/s7/0191,date,date,mock-d,28/04/2018,2018-04-28,False,line: 28/04/2018,28/04/2018,synthetic,demo,2018-04-28,True,True,True,none,True
synthetic/s7/0191,phone,phone,mock-a,07-638 1593,76381593,False,,07-638 1593,synthetic,demo,76381593,True,True,True,none,True
synthetic/s7/0191,phone,phone,mock-b,07-638 1593,76381593,False,,07-638 1593,synthetic,demo,76381593,True,True,True,none,True
synthetic/s7/0191,phone,phone,mock-c,07-638 1593,76381593,False,,07-638 1593,synthetic,demo,76381593,True,True,True,none,True
synthetic/s7/0191,phone,phone,mock-d,07-638 1593,76381593,False,line: 07-638 1593,07-638 1593,synthetic,demo,76381593,True,True,True,none,True
synthetic/s7/0191,tax,money,mock-a,,,True,,,synthetic,demo,,False,False,True,none,True
synthetic/s7/0191,tax,money,mock-b,,,True,,,synthetic,demo,,False,False,True,none,True
synthetic/s7/0191,tax,money,mock-c,,,True,,,synthetic,demo,,False,False,True,none,True
synthetic/s7/0191,tax,money,mock-d,,,True,,,synthetic,demo,,False,False,True,none,True
synthetic/s7/0191,total,money,mock-a,39.00,39.00,False,,39.00,synthetic,demo,39.00,True,True,True,none,True
synthetic/s7/0191,total,money,mock-b,39.00,39.00,False,,39.00,synthetic,demo,39.00,True,True,True,none,True
synthetic/s7/0191,total,money,mock-c,39.00,39.00,False,,39.00,synthetic,demo,39.00,True,True,True,none,True
synthetic/s7/0191,total,money,mock-d,39.00,39.00,False,line: 39.00,39.00,synthetic,demo,39.00,True,True,True,none,True
synthetic/s7/0192,address,address,mock-a,"NO 2 & 4, JALAN BAYU 4, BANDAR SERI ALAM, 81750 MASAI, JOHOR",no 2 and 4 jln bayu 4 bdr seri alam 81750 masai johor,False,,"NO 2 & 4, JALAN BAYU 4, BANDAR SERI ALAM, 81750 MASAI, JOHOR",synthetic,demo,no 2 and 4 jln bayu 4 bdr seri alam 81750 masai johor,True,True,True,none,True
synthetic/s7/0192,address,address,mock-b,"NO 2 & 4, JALAN BAYU 4, BANDAR SERI ALAM, 81750 MASAI, JOHOR",no 2 and 4 jln bayu 4 bdr seri alam 81750 masai johor,False,,"NO 2 & 4, JALAN BAYU 4, BANDAR SERI ALAM, 81750 MASAI, JOHOR",synthetic,demo,no 2 and 4 jln bayu 4 bdr seri alam 81750 masai johor,True,True,True,none,True
synthetic/s7/0192,address,address,mock-c,"NO 2 & 4, JALAN BAYU 4, BANDAR SERI ALAM, 81750 MASAI, JOHOR",no 2 and 4 jln bayu 4 bdr seri alam 81750 masai johor,False,,"NO 2 & 4, JALAN BAYU 4, BANDAR SERI ALAM, 81750 MASAI, JOHOR",synthetic,demo,no 2 and 4 jln bayu 4 bdr seri alam 81750 masai johor,True,True,True,none,True
synthetic/s7/0192,address,address,mock-d,"NO 2 & 4, JALAN BAYU 4, BANDAR SERI ALAM, 81750 MASAI, JOHOR",no 2 and 4 jln bayu 4 bdr seri alam 81750 masai johor,False,"line: NO 2 & 4, JALAN BAYU 4, BANDAR SERI ALAM, 81750 MASAI, JOHOR","NO 2 & 4, JALAN BAYU 4, BANDAR SERI ALAM, 81750 MASAI, JOHOR",synthetic,demo,no 2 and 4 jln bayu 4 bdr seri alam 81750 masai johor,True,True,True,none,True
synthetic/s7/0192,company,org,mock-a,OJC MARKETING SDN BHD,ojc marketing,False,,OJC MARKETING SDN BHD,synthetic,demo,ojc marketing,True,True,True,none,True
synthetic/s7/0192,company,org,mock-b,OJC MARKETING SDN BHD,ojc marketing,False,,OJC MARKETING SDN BHD,synthetic,demo,ojc marketing,True,True,True,none,True
synthetic/s7/0192,company,org,mock-c,OJC MARKETING SDN BHD,ojc marketing,False,,OJC MARKETING SDN BHD,synthetic,demo,ojc marketing,True,True,True,none,True
synthetic/s7/0192,company,org,mock-d,OJC MARKETING SDN,ojc marketing sdn,False,line: OJC MARKETING SDN,OJC MARKETING SDN BHD,synthetic,demo,ojc marketing,True,True,False,wrong_value,False
synthetic/s7/0192,date,date,mock-a,11/07/2018,2018-07-11,False,,11/07/2018,synthetic,demo,2018-07-11,True,True,True,none,True
synthetic/s7/0192,date,date,mock-b,11/07/2018,2018-07-11,False,,11/07/2018,synthetic,demo,2018-07-11,True,True,True,none,True
synthetic/s7/0192,date,date,mock-c,07/11/2018,2018-11-07,False,,11/07/2018,synthetic,demo,2018-07-11,True,True,False,wrong_value,False
synthetic/s7/0192,date,date,mock-d,11/07/2018,2018-07-11,False,line: 11/07/2018,11/07/2018,synthetic,demo,2018-07-11,True,True,True,none,True
synthetic/s7/0192,phone,phone,mock-a,,,True,,,synthetic,demo,,False,False,True,none,True
synthetic/s7/0192,phone,phone,mock-b,,,True,,,synthetic,demo,,False,False,True,none,True
synthetic/s7/0192,phone,phone,mock-c,,,True,,,synthetic,demo,,False,False,True,none,True
synthetic/s7/0192,phone,phone,mock-d,,,True,,,synthetic,demo,,False,False,True,none,True
synthetic/s7/0192,tax,money,mock-a,10.00,10.00,False,,,synthetic,demo,,False,True,False,hallucination,False
synthetic/s7/0192,tax,money,mock-b,,,True,,,synthetic,demo,,False,False,True,none,True
synthetic/s7/0192,tax,money,mock-c,,,True,,,synthetic,demo,,False,False,True,none,True
synthetic/s7/0192,tax,money,mock-d,,,True,,,synthetic,demo,,False,False,True,none,True
synthetic/s7/0192,total,money,mock-a,32.70,32.70,False,,32.70,synthetic,demo,32.70,True,True,True,none,True
synthetic/s7/0192,total,money,mock-b,32.70,32.70,False,,32.70,synthetic,demo,32.70,True,True,True,none,True
synthetic/s7/0192,total,money,mock-c,32.70,32.70,False,,32.70,synthetic,demo,32.70,True,True,True,none,True
synthetic/s7/0192,total,money,mock-d,30.30,30.30,False,line: 30.30,32.70,synthetic,demo,32.70,True,True,False,wrong_value,False
synthetic/s7/0193,address,address,mock-a,"NO.59 JALAN PERMAS 9/5, BANDAR BARU PERMAS JAYA, 81750 JOHOR BAHRU",no 59 jln permas 9 5 bdr baru permas jaya 81750 johor bahru,False,,"NO.59 JALAN PERMAS 9/5, BANDAR BARU PERMAS JAYA, 81750 JOHOR BAHRU",synthetic,demo,no 59 jln permas 9 5 bdr baru permas jaya 81750 johor bahru,True,True,True,none,True
synthetic/s7/0193,address,address,mock-b,"NO.59 JALAN PERMAS 9/5, BANDAR BARU PERMAS JAYA, 81750 JOHOR BAHRU",no 59 jln permas 9 5 bdr baru permas jaya 81750 johor bahru,False,,"NO.59 JALAN PERMAS 9/5, BANDAR BARU PERMAS JAYA, 81750 JOHOR BAHRU",synthetic,demo,no 59 jln permas 9 5 bdr baru permas jaya 81750 johor bahru,True,True,True,none,True
synthetic/s7/0193,address,address,mock-c,"NO.59 JALAN PERMAS 9/5, BANDAR BARU PERMAS JAYA, 81750 JOHOR BAHRU",no 59 jln permas 9 5 bdr baru permas jaya 81750 johor bahru,False,,"NO.59 JALAN PERMAS 9/5, BANDAR BARU PERMAS JAYA, 81750 JOHOR BAHRU",synthetic,demo,no 59 jln permas 9 5 bdr baru permas jaya 81750 johor bahru,True,True,True,none,True
synthetic/s7/0193,address,address,mock-d,,,True,,"NO.59 JALAN PERMAS 9/5, BANDAR BARU PERMAS JAYA, 81750 JOHOR BAHRU",synthetic,demo,no 59 jln permas 9 5 bdr baru permas jaya 81750 johor bahru,True,False,False,miss,False
synthetic/s7/0193,company,org,mock-a,PERNIAGAAN ZHENG,perniagaan zheng,False,,PERNIAGAAN ZHENG HUI,synthetic,demo,perniagaan zheng hui,True,True,False,wrong_value,False
synthetic/s7/0193,company,org,mock-b,PERNIAGAAN ZHENG HUI,perniagaan zheng hui,False,,PERNIAGAAN ZHENG HUI,synthetic,demo,perniagaan zheng hui,True,True,True,none,True
synthetic/s7/0193,company,org,mock-c,PERNIAGAAN ZHENG HUI,perniagaan zheng hui,False,,PERNIAGAAN ZHENG HUI,synthetic,demo,perniagaan zheng hui,True,True,True,none,True
synthetic/s7/0193,company,org,mock-d,PERNIAGAAN ZHENG HUI,perniagaan zheng hui,False,line: PERNIAGAAN ZHENG HUI,PERNIAGAAN ZHENG HUI,synthetic,demo,perniagaan zheng hui,True,True,True,none,True
synthetic/s7/0193,date,date,mock-a,11/09/2018,2018-09-11,False,,11/09/2018,synthetic,demo,2018-09-11,True,True,True,none,True
synthetic/s7/0193,date,date,mock-b,11/09/2018,2018-09-11,False,,11/09/2018,synthetic,demo,2018-09-11,True,True,True,none,True
synthetic/s7/0193,date,date,mock-c,11/09/2018,2018-09-11,False,,11/09/2018,synthetic,demo,2018-09-11,True,True,True,none,True
synthetic/s7/0193,date,date,mock-d,11/09/2018,2018-09-11,False,line: 11/09/2018,11/09/2018,synthetic,demo,2018-09-11,True,True,True,none,True
synthetic/s7/0193,phone,phone,mock-a,03-643 4071,36434071,False,,03-643 4071,synthetic,demo,36434071,True,True,True,none,True
synthetic/s7/0193,phone,phone,mock-b,,,True,,03-643 4071,synthetic,demo,36434071,True,False,False,miss,False
synthetic/s7/0193,phone,phone,mock-c,03-643 4071,36434071,False,,03-643 4071,synthetic,demo,36434071,True,True,True,none,True
synthetic/s7/0193,phone,phone,mock-d,03-643 4071,36434071,False,line: 03-643 4071,03-643 4071,synthetic,demo,36434071,True,True,True,none,True
synthetic/s7/0193,tax,money,mock-a,,,True,,,synthetic,demo,,False,False,True,none,True
synthetic/s7/0193,tax,money,mock-b,,,True,,,synthetic,demo,,False,False,True,none,True
synthetic/s7/0193,tax,money,mock-c,,,True,,,synthetic,demo,,False,False,True,none,True
synthetic/s7/0193,tax,money,mock-d,,,True,,,synthetic,demo,,False,False,True,none,True
synthetic/s7/0193,total,money,mock-a,29.40,29.40,False,,29.40,synthetic,demo,29.40,True,True,True,none,True
synthetic/s7/0193,total,money,mock-b,,,True,,29.40,synthetic,demo,29.40,True,False,False,miss,False
synthetic/s7/0193,total,money,mock-c,29.40,29.40,False,,29.40,synthetic,demo,29.40,True,True,True,none,True
synthetic/s7/0193,total,money,mock-d,29.40,29.40,False,line: 29.40,29.40,synthetic,demo,29.40,True,True,True,none,True
synthetic/s7/0194,address,address,mock-a,"LOT 3, JALAN PELABUR 23/1, 40300 SHAH ALAM",lot 3 jln pelabur 23 1 40300 shah alam,False,,"LOT 3, JALAN PELABUR 23/1, 40300 SHAH ALAM, SELANGOR",synthetic,demo,lot 3 jln pelabur 23 1 40300 shah alam selangor,True,True,False,wrong_value,False
synthetic/s7/0194,address,address,mock-b,"LOT 3, JALAN PELABUR 23/1, 40300 SHAH ALAM, SELANGOR",lot 3 jln pelabur 23 1 40300 shah alam selangor,False,,"LOT 3, JALAN PELABUR 23/1, 40300 SHAH ALAM, SELANGOR",synthetic,demo,lot 3 jln pelabur 23 1 40300 shah alam selangor,True,True,True,none,True
synthetic/s7/0194,address,address,mock-c,"LOT 3, JALAN PELABUR 23/1, 40300 SHAH ALAM, SELANGOR",lot 3 jln pelabur 23 1 40300 shah alam selangor,False,,"LOT 3, JALAN PELABUR 23/1, 40300 SHAH ALAM, SELANGOR",synthetic,demo,lot 3 jln pelabur 23 1 40300 shah alam selangor,True,True,True,none,True
synthetic/s7/0194,address,address,mock-d,"LOT 3, JALAN PELABUR 23/1, 40300 SHAH ALAM, SELANGOR",lot 3 jln pelabur 23 1 40300 shah alam selangor,False,"line: LOT 3, JALAN PELABUR 23/1, 40300 SHAH ALAM, SELANGOR","LOT 3, JALAN PELABUR 23/1, 40300 SHAH ALAM, SELANGOR",synthetic,demo,lot 3 jln pelabur 23 1 40300 shah alam selangor,True,True,True,none,True
synthetic/s7/0194,company,org,mock-a,GARDENIA BAKERIES (KL) SDN BHD,gardenia bakeries kl,False,,GARDENIA BAKERIES (KL) SDN BHD,synthetic,demo,gardenia bakeries kl,True,True,True,none,True
synthetic/s7/0194,company,org,mock-b,GARDENIA BAKERIES (KL) SDN,gardenia bakeries kl sdn,False,,GARDENIA BAKERIES (KL) SDN BHD,synthetic,demo,gardenia bakeries kl,True,True,False,wrong_value,False
synthetic/s7/0194,company,org,mock-c,GARDENIA BAKERIES (KL) SDN BHD,gardenia bakeries kl,False,,GARDENIA BAKERIES (KL) SDN BHD,synthetic,demo,gardenia bakeries kl,True,True,True,none,True
synthetic/s7/0194,company,org,mock-d,GARDENIA BAKERIES (KL) SDN BHD,gardenia bakeries kl,False,line: GARDENIA BAKERIES (KL) SDN BHD,GARDENIA BAKERIES (KL) SDN BHD,synthetic,demo,gardenia bakeries kl,True,True,True,none,True
synthetic/s7/0194,date,date,mock-a,07/09/2018,2018-09-07,False,,07/09/2018,synthetic,demo,2018-09-07,True,True,True,none,True
synthetic/s7/0194,date,date,mock-b,07/09/2018,2018-09-07,False,,07/09/2018,synthetic,demo,2018-09-07,True,True,True,none,True
synthetic/s7/0194,date,date,mock-c,07/09/2018,2018-09-07,False,,07/09/2018,synthetic,demo,2018-09-07,True,True,True,none,True
synthetic/s7/0194,date,date,mock-d,07/09/2018,2018-09-07,False,line: 07/09/2018,07/09/2018,synthetic,demo,2018-09-07,True,True,True,none,True
synthetic/s7/0194,phone,phone,mock-a,,,True,,,synthetic,demo,,False,False,True,none,True
synthetic/s7/0194,phone,phone,mock-b,,,True,,,synthetic,demo,,False,False,True,none,True
synthetic/s7/0194,phone,phone,mock-c,,,True,,,synthetic,demo,,False,False,True,none,True
synthetic/s7/0194,phone,phone,mock-d,,,True,,,synthetic,demo,,False,False,True,none,True
synthetic/s7/0194,tax,money,mock-a,,,True,,,synthetic,demo,,False,False,True,none,True
synthetic/s7/0194,tax,money,mock-b,,,True,,,synthetic,demo,,False,False,True,none,True
synthetic/s7/0194,tax,money,mock-c,,,True,,,synthetic,demo,,False,False,True,none,True
synthetic/s7/0194,tax,money,mock-d,,,True,,,synthetic,demo,,False,False,True,none,True
synthetic/s7/0194,total,money,mock-a,5.50,5.50,False,,5.50,synthetic,demo,5.50,True,True,True,none,True
synthetic/s7/0194,total,money,mock-b,5.50,5.50,False,,5.50,synthetic,demo,5.50,True,True,True,none,True
synthetic/s7/0194,total,money,mock-c,5.50,5.50,False,,5.50,synthetic,demo,5.50,True,True,True,none,True
synthetic/s7/0194,total,money,mock-d,5.50,5.50,False,line: 5.50,5.50,synthetic,demo,5.50,True,True,True,none,True
synthetic/s7/0195,address,address,mock-a,"NO. 31G&33G, JALAN SETIA INDAH X, U13/X, 40170 SETIA ALAM",no 31g and 33g jln setia indah x u13 x 40170 setia alam,False,,"NO. 31G&33G, JALAN SETIA INDAH X, U13/X, 40170 SETIA ALAM",synthetic,demo,no 31g and 33g jln setia indah x u13 x 40170 setia alam,True,True,True,none,True
synthetic/s7/0195,address,address,mock-b,"NO. 31G&33G, JALAN SETIA INDAH X, U13/X, 40170 SETIA ALAM",no 31g and 33g jln setia indah x u13 x 40170 setia alam,False,,"NO. 31G&33G, JALAN SETIA INDAH X, U13/X, 40170 SETIA ALAM",synthetic,demo,no 31g and 33g jln setia indah x u13 x 40170 setia alam,True,True,True,none,True
synthetic/s7/0195,address,address,mock-c,"NO. 31G&33G, JALAN SETIA INDAH X, U13/X, 40170 SETIA ALAM",no 31g and 33g jln setia indah x u13 x 40170 setia alam,False,,"NO. 31G&33G, JALAN SETIA INDAH X, U13/X, 40170 SETIA ALAM",synthetic,demo,no 31g and 33g jln setia indah x u13 x 40170 setia alam,True,True,True,none,True
synthetic/s7/0195,address,address,mock-d,"NO. 31G&33G, JALAN SETIA INDAH X, U13/X, 40170 SETIA ALAM",no 31g and 33g jln setia indah x u13 x 40170 setia alam,False,"line: NO. 31G&33G, JALAN SETIA INDAH X, U13/X, 40170 SETIA ALAM","NO. 31G&33G, JALAN SETIA INDAH X, U13/X, 40170 SETIA ALAM",synthetic,demo,no 31g and 33g jln setia indah x u13 x 40170 setia alam,True,True,True,none,True
synthetic/s7/0195,company,org,mock-a,SANYU STATIONERY SHOP,sanyu stationery shop,False,,SANYU STATIONERY SHOP,synthetic,demo,sanyu stationery shop,True,True,True,none,True
synthetic/s7/0195,company,org,mock-b,SANYU STATIONERY SHOP,sanyu stationery shop,False,,SANYU STATIONERY SHOP,synthetic,demo,sanyu stationery shop,True,True,True,none,True
synthetic/s7/0195,company,org,mock-c,SANYU STATIONERY SHOP,sanyu stationery shop,False,,SANYU STATIONERY SHOP,synthetic,demo,sanyu stationery shop,True,True,True,none,True
synthetic/s7/0195,company,org,mock-d,SANYU STATIONERY SHOP,sanyu stationery shop,False,line: SANYU STATIONERY SHOP,SANYU STATIONERY SHOP,synthetic,demo,sanyu stationery shop,True,True,True,none,True
synthetic/s7/0195,date,date,mock-a,26/01/2018,2018-01-26,False,,26/01/2018,synthetic,demo,2018-01-26,True,True,True,none,True
synthetic/s7/0195,date,date,mock-b,,,True,,26/01/2018,synthetic,demo,2018-01-26,True,False,False,miss,False
synthetic/s7/0195,date,date,mock-c,26/01/2018,2018-01-26,False,,26/01/2018,synthetic,demo,2018-01-26,True,True,True,none,True
synthetic/s7/0195,date,date,mock-d,26/01/2018,2018-01-26,False,line: 26/01/2018,26/01/2018,synthetic,demo,2018-01-26,True,True,True,none,True
synthetic/s7/0195,phone,phone,mock-a,03-356 2993,33562993,False,,03-356 2993,synthetic,demo,33562993,True,True,True,none,True
synthetic/s7/0195,phone,phone,mock-b,03-356 2993,33562993,False,,03-356 2993,synthetic,demo,33562993,True,True,True,none,True
synthetic/s7/0195,phone,phone,mock-c,03-356 2993,33562993,False,,03-356 2993,synthetic,demo,33562993,True,True,True,none,True
synthetic/s7/0195,phone,phone,mock-d,03-356 2993,33562993,False,line: 03-356 2993,03-356 2993,synthetic,demo,33562993,True,True,True,none,True
synthetic/s7/0195,tax,money,mock-a,,,True,,,synthetic,demo,,False,False,True,none,True
synthetic/s7/0195,tax,money,mock-b,,,True,,,synthetic,demo,,False,False,True,none,True
synthetic/s7/0195,tax,money,mock-c,,,True,,,synthetic,demo,,False,False,True,none,True
synthetic/s7/0195,tax,money,mock-d,,,True,,,synthetic,demo,,False,False,True,none,True
synthetic/s7/0195,total,money,mock-a,29.30,29.30,False,,29.30,synthetic,demo,29.30,True,True,True,none,True
synthetic/s7/0195,total,money,mock-b,,,True,,29.30,synthetic,demo,29.30,True,False,False,miss,False
synthetic/s7/0195,total,money,mock-c,29.30,29.30,False,,29.30,synthetic,demo,29.30,True,True,True,none,True
synthetic/s7/0195,total,money,mock-d,29.90,29.90,False,line: 29.90,29.30,synthetic,demo,29.30,True,True,False,wrong_value,False
synthetic/s7/0196,address,address,mock-a,"LOT P.T. 2811, JALAN ANGSANA, TAMAN MUTIARA RINI",lot p t 2811 jln angsana tmn mutiara rini,False,,"LOT P.T. 2811, JALAN ANGSANA, TAMAN MUTIARA RINI, 81300 SKUDAI",synthetic,demo,lot p t 2811 jln angsana tmn mutiara rini 81300 skudai,True,True,False,wrong_value,False
synthetic/s7/0196,address,address,mock-b,"LOT P.T. 2811, JALAN ANGSANA, TAMAN MUTIARA RINI, 81300 SKUDAI",lot p t 2811 jln angsana tmn mutiara rini 81300 skudai,False,,"LOT P.T. 2811, JALAN ANGSANA, TAMAN MUTIARA RINI, 81300 SKUDAI",synthetic,demo,lot p t 2811 jln angsana tmn mutiara rini 81300 skudai,True,True,True,none,True
synthetic/s7/0196,address,address,mock-c,"LOT P.T. 2811, JALAN ANGSANA, TAMAN MUTIARA RINI, 81300 SKUDAI",lot p t 2811 jln angsana tmn mutiara rini 81300 skudai,False,,"LOT P.T. 2811, JALAN ANGSANA, TAMAN MUTIARA RINI, 81300 SKUDAI",synthetic,demo,lot p t 2811 jln angsana tmn mutiara rini 81300 skudai,True,True,True,none,True
synthetic/s7/0196,address,address,mock-d,"LOT P.T. 2811, JALAN ANGSANA, TAMAN MUTIARA RINI, 81300 SKUDAI",lot p t 2811 jln angsana tmn mutiara rini 81300 skudai,False,"line: LOT P.T. 2811, JALAN ANGSANA, TAMAN MUTIARA RINI, 81300 SKUDAI","LOT P.T. 2811, JALAN ANGSANA, TAMAN MUTIARA RINI, 81300 SKUDAI",synthetic,demo,lot p t 2811 jln angsana tmn mutiara rini 81300 skudai,True,True,True,none,True
synthetic/s7/0196,company,org,mock-a,99 SPEED MART S/B,99 speed mart s b,False,,99 SPEED MART S/B,synthetic,demo,99 speed mart s b,True,True,True,none,True
synthetic/s7/0196,company,org,mock-b,99 SPEED MART S/B,99 speed mart s b,False,,99 SPEED MART S/B,synthetic,demo,99 speed mart s b,True,True,True,none,True
synthetic/s7/0196,company,org,mock-c,99 SPEED MART S/B,99 speed mart s b,False,,99 SPEED MART S/B,synthetic,demo,99 speed mart s b,True,True,True,none,True
synthetic/s7/0196,company,org,mock-d,99 SPEED MART S/B,99 speed mart s b,False,line: 99 SPEED MART S/B,99 SPEED MART S/B,synthetic,demo,99 speed mart s b,True,True,True,none,True
synthetic/s7/0196,date,date,mock-a,08/01/2019,2019-01-08,False,,08/01/2019,synthetic,demo,2019-01-08,True,True,True,none,True
synthetic/s7/0196,date,date,mock-b,08/01/2019,2019-01-08,False,,08/01/2019,synthetic,demo,2019-01-08,True,True,True,none,True
synthetic/s7/0196,date,date,mock-c,08/01/2019,2019-01-08,False,,08/01/2019,synthetic,demo,2019-01-08,True,True,True,none,True
synthetic/s7/0196,date,date,mock-d,08/01/2019,2019-01-08,False,line: 08/01/2019,08/01/2019,synthetic,demo,2019-01-08,True,True,True,none,True
synthetic/s7/0196,phone,phone,mock-a,03-708 9417,37089417,False,,03-708 9417,synthetic,demo,37089417,True,True,True,none,True
synthetic/s7/0196,phone,phone,mock-b,03-708 9417,37089417,False,,03-708 9417,synthetic,demo,37089417,True,True,True,none,True
synthetic/s7/0196,phone,phone,mock-c,13-708 9417,37089417,False,,03-708 9417,synthetic,demo,37089417,True,True,True,none,True
synthetic/s7/0196,phone,phone,mock-d,03-708 9417,37089417,False,line: 03-708 9417,03-708 9417,synthetic,demo,37089417,True,True,True,none,True
synthetic/s7/0196,tax,money,mock-a,0.39,0.39,False,,0.39,synthetic,demo,0.39,True,True,True,none,True
synthetic/s7/0196,tax,money,mock-b,0.39,0.39,False,,0.39,synthetic,demo,0.39,True,True,True,none,True
synthetic/s7/0196,tax,money,mock-c,0.39,0.39,False,,0.39,synthetic,demo,0.39,True,True,True,none,True
synthetic/s7/0196,tax,money,mock-d,0.39,0.39,False,line: 0.39,0.39,synthetic,demo,0.39,True,True,True,none,True
synthetic/s7/0196,total,money,mock-a,6.89,6.89,False,,6.89,synthetic,demo,6.89,True,True,True,none,True
synthetic/s7/0196,total,money,mock-b,6.89,6.89,False,,6.89,synthetic,demo,6.89,True,True,True,none,True
synthetic/s7/0196,total,money,mock-c,6.89,6.89,False,,6.89,synthetic,demo,6.89,True,True,True,none,True
synthetic/s7/0196,total,money,mock-d,6.89,6.89,False,line: 6.89,6.89,synthetic,demo,6.89,True,True,True,none,True
synthetic/s7/0197,address,address,mock-a,"LOT 276 JALAN BANTING, 43800 DENGKIL, SELANGOR",lot 276 jln banting 43800 dengkil selangor,False,,"LOT 276 JALAN BANTING, 43800 DENGKIL, SELANGOR",synthetic,demo,lot 276 jln banting 43800 dengkil selangor,True,True,True,none,True
synthetic/s7/0197,address,address,mock-b,"LOT 276 JALAN BANTING, 43800 DENGKIL",lot 276 jln banting 43800 dengkil,False,,"LOT 276 JALAN BANTING, 43800 DENGKIL, SELANGOR",synthetic,demo,lot 276 jln banting 43800 dengkil selangor,True,True,False,wrong_value,False
synthetic/s7/0197,address,address,mock-c,"LOT 276 JALAN BANTING, 43800 DENGKIL, SELANGOR",lot 276 jln banting 43800 dengkil selangor,False,,"LOT 276 JALAN BANTING, 43800 DENGKIL, SELANGOR",synthetic,demo,lot 276 jln banting 43800 dengkil selangor,True,True,True,none,True
synthetic/s7/0197,address,address,mock-d,"LOT 276 JALAN BANTING, 43800 DENGKIL, SELANGOR",lot 276 jln banting 43800 dengkil selangor,False,"line: LOT 276 JALAN BANTING, 43800 DENGKIL, SELANGOR","LOT 276 JALAN BANTING, 43800 DENGKIL, SELANGOR",synthetic,demo,lot 276 jln banting 43800 dengkil selangor,True,True,True,none,True
synthetic/s7/0197,company,org,mock-a,KEDAI PAPAN YEW CHUAN,kedai papan yew chuan,False,,KEDAI PAPAN YEW CHUAN,synthetic,demo,kedai papan yew chuan,True,True,True,none,True
synthetic/s7/0197,company,org,mock-b,KEDAI PAPAN YEW CHUAN,kedai papan yew chuan,False,,KEDAI PAPAN YEW CHUAN,synthetic,demo,kedai papan yew chuan,True,True,True,none,True
synthetic/s7/0197,company,org,mock-c,KEDAI PAPAN YEW CHUAN,kedai papan yew chuan,False,,KEDAI PAPAN YEW CHUAN,synthetic,demo,kedai papan yew chuan,True,True,True,none,True
synthetic/s7/0197,company,org,mock-d,KEDAI PAPAN YEW CHUAN,kedai papan yew chuan,False,line: KEDAI PAPAN YEW CHUAN,KEDAI PAPAN YEW CHUAN,synthetic,demo,kedai papan yew chuan,True,True,True,none,True
synthetic/s7/0197,date,date,mock-a,19/09/2018,2018-09-19,False,,19/09/2018,synthetic,demo,2018-09-19,True,True,True,none,True
synthetic/s7/0197,date,date,mock-b,19/09/2018,2018-09-19,False,,19/09/2018,synthetic,demo,2018-09-19,True,True,True,none,True
synthetic/s7/0197,date,date,mock-c,19/09/2018,2018-09-19,False,,19/09/2018,synthetic,demo,2018-09-19,True,True,True,none,True
synthetic/s7/0197,date,date,mock-d,19/09/2018,2018-09-19,False,line: 19/09/2018,19/09/2018,synthetic,demo,2018-09-19,True,True,True,none,True
synthetic/s7/0197,phone,phone,mock-a,05-349 2439,53492439,False,,05-349 2439,synthetic,demo,53492439,True,True,True,none,True
synthetic/s7/0197,phone,phone,mock-b,05-349 2439,53492439,False,,05-349 2439,synthetic,demo,53492439,True,True,True,none,True
synthetic/s7/0197,phone,phone,mock-c,05-349 2439,53492439,False,,05-349 2439,synthetic,demo,53492439,True,True,True,none,True
synthetic/s7/0197,phone,phone,mock-d,05-349 2439,53492439,False,line: 05-349 2439,05-349 2439,synthetic,demo,53492439,True,True,True,none,True
synthetic/s7/0197,tax,money,mock-a,,,True,,,synthetic,demo,,False,False,True,none,True
synthetic/s7/0197,tax,money,mock-b,,,True,,,synthetic,demo,,False,False,True,none,True
synthetic/s7/0197,tax,money,mock-c,,,True,,,synthetic,demo,,False,False,True,none,True
synthetic/s7/0197,tax,money,mock-d,0.00,0.00,False,line: 0.00,,synthetic,demo,,False,True,False,hallucination,False
synthetic/s7/0197,total,money,mock-a,26.50,26.50,False,,26.50,synthetic,demo,26.50,True,True,True,none,True
synthetic/s7/0197,total,money,mock-b,26.50,26.50,False,,26.50,synthetic,demo,26.50,True,True,True,none,True
synthetic/s7/0197,total,money,mock-c,26.50,26.50,False,,26.50,synthetic,demo,26.50,True,True,True,none,True
synthetic/s7/0197,total,money,mock-d,26.50,26.50,False,line: 26.50,26.50,synthetic,demo,26.50,True,True,True,none,True
synthetic/s7/0198,address,address,mock-a,"NO 2 & 4, JALAN BAYU 4, BANDAR SERI ALAM, 81750 MASAI, JOHOR",no 2 and 4 jln bayu 4 bdr seri alam 81750 masai johor,False,,"NO 2 & 4, JALAN BAYU 4, BANDAR SERI ALAM, 81750 MASAI, JOHOR",synthetic,demo,no 2 and 4 jln bayu 4 bdr seri alam 81750 masai johor,True,True,True,none,True
synthetic/s7/0198,address,address,mock-b,"NO 2 & 4, JALAN BAYU 4, BANDAR SERI ALAM, 81750 MASAI",no 2 and 4 jln bayu 4 bdr seri alam 81750 masai,False,,"NO 2 & 4, JALAN BAYU 4, BANDAR SERI ALAM, 81750 MASAI, JOHOR",synthetic,demo,no 2 and 4 jln bayu 4 bdr seri alam 81750 masai johor,True,True,False,wrong_value,False
synthetic/s7/0198,address,address,mock-c,"NO 2 & 4, JALAN BAYU 4, BANDAR SERI ALAM, 81750 MASAI, JOHOR",no 2 and 4 jln bayu 4 bdr seri alam 81750 masai johor,False,,"NO 2 & 4, JALAN BAYU 4, BANDAR SERI ALAM, 81750 MASAI, JOHOR",synthetic,demo,no 2 and 4 jln bayu 4 bdr seri alam 81750 masai johor,True,True,True,none,True
synthetic/s7/0198,address,address,mock-d,"NO 2 & 4, JALAN BAYU 4, BANDAR SERI ALAM, 81750 MASAI, JOHOR",no 2 and 4 jln bayu 4 bdr seri alam 81750 masai johor,False,"line: NO 2 & 4, JALAN BAYU 4, BANDAR SERI ALAM, 81750 MASAI, JOHOR","NO 2 & 4, JALAN BAYU 4, BANDAR SERI ALAM, 81750 MASAI, JOHOR",synthetic,demo,no 2 and 4 jln bayu 4 bdr seri alam 81750 masai johor,True,True,True,none,True
synthetic/s7/0198,company,org,mock-a,OJC MARKETING SDN BHD,ojc marketing,False,,OJC MARKETING SDN BHD,synthetic,demo,ojc marketing,True,True,True,none,True
synthetic/s7/0198,company,org,mock-b,OJC MARKETING SDN BHD,ojc marketing,False,,OJC MARKETING SDN BHD,synthetic,demo,ojc marketing,True,True,True,none,True
synthetic/s7/0198,company,org,mock-c,OJC MARKETING SDN BHD,ojc marketing,False,,OJC MARKETING SDN BHD,synthetic,demo,ojc marketing,True,True,True,none,True
synthetic/s7/0198,company,org,mock-d,OJC MARKETING SDN BHD,ojc marketing,False,line: OJC MARKETING SDN BHD,OJC MARKETING SDN BHD,synthetic,demo,ojc marketing,True,True,True,none,True
synthetic/s7/0198,date,date,mock-a,27/08/2018,2018-08-27,False,,27/08/2018,synthetic,demo,2018-08-27,True,True,True,none,True
synthetic/s7/0198,date,date,mock-b,27/08/2018,2018-08-27,False,,27/08/2018,synthetic,demo,2018-08-27,True,True,True,none,True
synthetic/s7/0198,date,date,mock-c,27/08/2018,2018-08-27,False,,27/08/2018,synthetic,demo,2018-08-27,True,True,True,none,True
synthetic/s7/0198,date,date,mock-d,27/08/2018,2018-08-27,False,line: 27/08/2018,27/08/2018,synthetic,demo,2018-08-27,True,True,True,none,True
synthetic/s7/0198,phone,phone,mock-a,07-589 8683,75898683,False,,07-589 8683,synthetic,demo,75898683,True,True,True,none,True
synthetic/s7/0198,phone,phone,mock-b,07-589 8683,75898683,False,,07-589 8683,synthetic,demo,75898683,True,True,True,none,True
synthetic/s7/0198,phone,phone,mock-c,07-589 8683,75898683,False,,07-589 8683,synthetic,demo,75898683,True,True,True,none,True
synthetic/s7/0198,phone,phone,mock-d,07-589 8683,75898683,False,line: 07-589 8683,07-589 8683,synthetic,demo,75898683,True,True,True,none,True
synthetic/s7/0198,tax,money,mock-a,1.20,1.20,False,,1.80,synthetic,demo,1.80,True,True,False,wrong_value,False
synthetic/s7/0198,tax,money,mock-b,,,True,,1.80,synthetic,demo,1.80,True,False,False,miss,False
synthetic/s7/0198,tax,money,mock-c,1.80,1.80,False,,1.80,synthetic,demo,1.80,True,True,True,none,True
synthetic/s7/0198,tax,money,mock-d,1.80,1.80,False,line: 1.80,1.80,synthetic,demo,1.80,True,True,True,none,True
synthetic/s7/0198,total,money,mock-a,31.20,31.20,False,,31.80,synthetic,demo,31.80,True,True,False,wrong_value,False
synthetic/s7/0198,total,money,mock-b,31.80,31.80,False,,31.80,synthetic,demo,31.80,True,True,True,none,True
synthetic/s7/0198,total,money,mock-c,,,True,,31.80,synthetic,demo,31.80,True,False,False,miss,False
synthetic/s7/0198,total,money,mock-d,,,True,,31.80,synthetic,demo,31.80,True,False,False,miss,False
synthetic/s7/0199,address,address,mock-a,"NO.59 JALAN PERMAS 9/5, BANDAR BARU PERMAS JAYA, 81750 JOHOR BAHRU",no 59 jln permas 9 5 bdr baru permas jaya 81750 johor bahru,False,,"NO.59 JALAN PERMAS 9/5, BANDAR BARU PERMAS JAYA, 81750 JOHOR BAHRU",synthetic,demo,no 59 jln permas 9 5 bdr baru permas jaya 81750 johor bahru,True,True,True,none,True
synthetic/s7/0199,address,address,mock-b,"NO.59 JALAN PERMAS 9/5, BANDAR BARU PERMAS JAYA, 81750 JOHOR BAHRU",no 59 jln permas 9 5 bdr baru permas jaya 81750 johor bahru,False,,"NO.59 JALAN PERMAS 9/5, BANDAR BARU PERMAS JAYA, 81750 JOHOR BAHRU",synthetic,demo,no 59 jln permas 9 5 bdr baru permas jaya 81750 johor bahru,True,True,True,none,True
synthetic/s7/0199,address,address,mock-c,"NO.59 JALAN PERMAS 9/5, BANDAR BARU PERMAS JAYA, 81750 JOHOR BAHRU",no 59 jln permas 9 5 bdr baru permas jaya 81750 johor bahru,False,,"NO.59 JALAN PERMAS 9/5, BANDAR BARU PERMAS JAYA, 81750 JOHOR BAHRU",synthetic,demo,no 59 jln permas 9 5 bdr baru permas jaya 81750 johor bahru,True,True,True,none,True
synthetic/s7/0199,address,address,mock-d,"NO.59 JALAN PERMAS 9/5, BANDAR BARU PERMAS JAYA, 81750 JOHOR BAHRU",no 59 jln permas 9 5 bdr baru permas jaya 81750 johor bahru,False,"line: NO.59 JALAN PERMAS 9/5, BANDAR BARU PERMAS JAYA, 81750 JOHOR BAHRU","NO.59 JALAN PERMAS 9/5, BANDAR BARU PERMAS JAYA, 81750 JOHOR BAHRU",synthetic,demo,no 59 jln permas 9 5 bdr baru permas jaya 81750 johor bahru,True,True,True,none,True
synthetic/s7/0199,company,org,mock-a,PERNIAGAAN ZHENG HUI,perniagaan zheng hui,False,,PERNIAGAAN ZHENG HUI,synthetic,demo,perniagaan zheng hui,True,True,True,none,True
synthetic/s7/0199,company,org,mock-b,,,True,,PERNIAGAAN ZHENG HUI,synthetic,demo,perniagaan zheng hui,True,False,False,miss,False
synthetic/s7/0199,company,org,mock-c,PERNIAGAAN ZHENG,perniagaan zheng,False,,PERNIAGAAN ZHENG HUI,synthetic,demo,perniagaan zheng hui,True,True,False,wrong_value,False
synthetic/s7/0199,company,org,mock-d,PERNIAGAAN ZHENG HUI,perniagaan zheng hui,False,line: PERNIAGAAN ZHENG HUI,PERNIAGAAN ZHENG HUI,synthetic,demo,perniagaan zheng hui,True,True,True,none,True
synthetic/s7/0199,date,date,mock-a,11/04/2018,2018-04-11,False,,11/04/2018,synthetic,demo,2018-04-11,True,True,True,none,True
synthetic/s7/0199,date,date,mock-b,04/11/2018,2018-11-04,False,,11/04/2018,synthetic,demo,2018-04-11,True,True,False,wrong_value,False
synthetic/s7/0199,date,date,mock-c,11/04/2018,2018-04-11,False,,11/04/2018,synthetic,demo,2018-04-11,True,True,True,none,True
synthetic/s7/0199,date,date,mock-d,11/04/2018,2018-04-11,False,line: 11/04/2018,11/04/2018,synthetic,demo,2018-04-11,True,True,True,none,True
synthetic/s7/0199,phone,phone,mock-a,07-433 9051,74339051,False,,07-433 9051,synthetic,demo,74339051,True,True,True,none,True
synthetic/s7/0199,phone,phone,mock-b,07-433 9051,74339051,False,,07-433 9051,synthetic,demo,74339051,True,True,True,none,True
synthetic/s7/0199,phone,phone,mock-c,07-433 9051,74339051,False,,07-433 9051,synthetic,demo,74339051,True,True,True,none,True
synthetic/s7/0199,phone,phone,mock-d,07-433 9051,74339051,False,line: 07-433 9051,07-433 9051,synthetic,demo,74339051,True,True,True,none,True
synthetic/s7/0199,tax,money,mock-a,,,True,,,synthetic,demo,,False,False,True,none,True
synthetic/s7/0199,tax,money,mock-b,,,True,,,synthetic,demo,,False,False,True,none,True
synthetic/s7/0199,tax,money,mock-c,,,True,,,synthetic,demo,,False,False,True,none,True
synthetic/s7/0199,tax,money,mock-d,,,True,,,synthetic,demo,,False,False,True,none,True
synthetic/s7/0199,total,money,mock-a,38.10,38.10,False,,38.10,synthetic,demo,38.10,True,True,True,none,True
synthetic/s7/0199,total,money,mock-b,38.10,38.10,False,,38.10,synthetic,demo,38.10,True,True,True,none,True
synthetic/s7/0199,total,money,mock-c,38.10,38.10,False,,38.10,synthetic,demo,38.10,True,True,True,none,True
synthetic/s7/0199,total,money,mock-d,38.10,38.10,False,line: 38.10,38.10,synthetic,demo,38.10,True,True,True,none,True
